[
    {
        "appVersion": null,
        "at": "2023-09-08 12:26:55",
        "content": "Vinodgopta",
        "repliedAt": null,
        "replyContent": null,
        "reviewCreatedVersion": null,
        "reviewId": "f2290e50-de31-4402-a53a-69578327bb2b",
        "score": 2,
        "thumbsUpCount": 1,
        "userImage": "https://play-lh.googleusercontent.com/a/ACg8ocJfkcFjcsH8XdrvdU3Qp-AzXPxdsQeL7scjFCJoZtDW=mo",
        "userName": "Vinod Gopta"
    },
    {
        "appVersion": "1.0.0",
        "at": "2023-08-26 21:42:18",
        "content": "I. verify your nubber",
        "repliedAt": null,
        "replyContent": null,
        "reviewCreatedVersion": "1.0.0",
        "reviewId": "bb0668e8-e1b1-4b6f-ab7f-5dc7cd49ac8f",
        "score": 3,
        "thumbsUpCount": 1,
        "userImage": "https://play-lh.googleusercontent.com/a/ACg8ocJ9smsdyD5U192jQez61k0-7v-RImEh-fZusE1ng66j=mo",
        "userName": "Mojahid Ansari"
    },
    {
        "appVersion": "1.0.0",
        "at": "2023-07-06 18:00:19",
        "content": "I am trying it now tell you next time.",
        "repliedAt": null,
        "replyContent": null,
        "reviewCreatedVersion": "1.0.0",
        "reviewId": "f1bd1197-c77b-4697-857e-54169df71f5f",
        "score": 5,
        "thumbsUpCount": 0,
        "userImage": "https://play-lh.googleusercontent.com/a-/ALV-UjWXHO1AQA-TNo-NiWTgGh-h5kD6oYDRwDYvGe4W7ngn_Hg",
        "userName": "Victor gomez"
    },
    {
        "appVersion": "1.0.0",
        "at": "2023-01-18 11:45:05",
        "content": "Not working on my device!",
        "repliedAt": null,
        "replyContent": null,
        "reviewCreatedVersion": "1.0.0",
        "reviewId": "dc8c9ec0-b5ee-4f3a-9485-878dec4d3bb2",
        "score": 1,
        "thumbsUpCount": 0,
        "userImage": "https://play-lh.googleusercontent.com/a/ACg8ocLX-SghlLc5NSGDF9RRaxPsalha2sfad5-sRTtg-NCy=mo",
        "userName": "\ub3c4\uc090"
    },
    {
        "appVersion": null,
        "at": "2023-01-11 08:49:10",
        "content": "App crashes when I click \"my numbers\"",
        "repliedAt": null,
        "replyContent": null,
        "reviewCreatedVersion": null,
        "reviewId": "24f6e45f-a1cf-4a20-be66-4ec98149ba5f",
        "score": 1,
        "thumbsUpCount": 0,
        "userImage": "https://play-lh.googleusercontent.com/a-/ALV-UjUe46S-Mc8yXpOcw0alJ7r7UwncmE9kezWUhqYr6P8NQw",
        "userName": "Dj Shanz"
    },
    {
        "appVersion": "1.0.0",
        "at": "2022-12-29 14:16:05",
        "content": "Fake App Dont Install Stay Away",
        "repliedAt": null,
        "replyContent": null,
        "reviewCreatedVersion": "1.0.0",
        "reviewId": "8ad8d387-d352-4fd5-aa9a-7717a4d7fc68",
        "score": 1,
        "thumbsUpCount": 1,
        "userImage": "https://play-lh.googleusercontent.com/a/ACg8ocLhzlmjnrsd1cRoLC27bwhT_TXISHRSpHQ8en2PV0VA=mo",
        "userName": "Galaxy"
    },
    {
        "appVersion": "1.0.0",
        "at": "2022-12-24 14:38:56",
        "content": "Doesn't even load",
        "repliedAt": null,
        "replyContent": null,
        "reviewCreatedVersion": "1.0.0",
        "reviewId": "d1cca2be-bfae-483f-81b7-caa986c89ac9",
        "score": 1,
        "thumbsUpCount": 1,
        "userImage": "https://play-lh.googleusercontent.com/a/ACg8ocIC39Oqxsr6ZVxyXTpinmRaRc1Ej7Wu8MINdyl5NfBA=mo",
        "userName": "Steven Sunderland"
    },
    {
        "appVersion": null,
        "at": "2022-12-20 02:19:53",
        "content": "SCAM",
        "repliedAt": null,
        "replyContent": null,
        "reviewCreatedVersion": null,
        "reviewId": "d83d2ffe-dc9b-477c-b2ea-55d990b54c42",
        "score": 1,
        "thumbsUpCount": 1,
        "userImage": "https://play-lh.googleusercontent.com/a-/ALV-UjVel0J5Stm1Owou3d5D7ebihLamX1EHav6fKaDunlV8XQ",
        "userName": "Manuela Cox"
    },
    {
        "appVersion": "1.0.0",
        "at": "2022-12-18 21:47:44",
        "content": "I don't understand because it's really working",
        "repliedAt": null,
        "replyContent": null,
        "reviewCreatedVersion": "1.0.0",
        "reviewId": "164db429-680d-4215-81f4-df8b51cee12e",
        "score": 5,
        "thumbsUpCount": 1,
        "userImage": "https://play-lh.googleusercontent.com/a-/ALV-UjUEq7bfQXeyjPeiSmCKoGBJtwctO2ny-zYfqkT7jLa4",
        "userName": "Paul Oladele Femi"
    },
    {
        "appVersion": "1.0.0",
        "at": "2022-11-14 17:59:45",
        "content": "Pay for a number and it doesn't give you one. Biggest scam going",
        "repliedAt": null,
        "replyContent": null,
        "reviewCreatedVersion": "1.0.0",
        "reviewId": "f12fd05e-c8fd-4562-a2bf-60f224b345d8",
        "score": 1,
        "thumbsUpCount": 1,
        "userImage": "https://play-lh.googleusercontent.com/a/ACg8ocL1UjAS4FmB60FWQ6V6JU42KbB0T9w5GM4d6ReEkvNT=mo",
        "userName": "Mattie Watkin"
    },
    {
        "appVersion": "1.0.0",
        "at": "2022-11-03 06:44:41",
        "content": "Scam app. it never gives phone number. Don't fall victim. Scam scam scam",
        "repliedAt": null,
        "replyContent": null,
        "reviewCreatedVersion": "1.0.0",
        "reviewId": "6eb9f50a-348e-4ff4-a7eb-ff84c6fa2162",
        "score": 1,
        "thumbsUpCount": 1,
        "userImage": "https://play-lh.googleusercontent.com/a/ACg8ocIutUmKbk0dl-Dx74yynaU8lJkguOPR92PfHEi8ZJQR=mo",
        "userName": "Damir Jefak"
    },
    {
        "appVersion": "1.0.0",
        "at": "2022-11-01 17:08:29",
        "content": "shenu \u2764\ufe0f",
        "repliedAt": null,
        "replyContent": null,
        "reviewCreatedVersion": "1.0.0",
        "reviewId": "96cca44f-68e4-4dfa-807e-0da23644ae36",
        "score": 5,
        "thumbsUpCount": 1,
        "userImage": "https://play-lh.googleusercontent.com/a/ACg8ocKYkmLbT5Iq6k8k3oQzSoyAwgQkynZZrGve3Th_tYjF=mo",
        "userName": "Sachini Nisansala"
    },
    {
        "appVersion": "1.0.0",
        "at": "2022-10-22 23:17:54",
        "content": "No phone number visible even after purchasing",
        "repliedAt": null,
        "replyContent": null,
        "reviewCreatedVersion": "1.0.0",
        "reviewId": "7e1559db-0707-469f-b594-4b64e29f8385",
        "score": 1,
        "thumbsUpCount": 1,
        "userImage": "https://play-lh.googleusercontent.com/a-/ALV-UjVfurO9VkU4K0KPFM7GPIiTLzmHIw5wQnb8U4udbHRry6Vb",
        "userName": "Rishabh Nigam"
    },
    {
        "appVersion": "1.0.0",
        "at": "2022-08-22 08:53:07",
        "content": "Faltu app",
        "repliedAt": null,
        "replyContent": null,
        "reviewCreatedVersion": "1.0.0",
        "reviewId": "5e995dbf-03f0-4471-945e-58771b092b4a",
        "score": 1,
        "thumbsUpCount": 1,
        "userImage": "https://play-lh.googleusercontent.com/a/ACg8ocL1wyuJOnoh2Fs7F9PsyeGKyGxTB9S7yG4_DdeqS3s-=mo",
        "userName": "Vicky Batham"
    },
    {
        "appVersion": null,
        "at": "2022-08-09 11:45:02",
        "content": "They are scammer , do not use this app ,I paid money to them and they didn't give any virtual number ,I wish I can give them virtual middle finger ..do not download or use this app",
        "repliedAt": null,
        "replyContent": null,
        "reviewCreatedVersion": null,
        "reviewId": "90efba33-5435-43ac-8856-fc980c13f4d3",
        "score": 1,
        "thumbsUpCount": 5,
        "userImage": "https://play-lh.googleusercontent.com/a-/ALV-UjX1QoN_Ju0_8EDwCK7k6_0QR_aLG95Sbq-SIgB4M-7eL3U",
        "userName": "Pratik sharma"
    },
    {
        "appVersion": "1.0.0",
        "at": "2022-08-05 08:00:45",
        "content": "i paid and no virtual number received it is blank and fake.. no support ..scam app",
        "repliedAt": null,
        "replyContent": null,
        "reviewCreatedVersion": "1.0.0",
        "reviewId": "960a0902-3438-4771-8186-f4dccb7e07ac",
        "score": 1,
        "thumbsUpCount": 0,
        "userImage": "https://play-lh.googleusercontent.com/a/ACg8ocKHhSaJ-ycrSkQnlTWH1eLVxAUGUo5X9Qj7zGp-DjsI=mo",
        "userName": "Nancy Youssef"
    },
    {
        "appVersion": "1.0.0",
        "at": "2022-08-05 02:05:01",
        "content": "free virtual numbers for paid...",
        "repliedAt": null,
        "replyContent": null,
        "reviewCreatedVersion": "1.0.0",
        "reviewId": "05c31433-ff5a-438d-839d-d436ac5a9a4d",
        "score": 1,
        "thumbsUpCount": 0,
        "userImage": "https://play-lh.googleusercontent.com/a-/ALV-UjUkVIBvuIDvIp8EsMRhWDn1bfbOww2Coh4N0fO1bYhgmzw",
        "userName": "Ahmad Sharif"
    },
    {
        "appVersion": "1.0.0",
        "at": "2022-07-20 08:24:23",
        "content": "It's a scam. It doesn't give out any phone number. Just displays it as empty and the timer keeps ticking. Please don't waste your money.",
        "repliedAt": null,
        "replyContent": null,
        "reviewCreatedVersion": "1.0.0",
        "reviewId": "08cdbcb1-6452-4c28-be90-bcd0968b4dbb",
        "score": 1,
        "thumbsUpCount": 9,
        "userImage": "https://play-lh.googleusercontent.com/a/ACg8ocI88yeoexvegVG87PpE_qZPiKP93YMiRsSax0hb0oT3=mo",
        "userName": "Ubaid Ullah"
    },
    {
        "appVersion": "1.0.0",
        "at": "2022-06-16 07:31:47",
        "content": "Fake app do not download is fake",
        "repliedAt": null,
        "replyContent": null,
        "reviewCreatedVersion": "1.0.0",
        "reviewId": "2cdc6648-4f06-4f61-b177-b1645d37ca44",
        "score": 2,
        "thumbsUpCount": 0,
        "userImage": "https://play-lh.googleusercontent.com/a/ACg8ocJDaTCXXByaWbSHX5TWoZQIGvCZOR0IOfX3dJQnjVO1=mo",
        "userName": "Veron Baiden"
    },
    {
        "appVersion": "1.0.0",
        "at": "2022-06-11 16:18:21",
        "content": "Fake don't buy nothing from them is fake",
        "repliedAt": null,
        "replyContent": null,
        "reviewCreatedVersion": "1.0.0",
        "reviewId": "7ceab1a4-1ad3-4d3f-afc6-81a169eba361",
        "score": 1,
        "thumbsUpCount": 1,
        "userImage": "https://play-lh.googleusercontent.com/a/ACg8ocJAbi-wo2ZTpq05vLZVQNbrlRsraUz15XsKkuzSt8on=mo",
        "userName": "Leonard Davis"
    },
    {
        "appVersion": "1.0.0",
        "at": "2022-06-11 16:09:45",
        "content": "seem Fake, couldn't copy the number I payed for",
        "repliedAt": null,
        "replyContent": null,
        "reviewCreatedVersion": "1.0.0",
        "reviewId": "4566cb90-8dd4-46be-b324-a24d2a4e70c3",
        "score": 1,
        "thumbsUpCount": 6,
        "userImage": "https://play-lh.googleusercontent.com/a/ACg8ocJtlUBQVQ5izLtGrjv9dcLdiJGDn989h5ZdODt3SREz=mo",
        "userName": "Mike Lio"
    },
    {
        "appVersion": "1.0.0",
        "at": "2022-06-07 08:25:14",
        "content": "App open hi nahi ho raha hai \ud83d\ude21\ud83d\udc4e",
        "repliedAt": null,
        "replyContent": null,
        "reviewCreatedVersion": "1.0.0",
        "reviewId": "350356a3-35d0-47ec-87db-f9646c18ba50",
        "score": 1,
        "thumbsUpCount": 0,
        "userImage": "https://play-lh.googleusercontent.com/a/ACg8ocJUsaGLYAtYRBXhYA5eHSOsZYxzYL3Do6qZd645oa0y=mo",
        "userName": "Abu Shop"
    },
    {
        "appVersion": "1.0.0",
        "at": "2022-05-25 08:39:15",
        "content": "don't download the app to its a scam.",
        "repliedAt": null,
        "replyContent": null,
        "reviewCreatedVersion": "1.0.0",
        "reviewId": "6ccfd97f-87f1-4a85-b699-20d940677cef",
        "score": 1,
        "thumbsUpCount": 1,
        "userImage": "https://play-lh.googleusercontent.com/a-/ALV-UjUQ0HffTGO48AjFRBE7ak6lbRd1uF8KPTU_R8pXT1FPotU",
        "userName": "Mark Efrel M. Jamen"
    },
    {
        "appVersion": "1.0.0",
        "at": "2022-05-24 03:53:58",
        "content": "application bahut kharab hai",
        "repliedAt": null,
        "replyContent": null,
        "reviewCreatedVersion": "1.0.0",
        "reviewId": "7eb9b68f-275a-4a06-8cf4-9cb4e175d898",
        "score": 1,
        "thumbsUpCount": 1,
        "userImage": "https://play-lh.googleusercontent.com/a-/ALV-UjU-5ds3INfSET4RWk4jWWwwXb5CowbtM9aPSBOcODuJ9g",
        "userName": "R.V. TO ALL.GEMING Ajju"
    },
    {
        "appVersion": "1.0.0",
        "at": "2022-04-30 08:21:58",
        "content": "Bad",
        "repliedAt": null,
        "replyContent": null,
        "reviewCreatedVersion": "1.0.0",
        "reviewId": "8780898d-7df0-466d-b02c-b0eaa9512584",
        "score": 2,
        "thumbsUpCount": 0,
        "userImage": "https://play-lh.googleusercontent.com/a/ACg8ocIbAPJBAIOa3V-FVm12O6ACSBdPRT1vzzWuL8s_juBt=mo",
        "userName": "Fiona Luk"
    },
    {
        "appVersion": null,
        "at": "2022-04-26 17:58:56",
        "content": "\u0627\u0645\u0648\u0632\u0634 \u0648 \u062e\u0631\u06cc\u062f \u0648\u0641\u0631\u0648\u0634 \u0634\u0645\u0627\u0631\u0647 \u0645\u062c\u0627\u0632\u06cc \u0633\u0627\u06cc\u0631\u06a9\u0634\u0648\u0631\u0647\u0627 \u060c\u0627\u06cc\u0645\u0627\u0646 @clubjey \u0686\u0646\u0644 \u062a\u0644\u06af\u0631\u0627\u0645 @jagvar74 \u0627\u06cc\u0645 \u0639\u06cc\u0633\u0648\u0646\u062f",
        "repliedAt": null,
        "replyContent": null,
        "reviewCreatedVersion": null,
        "reviewId": "c137c422-cded-49fa-97c6-ffcb9c465e10",
        "score": 4,
        "thumbsUpCount": 0,
        "userImage": "https://play-lh.googleusercontent.com/a/ACg8ocJnqeOlXwC_3d2XF219_Y-IUq3SGzpSdT7xwxMJrDBN=mo",
        "userName": "\u0627\u06cc\u0645\u06cc \u0639\u06cc\u0633\u0648\u0646\u062f"
    },
    {
        "appVersion": "1.0.0",
        "at": "2022-04-01 09:51:38",
        "content": "Bad",
        "repliedAt": null,
        "replyContent": null,
        "reviewCreatedVersion": "1.0.0",
        "reviewId": "b1613376-17dd-45d1-9306-c4866b12986e",
        "score": 1,
        "thumbsUpCount": 0,
        "userImage": "https://play-lh.googleusercontent.com/a-/ALV-UjWyYIQX5bqPhnMF0nL_zbi_sc61BtQUCwXKA4avTwr9ig8",
        "userName": "Anthony Diaz"
    },
    {
        "appVersion": null,
        "at": "2022-03-24 04:48:28",
        "content": "I love this app",
        "repliedAt": null,
        "replyContent": null,
        "reviewCreatedVersion": null,
        "reviewId": "f0a1a296-c0ed-4831-9564-9c968e8052d9",
        "score": 4,
        "thumbsUpCount": 1,
        "userImage": "https://play-lh.googleusercontent.com/a/ACg8ocLsgXQR5Kq57r32wUvPzoQoWH8HroHi2e_KFc8_MQpk=mo",
        "userName": "Ohajianya Christian"
    },
    {
        "appVersion": "1.0.0",
        "at": "2022-03-19 15:40:55",
        "content": "very bad app after payment 1460 naira i didn't receive any number",
        "repliedAt": null,
        "replyContent": null,
        "reviewCreatedVersion": "1.0.0",
        "reviewId": "7bd5d59b-a087-4ca6-ba3b-8461a3ca924f",
        "score": 1,
        "thumbsUpCount": 5,
        "userImage": "https://play-lh.googleusercontent.com/a-/ALV-UjXiii91D5mYsfVi7UGO6WfaXgWZ7XRAVnR-zfX-Sx4IN1c",
        "userName": "Lanest Gd Official"
    },
    {
        "appVersion": "1.0.0",
        "at": "2022-02-26 00:19:36",
        "content": "\"Any Country\" but like 5 in total what a waste of time",
        "repliedAt": null,
        "replyContent": null,
        "reviewCreatedVersion": "1.0.0",
        "reviewId": "98155f4a-f4e5-4a60-b6c8-f3b424b3b029",
        "score": 1,
        "thumbsUpCount": 1,
        "userImage": "https://play-lh.googleusercontent.com/a-/ALV-UjVEv4M-PLC8zEqelYk6_oMhhCwn3qAYawwLx1uHABTDn60",
        "userName": "George Michael de Jager"
    },
    {
        "appVersion": null,
        "at": "2022-02-14 13:47:12",
        "content": "God app",
        "repliedAt": null,
        "replyContent": null,
        "reviewCreatedVersion": null,
        "reviewId": "8e891470-c03d-4ef0-8ce8-ac0d7d8944ab",
        "score": 5,
        "thumbsUpCount": 1,
        "userImage": "https://play-lh.googleusercontent.com/a/ACg8ocK7naq4McAJ0zSanoPhHYA6wTLT-4qHArRhqVtbxJWb=mo",
        "userName": "Arman Siddiqui"
    },
    {
        "appVersion": null,
        "at": "2022-01-15 17:59:55",
        "content": "worst app not even giving number lost 13 aed got no number",
        "repliedAt": null,
        "replyContent": null,
        "reviewCreatedVersion": null,
        "reviewId": "f0fa2283-e3f9-4424-972e-ea67457afd7f",
        "score": 1,
        "thumbsUpCount": 2,
        "userImage": "https://play-lh.googleusercontent.com/a-/ALV-UjVdrY_V7rr14QpI4FCV4c0kBJYbaaxJKjBrEVI4FVz1fl4",
        "userName": "B R"
    },
    {
        "appVersion": "1.0.0",
        "at": "2022-01-14 10:41:21",
        "content": "it a useless and a scam app",
        "repliedAt": null,
        "replyContent": null,
        "reviewCreatedVersion": "1.0.0",
        "reviewId": "5cbc1f3d-0134-4c8a-bd19-d61b62754eee",
        "score": 1,
        "thumbsUpCount": 0,
        "userImage": "https://play-lh.googleusercontent.com/a/ACg8ocJpmGxNQNoQV65NAjUatZNxJZe3iHR5jcNaTPwGN6Nx=mo",
        "userName": "Mary Anderson"
    },
    {
        "appVersion": "1.0.0",
        "at": "2021-12-30 22:55:31",
        "content": "It's good \ud83d\udc4d\ud83d\udc4d app",
        "repliedAt": null,
        "replyContent": null,
        "reviewCreatedVersion": "1.0.0",
        "reviewId": "8c54c3fd-5d91-4b7e-b6d7-41359872025e",
        "score": 5,
        "thumbsUpCount": 1,
        "userImage": "https://play-lh.googleusercontent.com/a/ACg8ocLOXQ84cZMMQ6sTEEXoVVk1R2FcKrK8guSLI_vKWpZj=mo",
        "userName": "Nilesh PATIL shinde"
    },
    {
        "appVersion": "1.0.0",
        "at": "2021-12-15 03:58:06",
        "content": "Please don't even try!!!! it's a SCAM!!!you will pay and get no number",
        "repliedAt": null,
        "replyContent": null,
        "reviewCreatedVersion": "1.0.0",
        "reviewId": "7bc49720-456c-4737-baf3-3f3f0e86f20b",
        "score": 1,
        "thumbsUpCount": 2,
        "userImage": "https://play-lh.googleusercontent.com/a/ACg8ocJDelgD40JBxRxjK-vVLa4gmxg31oQiygc8awOF2tWW=mo",
        "userName": "Ransom Diom Ayeah"
    },
    {
        "appVersion": "1.0.0",
        "at": "2021-12-06 17:29:20",
        "content": "Phone number was never showed after the purchase, liars, I want my money back!",
        "repliedAt": null,
        "replyContent": null,
        "reviewCreatedVersion": "1.0.0",
        "reviewId": "eb36afa7-c9a4-409a-8a8d-63aa662e5f49",
        "score": 1,
        "thumbsUpCount": 20,
        "userImage": "https://play-lh.googleusercontent.com/a-/ALV-UjWD0W76Py0NPSpIBnGaNP-ay7chVBRNkJlIHjdyB5ChYcI",
        "userName": "Edwin Garcia"
    },
    {
        "appVersion": "1.0.0",
        "at": "2021-11-25 02:33:27",
        "content": "The number are too expensive...dont bother to download",
        "repliedAt": null,
        "replyContent": null,
        "reviewCreatedVersion": "1.0.0",
        "reviewId": "c1dfef5b-93c6-4049-8da3-d6982cd1f65f",
        "score": 1,
        "thumbsUpCount": 10,
        "userImage": "https://play-lh.googleusercontent.com/a-/ALV-UjXZ015qzbLo73I7NFqZhosdcz_r9V26DG-OW1gggyX0-w",
        "userName": "Yogesh Kumar"
    },
    {
        "appVersion": null,
        "at": "2021-11-22 02:04:42",
        "content": "Es de pago. Predeterminada s\u00f3lo para apps m\u00e0s populares.",
        "repliedAt": null,
        "replyContent": null,
        "reviewCreatedVersion": null,
        "reviewId": "6a3ad76f-7e15-421e-bbcb-cad742cea2dd",
        "score": 1,
        "thumbsUpCount": 0,
        "userImage": "https://play-lh.googleusercontent.com/a/ACg8ocKPmC8aA84AfUabDhcfaatICdQydY45JR1PyD-cCmiE=mo",
        "userName": "Laura Romero"
    },
    {
        "appVersion": "1.0.0",
        "at": "2021-11-17 07:16:50",
        "content": "No Spain or Mexico number just six",
        "repliedAt": null,
        "replyContent": null,
        "reviewCreatedVersion": "1.0.0",
        "reviewId": "2657a349-e97c-4454-be0c-d146581695a6",
        "score": 2,
        "thumbsUpCount": 0,
        "userImage": "https://play-lh.googleusercontent.com/a/ACg8ocI-ArEJ-qovIDTUsDD00cuHMj4uxsgGsVxmDypOWcQR=mo",
        "userName": "Adu Dennis"
    },
    {
        "appVersion": "1.0.0",
        "at": "2021-10-31 15:39:55",
        "content": "Bad money",
        "repliedAt": null,
        "replyContent": null,
        "reviewCreatedVersion": "1.0.0",
        "reviewId": "c5f03e83-843c-4ea5-9756-09918981f8d1",
        "score": 1,
        "thumbsUpCount": 0,
        "userImage": "https://play-lh.googleusercontent.com/a/ACg8ocLHKfsiVGGGG-EqjiqHwEnjDCjK1DHDvh8ctzGQIA9m=mo",
        "userName": "Saheb Babu"
    },
    {
        "appVersion": null,
        "at": "2021-10-20 18:01:53",
        "content": "Bad by money",
        "repliedAt": null,
        "replyContent": null,
        "reviewCreatedVersion": null,
        "reviewId": "325ed13e-09db-48ad-9c31-d759bd0b4642",
        "score": 1,
        "thumbsUpCount": 0,
        "userImage": "https://play-lh.googleusercontent.com/a/ACg8ocL3upM-l4H9em8Gb62OYcsDhAa9owU5vNfQpfWD-Cah=mo",
        "userName": "good good"
    }
]