[
    {
        "appVersion": null,
        "at": "2023-11-19 07:58:21",
        "content": "Nice app",
        "repliedAt": null,
        "replyContent": null,
        "reviewCreatedVersion": null,
        "reviewId": "8ec3f573-2100-4fd9-b8c8-eeefbc948072",
        "score": 5,
        "thumbsUpCount": 0,
        "userImage": "https://play-lh.googleusercontent.com/a/ACg8ocL5trQyucWEcwjJcwwWu6_vchmbPGPtMJG6X8F8pY4=mo",
        "userName": "Rajat Bhagat"
    },
    {
        "appVersion": "1.0",
        "at": "2023-11-11 05:20:17",
        "content": "\u30c6\u30a3\uff53\u306e\uff54\u3054\u304ad\u3042\u3063\uff50",
        "repliedAt": null,
        "replyContent": null,
        "reviewCreatedVersion": "1.0",
        "reviewId": "44a2a2ae-321e-4859-9fc9-53411baee6ad",
        "score": 5,
        "thumbsUpCount": 0,
        "userImage": "https://play-lh.googleusercontent.com/a/ACg8ocK81EuzUdRzMqYOS8IVgWjdP6YuA9R-YOL9ooxwjshN=mo",
        "userName": "Indrani Roy"
    },
    {
        "appVersion": null,
        "at": "2023-11-07 17:08:17",
        "content": "Not bad",
        "repliedAt": null,
        "replyContent": null,
        "reviewCreatedVersion": null,
        "reviewId": "dbe23d8e-d2b3-4319-906f-d89dba6ad51e",
        "score": 3,
        "thumbsUpCount": 0,
        "userImage": "https://play-lh.googleusercontent.com/a/ACg8ocLuL2BJhFvLKGrVgwnavC_ewxEYHtZjr6Z7g0zYFrSY=mo",
        "userName": "Samuel Njiru"
    }
]