[
    {
        "appVersion": null,
        "at": "2022-04-27 22:14:05",
        "content": "Horrible app",
        "repliedAt": null,
        "replyContent": null,
        "reviewCreatedVersion": null,
        "reviewId": "1fd539b0-1b72-4b60-ba87-fe9460fb703e",
        "score": 1,
        "thumbsUpCount": 0,
        "userImage": "https://play-lh.googleusercontent.com/a-/ALV-UjWCQqJ0Q0ijMi9Q3tL2R_O7gxa4v6zdWX4-eWZ0gLnJGjtB",
        "userName": "Kendrick Smith"
    },
    {
        "appVersion": "1.4",
        "at": "2022-04-05 21:46:37",
        "content": "The entire algorithm consists of messing with the pitch and/or tempo of your audio. You can accomplish the same effect fiddling with those two settings using Audacity or equivalent.",
        "repliedAt": null,
        "replyContent": null,
        "reviewCreatedVersion": "1.4",
        "reviewId": "73395540-da70-49ef-b514-d9feba73c5f4",
        "score": 1,
        "thumbsUpCount": 1,
        "userImage": "https://play-lh.googleusercontent.com/a-/ALV-UjWLr6J2WeL6UZHKqdH9Lfz2uxl9jyvDCtXS2yFpy6AocFWJ",
        "userName": "Rodrigo Silveira"
    },
    {
        "appVersion": "1.4",
        "at": "2022-03-09 19:05:54",
        "content": "Very few selly voices and the rest must be paid for.",
        "repliedAt": null,
        "replyContent": null,
        "reviewCreatedVersion": "1.4",
        "reviewId": "683e4045-a768-4289-bcee-3021d76ad5c4",
        "score": 1,
        "thumbsUpCount": 0,
        "userImage": "https://play-lh.googleusercontent.com/a/ACg8ocKtioxTTqsSwMZCgAZ9FNblyOK8P7XXRy-JFDFrWZdc=mo",
        "userName": "Mr Mr.H"
    },
    {
        "appVersion": "1.4",
        "at": "2022-02-26 22:42:16",
        "content": "Why does it shakes fix it",
        "repliedAt": null,
        "replyContent": null,
        "reviewCreatedVersion": "1.4",
        "reviewId": "8e63d6a6-a5ec-47f9-929f-27873c4833f7",
        "score": 1,
        "thumbsUpCount": 0,
        "userImage": "https://play-lh.googleusercontent.com/a-/ALV-UjVUWITBmWyLV7B4UcleYe8BL3J7-SbhEhMQC3YcrY0eFDA",
        "userName": "Tyra McFarlane"
    },
    {
        "appVersion": "1.1",
        "at": "2022-02-14 18:47:23",
        "content": "Too many ads. I can't even purchase the app. I'm not waiting 25 seconds on an ad so I can change a voice.",
        "repliedAt": null,
        "replyContent": null,
        "reviewCreatedVersion": "1.1",
        "reviewId": "13f2fb9b-eda0-4a60-8243-333d83d98af0",
        "score": 1,
        "thumbsUpCount": 7,
        "userImage": "https://play-lh.googleusercontent.com/a-/ALV-UjWEK8IfJBxQMosvy8xRS1dTtnE1f9jwncJx4IzrojoMODo",
        "userName": "Erick Segura"
    },
    {
        "appVersion": "1.1",
        "at": "2022-02-07 03:50:07",
        "content": "When I saw this app and saw that it had a fairly decent rating I thought to myself okay this must be pretty good nope this is a terrible app got too many ads pop up which wouldn't be a problem if it was actually somewhat decent all the female voice changer doesn't sound female at all everything's the sounds mechanical and basic it's really a terrible software to use that even remotely fun and the person that made this with just plain out lazy do not waste your time with this app",
        "repliedAt": null,
        "replyContent": null,
        "reviewCreatedVersion": "1.1",
        "reviewId": "b13d7f7d-c22a-4463-8a53-f5e94c42c8e1",
        "score": 1,
        "thumbsUpCount": 10,
        "userImage": "https://play-lh.googleusercontent.com/a-/ALV-UjUFy-MXqgdlWw0vaoIzdKTYkxDe_qlKsp4FDnv6olm1u7g",
        "userName": "DXDKJ Ambi-Pass -Studio/Production"
    },
    {
        "appVersion": null,
        "at": "2022-02-06 17:53:35",
        "content": "Every button you press give you a ad, deleted.",
        "repliedAt": null,
        "replyContent": null,
        "reviewCreatedVersion": null,
        "reviewId": "f972e1cf-007c-4616-b4c3-8c95476406ef",
        "score": 1,
        "thumbsUpCount": 0,
        "userImage": "https://play-lh.googleusercontent.com/a-/ALV-UjVx5Req26sTZSM6EMWFnzyadfNT3Yq-FpqMyt0-pWcR4wOr",
        "userName": "Julia"
    },
    {
        "appVersion": "1.1",
        "at": "2022-02-02 19:01:08",
        "content": "Don't believe the reviews that say no ads. Every time I tried to change the voice there was a new ad. Deleted.",
        "repliedAt": null,
        "replyContent": null,
        "reviewCreatedVersion": "1.1",
        "reviewId": "6c6e2fe8-f1bb-4318-9ccb-ba61f746c110",
        "score": 1,
        "thumbsUpCount": 9,
        "userImage": "https://play-lh.googleusercontent.com/a-/ALV-UjX7KXAZ5a8_vG7t1WT_hGbdFJ4PU7HS3GEg2bHdW0no04s",
        "userName": "Stacey Conrad"
    }
]