[
    {
        "appVersion": "3.0",
        "at": "2023-07-30 12:40:27",
        "content": "Great!!!",
        "repliedAt": null,
        "replyContent": null,
        "reviewCreatedVersion": "3.0",
        "reviewId": "4a92e714-5058-4e1c-88bb-114e14859bb2",
        "score": 4,
        "thumbsUpCount": 0,
        "userImage": "https://play-lh.googleusercontent.com/a/ACg8ocLrPZKW9fLJQFzmpeNGL6S-UOfBGC44dmjgQmioz9yb=mo",
        "userName": "Zack Zork"
    },
    {
        "appVersion": "3.0",
        "at": "2023-07-17 17:39:27",
        "content": "Worked first-time! Did a cloud backup without problems.",
        "repliedAt": null,
        "replyContent": null,
        "reviewCreatedVersion": "3.0",
        "reviewId": "051fc628-a9fb-4ba8-ac0d-863bc6bbafa6",
        "score": 5,
        "thumbsUpCount": 1,
        "userImage": "https://play-lh.googleusercontent.com/a/ACg8ocKCS8DuTKadgOxiqDbI_irH6SrdfMQV_RKOMUjjtnSi=mo",
        "userName": "Gerald Rinella"
    },
    {
        "appVersion": null,
        "at": "2023-07-02 05:52:27",
        "content": "Crashing on startup",
        "repliedAt": null,
        "replyContent": null,
        "reviewCreatedVersion": null,
        "reviewId": "38dd71e5-a302-41af-a8c6-de71a1be12fd",
        "score": 2,
        "thumbsUpCount": 0,
        "userImage": "https://play-lh.googleusercontent.com/a/ACg8ocL4ML8gb-YBjQ1nAg2qqpnozRg65wY_-NR70Aw8HBOG=mo",
        "userName": "Xara Zara"
    },
    {
        "appVersion": null,
        "at": "2023-06-06 18:55:40",
        "content": "Are need to use",
        "repliedAt": null,
        "replyContent": null,
        "reviewCreatedVersion": null,
        "reviewId": "ec7bddbe-8d17-40c6-a67d-ce236d10c9c4",
        "score": 5,
        "thumbsUpCount": 0,
        "userImage": "https://play-lh.googleusercontent.com/a-/ALV-UjVuAUTVP8m0MR5QS6K1ptxjmkk92xXZmn6krJyXkycXNI0",
        "userName": "Godday Sunday Sunday"
    }
]