[
    {
        "appVersion": "1.0.2",
        "at": "2023-09-03 07:36:55",
        "content": "1 Ad Every 3 Seconds",
        "repliedAt": null,
        "replyContent": null,
        "reviewCreatedVersion": "1.0.2",
        "reviewId": "c74f9c9f-2ed4-4b56-8a4c-1da2f7df094e",
        "score": 1,
        "thumbsUpCount": 0,
        "userImage": "https://play-lh.googleusercontent.com/a/ACg8ocJERhrCJSSM0frmwgRQkGFaxviPvI3bWmRKeFpChWhb=mo",
        "userName": "Kaan Ata"
    },
    {
        "appVersion": "1.0.2",
        "at": "2023-07-04 00:23:34",
        "content": "You are not a good developer put all the time and effort you did into this, into learning something that will be beneficial to society",
        "repliedAt": null,
        "replyContent": null,
        "reviewCreatedVersion": "1.0.2",
        "reviewId": "0bdb84c9-2f4a-427a-b794-66c5d4351c69",
        "score": 1,
        "thumbsUpCount": 0,
        "userImage": "https://play-lh.googleusercontent.com/a-/ALV-UjXZSRPbQdtcfM9gt8PbE7kQ2TvuKzlU_QNvBFdagwcUzRl-",
        "userName": "This Dude"
    },
    {
        "appVersion": "1.0.2",
        "at": "2023-04-12 21:46:09",
        "content": "You have to watch an ad to reload",
        "repliedAt": null,
        "replyContent": null,
        "reviewCreatedVersion": "1.0.2",
        "reviewId": "4f8022ce-b86c-477b-a363-cc8b4a7d979d",
        "score": 1,
        "thumbsUpCount": 0,
        "userImage": "https://play-lh.googleusercontent.com/a-/ALV-UjWmyKfdx6izbwFjnsTdRJAGRFa-GRzlXlTzLxUqoNyPEUM",
        "userName": "Beast 117"
    },
    {
        "appVersion": null,
        "at": "2023-03-25 21:06:00",
        "content": "Tf ad to reload? Ad 2 bullets in? Do not install this garbage",
        "repliedAt": null,
        "replyContent": null,
        "reviewCreatedVersion": null,
        "reviewId": "89132f92-74b7-40d6-921b-d709a58b5c0d",
        "score": 1,
        "thumbsUpCount": 0,
        "userImage": "https://play-lh.googleusercontent.com/a/ACg8ocKfU6PjIk8lyglGitbMMoWls89AA_zbYBrNh4ivkCOj=mo",
        "userName": "Anthony Hemingway"
    }
]