[
    {
        "appVersion": "2.2.9",
        "at": "2023-07-26 16:45:33",
        "content": "amazing",
        "repliedAt": "2023-07-26 21:16:24",
        "replyContent": "Hello Brandy, this is Genie Fit. \nThank you very much for using our app and for your kind words! If you have any problems using the app, please feel free to email us at geniefitness.dev@google.com. We will try to provide better service for you. Thank you again and have a nice day!",
        "reviewCreatedVersion": "2.2.9",
        "reviewId": "7481c437-01da-4d65-81b2-3d4ea7edfc43",
        "score": 5,
        "thumbsUpCount": 1,
        "userImage": "https://play-lh.googleusercontent.com/a-/ALV-UjXObJOVwPtrbb6hxQbcyqRQaFS7f89ORiYDsF2x2lb7Eqk",
        "userName": "Brandy"
    },
    {
        "appVersion": "2.2.9",
        "at": "2023-07-16 17:42:23",
        "content": "great experience",
        "repliedAt": "2023-07-19 22:01:20",
        "replyContent": "Hello Shoaib Ali, this is Genie Fit. Thank you very much for using our app and for your kind words :) If you have any problems using the app, please feel free to email us at geniefitness.dev@google.com. We will try to provide better service for you. Thank you and have a nice day!",
        "reviewCreatedVersion": "2.2.9",
        "reviewId": "39e34b2a-5ddb-413e-8d96-e2667ded3d42",
        "score": 5,
        "thumbsUpCount": 0,
        "userImage": "https://play-lh.googleusercontent.com/a/ACg8ocI_0HJTGZJd3P4PVzhxslNL3nq4AZycaxgoL7bu0cyY=mo",
        "userName": "Shoaib Ali"
    },
    {
        "appVersion": "2.2.9",
        "at": "2023-07-01 16:43:35",
        "content": "Looks like a great app. So far so good. There is a small glitch when trying to scroll though.",
        "repliedAt": "2023-07-02 19:44:26",
        "replyContent": "Hello Tri Gen, this is Genie Fit. Thank you very much for using our app and for your kind words. We apologize for any inconvenience you have experienced while using the app. We will try to provide better service for you. More Information,please feel free to email us at geniefitness.dev@google.com. Thank you and have a nice day!",
        "reviewCreatedVersion": "2.2.9",
        "reviewId": "237a5c1a-e6d1-4edc-a2c9-4f183da4dc4e",
        "score": 4,
        "thumbsUpCount": 4,
        "userImage": "https://play-lh.googleusercontent.com/a/ACg8ocJbVlQcDlbVZPY6iHOErVme1JPxpVP2VCbeUWPc_m2L=mo",
        "userName": "Tri Gen"
    },
    {
        "appVersion": null,
        "at": "2023-05-28 15:52:19",
        "content": "Mzaid TY",
        "repliedAt": null,
        "replyContent": null,
        "reviewCreatedVersion": null,
        "reviewId": "7846da0a-fdaa-4f4a-a773-0b28458e941b",
        "score": 5,
        "thumbsUpCount": 3,
        "userImage": "https://play-lh.googleusercontent.com/a/ACg8ocLjAnZw0aWFf-TdNWhiTBiDrRykmqKzZkBdJGl2I6WEUQ=mo",
        "userName": "Nayyar zaid"
    },
    {
        "appVersion": "2.2.9",
        "at": "2023-05-21 13:39:43",
        "content": "Good",
        "repliedAt": null,
        "replyContent": null,
        "reviewCreatedVersion": "2.2.9",
        "reviewId": "5468c87d-b1f2-4190-9bca-67e0a13fc9e3",
        "score": 5,
        "thumbsUpCount": 6,
        "userImage": "https://play-lh.googleusercontent.com/a/ACg8ocLwvKs3A6MgptrUmwuOmolIMXuCOgUWbn0jnk1IGFR4=mo",
        "userName": "saurabh goel"
    },
    {
        "appVersion": "2.2.5",
        "at": "2023-04-18 02:48:55",
        "content": "it is an inredable app",
        "repliedAt": "2023-04-21 20:48:55",
        "replyContent": "Hello oyundaria, this is Genie Fit.  \nThank you very much for using our app and for your kind words :) If you have any problems using the app, please feel free to email us at geniefitness.dev@google.com. We will try to provide better service for you. Thank you and have a nice day!",
        "reviewCreatedVersion": "2.2.5",
        "reviewId": "f1cbbf3f-6741-4df6-b891-08a63a9203cf",
        "score": 5,
        "thumbsUpCount": 10,
        "userImage": "https://play-lh.googleusercontent.com/a-/ALV-UjUlkUR8awExV0ZkndYGjDSIw5ebjmOU7JvgUa1cAgj3Zhc",
        "userName": "oyundari daria"
    },
    {
        "appVersion": null,
        "at": "2023-04-07 19:21:51",
        "content": "This app is not good. Very bad app",
        "repliedAt": null,
        "replyContent": null,
        "reviewCreatedVersion": null,
        "reviewId": "83fb4352-7c6a-41b2-9a68-1f7e3afbc469",
        "score": 1,
        "thumbsUpCount": 13,
        "userImage": "https://play-lh.googleusercontent.com/a-/ALV-UjU6BK87Y44gnjxveXv3riVl1HSQ-nO4CQFY5vA9DbHNQXM",
        "userName": "Muhammad Waqas"
    }
]