[
    {
        "appVersion": "2",
        "at": "2023-10-31 13:57:35",
        "content": "Very good",
        "repliedAt": null,
        "replyContent": null,
        "reviewCreatedVersion": "2",
        "reviewId": "a93cd7f6-74ae-41c9-b191-422ad68bb836",
        "score": 4,
        "thumbsUpCount": 0,
        "userImage": "https://play-lh.googleusercontent.com/a/ACg8ocLV2-pjIezItiPjzyeFkb-Zg_11G58ygHVD0OC3VoSZ=mo",
        "userName": "Gyan Chand"
    },
    {
        "appVersion": "2",
        "at": "2023-10-15 01:47:26",
        "content": "Excellent pictures, all images beautiful, SUPER, I WILL GIVEN 5 STARS.\u2b50\u2b50\u2b50\u2b50\u2b50",
        "repliedAt": null,
        "replyContent": null,
        "reviewCreatedVersion": "2",
        "reviewId": "e969c527-89db-49e2-94d7-88e346200dda",
        "score": 5,
        "thumbsUpCount": 0,
        "userImage": "https://play-lh.googleusercontent.com/a/ACg8ocIiXLPX_zrzvKtXJe_n5Fe4bjdiGrGcGyuyU-bVMMNu=mo",
        "userName": "vijay krish"
    }
]