[
    {
        "appVersion": "1.0.0",
        "at": "2023-05-26 14:30:57",
        "content": "amazing karate",
        "repliedAt": null,
        "replyContent": null,
        "reviewCreatedVersion": "1.0.0",
        "reviewId": "25399491-8ad9-4404-a308-203bfd495b54",
        "score": 2,
        "thumbsUpCount": 0,
        "userImage": "https://play-lh.googleusercontent.com/a/ACg8ocJCVo5JZjdaldUhjqwStAZ2CkXzaBXLYUFE63ymNcw0=mo",
        "userName": "Mohammed Yousuf"
    },
    {
        "appVersion": "1.0.0",
        "at": "2023-04-12 11:23:07",
        "content": "Yal teach karate",
        "repliedAt": null,
        "replyContent": null,
        "reviewCreatedVersion": "1.0.0",
        "reviewId": "a859c45e-9c82-4434-a9cf-6dd30fea861b",
        "score": 5,
        "thumbsUpCount": 0,
        "userImage": "https://play-lh.googleusercontent.com/a-/ALV-UjWi_4lQ2_9FYOX0u9x8DsWx69sXIorfiJEp_CH7s_7jOw",
        "userName": "Mason Doane"
    },
    {
        "appVersion": "1.1",
        "at": "2022-05-22 06:46:27",
        "content": "Stupid app...just a few copy paste texts ...",
        "repliedAt": null,
        "replyContent": null,
        "reviewCreatedVersion": "1.1",
        "reviewId": "b932a1f0-71ee-4fd9-87e9-a1b406554962",
        "score": 1,
        "thumbsUpCount": 0,
        "userImage": "https://play-lh.googleusercontent.com/a/ACg8ocL-bDwGLUwqXkH7cvCO-Vsgwefcdpa1XPCpZL7VwdmqfQ=mo",
        "userName": "Akhil Devdas"
    },
    {
        "appVersion": "1.1",
        "at": "2022-04-29 19:48:53",
        "content": "Ooo\u00f2ooh! It's amazing",
        "repliedAt": null,
        "replyContent": null,
        "reviewCreatedVersion": "1.1",
        "reviewId": "f9e96294-9a3a-40e4-a52d-9d292ccbe0dc",
        "score": 5,
        "thumbsUpCount": 0,
        "userImage": "https://play-lh.googleusercontent.com/a/ACg8ocIFe1NCuJryy0kQtmo-wRaml-lYflAZuYzTmQDUOVwx=mo",
        "userName": "Munyemana PAULIN"
    },
    {
        "appVersion": null,
        "at": "2022-04-13 13:40:03",
        "content": "I do karate my belt is first orange",
        "repliedAt": null,
        "replyContent": null,
        "reviewCreatedVersion": null,
        "reviewId": "32f7ba91-766c-414b-9d97-eee6bd003749",
        "score": 5,
        "thumbsUpCount": 0,
        "userImage": "https://play-lh.googleusercontent.com/a/ACg8ocK5AQzpuhCvq-eJaoyqlilknkm1xAIUqJdO9IN73-p2=mo",
        "userName": "Thingoluhle Dlamini"
    },
    {
        "appVersion": "1.1",
        "at": "2022-03-24 23:19:01",
        "content": "This app is amazing! It has everything you need to get started in karate. I would love to see a kobudo app from them to go along with this!",
        "repliedAt": null,
        "replyContent": null,
        "reviewCreatedVersion": "1.1",
        "reviewId": "5560c887-7622-47cb-b9d8-ce024c3a7218",
        "score": 5,
        "thumbsUpCount": 3,
        "userImage": "https://play-lh.googleusercontent.com/a-/ALV-UjW1pqo3Ba2teaqF18Kd3zXIEvpugAft3AExgLC_IqNN8h0",
        "userName": "James O'Shea"
    },
    {
        "appVersion": "1.1",
        "at": "2022-02-09 06:33:38",
        "content": "This is a best app for karate training",
        "repliedAt": null,
        "replyContent": null,
        "reviewCreatedVersion": "1.1",
        "reviewId": "48200483-ff2c-4f0a-b059-cb6c9fb0705f",
        "score": 5,
        "thumbsUpCount": 0,
        "userImage": "https://play-lh.googleusercontent.com/a-/ALV-UjWYrVfGUcqa-pQ7I59IdNvGRf375tWFQ4cIrVzK4FMPRQ",
        "userName": "B.K Tiwari"
    },
    {
        "appVersion": "1.1",
        "at": "2021-12-22 06:30:30",
        "content": "Practice application \ud83d\udc4d\ud83d\udc4d",
        "repliedAt": null,
        "replyContent": null,
        "reviewCreatedVersion": "1.1",
        "reviewId": "20e35434-e13b-4f8a-8255-00d942871cdc",
        "score": 5,
        "thumbsUpCount": 0,
        "userImage": "https://play-lh.googleusercontent.com/a-/ALV-UjUQ1ahz3wRdNURvas_1z_irFGqhCMAaQq_ig4jeaWNtNA",
        "userName": "Soumya Sourjya"
    },
    {
        "appVersion": "1.1",
        "at": "2021-12-17 07:43:06",
        "content": "Thia app realy makes me a good sensei",
        "repliedAt": null,
        "replyContent": null,
        "reviewCreatedVersion": "1.1",
        "reviewId": "e9c6a8b3-4376-4309-8798-52cf79315cff",
        "score": 5,
        "thumbsUpCount": 0,
        "userImage": "https://play-lh.googleusercontent.com/a/ACg8ocL2ZX3XipBCMEk20JW32H96DMiZjZBirtHEn8hCMtAL=mo",
        "userName": "Isaiah Jackson"
    },
    {
        "appVersion": "1.1",
        "at": "2021-11-28 18:23:21",
        "content": "This app is every good",
        "repliedAt": null,
        "replyContent": null,
        "reviewCreatedVersion": "1.1",
        "reviewId": "fc0e5360-bcc7-4047-81f1-89dcd499496a",
        "score": 1,
        "thumbsUpCount": 0,
        "userImage": "https://play-lh.googleusercontent.com/a/ACg8ocL1pbm_7Dc_xRz0RjeQsgpwg2KHKcZtudIovI5cuu7a=mo",
        "userName": "Elly Hiribe"
    },
    {
        "appVersion": "1.1",
        "at": "2021-10-30 16:05:19",
        "content": "Low experience",
        "repliedAt": null,
        "replyContent": null,
        "reviewCreatedVersion": "1.1",
        "reviewId": "d48c7b0c-2447-4530-a0fd-b7a4e37e8903",
        "score": 1,
        "thumbsUpCount": 0,
        "userImage": "https://play-lh.googleusercontent.com/a/ACg8ocKj2RCHcYizZCzrowY23fkhlu5p8w_4C9UwGFHWHH3f=mo",
        "userName": "awazie mwazembe"
    },
    {
        "appVersion": "1.1",
        "at": "2021-10-23 14:49:36",
        "content": "Fine",
        "repliedAt": null,
        "replyContent": null,
        "reviewCreatedVersion": "1.1",
        "reviewId": "a0c294b7-488e-4bbf-bb82-cfc0b7de629a",
        "score": 5,
        "thumbsUpCount": 0,
        "userImage": "https://play-lh.googleusercontent.com/a/ACg8ocIm9WrG6vaZ-zdTovdo91KJLn5mTy-cc_3n5yiUFrB5=mo",
        "userName": "Harry hank"
    },
    {
        "appVersion": "1.1",
        "at": "2021-10-20 01:11:13",
        "content": "The app is generally goop and it guides during training",
        "repliedAt": null,
        "replyContent": null,
        "reviewCreatedVersion": "1.1",
        "reviewId": "0a316dcd-dc5d-4ac8-8903-8d07cccd1083",
        "score": 4,
        "thumbsUpCount": 4,
        "userImage": "https://play-lh.googleusercontent.com/a-/ALV-UjUMrvpJmz5DAK--D1r_nk2Acp18VPe8a6xHLOis2zvMiQ",
        "userName": "Opudo Omondi"
    },
    {
        "appVersion": null,
        "at": "2021-09-14 17:57:14",
        "content": "It needs data but I must download and it's great",
        "repliedAt": null,
        "replyContent": null,
        "reviewCreatedVersion": null,
        "reviewId": "e05ab34b-8616-44b4-8ca5-49efbf7c5b89",
        "score": 2,
        "thumbsUpCount": 0,
        "userImage": "https://play-lh.googleusercontent.com/a/ACg8ocJOEqntTuWgwmEg1lBN9nXrxNOCf4-256NRahDRZZWK=mo",
        "userName": "ella boitumelo"
    },
    {
        "appVersion": "1.1",
        "at": "2021-08-08 16:56:19",
        "content": "It'sgood",
        "repliedAt": null,
        "replyContent": null,
        "reviewCreatedVersion": "1.1",
        "reviewId": "3b247e71-f090-418c-97da-050d0f350caa",
        "score": 3,
        "thumbsUpCount": 0,
        "userImage": "https://play-lh.googleusercontent.com/a-/ALV-UjVk7Cs2tEtGpuLFOy3t5EdwvEAWYMDDtW9pMg1zI-skJg",
        "userName": "SIPHO MAKHUBELA"
    },
    {
        "appVersion": "1.1",
        "at": "2021-08-05 10:50:12",
        "content": "Good nice app",
        "repliedAt": null,
        "replyContent": null,
        "reviewCreatedVersion": "1.1",
        "reviewId": "a2bc0188-828d-4dd5-bcaa-4324bf62190a",
        "score": 1,
        "thumbsUpCount": 1,
        "userImage": "https://play-lh.googleusercontent.com/a/ACg8ocLALlMBeQc3ZGDZkp3qA7vWbpc2SiKZ3jKCrWKkVA4c=mo",
        "userName": "perumalla bhaskar"
    },
    {
        "appVersion": null,
        "at": "2021-07-30 19:00:46",
        "content": "\u2764\ufe0f\u2764\ufe0f\u2764\ufe0f \u2764\ufe0f \u2764\ufe0f \u2764\ufe0f\u2764\ufe0f\u2764\ufe0f Love it very much",
        "repliedAt": null,
        "replyContent": null,
        "reviewCreatedVersion": null,
        "reviewId": "949bf285-85fa-4dd4-a236-bb2739528459",
        "score": 5,
        "thumbsUpCount": 0,
        "userImage": "https://play-lh.googleusercontent.com/a/ACg8ocJWPLALKO7UG7ZgFUHbbx8Jowy_Vrm4sMfuXO1H1Udx=mo",
        "userName": "Toka Renang"
    },
    {
        "appVersion": "1.1",
        "at": "2021-07-28 06:08:45",
        "content": "Good",
        "repliedAt": null,
        "replyContent": null,
        "reviewCreatedVersion": "1.1",
        "reviewId": "ff4dfc83-b000-4d00-a34f-abc98c282389",
        "score": 5,
        "thumbsUpCount": 0,
        "userImage": "https://play-lh.googleusercontent.com/a/ACg8ocLUWv87nmIuUPxt2V5TH0Q_I46yra8lkQoF0Nlh4NEf=mo",
        "userName": "Emanuel Urio"
    },
    {
        "appVersion": "1.1",
        "at": "2021-07-03 09:17:20",
        "content": "Its pretty cool",
        "repliedAt": null,
        "replyContent": null,
        "reviewCreatedVersion": "1.1",
        "reviewId": "e56514df-24fc-48eb-b0b3-7787157d1345",
        "score": 5,
        "thumbsUpCount": 0,
        "userImage": "https://play-lh.googleusercontent.com/a/ACg8ocJyRvCTbabe_JBmuYIjz0mQwQqz4d0urtp9_Jr7sv3O=mo",
        "userName": "tim branham"
    },
    {
        "appVersion": null,
        "at": "2021-02-01 11:03:34",
        "content": "NOT BAD",
        "repliedAt": null,
        "replyContent": null,
        "reviewCreatedVersion": null,
        "reviewId": "91d84075-7668-4f04-8694-28d097124785",
        "score": 5,
        "thumbsUpCount": 0,
        "userImage": "https://play-lh.googleusercontent.com/a/ACg8ocKK6__IJjlzWADAcVpP0Z1u8w4392oOPs3Cg2fd5o5V=mo",
        "userName": "IpeleNg TuBego"
    },
    {
        "appVersion": "1.1",
        "at": "2020-12-21 21:34:34",
        "content": "\ud83d\ude31 9.0000",
        "repliedAt": null,
        "replyContent": null,
        "reviewCreatedVersion": "1.1",
        "reviewId": "e34470ca-3cb4-4656-a9c2-77fc55a51b88",
        "score": 5,
        "thumbsUpCount": 1,
        "userImage": "https://play-lh.googleusercontent.com/a/ACg8ocIuYegSYLdxVUmcgKWrY8ilkCx2E9nZkEs6jb9Iz8Cm=mo",
        "userName": "Erin Ricker"
    },
    {
        "appVersion": "1.1",
        "at": "2020-12-17 02:53:02",
        "content": "Great teaching",
        "repliedAt": null,
        "replyContent": null,
        "reviewCreatedVersion": "1.1",
        "reviewId": "ae61e052-0421-4feb-8e5e-83233d3e210b",
        "score": 5,
        "thumbsUpCount": 0,
        "userImage": "https://play-lh.googleusercontent.com/a/ACg8ocJ_75fN7XVSpGttjuUkxcdCCNBWI3b0QnvxFCYI_bdV=mo",
        "userName": "Karanja Njuguna"
    },
    {
        "appVersion": null,
        "at": "2020-10-09 03:56:31",
        "content": "It's a verry verry verry good aap ,thanks for this aap . I love it.",
        "repliedAt": null,
        "replyContent": null,
        "reviewCreatedVersion": null,
        "reviewId": "3cdf7a7f-bc27-46fe-aa0f-0e5cbea8d918",
        "score": 4,
        "thumbsUpCount": 0,
        "userImage": "https://play-lh.googleusercontent.com/a/ACg8ocLxXU7JVb2lP7zsHTVHVQTE3NUdrkcD71B2QEJ8cdST=mo",
        "userName": "Bharat Khairnar"
    },
    {
        "appVersion": null,
        "at": "2020-10-03 12:42:40",
        "content": "Because of the application I have learnt to protect myself \ud83d\ude0f",
        "repliedAt": null,
        "replyContent": null,
        "reviewCreatedVersion": null,
        "reviewId": "d79ee0df-03b9-4ecb-919d-afd5b79391f1",
        "score": 5,
        "thumbsUpCount": 2,
        "userImage": "https://play-lh.googleusercontent.com/a/ACg8ocLID8N9WgEaQTR_hRtRnFN9NmYeZh4GBZ8Xg6CAcXkg=mo",
        "userName": "Brennan Nolan"
    },
    {
        "appVersion": null,
        "at": "2020-08-24 03:54:18",
        "content": "Good apk for self defense u better download it .....",
        "repliedAt": null,
        "replyContent": null,
        "reviewCreatedVersion": null,
        "reviewId": "c842cb87-d05b-4889-8ba1-e93dfc9b3245",
        "score": 3,
        "thumbsUpCount": 2,
        "userImage": "https://play-lh.googleusercontent.com/a-/ALV-UjWzY2EWZj8iO_dobIUIYvRDcPqir6sSg9n8b9EQsLk7xBc",
        "userName": "Michael Ngoni"
    },
    {
        "appVersion": null,
        "at": "2020-08-05 06:11:17",
        "content": "It's very hard",
        "repliedAt": null,
        "replyContent": null,
        "reviewCreatedVersion": null,
        "reviewId": "5872f7d8-2bfc-4ef0-bb38-8746482e1d5d",
        "score": 5,
        "thumbsUpCount": 1,
        "userImage": "https://play-lh.googleusercontent.com/a/ACg8ocKtMaqvanyVc-8pIX1uPc40VTTYDInWXkX3M1cAHOM=mo",
        "userName": "Ruth Nyalaya"
    },
    {
        "appVersion": null,
        "at": "2020-07-02 21:31:22",
        "content": "Dope app",
        "repliedAt": null,
        "replyContent": null,
        "reviewCreatedVersion": null,
        "reviewId": "eecd5279-3e29-40d3-89b8-7357c62c5c4b",
        "score": 5,
        "thumbsUpCount": 0,
        "userImage": "https://play-lh.googleusercontent.com/a/ACg8ocLQpwvg2h0DeXZmWKFc9F4VaUYnDTX0OQw_G7hNcRII=mo",
        "userName": "Pasha Boske"
    },
    {
        "appVersion": "1.1",
        "at": "2020-06-12 05:41:59",
        "content": "I want videos to understand",
        "repliedAt": null,
        "replyContent": null,
        "reviewCreatedVersion": "1.1",
        "reviewId": "5a0a136d-6e1f-4c04-b78c-6ddca1036b06",
        "score": 1,
        "thumbsUpCount": 2,
        "userImage": "https://play-lh.googleusercontent.com/a/ACg8ocKHDJhue7YXP4d5BdUSQXkolfNjkP1iOa2Z3j44e3TP=mo",
        "userName": "Keabetswe Mogorosi"
    },
    {
        "appVersion": null,
        "at": "2020-06-11 02:58:28",
        "content": "Best",
        "repliedAt": null,
        "replyContent": null,
        "reviewCreatedVersion": null,
        "reviewId": "3eb8de6f-546a-4002-9bed-91d09083e532",
        "score": 5,
        "thumbsUpCount": 0,
        "userImage": "https://play-lh.googleusercontent.com/a/ACg8ocJUmOQbtd6EoIJKyaIHImjGRsNBq-RQCT6n5MQuZcqO=mo",
        "userName": "Cate Kimani"
    },
    {
        "appVersion": "1.1",
        "at": "2020-06-01 04:43:27",
        "content": "It's awesome it's educative I learned a lot from it thanks",
        "repliedAt": null,
        "replyContent": null,
        "reviewCreatedVersion": "1.1",
        "reviewId": "dd326d2a-14ac-462c-90f0-ab8b49099617",
        "score": 3,
        "thumbsUpCount": 33,
        "userImage": "https://play-lh.googleusercontent.com/a-/ALV-UjWQOTNdOHjGrMtyP7FAA3N0ykdTInK9S9yH5BZF4n6_eVU",
        "userName": "Murtala Lawal"
    },
    {
        "appVersion": "1.1",
        "at": "2020-05-27 06:07:21",
        "content": "Wow",
        "repliedAt": null,
        "replyContent": null,
        "reviewCreatedVersion": "1.1",
        "reviewId": "c29766d0-3c51-46c0-b10e-aed7e7efeee6",
        "score": 2,
        "thumbsUpCount": 0,
        "userImage": "https://play-lh.googleusercontent.com/a/ACg8ocKoGaDBCRRr92Kq8s8QZUf38bxVr_MXl84GAU5Md3uO=mo",
        "userName": "Enric Patrick"
    },
    {
        "appVersion": "1.1",
        "at": "2020-05-18 12:17:54",
        "content": "Fantastic",
        "repliedAt": null,
        "replyContent": null,
        "reviewCreatedVersion": "1.1",
        "reviewId": "1a4bc03d-dded-4f29-9b52-65fdd7a4457b",
        "score": 5,
        "thumbsUpCount": 0,
        "userImage": "https://play-lh.googleusercontent.com/a/ACg8ocK0vjj9mFwqp99gKVeD1aRdc2GiV2NvePv5r23j5jGI=mo",
        "userName": "Zeiky Masters"
    },
    {
        "appVersion": "1.1",
        "at": "2020-05-12 11:14:06",
        "content": "This good app needs discipline people like us\ud83d\ude0a",
        "repliedAt": null,
        "replyContent": null,
        "reviewCreatedVersion": "1.1",
        "reviewId": "802a73c2-68d8-4ee3-a9f5-f6e249eb86a6",
        "score": 5,
        "thumbsUpCount": 13,
        "userImage": "https://play-lh.googleusercontent.com/a-/ALV-UjW7OOIo-NQLnYBOygrTSnU1hukj2r7AA8WGWyE1e7H5EQ",
        "userName": "\u00c1bdirauf M\u00fc\u015b\u021baf\u00e2"
    },
    {
        "appVersion": null,
        "at": "2020-05-10 16:11:45",
        "content": "What a nice app it is.Now i can know how to defend my self and fight enemies.",
        "repliedAt": null,
        "replyContent": null,
        "reviewCreatedVersion": null,
        "reviewId": "eb290be3-09e5-4537-9afa-77c0997c9dad",
        "score": 5,
        "thumbsUpCount": 2,
        "userImage": "https://play-lh.googleusercontent.com/a/ACg8ocKGiUyUj0ZMJ81x6Aa4mbzQewZkz0GHyWcWNXkNBChK=mo",
        "userName": "Wambede Muhsinu"
    },
    {
        "appVersion": null,
        "at": "2020-04-13 10:48:53",
        "content": "Hi judex",
        "repliedAt": null,
        "replyContent": null,
        "reviewCreatedVersion": null,
        "reviewId": "075f44e9-f281-4a5d-a4b9-cc6cccb5ef5b",
        "score": 5,
        "thumbsUpCount": 0,
        "userImage": "https://play-lh.googleusercontent.com/EGemoI2NTXmTsBVtJqk8jxF9rh8ApRWfsIMQSt2uE4OcpQqbFu7f7NbTK05lx80nuSijCz7sc3a277R67g",
        "userName": "A Google user"
    },
    {
        "appVersion": "1.1",
        "at": "2020-04-11 11:17:51",
        "content": "I like karate and ihave some lessons this app will help me.",
        "repliedAt": null,
        "replyContent": null,
        "reviewCreatedVersion": "1.1",
        "reviewId": "59dcb13a-d04a-4961-b571-78d5751b6a5d",
        "score": 5,
        "thumbsUpCount": 2,
        "userImage": "https://play-lh.googleusercontent.com/EGemoI2NTXmTsBVtJqk8jxF9rh8ApRWfsIMQSt2uE4OcpQqbFu7f7NbTK05lx80nuSijCz7sc3a277R67g",
        "userName": "A Google user"
    },
    {
        "appVersion": "1.1",
        "at": "2020-04-08 08:31:18",
        "content": "High class",
        "repliedAt": null,
        "replyContent": null,
        "reviewCreatedVersion": "1.1",
        "reviewId": "d0eba00f-dc56-4f55-b4d8-d03488515acc",
        "score": 1,
        "thumbsUpCount": 1,
        "userImage": "https://play-lh.googleusercontent.com/EGemoI2NTXmTsBVtJqk8jxF9rh8ApRWfsIMQSt2uE4OcpQqbFu7f7NbTK05lx80nuSijCz7sc3a277R67g",
        "userName": "A Google user"
    },
    {
        "appVersion": null,
        "at": "2020-03-27 08:44:10",
        "content": "Worst",
        "repliedAt": null,
        "replyContent": null,
        "reviewCreatedVersion": null,
        "reviewId": "ad2cdba6-d3a5-4291-bc15-cf161d4f0364",
        "score": 5,
        "thumbsUpCount": 0,
        "userImage": "https://play-lh.googleusercontent.com/EGemoI2NTXmTsBVtJqk8jxF9rh8ApRWfsIMQSt2uE4OcpQqbFu7f7NbTK05lx80nuSijCz7sc3a277R67g",
        "userName": "A Google user"
    },
    {
        "appVersion": null,
        "at": "2020-03-21 05:53:50",
        "content": "Good keep it up please",
        "repliedAt": null,
        "replyContent": null,
        "reviewCreatedVersion": null,
        "reviewId": "2e57c654-b434-43af-9cf7-b4596c0358fd",
        "score": 4,
        "thumbsUpCount": 2,
        "userImage": "https://play-lh.googleusercontent.com/EGemoI2NTXmTsBVtJqk8jxF9rh8ApRWfsIMQSt2uE4OcpQqbFu7f7NbTK05lx80nuSijCz7sc3a277R67g",
        "userName": "A Google user"
    },
    {
        "appVersion": null,
        "at": "2020-03-20 09:33:52",
        "content": "It is good for self defense",
        "repliedAt": null,
        "replyContent": null,
        "reviewCreatedVersion": null,
        "reviewId": "559751fb-d2b4-464a-8a34-5013a2dce649",
        "score": 4,
        "thumbsUpCount": 2,
        "userImage": "https://play-lh.googleusercontent.com/EGemoI2NTXmTsBVtJqk8jxF9rh8ApRWfsIMQSt2uE4OcpQqbFu7f7NbTK05lx80nuSijCz7sc3a277R67g",
        "userName": "A Google user"
    },
    {
        "appVersion": "1.1",
        "at": "2020-03-03 10:50:14",
        "content": "Good for flexibility and self defense",
        "repliedAt": null,
        "replyContent": null,
        "reviewCreatedVersion": "1.1",
        "reviewId": "9f9984d5-7c2c-4ca0-b293-10a0cd9fa016",
        "score": 2,
        "thumbsUpCount": 19,
        "userImage": "https://play-lh.googleusercontent.com/EGemoI2NTXmTsBVtJqk8jxF9rh8ApRWfsIMQSt2uE4OcpQqbFu7f7NbTK05lx80nuSijCz7sc3a277R67g",
        "userName": "A Google user"
    },
    {
        "appVersion": "1.1",
        "at": "2020-01-21 06:57:29",
        "content": "Good practical app, eats too much of my expensive UK DATA at 30 mb for 2-3 uses. Uk review",
        "repliedAt": null,
        "replyContent": null,
        "reviewCreatedVersion": "1.1",
        "reviewId": "2960f06b-8bbc-4b14-ac15-0357620e3273",
        "score": 1,
        "thumbsUpCount": 63,
        "userImage": "https://play-lh.googleusercontent.com/EGemoI2NTXmTsBVtJqk8jxF9rh8ApRWfsIMQSt2uE4OcpQqbFu7f7NbTK05lx80nuSijCz7sc3a277R67g",
        "userName": "A Google user"
    },
    {
        "appVersion": "1.1",
        "at": "2020-01-02 08:00:10",
        "content": "Very bad",
        "repliedAt": null,
        "replyContent": null,
        "reviewCreatedVersion": "1.1",
        "reviewId": "5dacc348-4852-4a34-9384-b366d5e97619",
        "score": 1,
        "thumbsUpCount": 0,
        "userImage": "https://play-lh.googleusercontent.com/EGemoI2NTXmTsBVtJqk8jxF9rh8ApRWfsIMQSt2uE4OcpQqbFu7f7NbTK05lx80nuSijCz7sc3a277R67g",
        "userName": "A Google user"
    },
    {
        "appVersion": "1.1",
        "at": "2019-12-09 08:46:21",
        "content": "I leard karate",
        "repliedAt": null,
        "replyContent": null,
        "reviewCreatedVersion": "1.1",
        "reviewId": "791c4164-c112-43ea-a7a6-76eca2ac929d",
        "score": 5,
        "thumbsUpCount": 0,
        "userImage": "https://play-lh.googleusercontent.com/EGemoI2NTXmTsBVtJqk8jxF9rh8ApRWfsIMQSt2uE4OcpQqbFu7f7NbTK05lx80nuSijCz7sc3a277R67g",
        "userName": "A Google user"
    },
    {
        "appVersion": "1.1",
        "at": "2019-12-03 07:14:11",
        "content": "Best training guide",
        "repliedAt": null,
        "replyContent": null,
        "reviewCreatedVersion": "1.1",
        "reviewId": "3986c2da-730a-4146-90f2-e289563df5ab",
        "score": 5,
        "thumbsUpCount": 4,
        "userImage": "https://play-lh.googleusercontent.com/EGemoI2NTXmTsBVtJqk8jxF9rh8ApRWfsIMQSt2uE4OcpQqbFu7f7NbTK05lx80nuSijCz7sc3a277R67g",
        "userName": "A Google user"
    },
    {
        "appVersion": "1.1",
        "at": "2019-11-24 20:26:19",
        "content": "I haven,t done Shotokan in a long time.",
        "repliedAt": null,
        "replyContent": null,
        "reviewCreatedVersion": "1.1",
        "reviewId": "abfeed8f-5d7e-4ed2-abcf-71ce230fb0d1",
        "score": 4,
        "thumbsUpCount": 4,
        "userImage": "https://play-lh.googleusercontent.com/EGemoI2NTXmTsBVtJqk8jxF9rh8ApRWfsIMQSt2uE4OcpQqbFu7f7NbTK05lx80nuSijCz7sc3a277R67g",
        "userName": "A Google user"
    },
    {
        "appVersion": "1.1",
        "at": "2019-11-11 08:25:37",
        "content": "BAD",
        "repliedAt": null,
        "replyContent": null,
        "reviewCreatedVersion": "1.1",
        "reviewId": "8eb2ea54-c7de-4240-83d1-7d4350fc8c8e",
        "score": 5,
        "thumbsUpCount": 1,
        "userImage": "https://play-lh.googleusercontent.com/EGemoI2NTXmTsBVtJqk8jxF9rh8ApRWfsIMQSt2uE4OcpQqbFu7f7NbTK05lx80nuSijCz7sc3a277R67g",
        "userName": "A Google user"
    },
    {
        "appVersion": "1.1",
        "at": "2019-10-20 15:31:38",
        "content": "Love it",
        "repliedAt": null,
        "replyContent": null,
        "reviewCreatedVersion": "1.1",
        "reviewId": "9d502aa4-bc2d-4978-b75a-6eb21ff50e46",
        "score": 5,
        "thumbsUpCount": 0,
        "userImage": "https://play-lh.googleusercontent.com/EGemoI2NTXmTsBVtJqk8jxF9rh8ApRWfsIMQSt2uE4OcpQqbFu7f7NbTK05lx80nuSijCz7sc3a277R67g",
        "userName": "A Google user"
    },
    {
        "appVersion": "1.1",
        "at": "2019-10-20 03:53:29",
        "content": "Good app",
        "repliedAt": null,
        "replyContent": null,
        "reviewCreatedVersion": "1.1",
        "reviewId": "1d562fd0-60aa-49b6-a6bb-98216f5dd40e",
        "score": 5,
        "thumbsUpCount": 1,
        "userImage": "https://play-lh.googleusercontent.com/EGemoI2NTXmTsBVtJqk8jxF9rh8ApRWfsIMQSt2uE4OcpQqbFu7f7NbTK05lx80nuSijCz7sc3a277R67g",
        "userName": "A Google user"
    },
    {
        "appVersion": "1.1",
        "at": "2019-10-11 07:23:46",
        "content": "Very nice",
        "repliedAt": null,
        "replyContent": null,
        "reviewCreatedVersion": "1.1",
        "reviewId": "ee3f8c36-866f-46d6-be4e-256b4dfb1f2a",
        "score": 5,
        "thumbsUpCount": 1,
        "userImage": "https://play-lh.googleusercontent.com/EGemoI2NTXmTsBVtJqk8jxF9rh8ApRWfsIMQSt2uE4OcpQqbFu7f7NbTK05lx80nuSijCz7sc3a277R67g",
        "userName": "A Google user"
    },
    {
        "appVersion": null,
        "at": "2019-09-30 13:12:37",
        "content": "good",
        "repliedAt": null,
        "replyContent": null,
        "reviewCreatedVersion": null,
        "reviewId": "5bdeae1c-c4ea-4b05-a7d1-6e8daea467ae",
        "score": 5,
        "thumbsUpCount": 0,
        "userImage": "https://play-lh.googleusercontent.com/EGemoI2NTXmTsBVtJqk8jxF9rh8ApRWfsIMQSt2uE4OcpQqbFu7f7NbTK05lx80nuSijCz7sc3a277R67g",
        "userName": "A Google user"
    },
    {
        "appVersion": "1.1",
        "at": "2019-09-17 12:49:19",
        "content": "Perfect \ud83d\udc4c\ud83c\udffd",
        "repliedAt": null,
        "replyContent": null,
        "reviewCreatedVersion": "1.1",
        "reviewId": "2ef40195-d454-4d8f-bbcd-4ba128aaefe4",
        "score": 5,
        "thumbsUpCount": 1,
        "userImage": "https://play-lh.googleusercontent.com/EGemoI2NTXmTsBVtJqk8jxF9rh8ApRWfsIMQSt2uE4OcpQqbFu7f7NbTK05lx80nuSijCz7sc3a277R67g",
        "userName": "A Google user"
    },
    {
        "appVersion": "1.1",
        "at": "2019-09-15 15:26:11",
        "content": "Work very well for protecion",
        "repliedAt": null,
        "replyContent": null,
        "reviewCreatedVersion": "1.1",
        "reviewId": "6c3fccd5-c07f-4daa-9755-4fd627c5bcce",
        "score": 5,
        "thumbsUpCount": 4,
        "userImage": "https://play-lh.googleusercontent.com/EGemoI2NTXmTsBVtJqk8jxF9rh8ApRWfsIMQSt2uE4OcpQqbFu7f7NbTK05lx80nuSijCz7sc3a277R67g",
        "userName": "A Google user"
    },
    {
        "appVersion": null,
        "at": "2019-09-13 08:57:54",
        "content": "\u0627\u0633\u0648\u0627 \u062a\u062a\u0628\u064a\u0642",
        "repliedAt": null,
        "replyContent": null,
        "reviewCreatedVersion": null,
        "reviewId": "f886150e-5ccc-4b80-b4c6-f0b6e93a2d22",
        "score": 1,
        "thumbsUpCount": 0,
        "userImage": "https://play-lh.googleusercontent.com/EGemoI2NTXmTsBVtJqk8jxF9rh8ApRWfsIMQSt2uE4OcpQqbFu7f7NbTK05lx80nuSijCz7sc3a277R67g",
        "userName": "A Google user"
    },
    {
        "appVersion": "1.1",
        "at": "2019-08-22 23:36:48",
        "content": "jodo wrestling jiu jitsu dojo aikido yawyan indian judo simaron combat jodo karate arnis jodo karate mma",
        "repliedAt": null,
        "replyContent": null,
        "reviewCreatedVersion": "1.1",
        "reviewId": "e42f1163-07ab-4c72-b80a-d7634e3e5ec7",
        "score": 5,
        "thumbsUpCount": 0,
        "userImage": "https://play-lh.googleusercontent.com/EGemoI2NTXmTsBVtJqk8jxF9rh8ApRWfsIMQSt2uE4OcpQqbFu7f7NbTK05lx80nuSijCz7sc3a277R67g",
        "userName": "A Google user"
    },
    {
        "appVersion": null,
        "at": "2019-08-20 08:38:22",
        "content": "it cool",
        "repliedAt": null,
        "replyContent": null,
        "reviewCreatedVersion": null,
        "reviewId": "fb6a0d60-0c22-4769-917c-73d512c8ecc6",
        "score": 5,
        "thumbsUpCount": 0,
        "userImage": "https://play-lh.googleusercontent.com/EGemoI2NTXmTsBVtJqk8jxF9rh8ApRWfsIMQSt2uE4OcpQqbFu7f7NbTK05lx80nuSijCz7sc3a277R67g",
        "userName": "A Google user"
    },
    {
        "appVersion": "1.1",
        "at": "2019-08-15 07:19:51",
        "content": "l like it. it helps to protect family and our self",
        "repliedAt": null,
        "replyContent": null,
        "reviewCreatedVersion": "1.1",
        "reviewId": "90cc3dff-176c-41b6-a764-a2fbeac86676",
        "score": 5,
        "thumbsUpCount": 5,
        "userImage": "https://play-lh.googleusercontent.com/EGemoI2NTXmTsBVtJqk8jxF9rh8ApRWfsIMQSt2uE4OcpQqbFu7f7NbTK05lx80nuSijCz7sc3a277R67g",
        "userName": "A Google user"
    },
    {
        "appVersion": "1.1",
        "at": "2019-08-10 10:33:31",
        "content": "waste app no kathas",
        "repliedAt": null,
        "replyContent": null,
        "reviewCreatedVersion": "1.1",
        "reviewId": "8b126236-ca5e-4b29-a237-186dd00a66a1",
        "score": 1,
        "thumbsUpCount": 2,
        "userImage": "https://play-lh.googleusercontent.com/EGemoI2NTXmTsBVtJqk8jxF9rh8ApRWfsIMQSt2uE4OcpQqbFu7f7NbTK05lx80nuSijCz7sc3a277R67g",
        "userName": "A Google user"
    },
    {
        "appVersion": null,
        "at": "2019-08-10 10:26:30",
        "content": "sad i showes me nothing i do karate i3belt",
        "repliedAt": null,
        "replyContent": null,
        "reviewCreatedVersion": null,
        "reviewId": "66bc79bb-10c8-481a-a5fe-a6559b1e743b",
        "score": 1,
        "thumbsUpCount": 11,
        "userImage": "https://play-lh.googleusercontent.com/EGemoI2NTXmTsBVtJqk8jxF9rh8ApRWfsIMQSt2uE4OcpQqbFu7f7NbTK05lx80nuSijCz7sc3a277R67g",
        "userName": "A Google user"
    },
    {
        "appVersion": "1.1",
        "at": "2019-07-30 14:05:16",
        "content": "Very nice but you need a bit of update.",
        "repliedAt": null,
        "replyContent": null,
        "reviewCreatedVersion": "1.1",
        "reviewId": "307ff4d7-11f4-4efc-9921-fb90c7dcf0b6",
        "score": 5,
        "thumbsUpCount": 2,
        "userImage": "https://play-lh.googleusercontent.com/EGemoI2NTXmTsBVtJqk8jxF9rh8ApRWfsIMQSt2uE4OcpQqbFu7f7NbTK05lx80nuSijCz7sc3a277R67g",
        "userName": "A Google user"
    },
    {
        "appVersion": "1.1",
        "at": "2019-06-26 13:03:19",
        "content": "it good",
        "repliedAt": null,
        "replyContent": null,
        "reviewCreatedVersion": "1.1",
        "reviewId": "132c3295-4936-460b-ab25-de569b9c941d",
        "score": 5,
        "thumbsUpCount": 1,
        "userImage": "https://play-lh.googleusercontent.com/EGemoI2NTXmTsBVtJqk8jxF9rh8ApRWfsIMQSt2uE4OcpQqbFu7f7NbTK05lx80nuSijCz7sc3a277R67g",
        "userName": "A Google user"
    },
    {
        "appVersion": null,
        "at": "2019-06-23 03:53:20",
        "content": "please make another for Seido karate it's shotokan",
        "repliedAt": null,
        "replyContent": null,
        "reviewCreatedVersion": null,
        "reviewId": "a1d12d32-b557-4388-8552-d2583cb09ac6",
        "score": 1,
        "thumbsUpCount": 1,
        "userImage": "https://play-lh.googleusercontent.com/EGemoI2NTXmTsBVtJqk8jxF9rh8ApRWfsIMQSt2uE4OcpQqbFu7f7NbTK05lx80nuSijCz7sc3a277R67g",
        "userName": "A Google user"
    },
    {
        "appVersion": "1.1",
        "at": "2019-06-16 14:26:30",
        "content": "nzuri sana",
        "repliedAt": null,
        "replyContent": null,
        "reviewCreatedVersion": "1.1",
        "reviewId": "7f9224d2-1fcc-4112-8ada-f8f6dfbb4b05",
        "score": 5,
        "thumbsUpCount": 0,
        "userImage": "https://play-lh.googleusercontent.com/EGemoI2NTXmTsBVtJqk8jxF9rh8ApRWfsIMQSt2uE4OcpQqbFu7f7NbTK05lx80nuSijCz7sc3a277R67g",
        "userName": "A Google user"
    },
    {
        "appVersion": null,
        "at": "2019-06-15 15:26:38",
        "content": "the person who sent that comment number 2 can not write plus this training is awesome now i can kick people that they don't know how to write or read.",
        "repliedAt": null,
        "replyContent": null,
        "reviewCreatedVersion": null,
        "reviewId": "9b9dadb8-c062-47e5-b272-18a94dc89fb3",
        "score": 5,
        "thumbsUpCount": 47,
        "userImage": "https://play-lh.googleusercontent.com/EGemoI2NTXmTsBVtJqk8jxF9rh8ApRWfsIMQSt2uE4OcpQqbFu7f7NbTK05lx80nuSijCz7sc3a277R67g",
        "userName": "A Google user"
    },
    {
        "appVersion": "1.1",
        "at": "2019-06-15 12:26:35",
        "content": "wow its very good realay",
        "repliedAt": null,
        "replyContent": null,
        "reviewCreatedVersion": "1.1",
        "reviewId": "ce6d024a-b808-420c-a2f1-21d0625fccef",
        "score": 3,
        "thumbsUpCount": 1,
        "userImage": "https://play-lh.googleusercontent.com/EGemoI2NTXmTsBVtJqk8jxF9rh8ApRWfsIMQSt2uE4OcpQqbFu7f7NbTK05lx80nuSijCz7sc3a277R67g",
        "userName": "A Google user"
    },
    {
        "appVersion": "1.1",
        "at": "2019-06-08 04:22:47",
        "content": "\u270c\u270c\u270c",
        "repliedAt": null,
        "replyContent": null,
        "reviewCreatedVersion": "1.1",
        "reviewId": "aec23d90-a6ad-4e44-bb59-783ea1e7e845",
        "score": 5,
        "thumbsUpCount": 1,
        "userImage": "https://play-lh.googleusercontent.com/EGemoI2NTXmTsBVtJqk8jxF9rh8ApRWfsIMQSt2uE4OcpQqbFu7f7NbTK05lx80nuSijCz7sc3a277R67g",
        "userName": "A Google user"
    },
    {
        "appVersion": null,
        "at": "2019-05-31 11:43:13",
        "content": "thanks for tiching me karate",
        "repliedAt": null,
        "replyContent": null,
        "reviewCreatedVersion": null,
        "reviewId": "8c493645-f6dd-40b1-b901-68e5e60b01a6",
        "score": 2,
        "thumbsUpCount": 0,
        "userImage": "https://play-lh.googleusercontent.com/EGemoI2NTXmTsBVtJqk8jxF9rh8ApRWfsIMQSt2uE4OcpQqbFu7f7NbTK05lx80nuSijCz7sc3a277R67g",
        "userName": "A Google user"
    },
    {
        "appVersion": "1.1",
        "at": "2019-05-19 12:57:48",
        "content": "super",
        "repliedAt": null,
        "replyContent": null,
        "reviewCreatedVersion": "1.1",
        "reviewId": "8dd0ec1e-d902-4b37-b9be-d8b8dda2055c",
        "score": 5,
        "thumbsUpCount": 1,
        "userImage": "https://play-lh.googleusercontent.com/EGemoI2NTXmTsBVtJqk8jxF9rh8ApRWfsIMQSt2uE4OcpQqbFu7f7NbTK05lx80nuSijCz7sc3a277R67g",
        "userName": "A Google user"
    },
    {
        "appVersion": null,
        "at": "2019-05-10 13:30:02",
        "content": "\u0632\u0628\u0644 \u0643\u064a \u0648\u062c\u0643\u0645",
        "repliedAt": null,
        "replyContent": null,
        "reviewCreatedVersion": null,
        "reviewId": "07262883-848e-453f-9579-ee14ae666344",
        "score": 1,
        "thumbsUpCount": 1,
        "userImage": "https://play-lh.googleusercontent.com/EGemoI2NTXmTsBVtJqk8jxF9rh8ApRWfsIMQSt2uE4OcpQqbFu7f7NbTK05lx80nuSijCz7sc3a277R67g",
        "userName": "A Google user"
    },
    {
        "appVersion": null,
        "at": "2019-05-07 06:02:59",
        "content": "Good game for tarning",
        "repliedAt": null,
        "replyContent": null,
        "reviewCreatedVersion": null,
        "reviewId": "c52199e8-1d6d-45b9-b13a-53850449020b",
        "score": 5,
        "thumbsUpCount": 1,
        "userImage": "https://play-lh.googleusercontent.com/EGemoI2NTXmTsBVtJqk8jxF9rh8ApRWfsIMQSt2uE4OcpQqbFu7f7NbTK05lx80nuSijCz7sc3a277R67g",
        "userName": "A Google user"
    },
    {
        "appVersion": "1.1",
        "at": "2019-04-30 21:48:17",
        "content": "help",
        "repliedAt": null,
        "replyContent": null,
        "reviewCreatedVersion": "1.1",
        "reviewId": "e67c9923-88f8-46e2-a271-f12d55ac16d7",
        "score": 5,
        "thumbsUpCount": 0,
        "userImage": "https://play-lh.googleusercontent.com/EGemoI2NTXmTsBVtJqk8jxF9rh8ApRWfsIMQSt2uE4OcpQqbFu7f7NbTK05lx80nuSijCz7sc3a277R67g",
        "userName": "A Google user"
    },
    {
        "appVersion": "1.1",
        "at": "2019-04-30 10:27:52",
        "content": "lt l will tensen it is bad app",
        "repliedAt": null,
        "replyContent": null,
        "reviewCreatedVersion": "1.1",
        "reviewId": "03df91b0-22a0-4804-a1a1-18b9565e9712",
        "score": 1,
        "thumbsUpCount": 8,
        "userImage": "https://play-lh.googleusercontent.com/EGemoI2NTXmTsBVtJqk8jxF9rh8ApRWfsIMQSt2uE4OcpQqbFu7f7NbTK05lx80nuSijCz7sc3a277R67g",
        "userName": "A Google user"
    },
    {
        "appVersion": null,
        "at": "2019-04-28 06:15:01",
        "content": "Patricia",
        "repliedAt": null,
        "replyContent": null,
        "reviewCreatedVersion": null,
        "reviewId": "f35bf8bd-c499-4b53-bd3a-b1eef625c71d",
        "score": 5,
        "thumbsUpCount": 0,
        "userImage": "https://play-lh.googleusercontent.com/EGemoI2NTXmTsBVtJqk8jxF9rh8ApRWfsIMQSt2uE4OcpQqbFu7f7NbTK05lx80nuSijCz7sc3a277R67g",
        "userName": "A Google user"
    },
    {
        "appVersion": "1.1",
        "at": "2019-04-20 09:29:47",
        "content": "its use full",
        "repliedAt": null,
        "replyContent": null,
        "reviewCreatedVersion": "1.1",
        "reviewId": "9aaa1bac-3e00-4d08-bf42-20d9f226e035",
        "score": 1,
        "thumbsUpCount": 0,
        "userImage": "https://play-lh.googleusercontent.com/EGemoI2NTXmTsBVtJqk8jxF9rh8ApRWfsIMQSt2uE4OcpQqbFu7f7NbTK05lx80nuSijCz7sc3a277R67g",
        "userName": "A Google user"
    },
    {
        "appVersion": "1.1",
        "at": "2019-04-14 11:04:08",
        "content": "for me this app is that good",
        "repliedAt": null,
        "replyContent": null,
        "reviewCreatedVersion": "1.1",
        "reviewId": "a583928c-8e83-478f-8598-c200e40dafc7",
        "score": 3,
        "thumbsUpCount": 7,
        "userImage": "https://play-lh.googleusercontent.com/EGemoI2NTXmTsBVtJqk8jxF9rh8ApRWfsIMQSt2uE4OcpQqbFu7f7NbTK05lx80nuSijCz7sc3a277R67g",
        "userName": "A Google user"
    },
    {
        "appVersion": null,
        "at": "2019-04-12 05:30:36",
        "content": "good ndi",
        "repliedAt": null,
        "replyContent": null,
        "reviewCreatedVersion": null,
        "reviewId": "b31d4d46-50fe-469a-a917-dca3306f0e08",
        "score": 5,
        "thumbsUpCount": 1,
        "userImage": "https://play-lh.googleusercontent.com/EGemoI2NTXmTsBVtJqk8jxF9rh8ApRWfsIMQSt2uE4OcpQqbFu7f7NbTK05lx80nuSijCz7sc3a277R67g",
        "userName": "A Google user"
    },
    {
        "appVersion": "1.1",
        "at": "2019-04-11 11:03:16",
        "content": "sadeem",
        "repliedAt": null,
        "replyContent": null,
        "reviewCreatedVersion": "1.1",
        "reviewId": "6353ebbc-85ca-4a6d-a57e-98760bdf391b",
        "score": 1,
        "thumbsUpCount": 2,
        "userImage": "https://play-lh.googleusercontent.com/EGemoI2NTXmTsBVtJqk8jxF9rh8ApRWfsIMQSt2uE4OcpQqbFu7f7NbTK05lx80nuSijCz7sc3a277R67g",
        "userName": "A Google user"
    },
    {
        "appVersion": null,
        "at": "2019-04-07 03:58:27",
        "content": "we don't need much reading",
        "repliedAt": null,
        "replyContent": null,
        "reviewCreatedVersion": null,
        "reviewId": "a0b36c10-cc8e-4b44-95f5-6688852a5014",
        "score": 3,
        "thumbsUpCount": 4,
        "userImage": "https://play-lh.googleusercontent.com/EGemoI2NTXmTsBVtJqk8jxF9rh8ApRWfsIMQSt2uE4OcpQqbFu7f7NbTK05lx80nuSijCz7sc3a277R67g",
        "userName": "A Google user"
    },
    {
        "appVersion": null,
        "at": "2019-04-05 10:06:43",
        "content": "Very good",
        "repliedAt": null,
        "replyContent": null,
        "reviewCreatedVersion": null,
        "reviewId": "e52bd0aa-bc8f-45d4-bbeb-c27fe45f6274",
        "score": 4,
        "thumbsUpCount": 2,
        "userImage": "https://play-lh.googleusercontent.com/EGemoI2NTXmTsBVtJqk8jxF9rh8ApRWfsIMQSt2uE4OcpQqbFu7f7NbTK05lx80nuSijCz7sc3a277R67g",
        "userName": "A Google user"
    },
    {
        "appVersion": null,
        "at": "2019-04-03 08:39:14",
        "content": "nice app",
        "repliedAt": null,
        "replyContent": null,
        "reviewCreatedVersion": null,
        "reviewId": "cd34998c-1bb7-444a-9e00-6e95d7cfec3b",
        "score": 5,
        "thumbsUpCount": 0,
        "userImage": "https://play-lh.googleusercontent.com/EGemoI2NTXmTsBVtJqk8jxF9rh8ApRWfsIMQSt2uE4OcpQqbFu7f7NbTK05lx80nuSijCz7sc3a277R67g",
        "userName": "A Google user"
    },
    {
        "appVersion": "1.1",
        "at": "2019-03-24 07:56:32",
        "content": "good app",
        "repliedAt": null,
        "replyContent": null,
        "reviewCreatedVersion": "1.1",
        "reviewId": "ebb38a1d-2c7b-422f-8876-8a3e65996761",
        "score": 1,
        "thumbsUpCount": 7,
        "userImage": "https://play-lh.googleusercontent.com/EGemoI2NTXmTsBVtJqk8jxF9rh8ApRWfsIMQSt2uE4OcpQqbFu7f7NbTK05lx80nuSijCz7sc3a277R67g",
        "userName": "A Google user"
    },
    {
        "appVersion": "1.1",
        "at": "2019-03-18 08:22:37",
        "content": "thanks for karate training today i am so happy that you are the first best of me bye bye.",
        "repliedAt": null,
        "replyContent": null,
        "reviewCreatedVersion": "1.1",
        "reviewId": "6360b995-d78b-4347-8b35-e8ea63a66e66",
        "score": 5,
        "thumbsUpCount": 48,
        "userImage": "https://play-lh.googleusercontent.com/EGemoI2NTXmTsBVtJqk8jxF9rh8ApRWfsIMQSt2uE4OcpQqbFu7f7NbTK05lx80nuSijCz7sc3a277R67g",
        "userName": "A Google user"
    },
    {
        "appVersion": null,
        "at": "2019-03-16 13:09:28",
        "content": "nice",
        "repliedAt": null,
        "replyContent": null,
        "reviewCreatedVersion": null,
        "reviewId": "5aa87976-c1ba-4846-a62d-787ac68e59c6",
        "score": 5,
        "thumbsUpCount": 0,
        "userImage": "https://play-lh.googleusercontent.com/EGemoI2NTXmTsBVtJqk8jxF9rh8ApRWfsIMQSt2uE4OcpQqbFu7f7NbTK05lx80nuSijCz7sc3a277R67g",
        "userName": "A Google user"
    },
    {
        "appVersion": "1.1",
        "at": "2019-03-15 08:53:35",
        "content": "superb",
        "repliedAt": null,
        "replyContent": null,
        "reviewCreatedVersion": "1.1",
        "reviewId": "d94a409b-df4d-431f-9293-26152fd8b5d4",
        "score": 5,
        "thumbsUpCount": 1,
        "userImage": "https://play-lh.googleusercontent.com/EGemoI2NTXmTsBVtJqk8jxF9rh8ApRWfsIMQSt2uE4OcpQqbFu7f7NbTK05lx80nuSijCz7sc3a277R67g",
        "userName": "A Google user"
    },
    {
        "appVersion": null,
        "at": "2019-02-20 03:16:23",
        "content": "It is good app for to protect yourself and is also good for self defense.",
        "repliedAt": null,
        "replyContent": null,
        "reviewCreatedVersion": null,
        "reviewId": "993f7f28-9574-45a2-9695-eb9c18a820a2",
        "score": 5,
        "thumbsUpCount": 55,
        "userImage": "https://play-lh.googleusercontent.com/EGemoI2NTXmTsBVtJqk8jxF9rh8ApRWfsIMQSt2uE4OcpQqbFu7f7NbTK05lx80nuSijCz7sc3a277R67g",
        "userName": "A Google user"
    },
    {
        "appVersion": "1.1",
        "at": "2019-02-08 16:02:48",
        "content": "both stape for start",
        "repliedAt": null,
        "replyContent": null,
        "reviewCreatedVersion": "1.1",
        "reviewId": "ab37298f-d139-4fa7-a1dd-abf4fa7b3ced",
        "score": 5,
        "thumbsUpCount": 11,
        "userImage": "https://play-lh.googleusercontent.com/EGemoI2NTXmTsBVtJqk8jxF9rh8ApRWfsIMQSt2uE4OcpQqbFu7f7NbTK05lx80nuSijCz7sc3a277R67g",
        "userName": "A Google user"
    },
    {
        "appVersion": null,
        "at": "2018-12-15 14:34:03",
        "content": "Good for training",
        "repliedAt": null,
        "replyContent": null,
        "reviewCreatedVersion": null,
        "reviewId": "42a93890-89a8-4931-b5cd-bc66e9cde0e3",
        "score": 5,
        "thumbsUpCount": 4,
        "userImage": "https://play-lh.googleusercontent.com/EGemoI2NTXmTsBVtJqk8jxF9rh8ApRWfsIMQSt2uE4OcpQqbFu7f7NbTK05lx80nuSijCz7sc3a277R67g",
        "userName": "A Google user"
    },
    {
        "appVersion": null,
        "at": "2018-11-28 12:43:57",
        "content": "This app is just beyond ma expectations it's fabulous. Good job.",
        "repliedAt": null,
        "replyContent": null,
        "reviewCreatedVersion": null,
        "reviewId": "9d148740-cc56-4071-9ec0-09c381a71ba9",
        "score": 5,
        "thumbsUpCount": 15,
        "userImage": "https://play-lh.googleusercontent.com/EGemoI2NTXmTsBVtJqk8jxF9rh8ApRWfsIMQSt2uE4OcpQqbFu7f7NbTK05lx80nuSijCz7sc3a277R67g",
        "userName": "A Google user"
    },
    {
        "appVersion": null,
        "at": "2018-10-14 10:56:31",
        "content": "its nice",
        "repliedAt": null,
        "replyContent": null,
        "reviewCreatedVersion": null,
        "reviewId": "84e87584-e916-41df-8150-fb5050ecc7ee",
        "score": 5,
        "thumbsUpCount": 3,
        "userImage": "https://play-lh.googleusercontent.com/EGemoI2NTXmTsBVtJqk8jxF9rh8ApRWfsIMQSt2uE4OcpQqbFu7f7NbTK05lx80nuSijCz7sc3a277R67g",
        "userName": "A Google user"
    },
    {
        "appVersion": null,
        "at": "2018-05-16 08:45:00",
        "content": "This is a very Gud app",
        "repliedAt": null,
        "replyContent": null,
        "reviewCreatedVersion": null,
        "reviewId": "8bc3dcec-0e9f-480f-8912-83a8a8a79ff4",
        "score": 5,
        "thumbsUpCount": 8,
        "userImage": "https://play-lh.googleusercontent.com/EGemoI2NTXmTsBVtJqk8jxF9rh8ApRWfsIMQSt2uE4OcpQqbFu7f7NbTK05lx80nuSijCz7sc3a277R67g",
        "userName": "A Google user"
    }
]