[
    {
        "appVersion": "1.8",
        "at": "2023-11-20 02:19:27",
        "content": "Worst app",
        "repliedAt": null,
        "replyContent": null,
        "reviewCreatedVersion": "1.8",
        "reviewId": "05636857-7537-45b9-8156-8cf9f65a7c1c",
        "score": 1,
        "thumbsUpCount": 0,
        "userImage": "https://play-lh.googleusercontent.com/a/ACg8ocLZbFoDonQUHG701pzEhVGRJhWPdy85WPB9rFnAeM88=mo",
        "userName": "Arockia Raj"
    },
    {
        "appVersion": "1.8",
        "at": "2023-11-20 00:30:48",
        "content": "Better",
        "repliedAt": null,
        "replyContent": null,
        "reviewCreatedVersion": "1.8",
        "reviewId": "547783e1-4a61-4e53-9ac6-6336dbfb74de",
        "score": 5,
        "thumbsUpCount": 0,
        "userImage": "https://play-lh.googleusercontent.com/a-/ALV-UjUXD69CU9VVTNamayQLkMtZUuZgYSvhdvV2Lc0HD6WK-w",
        "userName": "Savita Dhangar"
    },
    {
        "appVersion": null,
        "at": "2023-11-15 13:25:33",
        "content": "The app is great",
        "repliedAt": null,
        "replyContent": null,
        "reviewCreatedVersion": null,
        "reviewId": "e8423004-7059-4dd5-87c5-bc51701eb7dc",
        "score": 5,
        "thumbsUpCount": 0,
        "userImage": "https://play-lh.googleusercontent.com/a/ACg8ocJddsKbwzCatYnJEEOQGYxlVmb8rBOojo-15vCPAns=mo",
        "userName": "Joseph John"
    },
    {
        "appVersion": "1.8",
        "at": "2023-11-07 15:40:52",
        "content": "Very pest software",
        "repliedAt": null,
        "replyContent": null,
        "reviewCreatedVersion": "1.8",
        "reviewId": "9f3050e3-f68c-4b2f-89e0-d0351e27d257",
        "score": 5,
        "thumbsUpCount": 0,
        "userImage": "https://play-lh.googleusercontent.com/a-/ALV-UjXGoto9XkKMT6bIHPjlAvXHz41egVSNpqB7O9rUN9Lui6o",
        "userName": "Siva Subramaniam"
    },
    {
        "appVersion": "1.8",
        "at": "2023-11-01 11:33:30",
        "content": "Good \ud83d\udc4d\ud83d\ude0a",
        "repliedAt": null,
        "replyContent": null,
        "reviewCreatedVersion": "1.8",
        "reviewId": "ed09cea8-bfbf-47f5-b397-7a3e129a7909",
        "score": 4,
        "thumbsUpCount": 0,
        "userImage": "https://play-lh.googleusercontent.com/a-/ALV-UjUQoJNHPFKM6HATeeBnCWxzF4JDaCRh_aVQ1Zfurh4-Q4g",
        "userName": "Deepak kumar"
    },
    {
        "appVersion": "1.8",
        "at": "2023-11-01 02:06:33",
        "content": "All good but How recover deleted photos",
        "repliedAt": null,
        "replyContent": null,
        "reviewCreatedVersion": "1.8",
        "reviewId": "1bf6c08f-74fc-4421-8e70-c96b525800b7",
        "score": 5,
        "thumbsUpCount": 1,
        "userImage": "https://play-lh.googleusercontent.com/a-/ALV-UjWWDpDmx232TwYUqDK4RNffGzY8tCEMlZy0edfNgOdptK0",
        "userName": "Umasankar Kaibarta"
    },
    {
        "appVersion": "1.8",
        "at": "2023-10-31 10:21:26",
        "content": "Aitc",
        "repliedAt": null,
        "replyContent": null,
        "reviewCreatedVersion": "1.8",
        "reviewId": "060fedee-2172-45c1-a974-85d04c4b436b",
        "score": 5,
        "thumbsUpCount": 0,
        "userImage": "https://play-lh.googleusercontent.com/a-/ALV-UjXimcundCAzh78l6Lj3QU1LtQAETyI483vbR8qwCbB4Wg",
        "userName": "sujit biswas"
    },
    {
        "appVersion": "1.8",
        "at": "2023-10-28 01:29:46",
        "content": "Good",
        "repliedAt": null,
        "replyContent": null,
        "reviewCreatedVersion": "1.8",
        "reviewId": "ae025193-d705-4c9d-8b20-803204784d8f",
        "score": 5,
        "thumbsUpCount": 0,
        "userImage": "https://play-lh.googleusercontent.com/a-/ALV-UjUeuTdys5oMwAPtIdiyD5PZPdDj0xT1WHSYPMGNwtzmyUlz",
        "userName": "Shiva Kumar"
    },
    {
        "appVersion": "1.8",
        "at": "2023-10-26 06:08:44",
        "content": "thus is one of the great apps to use, very easy to use this app & very helpful for remind the visited place & also very easy to mention the place in the social media posts.",
        "repliedAt": null,
        "replyContent": null,
        "reviewCreatedVersion": "1.8",
        "reviewId": "b6793718-23e7-40c3-a632-aaa8610c8c84",
        "score": 5,
        "thumbsUpCount": 14,
        "userImage": "https://play-lh.googleusercontent.com/a-/ALV-UjXbdboybp4_B8RPnFQ5UVF2jCxfOWSgk9QshJBAky7OStE",
        "userName": "Afras Uwais"
    },
    {
        "appVersion": "1.8",
        "at": "2023-10-25 08:06:29",
        "content": "Ohooo, got perfect stuff location with photos and many more, good to go.",
        "repliedAt": null,
        "replyContent": null,
        "reviewCreatedVersion": "1.8",
        "reviewId": "bd167c5a-560a-49cd-8e2c-bd6fd04aa26e",
        "score": 5,
        "thumbsUpCount": 10,
        "userImage": "https://play-lh.googleusercontent.com/a-/ALV-UjWdrN2bFE5Om-feJ5RZ20PLJM03xQtJmGiMFn0Vhgp4Lw",
        "userName": "Dashrath Rathod Official"
    },
    {
        "appVersion": "1.8",
        "at": "2023-10-25 07:43:09",
        "content": "Good app for use while traveling",
        "repliedAt": null,
        "replyContent": null,
        "reviewCreatedVersion": "1.8",
        "reviewId": "3dd41527-e3ed-4d87-b5bf-71e353f1277c",
        "score": 5,
        "thumbsUpCount": 0,
        "userImage": "https://play-lh.googleusercontent.com/a-/ALV-UjWc9dh0fZg4fbmq9Fw8HoRJc-zlbYoZO3EmAuK62GMs3g",
        "userName": "Patel Dharmik"
    },
    {
        "appVersion": null,
        "at": "2023-10-24 14:16:07",
        "content": "I need this app for, it is great. Simple to use.",
        "repliedAt": null,
        "replyContent": null,
        "reviewCreatedVersion": null,
        "reviewId": "18acbcb2-1083-440f-b3cf-d675e19eea3c",
        "score": 5,
        "thumbsUpCount": 0,
        "userImage": "https://play-lh.googleusercontent.com/a/ACg8ocJdG3j5D_z4OET2IGsDAx6t5x9_g7-4FC-OGRszZQRf=mo",
        "userName": "Joseph"
    },
    {
        "appVersion": "1.8",
        "at": "2023-10-24 13:56:57",
        "content": "It's a very handy and useful app. Serves purpose very well and easy to use",
        "repliedAt": null,
        "replyContent": null,
        "reviewCreatedVersion": "1.8",
        "reviewId": "ea1d3810-82c5-40a4-a64a-93d48f0b8989",
        "score": 5,
        "thumbsUpCount": 0,
        "userImage": "https://play-lh.googleusercontent.com/a-/ALV-UjVq1yrTAZ4atbTWffPn2iSBB8C-SSSk-R9Xgx6XSloW4RQ",
        "userName": "Naman bhutiya"
    },
    {
        "appVersion": "1.8",
        "at": "2023-10-24 13:53:43",
        "content": "Great for on-time, real time, tracking of deliveries.",
        "repliedAt": null,
        "replyContent": null,
        "reviewCreatedVersion": "1.8",
        "reviewId": "743d8f8f-1a05-4954-9b59-cf4a24a07e4a",
        "score": 5,
        "thumbsUpCount": 0,
        "userImage": "https://play-lh.googleusercontent.com/a/ACg8ocIjxLwohB0CWnKQnO9gbDAfc14y1zq2QGqkx62FBbXj=mo",
        "userName": "Rajni Khandelwal"
    },
    {
        "appVersion": "1.8",
        "at": "2023-10-24 12:47:25",
        "content": "Accurate location. With important details on it. Recommended gps map camera. \ud83d\udc4c love it.",
        "repliedAt": null,
        "replyContent": null,
        "reviewCreatedVersion": "1.8",
        "reviewId": "88084230-43ba-47d4-94ed-c0357b9e78af",
        "score": 5,
        "thumbsUpCount": 8,
        "userImage": "https://play-lh.googleusercontent.com/a/ACg8ocIJrBk1m72lrYZ-r3Ypwk8UM8DRk9LF4JK9K2MY78Qg=mo",
        "userName": "Sahil Singh"
    },
    {
        "appVersion": "1.8",
        "at": "2023-10-24 12:39:53",
        "content": "Accuracy of the app will be highly appreciated. Thanks",
        "repliedAt": null,
        "replyContent": null,
        "reviewCreatedVersion": "1.8",
        "reviewId": "0590bce4-540f-4e87-809f-5234105eb411",
        "score": 5,
        "thumbsUpCount": 0,
        "userImage": "https://play-lh.googleusercontent.com/a/ACg8ocIg_n11d4aD5Z2OfYE1alj37xWITRmuA0DD3UqT0vUT=mo",
        "userName": "Shubham Gupta"
    },
    {
        "appVersion": null,
        "at": "2023-10-24 12:38:51",
        "content": "Best camera for location , time and date, Very accurate with location and latlong",
        "repliedAt": null,
        "replyContent": null,
        "reviewCreatedVersion": null,
        "reviewId": "ab6551ec-f918-429b-a542-306e87ffc4f5",
        "score": 5,
        "thumbsUpCount": 0,
        "userImage": "https://play-lh.googleusercontent.com/a-/ALV-UjUyN5G8S61K4_MbcY55_RCVnjzFgnXNsG2GZAUPEKYrfw",
        "userName": "Nikhil Khandelwal"
    },
    {
        "appVersion": null,
        "at": "2023-10-24 12:26:26",
        "content": "Very usefull and adjustable app I love it , and this app very helpfull",
        "repliedAt": null,
        "replyContent": null,
        "reviewCreatedVersion": null,
        "reviewId": "da0aa75f-738c-4bf8-8a1f-78856e20f015",
        "score": 5,
        "thumbsUpCount": 0,
        "userImage": "https://play-lh.googleusercontent.com/a-/ALV-UjWv9ir_jPFPkqGiYLv3PvD5DGD18M0EyKh0k-mlJ0Cm",
        "userName": "Gunjan Khandelwal"
    },
    {
        "appVersion": "1.8",
        "at": "2023-10-24 12:21:50",
        "content": "Fantastic so far highly accurate and stable, Its great for reporting with time in date",
        "repliedAt": null,
        "replyContent": null,
        "reviewCreatedVersion": "1.8",
        "reviewId": "7c30b127-617b-4e7b-b014-7d25cfd0a5cf",
        "score": 5,
        "thumbsUpCount": 0,
        "userImage": "https://play-lh.googleusercontent.com/a-/ALV-UjXV5DOrSy6fBynwvKwMVFq0jne6hePb98Ptx7j9uDvuVvc",
        "userName": "akshansh sharma"
    },
    {
        "appVersion": "1.8",
        "at": "2023-10-24 10:11:42",
        "content": "Simple and Helpful, Useful App, We can easily to find addresses and Area point of routes love it",
        "repliedAt": null,
        "replyContent": null,
        "reviewCreatedVersion": "1.8",
        "reviewId": "d9ecac50-7298-44e4-8df9-5ca60bb319c6",
        "score": 5,
        "thumbsUpCount": 0,
        "userImage": "https://play-lh.googleusercontent.com/a/ACg8ocJ9qDBeHLS2A30MJ34qAi-A_5f_U1mOPkp2YwyRW1BW=mo",
        "userName": "Manu Gupta"
    },
    {
        "appVersion": "1.8",
        "at": "2023-10-24 09:19:37",
        "content": "It is also very useful for Highway projects and Highway Maintenance works.",
        "repliedAt": null,
        "replyContent": null,
        "reviewCreatedVersion": "1.8",
        "reviewId": "001a57ab-1dc0-4b0f-8a5d-5809d8fbdd5e",
        "score": 5,
        "thumbsUpCount": 0,
        "userImage": "https://play-lh.googleusercontent.com/a-/ALV-UjVNWTIyYb-fwpAlQv7dY3medLPTqFGb_vG9p2rb0sx9wT8",
        "userName": "Charul Agrawal"
    },
    {
        "appVersion": null,
        "at": "2023-10-24 09:18:48",
        "content": "This GPS map camera app is very useful for me",
        "repliedAt": null,
        "replyContent": null,
        "reviewCreatedVersion": null,
        "reviewId": "9798fccc-7952-457f-87ff-33823c9a7ba3",
        "score": 5,
        "thumbsUpCount": 0,
        "userImage": "https://play-lh.googleusercontent.com/a/ACg8ocIR8CxWRzkmm-BqXvn0caiLXiWOehU_O0LzvyU_7HOj=mo",
        "userName": "Darsh Khandelwal"
    },
    {
        "appVersion": null,
        "at": "2023-10-24 09:04:22",
        "content": "Nice app i am satisfied using this app, .Everyone can try this app",
        "repliedAt": null,
        "replyContent": null,
        "reviewCreatedVersion": null,
        "reviewId": "fed9dc5e-53dc-403d-a2c0-c02777bb4105",
        "score": 5,
        "thumbsUpCount": 0,
        "userImage": "https://play-lh.googleusercontent.com/a/ACg8ocJJ1tWVo4N3Zd6KBQRdA3YtkRsFAoWIJYzhwmbggMiN=mo",
        "userName": "Priya Garg"
    },
    {
        "appVersion": null,
        "at": "2023-10-24 08:38:43",
        "content": "Very nice and clear I hope always enable.",
        "repliedAt": null,
        "replyContent": null,
        "reviewCreatedVersion": null,
        "reviewId": "10fd6975-221a-4a68-b814-27cea32f7f0e",
        "score": 5,
        "thumbsUpCount": 0,
        "userImage": "https://play-lh.googleusercontent.com/a-/ALV-UjXSanDgQHbBTEkj6VVswN18JKEBOsu9nHerdbXAcUvTpkAF",
        "userName": "Rinki Garg"
    },
    {
        "appVersion": null,
        "at": "2023-10-21 13:40:27",
        "content": "Hiii Hiiii Happy New years day and night at school today I will send the email and delete the email address will be a great weekend too my life so much and have an account yet and night and I am free to call you in advance and I am a very happy and night at school today and I will send the money is in advance and night and I will send the email and I am free to call me kitna bhi hai to",
        "repliedAt": null,
        "replyContent": null,
        "reviewCreatedVersion": null,
        "reviewId": "69f40059-7c79-4b14-9da0-8859888632e1",
        "score": 5,
        "thumbsUpCount": 0,
        "userImage": "https://play-lh.googleusercontent.com/a/ACg8ocKCKXCA_k-YtOfoUPVOLXIuaBKZxuZNM8TFKaLQ20GR=mo",
        "userName": "Sonjay Rajbhar"
    },
    {
        "appVersion": null,
        "at": "2023-10-20 09:21:48",
        "content": "GPS Map camera applications I use it for memorizing locations with photos, very good experience",
        "repliedAt": null,
        "replyContent": null,
        "reviewCreatedVersion": null,
        "reviewId": "73b7f8f9-842d-401b-8c44-1a497f467f62",
        "score": 5,
        "thumbsUpCount": 0,
        "userImage": "https://play-lh.googleusercontent.com/a-/ALV-UjV_VDwKwr326THiHKFWqZSvujuq_eZNDMeI16vPeF1DRY8",
        "userName": "Thakor Ankit"
    },
    {
        "appVersion": "1.8",
        "at": "2023-10-20 07:21:41",
        "content": "GPS Map camera very good application I use it to capture photos with location as I love to travel",
        "repliedAt": null,
        "replyContent": null,
        "reviewCreatedVersion": "1.8",
        "reviewId": "e3de2664-19a3-414b-9875-41a600cde693",
        "score": 5,
        "thumbsUpCount": 4,
        "userImage": "https://play-lh.googleusercontent.com/a-/ALV-UjW5AZbVB-JgE4D_zUHjfjCC7NOmgreTaxt4ErL1_Hq16Dw",
        "userName": "Hemant Kumar"
    },
    {
        "appVersion": null,
        "at": "2023-10-20 07:16:37",
        "content": "This is the best app for people who want to get GPS information with photos, my experience was very good",
        "repliedAt": null,
        "replyContent": null,
        "reviewCreatedVersion": null,
        "reviewId": "3c866317-a32f-46ad-a2b8-042ee7945891",
        "score": 5,
        "thumbsUpCount": 0,
        "userImage": "https://play-lh.googleusercontent.com/a-/ALV-UjVZhA8iTNtLCj7YHkMLFNRzvHRrR2Oei6aNJ420oGfvdA",
        "userName": "Khan Armaan"
    },
    {
        "appVersion": null,
        "at": "2023-10-20 04:42:22",
        "content": "Nice work sir ak",
        "repliedAt": null,
        "replyContent": null,
        "reviewCreatedVersion": null,
        "reviewId": "6a9ee197-f3dd-4b5e-9d43-cf74f3888b38",
        "score": 4,
        "thumbsUpCount": 0,
        "userImage": "https://play-lh.googleusercontent.com/a/ACg8ocKhB_dAnh2wSTDIKZY90o2dTBCcwRxItsk4h_hn7iNX=mo",
        "userName": "Awadh Tekam"
    },
    {
        "appVersion": "1.8",
        "at": "2023-10-19 13:26:23",
        "content": "Daily videos are the new daily paycheck in my life!!",
        "repliedAt": null,
        "replyContent": null,
        "reviewCreatedVersion": "1.8",
        "reviewId": "c8f0027e-b509-4f4f-ac49-7be90a394143",
        "score": 5,
        "thumbsUpCount": 1,
        "userImage": "https://play-lh.googleusercontent.com/a/ACg8ocLg8fqKEwgpuk6vNKgIVcCjHyk6OuHjRR1ZHp6bvD3i=mo",
        "userName": "Mayank Damyan"
    },
    {
        "appVersion": "1.8",
        "at": "2023-10-19 12:16:31",
        "content": "Get paid to watch videos? Now that's a daily treat!!",
        "repliedAt": null,
        "replyContent": null,
        "reviewCreatedVersion": "1.8",
        "reviewId": "83fcaf75-7abe-433d-8b5f-26660858ce44",
        "score": 5,
        "thumbsUpCount": 0,
        "userImage": "https://play-lh.googleusercontent.com/a-/ALV-UjU8ic2pWqEoQwJ9O6p8YxLzyN9NtLaElVU2XWrxyZh4Zw",
        "userName": "Zubair Siddiqui"
    },
    {
        "appVersion": "1.8",
        "at": "2023-10-19 12:15:13",
        "content": "Turn your daily breaks into daily bucks with this app!!",
        "repliedAt": null,
        "replyContent": null,
        "reviewCreatedVersion": "1.8",
        "reviewId": "7fa37003-b2f1-4c59-a53f-c8065326f1b9",
        "score": 5,
        "thumbsUpCount": 2,
        "userImage": "https://play-lh.googleusercontent.com/a/ACg8ocKpfIDp0FGqq_l79QjWLJoSDqGKgG14YSMo7UiNZvS3=mo",
        "userName": "Gopi Chand"
    },
    {
        "appVersion": "1.8",
        "at": "2023-10-19 12:14:51",
        "content": "Making money with each video view, day in and day out!!",
        "repliedAt": null,
        "replyContent": null,
        "reviewCreatedVersion": "1.8",
        "reviewId": "37998a83-6e2e-4c82-95cf-8985ffc3d3ef",
        "score": 5,
        "thumbsUpCount": 0,
        "userImage": "https://play-lh.googleusercontent.com/a/ACg8ocKnzlmWSOoAZLlde3n6AkLJqYzil521ITI5lm5rNibK=mo",
        "userName": "Umar Ahmed"
    },
    {
        "appVersion": "1.8",
        "at": "2023-10-19 12:09:15",
        "content": "Watching videos daily has never been so rewarding!!",
        "repliedAt": null,
        "replyContent": null,
        "reviewCreatedVersion": "1.8",
        "reviewId": "8a090304-8f1e-481e-90c9-ac3b2776e575",
        "score": 5,
        "thumbsUpCount": 0,
        "userImage": "https://play-lh.googleusercontent.com/a/ACg8ocLIfGm-CqfzCD9SRGTT9ScqVTNQ6JdLJ4lYnM4YHK2U=mo",
        "userName": "Aviraj Singh"
    },
    {
        "appVersion": "1.8",
        "at": "2023-10-19 12:08:27",
        "content": "Daily videos, daily earnings, daily satisfaction!!",
        "repliedAt": null,
        "replyContent": null,
        "reviewCreatedVersion": "1.8",
        "reviewId": "4b1f9305-e07a-4799-8fc5-9beb4df1e324",
        "score": 5,
        "thumbsUpCount": 0,
        "userImage": "https://play-lh.googleusercontent.com/a/ACg8ocI8FIQZ1J8JyZ2VtMiaYUlWl1Rm4K7lmyJyRpUlV1cg=mo",
        "userName": "Umair Siddiqui"
    },
    {
        "appVersion": "1.8",
        "at": "2023-10-19 12:07:09",
        "content": "My secret to daily financial growth? This app, no doubt!!",
        "repliedAt": null,
        "replyContent": null,
        "reviewCreatedVersion": "1.8",
        "reviewId": "e9066d32-f630-4c6b-9cd6-b37207417be8",
        "score": 5,
        "thumbsUpCount": 1,
        "userImage": "https://play-lh.googleusercontent.com/a-/ALV-UjWDQOJ5gcbA9RrKK1r0cgfSfUyj1dKiOAHIbCR1ueZvEwo",
        "userName": "Umair Siddiqui"
    },
    {
        "appVersion": "1.8",
        "at": "2023-10-19 12:04:42",
        "content": "This app adds a daily dose of dollars to my life!!",
        "repliedAt": null,
        "replyContent": null,
        "reviewCreatedVersion": "1.8",
        "reviewId": "de55dbdd-88f0-4332-ae7a-6a9f443e705c",
        "score": 5,
        "thumbsUpCount": 1,
        "userImage": "https://play-lh.googleusercontent.com/a/ACg8ocLsWJIoJ6Ov2trlYSscKfxzCjWSq55_N-CyUyAI_2S7=mo",
        "userName": "Uzair Siddiqui"
    },
    {
        "appVersion": null,
        "at": "2023-10-13 14:27:11",
        "content": "Ji m",
        "repliedAt": null,
        "replyContent": null,
        "reviewCreatedVersion": null,
        "reviewId": "e5ca9733-7d53-4ada-8d96-1791cd9f9f5d",
        "score": 3,
        "thumbsUpCount": 1,
        "userImage": "https://play-lh.googleusercontent.com/a-/ALV-UjWrYkCjZLiNkbf5iFwxgyOHmszS5A67gJOZosqE8EZe9mI",
        "userName": "santosh kumar sahu"
    },
    {
        "appVersion": "1.6",
        "at": "2023-10-13 04:58:45",
        "content": "Super",
        "repliedAt": null,
        "replyContent": null,
        "reviewCreatedVersion": "1.6",
        "reviewId": "fdfeb8e8-fd4f-4d72-bf89-6eafed5a728a",
        "score": 4,
        "thumbsUpCount": 0,
        "userImage": "https://play-lh.googleusercontent.com/a/ACg8ocIFXyX3mXwdfKnudpmoi3rKe0LoRJI2CaCBXWoBU0Ug=mo",
        "userName": "sathish selvam"
    },
    {
        "appVersion": "1.4",
        "at": "2023-10-10 06:01:18",
        "content": "Very bad app always failed to tag location",
        "repliedAt": null,
        "replyContent": null,
        "reviewCreatedVersion": "1.4",
        "reviewId": "96221df7-bc72-43c7-a592-0e7c4fc9a2c4",
        "score": 1,
        "thumbsUpCount": 2,
        "userImage": "https://play-lh.googleusercontent.com/a-/ALV-UjVze-36cabhmsX7VRyQwuWZ1fbaw5nUwg2BILMdRLGHuw",
        "userName": "Ups Chandan"
    },
    {
        "appVersion": "1.4",
        "at": "2023-10-01 05:38:48",
        "content": "Good",
        "repliedAt": null,
        "replyContent": null,
        "reviewCreatedVersion": "1.4",
        "reviewId": "7e6118b9-13ab-4e87-a555-4546f2192a0d",
        "score": 5,
        "thumbsUpCount": 1,
        "userImage": "https://play-lh.googleusercontent.com/a/ACg8ocK9Xds-rOW8B66yqB_WLELhmDrV4cFDzHFVfWf52iFmdw=mo",
        "userName": "Rahul Ruhela"
    },
    {
        "appVersion": "1.6",
        "at": "2023-09-27 12:40:42",
        "content": "Ok",
        "repliedAt": null,
        "replyContent": null,
        "reviewCreatedVersion": "1.6",
        "reviewId": "d1cbe7d0-8d29-4ac5-aaa1-409e59336d4f",
        "score": 4,
        "thumbsUpCount": 1,
        "userImage": "https://play-lh.googleusercontent.com/a-/ALV-UjU0LNwsEirxr2uuhx8pklbqJ82hBGeoQiI9pIMtoAL3R6Y",
        "userName": "Goutam Banerjee"
    },
    {
        "appVersion": null,
        "at": "2023-09-26 01:38:08",
        "content": "Good App",
        "repliedAt": null,
        "replyContent": null,
        "reviewCreatedVersion": null,
        "reviewId": "ea947d75-f2e9-49e0-a138-5c7b752077ce",
        "score": 5,
        "thumbsUpCount": 0,
        "userImage": "https://play-lh.googleusercontent.com/a-/ALV-UjXlrBoQfjfYw5hfldvvb5bMmyCpu-MKx0c6RfXIQ5v7HQ",
        "userName": "Roald Van Leersum"
    },
    {
        "appVersion": "1.4",
        "at": "2023-09-15 02:57:29",
        "content": "Very nice",
        "repliedAt": null,
        "replyContent": null,
        "reviewCreatedVersion": "1.4",
        "reviewId": "cff91837-bda9-4841-8cba-7758298438a4",
        "score": 5,
        "thumbsUpCount": 3,
        "userImage": "https://play-lh.googleusercontent.com/a-/ALV-UjUiv-8wdNtDyai1t3lCmuglFForZ29A73qaXYN4H44uRQ",
        "userName": "Pathan Sir Computer faculty"
    },
    {
        "appVersion": "1.4",
        "at": "2023-09-08 18:24:09",
        "content": "Every time it takes a picture, it makes sound compared to system camera. No option to turn off, and also can't include extra details like custom text on taken pictures (ie: author)",
        "repliedAt": null,
        "replyContent": null,
        "reviewCreatedVersion": "1.4",
        "reviewId": "092ee29b-ea63-4f50-b48b-d7966b7072a7",
        "score": 3,
        "thumbsUpCount": 41,
        "userImage": "https://play-lh.googleusercontent.com/a-/ALV-UjXX7yzUqjICTS-NKCIat5t49GNWyvaP_3l_50zcOOYfmRQ",
        "userName": "Jn Systems (JnSystems)"
    },
    {
        "appVersion": "1.4",
        "at": "2023-09-01 06:33:02",
        "content": "Ok",
        "repliedAt": null,
        "replyContent": null,
        "reviewCreatedVersion": "1.4",
        "reviewId": "bc836577-a175-4d54-bb2f-b79873cce072",
        "score": 4,
        "thumbsUpCount": 4,
        "userImage": "https://play-lh.googleusercontent.com/a/ACg8ocLwpbJusA_qE4IhkLW924JhOaTMc5IgUaMufI_4WXnH=mo",
        "userName": "Agus Agus"
    },
    {
        "appVersion": "1.4",
        "at": "2023-08-25 02:37:19",
        "content": "Perfectly \ud83d\udc4d",
        "repliedAt": null,
        "replyContent": null,
        "reviewCreatedVersion": "1.4",
        "reviewId": "8ec878a4-46bb-418d-b2e2-5e5ede864baa",
        "score": 5,
        "thumbsUpCount": 1,
        "userImage": "https://play-lh.googleusercontent.com/a/ACg8ocKYeiJbPdJsiCIzsf6kyHIg8q58zPk4COvaXYnysAW-=mo",
        "userName": "Bhumika Patel"
    },
    {
        "appVersion": "1.4",
        "at": "2023-08-24 00:55:25",
        "content": "Great experience, free tool without ads, liked it\ud83e\udd73",
        "repliedAt": null,
        "replyContent": null,
        "reviewCreatedVersion": "1.4",
        "reviewId": "658b9c3c-eee5-4293-afb0-433abc7bf0af",
        "score": 5,
        "thumbsUpCount": 25,
        "userImage": "https://play-lh.googleusercontent.com/a/ACg8ocKrTPo3UB4y4LFard1ZpXkbg0m4Hiso1t4_BbXXLY50=mo",
        "userName": "Sumita Viradiya"
    },
    {
        "appVersion": null,
        "at": "2023-08-21 06:27:45",
        "content": "Awadh",
        "repliedAt": null,
        "replyContent": null,
        "reviewCreatedVersion": null,
        "reviewId": "24ede0d7-50bb-4b33-9c1e-788be15b9c4f",
        "score": 2,
        "thumbsUpCount": 1,
        "userImage": "https://play-lh.googleusercontent.com/a/ACg8ocJt-JshiR_H6y1Axajn9M4ww3URhNgFHp8hv0BIEp9A=mo",
        "userName": "AWADHKISHOR TEKAM"
    },
    {
        "appVersion": "1.3",
        "at": "2023-08-12 07:10:21",
        "content": "Good",
        "repliedAt": null,
        "replyContent": null,
        "reviewCreatedVersion": "1.3",
        "reviewId": "418d812b-10af-4ece-8442-c37bc43dd11a",
        "score": 5,
        "thumbsUpCount": 3,
        "userImage": "https://play-lh.googleusercontent.com/a-/ALV-UjULiUuhzIdyAxLLBe1tGlj1nOm-q6isQULgtKnFb2_hLg",
        "userName": "Didik Maulana"
    },
    {
        "appVersion": "1.3",
        "at": "2023-08-09 02:55:22",
        "content": "Very useful app. Basic features and good design.",
        "repliedAt": null,
        "replyContent": null,
        "reviewCreatedVersion": "1.3",
        "reviewId": "ddae8f88-83bc-46e5-9a8c-5fd18998caef",
        "score": 5,
        "thumbsUpCount": 20,
        "userImage": "https://play-lh.googleusercontent.com/a-/ALV-UjXxs0jd4bqud4twdPW62_0NLW1f0Y23Hs7v2y-t0EgOGPk",
        "userName": "Abdul Sattar"
    },
    {
        "appVersion": "1.2",
        "at": "2023-08-05 07:25:47",
        "content": "Mabilis sya di kamuka ng isang n download puro ads highly recommended",
        "repliedAt": null,
        "replyContent": null,
        "reviewCreatedVersion": "1.2",
        "reviewId": "cd9dbd25-6a88-4808-8ef9-8151a12f05a3",
        "score": 5,
        "thumbsUpCount": 2,
        "userImage": "https://play-lh.googleusercontent.com/a-/ALV-UjWFaERiza-qPdJfkhSKwT3_ObBl-Lq5P96o8_xWPhni4oM",
        "userName": "Richard Altoveros"
    },
    {
        "appVersion": "1.2",
        "at": "2023-07-25 10:26:56",
        "content": "Can send only one photo at a time.. No option for multiple photo sharing, photo not visible in gallery",
        "repliedAt": null,
        "replyContent": null,
        "reviewCreatedVersion": "1.2",
        "reviewId": "e06c8d7e-c1ee-4f75-82f5-951a748c2d58",
        "score": 3,
        "thumbsUpCount": 26,
        "userImage": "https://play-lh.googleusercontent.com/a-/ALV-UjWJK05WQG3vKHjUtnAH6DV1jbHL5xIBW5O6W-pvQgT8xQ",
        "userName": "Ravi Patel"
    },
    {
        "appVersion": "1.2",
        "at": "2023-07-22 11:24:49",
        "content": "Working good",
        "repliedAt": null,
        "replyContent": null,
        "reviewCreatedVersion": "1.2",
        "reviewId": "2cf0c3c4-6190-479d-b9c1-434200cbf770",
        "score": 5,
        "thumbsUpCount": 3,
        "userImage": "https://play-lh.googleusercontent.com/a-/ALV-UjWyNPzQRoZ6LVh84q6Mwi33MWaHZM9ZrsuDZ9guWNr5gA",
        "userName": "Prajesh Patel"
    },
    {
        "appVersion": "1.2",
        "at": "2023-07-18 07:14:15",
        "content": "Clean and no ads, thank you",
        "repliedAt": null,
        "replyContent": null,
        "reviewCreatedVersion": "1.2",
        "reviewId": "1eec4b6d-a19e-4f3d-a3fd-ec5817e287f0",
        "score": 5,
        "thumbsUpCount": 3,
        "userImage": "https://play-lh.googleusercontent.com/a/ACg8ocLNdM8sYDnbK3gAEHe4Wz3qtJg-HFq-2mqgxbPVGxfV=mo",
        "userName": "kapil viradiya"
    }
]