[
    {
        "appVersion": null,
        "at": "2022-11-28 01:38:42",
        "content": "This game is trach\ud83d\ude08",
        "repliedAt": null,
        "replyContent": null,
        "reviewCreatedVersion": null,
        "reviewId": "4a03e603-8b65-470e-900a-7a630c3bbef3",
        "score": 1,
        "thumbsUpCount": 0,
        "userImage": "https://play-lh.googleusercontent.com/a/ACg8ocISkmyD98wS1PQIWkUWkgD_yRAhZWPqcNXsr-MpeLgn=mo",
        "userName": "Nqobile Tsweu"
    }
]