[
    {
        "appVersion": "1.3.4",
        "at": "2023-09-10 08:18:23",
        "content": "learn how to shape",
        "repliedAt": "2023-09-18 19:57:23",
        "replyContent": "Thanks for the 5 star rating. Hope you continue to use our app. If you have any feedback or suggestions, please write to us at vorevo.apps@gmail.com. We would love to hear from you!",
        "reviewCreatedVersion": "1.3.4",
        "reviewId": "22e06bce-a705-443d-90a4-aef25989967c",
        "score": 5,
        "thumbsUpCount": 0,
        "userImage": "https://play-lh.googleusercontent.com/a/ACg8ocJ-SAuv5fyuciIhgAC7yqh2cU1GUSKD1qNsLuZEQYZY=mo",
        "userName": "Justine Nangira"
    }
]