[
    {
        "appVersion": "1.7",
        "at": "2022-10-11 21:27:22",
        "content": "Not bad still learning",
        "repliedAt": null,
        "replyContent": null,
        "reviewCreatedVersion": "1.7",
        "reviewId": "6b7780e4-8f97-4682-8b2c-a72ab3b037c3",
        "score": 3,
        "thumbsUpCount": 0,
        "userImage": "https://play-lh.googleusercontent.com/a/ACg8ocI6cy2d8MNDNzfVtpd17JfYEYP91M5ecisAX9Q0d8HU=mo",
        "userName": "June O."
    },
    {
        "appVersion": "1.6",
        "at": "2018-11-13 02:51:10",
        "content": "Color's!.",
        "repliedAt": null,
        "replyContent": null,
        "reviewCreatedVersion": "1.6",
        "reviewId": "1fd2b2a6-e0c8-46ec-bd6d-01967e2642e6",
        "score": 5,
        "thumbsUpCount": 4,
        "userImage": "https://play-lh.googleusercontent.com/EGemoI2NTXmTsBVtJqk8jxF9rh8ApRWfsIMQSt2uE4OcpQqbFu7f7NbTK05lx80nuSijCz7sc3a277R67g",
        "userName": "A Google user"
    }
]