[
    {
        "appVersion": null,
        "at": "2023-09-05 13:12:19",
        "content": "Nigerian Banks this application is very awesome and very best app\ud83d\udc4d",
        "repliedAt": null,
        "replyContent": null,
        "reviewCreatedVersion": null,
        "reviewId": "0843f5c5-d9c2-4043-a02b-3fe6a3c9832f",
        "score": 5,
        "thumbsUpCount": 0,
        "userImage": "https://play-lh.googleusercontent.com/a/ACg8ocJyFdwh7bIbEC4eREITVsnDFlAzyTRKxqPjgMp9Vzwy=mo",
        "userName": "Saadii boss"
    },
    {
        "appVersion": null,
        "at": "2023-09-05 12:56:21",
        "content": "This is an amazing and very well working application \ud83d\udc4d",
        "repliedAt": null,
        "replyContent": null,
        "reviewCreatedVersion": null,
        "reviewId": "b01c2f60-2976-4b91-8ce2-8df889985513",
        "score": 5,
        "thumbsUpCount": 0,
        "userImage": "https://play-lh.googleusercontent.com/a/ACg8ocJB4e2NEjWCz77Ls2NrjzqH6DxyO1SvhBVHQFDuku-l=mo",
        "userName": "Goshant Msk"
    },
    {
        "appVersion": null,
        "at": "2023-09-05 07:29:12",
        "content": "This is a very beautiful and very wonderful app.\ud83d\udc4d",
        "repliedAt": null,
        "replyContent": null,
        "reviewCreatedVersion": null,
        "reviewId": "f361ddd1-7c66-485c-9b4b-3528dba3a396",
        "score": 5,
        "thumbsUpCount": 0,
        "userImage": "https://play-lh.googleusercontent.com/a/ACg8ocKHiyw8mxf33OjGp7vxZnlLSoiLAsBoBTvI9roS1AfO=mo",
        "userName": "Mr danial vm"
    },
    {
        "appVersion": null,
        "at": "2023-09-05 07:21:56",
        "content": "All the best app must be download it \ud83d\udc4d",
        "repliedAt": null,
        "replyContent": null,
        "reviewCreatedVersion": null,
        "reviewId": "ee014625-803e-4fe2-9407-626e607dbc2b",
        "score": 5,
        "thumbsUpCount": 0,
        "userImage": "https://play-lh.googleusercontent.com/a-/ALV-UjV_-nUuQJjdoUJ-qdz_A9dgu29mkv87i6NhjLx0d-viXA",
        "userName": "Zaheer Fruiti"
    },
    {
        "appVersion": null,
        "at": "2023-09-05 03:48:18",
        "content": "This application is very working and so beautiful application@@",
        "repliedAt": null,
        "replyContent": null,
        "reviewCreatedVersion": null,
        "reviewId": "932d88de-121d-46f2-94d3-2a44852042b6",
        "score": 5,
        "thumbsUpCount": 0,
        "userImage": "https://play-lh.googleusercontent.com/a/ACg8ocKI6HQQYdv8RQNqLTuA61w-s_0AshQsFZY_4GnPRmQg=mo",
        "userName": "Sana by King"
    },
    {
        "appVersion": null,
        "at": "2023-09-05 01:13:46",
        "content": "Very interesting and amazing app$$",
        "repliedAt": null,
        "replyContent": null,
        "reviewCreatedVersion": null,
        "reviewId": "d77eedce-4d86-4238-b075-6004a9d9ba75",
        "score": 5,
        "thumbsUpCount": 0,
        "userImage": "https://play-lh.googleusercontent.com/a-/ALV-UjXQN6ZtZ7gGg-lFCPZbY1dTa4OKG5plT0t-b7V46WS38A",
        "userName": "Babu Zeni"
    },
    {
        "appVersion": null,
        "at": "2023-09-05 00:41:54",
        "content": "Nagerian banks and ussd codes are used this app very well \ud83d\udc4d",
        "repliedAt": null,
        "replyContent": null,
        "reviewCreatedVersion": null,
        "reviewId": "7e186863-75b0-4c5c-bf18-0f68b42dd914",
        "score": 5,
        "thumbsUpCount": 1,
        "userImage": "https://play-lh.googleusercontent.com/a/ACg8ocLrcr4eXQ6eK1UmrATi3SgCltbk8QN3ir-bqj67kXM=mo",
        "userName": "Zulakha Zafar Zi"
    },
    {
        "appVersion": null,
        "at": "2023-09-04 12:59:42",
        "content": "Nigerian Banks & USSD Codes this application is very best and very nice app\ud83d\udc4d",
        "repliedAt": null,
        "replyContent": null,
        "reviewCreatedVersion": null,
        "reviewId": "e34bede8-839b-471e-a94e-8609b2652d30",
        "score": 5,
        "thumbsUpCount": 0,
        "userImage": "https://play-lh.googleusercontent.com/a/ACg8ocIgTjLjGm4ZzSkTDJ9N2aw_xzddQ9_cPqEtm0g7vpnc=mo",
        "userName": "Eshan Boss"
    },
    {
        "appVersion": null,
        "at": "2023-09-04 08:19:05",
        "content": "i like it very much very@@",
        "repliedAt": null,
        "replyContent": null,
        "reviewCreatedVersion": null,
        "reviewId": "404c42ad-cd05-4524-9f39-28a5f7a77358",
        "score": 5,
        "thumbsUpCount": 1,
        "userImage": "https://play-lh.googleusercontent.com/a/ACg8ocKWfa_y_da88DhBzBbSmw4kO0gcd0MABRCTiDJoPoij=mo",
        "userName": "cash deposit win"
    },
    {
        "appVersion": null,
        "at": "2023-08-31 11:33:47",
        "content": "Nigerian bank codes is a very useful app &&",
        "repliedAt": null,
        "replyContent": null,
        "reviewCreatedVersion": null,
        "reviewId": "666a6ae6-c251-4d33-add4-9f6e00786075",
        "score": 5,
        "thumbsUpCount": 0,
        "userImage": "https://play-lh.googleusercontent.com/a/ACg8ocJkIVVvOQvVMcltC_a8lE9V_vovfp_YNHg10l7hda1vhw=mo",
        "userName": "Hassan HT1"
    },
    {
        "appVersion": null,
        "at": "2023-08-30 02:26:05",
        "content": "Nigerian Banks & USSD Codes A unique application$$",
        "repliedAt": null,
        "replyContent": null,
        "reviewCreatedVersion": null,
        "reviewId": "6dd886a9-58e5-4e66-9a6a-6071cff1dc8c",
        "score": 5,
        "thumbsUpCount": 0,
        "userImage": "https://play-lh.googleusercontent.com/a/ACg8ocL-BPsKbglf4p1yyCQ_bu9-zRS9Hw68eJmGOr8RFsME=mo",
        "userName": "Asdif Zr"
    },
    {
        "appVersion": null,
        "at": "2023-08-26 08:09:40",
        "content": "Very nice and very useful application working application@@",
        "repliedAt": null,
        "replyContent": null,
        "reviewCreatedVersion": null,
        "reviewId": "85facf82-cd3b-42ed-906e-ea2e0c80493a",
        "score": 5,
        "thumbsUpCount": 0,
        "userImage": "https://play-lh.googleusercontent.com/a/ACg8ocJdr0mv9VTytlocjwFszPkjlS-1qGxcXQY-qHdVy5o=mo",
        "userName": "Holdar By king"
    },
    {
        "appVersion": null,
        "at": "2023-08-25 04:35:42",
        "content": "This bank app is good and useful application I like this application very much\ud83d\udc4d",
        "repliedAt": null,
        "replyContent": null,
        "reviewCreatedVersion": null,
        "reviewId": "447e37ea-2099-4837-b3f1-d540afdbec23",
        "score": 5,
        "thumbsUpCount": 1,
        "userImage": "https://play-lh.googleusercontent.com/a/ACg8ocKe_Tw25bWuokFpkhutHrFCE3-wdI6arDjv5PefBpYa=mo",
        "userName": "Maxwell cent"
    },
    {
        "appVersion": null,
        "at": "2023-08-21 02:02:16",
        "content": "Nigerian Banks &USSD app is very nice and unique application.i really like it very much &&",
        "repliedAt": null,
        "replyContent": null,
        "reviewCreatedVersion": null,
        "reviewId": "3e4a2fbc-1cd1-427d-be99-777db127d3ea",
        "score": 5,
        "thumbsUpCount": 1,
        "userImage": "https://play-lh.googleusercontent.com/a-/ALV-UjWw68ygVfPsPvJIV4330PL8kr_B52m69SckBhBfwZWuRA",
        "userName": "Habiba Naeem"
    },
    {
        "appVersion": "1.0",
        "at": "2023-04-04 22:08:01",
        "content": "Jesus Christ control me",
        "repliedAt": null,
        "replyContent": null,
        "reviewCreatedVersion": "1.0",
        "reviewId": "759438cb-4aae-4b1b-b92d-026c755f8fec",
        "score": 5,
        "thumbsUpCount": 0,
        "userImage": "https://play-lh.googleusercontent.com/a-/ALV-UjXVgWazsjh6slXV6aKii2rECXrEL_eoDcoElCuvGlN51KQ",
        "userName": "Talkwell Tariladei Jacob"
    }
]