[
    {
        "appVersion": null,
        "at": "2023-11-19 12:58:13",
        "content": "Bakwas",
        "repliedAt": null,
        "replyContent": null,
        "reviewCreatedVersion": null,
        "reviewId": "c923359f-10c6-4f5a-aa5f-78b3183fb6f2",
        "score": 1,
        "thumbsUpCount": 0,
        "userImage": "https://play-lh.googleusercontent.com/a/ACg8ocJbzTziB2TRKVF6JzVFBfzP67dsQ9HI4pnsRlEc-hJ5=mo",
        "userName": "Swastik Sharma"
    },
    {
        "appVersion": "1.9",
        "at": "2023-11-12 05:33:45",
        "content": "Wander",
        "repliedAt": null,
        "replyContent": null,
        "reviewCreatedVersion": "1.9",
        "reviewId": "f5d01e56-a3e8-469d-b5a0-c53da45db8dc",
        "score": 5,
        "thumbsUpCount": 0,
        "userImage": "https://play-lh.googleusercontent.com/a-/ALV-UjVmKiS02vykzH9GywSU-2xYRXSYiEEo1wrmSNyg9qoRsw",
        "userName": "R.H. Tawsif"
    },
    {
        "appVersion": null,
        "at": "2023-11-02 13:02:12",
        "content": "Very nice \ud83d\udc4d App",
        "repliedAt": null,
        "replyContent": null,
        "reviewCreatedVersion": null,
        "reviewId": "0daf4aef-5975-4602-b125-1acd6677e4d3",
        "score": 5,
        "thumbsUpCount": 0,
        "userImage": "https://play-lh.googleusercontent.com/a/ACg8ocLGvMW42UvMxZULMFjdSBu3LCU1iJx2CtYu_7BgCnqq=mo",
        "userName": "ADEEL 408 Hun"
    },
    {
        "appVersion": null,
        "at": "2023-10-04 13:10:46",
        "content": "Super",
        "repliedAt": null,
        "replyContent": null,
        "reviewCreatedVersion": null,
        "reviewId": "74bab514-fc3b-4ace-a051-69296e058cc9",
        "score": 5,
        "thumbsUpCount": 2,
        "userImage": "https://play-lh.googleusercontent.com/a/ACg8ocJLKEDvS10Ldv2TcVlWY3uzLEs8Gn_ldrjmg5WsFveK=mo",
        "userName": "Narendhiran"
    },
    {
        "appVersion": null,
        "at": "2023-10-02 22:30:08",
        "content": "ayyan",
        "repliedAt": null,
        "replyContent": null,
        "reviewCreatedVersion": null,
        "reviewId": "91b8cc0d-c5aa-42f9-85c2-c9a4058dc868",
        "score": 1,
        "thumbsUpCount": 0,
        "userImage": "https://play-lh.googleusercontent.com/a/ACg8ocJIZTAzXw2WFqIKVddsk2aUgxEc1tVZDd_KhBmJoFx-=mo",
        "userName": "Pusha Je"
    },
    {
        "appVersion": null,
        "at": "2023-09-15 05:17:28",
        "content": "This app is very good \ud83d\udc4d is working you place download",
        "repliedAt": null,
        "replyContent": null,
        "reviewCreatedVersion": null,
        "reviewId": "e9ac4836-970a-49e2-83d8-52e48f036cf8",
        "score": 5,
        "thumbsUpCount": 18,
        "userImage": "https://play-lh.googleusercontent.com/a/ACg8ocIb4G-LMhJkc-AWKF6hdT5UYHkJAH25rEimljmV9c62=mo",
        "userName": "Sangalsingh Murmu"
    },
    {
        "appVersion": null,
        "at": "2023-09-13 01:34:32",
        "content": "Fake",
        "repliedAt": null,
        "replyContent": null,
        "reviewCreatedVersion": null,
        "reviewId": "42f47ab7-0712-4373-b9b4-5a9eacca8e4c",
        "score": 1,
        "thumbsUpCount": 1,
        "userImage": "https://play-lh.googleusercontent.com/a-/ALV-UjVIs85o5GAA_SaBF6HEWONd9Yx9q1H_eV7ZaqIYy0n3wgY",
        "userName": "Manoj Shrivastav"
    },
    {
        "appVersion": "1.5",
        "at": "2023-09-13 00:35:34",
        "content": "It was nice game I ever see in my life",
        "repliedAt": null,
        "replyContent": null,
        "reviewCreatedVersion": "1.5",
        "reviewId": "365afafa-48db-4a41-ad52-1aab82cee38e",
        "score": 5,
        "thumbsUpCount": 19,
        "userImage": "https://play-lh.googleusercontent.com/a/ACg8ocKe1YGFPZhbmN9cDY83Kt0ggTDEh4BlcdPPp67ttyza=mo",
        "userName": "Akash Akash"
    },
    {
        "appVersion": null,
        "at": "2023-09-08 07:04:40",
        "content": "nice",
        "repliedAt": null,
        "replyContent": null,
        "reviewCreatedVersion": null,
        "reviewId": "8c42b7ba-05a1-4d76-9afa-f5582d587fbe",
        "score": 3,
        "thumbsUpCount": 1,
        "userImage": "https://play-lh.googleusercontent.com/a/ACg8ocJnAX8haEvlc2URdvTVLdOG3CkAWzLJ1thfs4QQQzK_=mo",
        "userName": "Kamrul Kamrul"
    },
    {
        "appVersion": null,
        "at": "2023-09-05 10:57:30",
        "content": "Do not install dis not work",
        "repliedAt": null,
        "replyContent": null,
        "reviewCreatedVersion": null,
        "reviewId": "b9bfb76f-93c0-42fa-8819-3176aa06a82d",
        "score": 1,
        "thumbsUpCount": 35,
        "userImage": "https://play-lh.googleusercontent.com/a/ACg8ocIEtzgyDDjqwXGzBLZJtivh38mt0qN1L3EsZGp9LT8u=mo",
        "userName": "Syed Abdul Sami"
    },
    {
        "appVersion": "1.3",
        "at": "2023-09-01 00:35:56",
        "content": "Awesome game",
        "repliedAt": null,
        "replyContent": null,
        "reviewCreatedVersion": "1.3",
        "reviewId": "76721665-6ee2-477b-9b0f-1663d14f525b",
        "score": 5,
        "thumbsUpCount": 12,
        "userImage": "https://play-lh.googleusercontent.com/a/ACg8ocL9MWxNQH2s6PGEEtSCXYetTPJnvh7fLD0i8SQS51eZ=mo",
        "userName": "Milan Kanani"
    },
    {
        "appVersion": "1.2",
        "at": "2023-08-31 10:05:22",
        "content": "\ud83d\udc4c\ud83d\udc4c\ud83e\udd11",
        "repliedAt": null,
        "replyContent": null,
        "reviewCreatedVersion": "1.2",
        "reviewId": "f1d9f3a3-184d-430f-b1cc-bde86c8ade08",
        "score": 3,
        "thumbsUpCount": 14,
        "userImage": "https://play-lh.googleusercontent.com/a/ACg8ocItElIXak9j4U1HTeuiw-Fs26PLVg-L8VGWq3DsBGAS=mo",
        "userName": "Ayan Khan"
    },
    {
        "appVersion": null,
        "at": "2023-08-30 07:53:55",
        "content": "Working but my second phone is not working",
        "repliedAt": null,
        "replyContent": null,
        "reviewCreatedVersion": null,
        "reviewId": "18c454e2-71c6-497a-ba91-9f5250bded19",
        "score": 5,
        "thumbsUpCount": 0,
        "userImage": "https://play-lh.googleusercontent.com/a/ACg8ocKHHj5mdSBHm6OURR4DG6K63SK8W1IgQsoaVMBzTCw=mo",
        "userName": "Parstish"
    }
]