[
    {
        "appVersion": "1.0.0",
        "at": "2023-10-13 21:20:07",
        "content": "This app has a cool concept, with both a chat bot and a art generator, but it's really limited. You only get a few hundred words from the chat bot, which runs out really quickly, and you only get 3 images. Also, it's just not asteticaly pleasing.",
        "repliedAt": null,
        "replyContent": null,
        "reviewCreatedVersion": "1.0.0",
        "reviewId": "ca22c372-333e-43dd-bd30-4e6a8ac111ca",
        "score": 2,
        "thumbsUpCount": 1,
        "userImage": "https://play-lh.googleusercontent.com/a-/ALV-UjVMj8tL-dnSFChcteRFrXgnyXfKKclT77qAXUxTwpYxWmM",
        "userName": "Jonathon Tea"
    },
    {
        "appVersion": "1.0.0",
        "at": "2023-08-14 23:53:27",
        "content": "I give it a two just because it shows potential. The added image generator will be nice to help illustrate your writing. However I asked it to critique a poem I wrote and couldn't get an answer out of it because they only allow you barely any words a month for free. Not enough to show you it's capabilities and make you want to open your wallet.",
        "repliedAt": null,
        "replyContent": null,
        "reviewCreatedVersion": "1.0.0",
        "reviewId": "fa14540a-4056-4c7e-b092-eecaab09c6d4",
        "score": 2,
        "thumbsUpCount": 0,
        "userImage": "https://play-lh.googleusercontent.com/a-/ALV-UjWQFgGAzP4wsFmGaomMI8lHyLGfS2s62RhmIQXuLLyTVJA",
        "userName": "Howard Gilks"
    },
    {
        "appVersion": null,
        "at": "2023-08-13 17:29:17",
        "content": "Deceptive to an extent when you download this app it doesnt give you the knowledge that you are only allowed to have so many documents wrote etc you can have a max of 4 documents wrote by AI I believe you should be told at the time of download that you are able to have 4 documents wrote by AI unless you purchase pro because if not people are going to be just as confused as I was when it kept taking me to the purchase pro page and not allowing my document to be wrote no matter how much I tried",
        "repliedAt": null,
        "replyContent": null,
        "reviewCreatedVersion": null,
        "reviewId": "b04aa1db-f450-43e0-8f0e-d788e4db8928",
        "score": 3,
        "thumbsUpCount": 1,
        "userImage": "https://play-lh.googleusercontent.com/a-/ALV-UjVKHEzSkNBVwuwHqQZBqcYxxEx4jowaDoOZvG1mV6cMpN8",
        "userName": "Katherine Frederick"
    },
    {
        "appVersion": "1.0.0",
        "at": "2023-07-15 21:18:26",
        "content": "I'll use it if I don't have to sign in. Don't want to share my information.",
        "repliedAt": null,
        "replyContent": null,
        "reviewCreatedVersion": "1.0.0",
        "reviewId": "9aec608f-55d1-44a2-b6ef-e2857a2ccd58",
        "score": 4,
        "thumbsUpCount": 0,
        "userImage": "https://play-lh.googleusercontent.com/a/ACg8ocIf8lhTkkT2bUSum84dCIqEpuxymfvVLS8-AnD6RTlNNw=mo",
        "userName": "Cerol E"
    },
    {
        "appVersion": "1.0.0",
        "at": "2023-06-17 17:20:20",
        "content": "AI is Amazing \ud83d\udc7d",
        "repliedAt": null,
        "replyContent": null,
        "reviewCreatedVersion": "1.0.0",
        "reviewId": "75dd2e04-317d-465e-8677-c8d8b4ba9bd9",
        "score": 5,
        "thumbsUpCount": 0,
        "userImage": "https://play-lh.googleusercontent.com/a/ACg8ocKBPztLxVft2qtSpnLww6bSwDwY73t-d9r0gLONOo8y=mo",
        "userName": "Magatikele Romeo Morema"
    },
    {
        "appVersion": null,
        "at": "2023-06-03 13:34:30",
        "content": "Too limited. Not A.I.",
        "repliedAt": "2023-06-03 13:38:14",
        "replyContent": "Thank you for Installing more ai Please Contact us through our app and mention your issues",
        "reviewCreatedVersion": null,
        "reviewId": "4d6857d6-21e4-4541-9ab6-ec5783f7b14b",
        "score": 1,
        "thumbsUpCount": 0,
        "userImage": "https://play-lh.googleusercontent.com/a/ACg8ocIcDGopufSfRFKD04PFnP6ZFTmfFVc3pCtyMtVce9Cw=mo",
        "userName": "F Byers"
    }
]