[
    {
        "appVersion": "1.0.4",
        "at": "2023-04-29 13:21:18",
        "content": "Didn't work",
        "repliedAt": null,
        "replyContent": null,
        "reviewCreatedVersion": "1.0.4",
        "reviewId": "fb53ce40-1e9a-4a08-9312-b504b86b42a5",
        "score": 1,
        "thumbsUpCount": 1,
        "userImage": "https://play-lh.googleusercontent.com/a-/ALV-UjUp2N7fC0Nkh6ujIAjm_ar2BWt1y8OTw_U82ijhbN-jxQ",
        "userName": "Holly Pahdocony"
    },
    {
        "appVersion": null,
        "at": "2023-04-26 23:14:32",
        "content": "Redmi 5a",
        "repliedAt": null,
        "replyContent": null,
        "reviewCreatedVersion": null,
        "reviewId": "41c61a13-48a2-4c28-8449-a239b89d97a8",
        "score": 4,
        "thumbsUpCount": 1,
        "userImage": "https://play-lh.googleusercontent.com/a/ACg8ocLXUh2ecCGcx1vRCo5d0IQD-tAdtcTuXTwauiDVwkiH=mo",
        "userName": "Shivnarayanmanjhi Shivnarayan"
    }
]