[
    {
        "appVersion": "1.7",
        "at": "2023-11-07 06:39:30",
        "content": "Good luck",
        "repliedAt": null,
        "replyContent": null,
        "reviewCreatedVersion": "1.7",
        "reviewId": "1c39161d-7e39-4b0a-88ff-788410e426cc",
        "score": 5,
        "thumbsUpCount": 0,
        "userImage": "https://play-lh.googleusercontent.com/a/ACg8ocKHZz_mWftfZsaTbeWFQlLKhMCQxXwJwNkIArO5v1rO=mo",
        "userName": "ramadhan mahmud"
    },
    {
        "appVersion": null,
        "at": "2023-07-23 04:19:03",
        "content": "Good intact.",
        "repliedAt": null,
        "replyContent": null,
        "reviewCreatedVersion": null,
        "reviewId": "ea1f6e93-5338-4167-890e-2b0194677d88",
        "score": 3,
        "thumbsUpCount": 0,
        "userImage": "https://play-lh.googleusercontent.com/a-/ALV-UjU7M4xRmegEPsnKdvjVJjgBipKvflWSMOEiXziEVbzVGfs",
        "userName": "Jaiwant Srivastava"
    },
    {
        "appVersion": null,
        "at": "2023-03-19 08:10:10",
        "content": "Nice",
        "repliedAt": null,
        "replyContent": null,
        "reviewCreatedVersion": null,
        "reviewId": "c97cc4af-1257-430e-89f1-2fe6d666f001",
        "score": 5,
        "thumbsUpCount": 0,
        "userImage": "https://play-lh.googleusercontent.com/a-/ALV-UjXD7JrW0lSJn2h-4Vd7-FfEpNWHhSEfpABoIPmKPtkxXuQ",
        "userName": "Birendar Kumar Gupta"
    },
    {
        "appVersion": null,
        "at": "2023-02-11 01:07:02",
        "content": "Bad app",
        "repliedAt": null,
        "replyContent": null,
        "reviewCreatedVersion": null,
        "reviewId": "c1f7e2b1-c432-40ad-95ae-acf849dad99c",
        "score": 1,
        "thumbsUpCount": 0,
        "userImage": "https://play-lh.googleusercontent.com/a-/ALV-UjVfY8A0HFbkXKXf86xmpJjGT84-OH2It6DAXxssg5fAuTg",
        "userName": "Sanjoy kumar Rabidas"
    },
    {
        "appVersion": null,
        "at": "2023-01-30 09:28:24",
        "content": "Location accuracy is pathetic, not showing the accurate location. While the other apps are showing the accurate location, but this app is failed. Even after purchasing the app, still i am getting annoying ads while using the this app. Most of the seetings are not retained when we start for the next time",
        "repliedAt": null,
        "replyContent": null,
        "reviewCreatedVersion": null,
        "reviewId": "4acbb062-77b0-49ac-bf7c-5aaa195352d2",
        "score": 1,
        "thumbsUpCount": 17,
        "userImage": "https://play-lh.googleusercontent.com/a-/ALV-UjWf6JF8Tkv97_Zb__NZaANYPwDYU3Jn5IJWfzTXnoy3mw",
        "userName": "Goka raju"
    },
    {
        "appVersion": null,
        "at": "2023-01-26 02:50:39",
        "content": "Good dp",
        "repliedAt": null,
        "replyContent": null,
        "reviewCreatedVersion": null,
        "reviewId": "ac3e3de6-d377-4d4e-948a-50b349e59023",
        "score": 5,
        "thumbsUpCount": 1,
        "userImage": "https://play-lh.googleusercontent.com/a-/ALV-UjXOsJM6Qw3Y7ivDFgm1h54rdcU3xTMiCUTtgbbiYeakaaKs",
        "userName": "Mazhar Joyia"
    },
    {
        "appVersion": null,
        "at": "2023-01-24 19:04:00",
        "content": "fake app",
        "repliedAt": null,
        "replyContent": null,
        "reviewCreatedVersion": null,
        "reviewId": "a55d3450-b101-47c6-a779-02b6e2b1ee4b",
        "score": 1,
        "thumbsUpCount": 0,
        "userImage": "https://play-lh.googleusercontent.com/a-/ALV-UjXGcpFkpMVq0YuojfdQGbfNBODSLyo_GeIelO2K4Q2LIBs",
        "userName": "Dim4e Pop"
    },
    {
        "appVersion": null,
        "at": "2023-01-13 13:52:56",
        "content": "GPS Map camera Stamp photo app is good application ....",
        "repliedAt": null,
        "replyContent": null,
        "reviewCreatedVersion": null,
        "reviewId": "d412d274-a626-4a5d-9e83-0701c11758fa",
        "score": 5,
        "thumbsUpCount": 20,
        "userImage": "https://play-lh.googleusercontent.com/a/ACg8ocLKWL1PitrMS0pk10TJkuGf9H3asA88NjO-aonIuBLd=mo",
        "userName": "Angelina 18mh"
    },
    {
        "appVersion": "1.0.3",
        "at": "2023-01-08 08:53:55",
        "content": "Okay \ud83c\udd97\ud83d\udc4d\ud83d\udc4d\ud83d\udc4d\ud83d\udc4d\ud83d\udc4d\ud83c\udd97 you can you are the right \ud83d\udc4d\ud83d\udc4d\ud83d\udc4d\u25b6\ufe0f\ud83d\udc4d\ud83d\udc4d video \ud83d\udcf7\ud83d\udcf8\ud83d\udcf7\ud83d\udcf8\ud83d\udcf7\ud83d\udcf8 call you back when the time and then the time and you are doing ok how was your day you can do it for you want to do it for you want it for the right \ud83d\udc4d you can do it I can send you the other side is it for me home \ud83c\udfe0 you can come get a home loan you are the best of the best mom the time I get a lot more do that I can do it or not \ud83d\udeab\ud83d\udeab\ud83d\udeab\ud83d\udeab\ud83d\udeab\ud83d\udeab\ud83d\udeab\ud83d\udeab\ud83d\udeab\ud83d\udeab\ud83d\udeab\ud83d\udeab\ud83d\udead\ud83d\udead\ud83d\udead\ud83d\udeab\ud83d\udeab\ud83d\udead\ud83d\udeab\ud83d\udead\ud83d\udead\ud83d\udead\ud83d\udead\ud83d\udead\ud83d\udead?\ud83d\udead\ud83d\udead\ud83d\udead\ud83d\udead\ud83d\udead\ud83d\udead\ud83d\udead\ud83d\udead\ud83d\udead\ud83d\udead\ud83d\udead\ud83d\udead\ud83d\udead\ud83d\udead\ud83d\udead\ud83d\udead\ud83d\udead ke@",
        "repliedAt": null,
        "replyContent": null,
        "reviewCreatedVersion": "1.0.3",
        "reviewId": "e148999f-d095-40fd-8da9-e751b23d58c2",
        "score": 5,
        "thumbsUpCount": 32,
        "userImage": "https://play-lh.googleusercontent.com/a-/ALV-UjWpoAXcTB0zaeSC-3CxfVzmyNaFlR-O7rK0NmjtkFwWwg",
        "userName": "Small Metfone"
    }
]