[
    {
        "appVersion": "1.3.7",
        "at": "2023-11-16 13:41:42",
        "content": "nice",
        "repliedAt": null,
        "replyContent": null,
        "reviewCreatedVersion": "1.3.7",
        "reviewId": "1f4e8b98-2146-45dd-b74e-464293f12319",
        "score": 5,
        "thumbsUpCount": 0,
        "userImage": "https://play-lh.googleusercontent.com/a-/ALV-UjX9viRot9upABz6ck7_N2JXAnY5kD0Y3_pzNbft6twjnLo",
        "userName": "LOCHARA DAVYSON LOBUIN"
    },
    {
        "appVersion": "1.3.6",
        "at": "2023-11-15 10:03:14",
        "content": "Is very good app Keep doing this great job",
        "repliedAt": null,
        "replyContent": null,
        "reviewCreatedVersion": "1.3.6",
        "reviewId": "2381b46f-b455-4b76-8eb2-c89eb367eeb7",
        "score": 5,
        "thumbsUpCount": 2,
        "userImage": "https://play-lh.googleusercontent.com/a-/ALV-UjX4I8am0QsYMX6hJqzZhjCYCln7PoU-YB0_SewOL_nvVw",
        "userName": "Tinashe Vhovha"
    },
    {
        "appVersion": "1.3.6",
        "at": "2023-11-14 18:50:43",
        "content": "a perfect App for me.. absolutely good",
        "repliedAt": null,
        "replyContent": null,
        "reviewCreatedVersion": "1.3.6",
        "reviewId": "c0d21a9e-7c39-4f83-beee-78d418f319fb",
        "score": 4,
        "thumbsUpCount": 1,
        "userImage": "https://play-lh.googleusercontent.com/a/ACg8ocJkBQ2mwdbkq1QbEUo0i03vhsorH2PD7_HhCt52Ljng=mo",
        "userName": "Deogracious Wabwire"
    },
    {
        "appVersion": "1.3.6",
        "at": "2023-11-14 16:45:44",
        "content": "beautiful hair styles",
        "repliedAt": null,
        "replyContent": null,
        "reviewCreatedVersion": "1.3.6",
        "reviewId": "81ca9d8c-41b1-47fd-b42c-14d8e6a78799",
        "score": 5,
        "thumbsUpCount": 0,
        "userImage": "https://play-lh.googleusercontent.com/a/ACg8ocLGLmOoLWbBP1FKsWN6s4-1Knogtv0d91_NWSRam8R-=mo",
        "userName": "Ojukwu Emmanuel"
    },
    {
        "appVersion": "1.3.4",
        "at": "2023-11-13 14:54:26",
        "content": "Good app",
        "repliedAt": null,
        "replyContent": null,
        "reviewCreatedVersion": "1.3.4",
        "reviewId": "16af28bd-38fd-4e9f-a897-587ed0222624",
        "score": 5,
        "thumbsUpCount": 0,
        "userImage": "https://play-lh.googleusercontent.com/a-/ALV-UjV0VXyUiNtYG94XCf6tU7H_wNWxf2GZYk0HhPxQn2xh9A",
        "userName": "Carolina Spenser"
    },
    {
        "appVersion": "1.3.6",
        "at": "2023-11-13 13:47:03",
        "content": "not sure",
        "repliedAt": null,
        "replyContent": null,
        "reviewCreatedVersion": "1.3.6",
        "reviewId": "ff5ff8c4-fd30-4144-9155-4c947e988949",
        "score": 5,
        "thumbsUpCount": 0,
        "userImage": "https://play-lh.googleusercontent.com/a/ACg8ocLET2u5EeEjxxXv3l04BAqAda8ouA-w2hoWtK1ROanS=mo",
        "userName": "Lefika Bashabalakane"
    },
    {
        "appVersion": "1.3.6",
        "at": "2023-11-10 04:59:32",
        "content": "I think this is smooth",
        "repliedAt": null,
        "replyContent": null,
        "reviewCreatedVersion": "1.3.6",
        "reviewId": "f657516e-da56-4e81-9f76-54f0a5aba777",
        "score": 1,
        "thumbsUpCount": 0,
        "userImage": "https://play-lh.googleusercontent.com/a/ACg8ocIScziBiUAnvRCH6WI0_WWG4eXtw4mvfqAlevbCIRQ=mo",
        "userName": "Lecenther Phillips"
    },
    {
        "appVersion": null,
        "at": "2023-11-10 04:18:53",
        "content": "nice one",
        "repliedAt": null,
        "replyContent": null,
        "reviewCreatedVersion": null,
        "reviewId": "b719d947-2690-47f4-8dfe-083c8b9f2ebb",
        "score": 4,
        "thumbsUpCount": 0,
        "userImage": "https://play-lh.googleusercontent.com/a/ACg8ocJTmHncUE2f8UdQqPywohloNcBToq6MZ7v4bxcG15o=mo",
        "userName": "GEORGE OMONDI"
    },
    {
        "appVersion": null,
        "at": "2023-11-05 10:55:54",
        "content": "Very good hair style",
        "repliedAt": "2023-11-06 23:55:40",
        "replyContent": "Thanks for your review! Please recommend our app to your friends, and don\u2019t hesitate to shoot us a note at vorevo.apps@gmail.com if you have any questions.",
        "reviewCreatedVersion": null,
        "reviewId": "6d3327c3-edd5-443d-bb0b-eedbcba7a42e",
        "score": 5,
        "thumbsUpCount": 0,
        "userImage": "https://play-lh.googleusercontent.com/a-/ALV-UjXJeXKzKMt6RivHLLtHI3GoYUpTukBOPfdLEYQlyUeArw",
        "userName": "Joseph Weah"
    },
    {
        "appVersion": "1.3.6",
        "at": "2023-11-05 09:38:51",
        "content": "fantastic",
        "repliedAt": "2023-11-06 23:54:37",
        "replyContent": "Hi, we are happy to know that you like our app. Please rate us 5 stars and share detailed feedback at vorevo.apps@gmail.com to support our future endeavors.",
        "reviewCreatedVersion": "1.3.6",
        "reviewId": "791e0e02-0f13-4593-88d6-b5bf3b40a075",
        "score": 3,
        "thumbsUpCount": 0,
        "userImage": "https://play-lh.googleusercontent.com/a/ACg8ocIH9ADrMValW3AfMqPXFwFDNu4_qoRlKbUaEmgkn_gp=mo",
        "userName": "Tebosego Rush Lu"
    },
    {
        "appVersion": null,
        "at": "2023-10-29 12:25:07",
        "content": "It good",
        "repliedAt": "2023-11-06 23:55:03",
        "replyContent": "Thanks for the review. If you like our app, would you mind rating us 5 stars? That would be very encouraging for us.",
        "reviewCreatedVersion": null,
        "reviewId": "c8ff8a51-6133-4fdc-a041-1d2f035bf237",
        "score": 2,
        "thumbsUpCount": 0,
        "userImage": "https://play-lh.googleusercontent.com/a/ACg8ocKtY5vyfktmZHJrHYd4XRBeeGRNVMgzvhsa5zrn_OgR=mo",
        "userName": "Xxx Bennie"
    },
    {
        "appVersion": "1.3.6",
        "at": "2023-10-28 05:47:00",
        "content": "Exactly what i was looking for!",
        "repliedAt": "2023-11-06 23:55:30",
        "replyContent": "Thanks for your review! Please recommend our app to your friends, and don\u2019t hesitate to shoot us a note at vorevo.apps@gmail.com if you have any questions.",
        "reviewCreatedVersion": "1.3.6",
        "reviewId": "6a5d8c9d-b7e2-4598-b9d4-c295ddc09e29",
        "score": 5,
        "thumbsUpCount": 0,
        "userImage": "https://play-lh.googleusercontent.com/a-/ALV-UjV4f9OAclce4l19OZTo8cEpNMVQCo82JeC8uRz39bZHr2sE",
        "userName": "Dennis Muremi"
    },
    {
        "appVersion": null,
        "at": "2023-10-28 01:39:45",
        "content": "Freaking amazing",
        "repliedAt": "2023-11-06 23:55:25",
        "replyContent": "Thanks for your review! Please recommend our app to your friends, and don\u2019t hesitate to shoot us a note at vorevo.apps@gmail.com if you have any questions.",
        "reviewCreatedVersion": null,
        "reviewId": "bb64a235-a42c-4878-97d8-70caaaac9e3a",
        "score": 5,
        "thumbsUpCount": 0,
        "userImage": "https://play-lh.googleusercontent.com/a/ACg8ocKu7Hd7_QwgA3muk35siFON9osFI7E_Raxgjf3tYyP7=mo",
        "userName": "LLYOD Jameson"
    },
    {
        "appVersion": "1.3.6",
        "at": "2023-10-27 12:57:47",
        "content": "great actually",
        "repliedAt": "2023-11-06 23:55:14",
        "replyContent": "Hi, is there something we can do to get 5 stars? Please let us know at vorevo.apps@gmail.com.",
        "reviewCreatedVersion": "1.3.6",
        "reviewId": "8766f27a-cb70-4da0-9533-ec960334f951",
        "score": 3,
        "thumbsUpCount": 0,
        "userImage": "https://play-lh.googleusercontent.com/a/ACg8ocJQwXEc576CiSjLtP2Im0N5MEOWNr56y0D0iPszmnvv=mo",
        "userName": "Josh Wood"
    },
    {
        "appVersion": "1.3.5",
        "at": "2023-10-23 13:07:11",
        "content": "nice apk i like it",
        "repliedAt": "2023-10-23 07:10:48",
        "replyContent": "Thanks for taking out time to rate us. It really helps us to keep going and delivering the best :)",
        "reviewCreatedVersion": "1.3.5",
        "reviewId": "5535d4f2-5f5b-4bc6-9446-31b4206667fa",
        "score": 5,
        "thumbsUpCount": 0,
        "userImage": "https://play-lh.googleusercontent.com/a-/ALV-UjUu-HO-QhBbkpLgcrCiQrkIsFFUHyEUj1ChlgoOP4oo2g",
        "userName": "Priviledge Takudzwa Mudoni"
    },
    {
        "appVersion": "1.3.5",
        "at": "2023-10-23 03:45:59",
        "content": "Nowhere",
        "repliedAt": "2023-10-23 07:10:59",
        "replyContent": "Thanks for your review! Please recommend our app to your friends, and don\u2019t hesitate to shoot us a note at vorevo.apps@gmail.com if you have any questions.",
        "reviewCreatedVersion": "1.3.5",
        "reviewId": "5414625c-0b11-4d23-8c5e-589afe71b4ea",
        "score": 5,
        "thumbsUpCount": 0,
        "userImage": "https://play-lh.googleusercontent.com/a/ACg8ocIeNdGPsSj2SVou8JpRjFktbhEB52ejsAwMwjGxxhPw=mo",
        "userName": "Davison Munotiyi"
    },
    {
        "appVersion": "1.3.5",
        "at": "2023-10-22 09:50:43",
        "content": "jabu",
        "repliedAt": "2023-10-23 07:07:22",
        "replyContent": "If you like the app, please give us more stars. Also, let us know if you have any suggestions for improvement at vorevo.apps@gmail.com.",
        "reviewCreatedVersion": "1.3.5",
        "reviewId": "f80f400d-4285-4cd9-b8d3-b42ea8f0c1ca",
        "score": 1,
        "thumbsUpCount": 0,
        "userImage": "https://play-lh.googleusercontent.com/a-/ALV-UjU-qHoMndG8cpSia-snj3_ZFIktGLy-p5x-8_c9s9y3tw",
        "userName": "Doon Yhoo"
    },
    {
        "appVersion": null,
        "at": "2023-10-20 10:08:39",
        "content": "Gud app",
        "repliedAt": "2023-10-23 07:10:31",
        "replyContent": "Thanks for your review! Please recommend our app to your friends, and don\u2019t hesitate to shoot us a note at vorevo.apps@gmail.com if you have any questions.",
        "reviewCreatedVersion": null,
        "reviewId": "b81202e4-0032-44a1-97a8-ab5b367bfd47",
        "score": 5,
        "thumbsUpCount": 0,
        "userImage": "https://play-lh.googleusercontent.com/a/ACg8ocKs6DPZ3VFFTEnv3-H7L4J889AbZ3rUiDRiV2TudEb-=mo",
        "userName": "Emmanuel Kabu"
    },
    {
        "appVersion": "1.3.5",
        "at": "2023-10-17 11:05:09",
        "content": "Good app",
        "repliedAt": "2023-10-23 07:10:11",
        "replyContent": "Dear User, we are happy to know that you found our app useful. Please help us by spreading the word amongst your friends. If you have any feedback or suggestions, please write to us at vorevo.apps@gmail.com. We would love to hear from you!",
        "reviewCreatedVersion": "1.3.5",
        "reviewId": "4c5efdb0-9171-438d-8aee-2e8f81d3fbc1",
        "score": 5,
        "thumbsUpCount": 0,
        "userImage": "https://play-lh.googleusercontent.com/a/ACg8ocKuTFO0LYyaHCngpmgzqpNn6Z_owbV6Vm_MGV6k0FSp=mo",
        "userName": "Okyere Swid"
    },
    {
        "appVersion": null,
        "at": "2023-10-16 16:13:19",
        "content": "Nice app",
        "repliedAt": "2023-10-23 07:08:40",
        "replyContent": "Hi, we are happy to know that you like our app. Please rate us 5 stars and share detailed feedback at vorevo.apps@gmail.com to support our future endeavors.",
        "reviewCreatedVersion": null,
        "reviewId": "77680691-639b-4f6a-8514-54cd7d496c78",
        "score": 3,
        "thumbsUpCount": 0,
        "userImage": "https://play-lh.googleusercontent.com/a/ACg8ocLSQ18lk_hLPHakGVI8F-D5Zasq676vkFw6R9qU6noY=mo",
        "userName": "Zooleka Lungu"
    },
    {
        "appVersion": "1.3.4",
        "at": "2023-10-08 04:27:19",
        "content": "NATURE",
        "repliedAt": "2023-10-23 07:09:48",
        "replyContent": "Thank you so much for your encouraging star ratings!\n",
        "reviewCreatedVersion": "1.3.4",
        "reviewId": "e16ae684-e102-494b-930a-9fa76b29389c",
        "score": 5,
        "thumbsUpCount": 0,
        "userImage": "https://play-lh.googleusercontent.com/a/ACg8ocL4P4RLxWt-1eaA3yVozqaheJLKEA00waYTI9eBcuA=mo",
        "userName": "Justice mafela Mafela"
    },
    {
        "appVersion": null,
        "at": "2023-10-06 07:47:36",
        "content": "Poor",
        "repliedAt": "2023-10-23 07:09:03",
        "replyContent": "Hi, can you please provide details so that we know the reason for the low rating. This will help our team to improve our app and serve you better. Looking forward for your response. You can also reach out to vorevo.apps@gmail.com.",
        "reviewCreatedVersion": null,
        "reviewId": "d302a47f-8581-4155-870b-ce51f2ea0819",
        "score": 1,
        "thumbsUpCount": 0,
        "userImage": "https://play-lh.googleusercontent.com/a/ACg8ocLgj04QXJahHwC1kUgzgiWlesWkpavyASSwFIGP_9GL=mo",
        "userName": "Crystal Macdonald"
    },
    {
        "appVersion": "1.3.4",
        "at": "2023-10-02 20:06:47",
        "content": "perfect",
        "repliedAt": "2023-10-03 12:22:27",
        "replyContent": "Thanks for the review. If you like our app, would you mind rating us 5 stars? That would be very encouraging for us.",
        "reviewCreatedVersion": "1.3.4",
        "reviewId": "2c4e829e-8818-4c35-ae44-c1de3fde6d2d",
        "score": 1,
        "thumbsUpCount": 0,
        "userImage": "https://play-lh.googleusercontent.com/a/ACg8ocIBxeeprZkg5ALFHm6nx_kyBAjpX-0YCKT-FntAXVn2=mo",
        "userName": "Uloko Sunday"
    },
    {
        "appVersion": "1.3.4",
        "at": "2023-10-02 06:43:13",
        "content": "surr",
        "repliedAt": "2023-10-03 12:24:21",
        "replyContent": "Thanks for the review. If you like our app, would you mind rating us 5 stars? That would be very encouraging for us.",
        "reviewCreatedVersion": "1.3.4",
        "reviewId": "f684734e-aa72-453f-a2bf-4b068bac91ad",
        "score": 4,
        "thumbsUpCount": 0,
        "userImage": "https://play-lh.googleusercontent.com/a-/ALV-UjV47QdoZm4FxNKdVSCOKbaT208uTRl1Luprp0lGHwFsfg",
        "userName": "Jerry John"
    },
    {
        "appVersion": "1.3.4",
        "at": "2023-10-01 09:35:29",
        "content": "Good",
        "repliedAt": "2023-10-03 12:22:58",
        "replyContent": "Thanks for your review! Please recommend our app to your friends, and don\u2019t hesitate to shoot us a note at vorevo.apps@gmail.com if you have any questions.",
        "reviewCreatedVersion": "1.3.4",
        "reviewId": "3d7a3a48-0e58-458f-9727-9223734591c2",
        "score": 5,
        "thumbsUpCount": 0,
        "userImage": "https://play-lh.googleusercontent.com/a-/ALV-UjWXRJEO9x7VUCJGKMZAAYMlng4v9bbwH-UcOYLRjsohu3U",
        "userName": "Likkledan Castro"
    },
    {
        "appVersion": "1.3.4",
        "at": "2023-10-01 04:31:21",
        "content": "nice app",
        "repliedAt": "2023-10-03 12:23:08",
        "replyContent": "Thanks for the review. If you like our app, would you mind rating us 5 stars? That would be very encouraging for us.",
        "reviewCreatedVersion": "1.3.4",
        "reviewId": "8db9e26a-e00c-431e-a7f8-d1442f92b919",
        "score": 1,
        "thumbsUpCount": 0,
        "userImage": "https://play-lh.googleusercontent.com/a/ACg8ocIgI1gBWl8PFEEteyPN1GhB5H0PxMD2O4cv3ASwzEA=mo",
        "userName": "Ramadhan Goona"
    },
    {
        "appVersion": "1.3.4",
        "at": "2023-09-28 20:13:37",
        "content": "Make an app like this for black ladies and girls",
        "repliedAt": "2023-10-03 12:23:44",
        "replyContent": "Thanks for your feedback! We deeply respect your advice, and we will try to combine your feedback with our R&D, in order to provide better contents.",
        "reviewCreatedVersion": "1.3.4",
        "reviewId": "3b285db7-238c-40c0-abac-2e332656a5f2",
        "score": 3,
        "thumbsUpCount": 0,
        "userImage": "https://play-lh.googleusercontent.com/a-/ALV-UjWYb-Q3hwnHq8PNF_08_ouGhT8O4aYgoozv6G_UB9YiQ0w",
        "userName": "SHADOW"
    },
    {
        "appVersion": "1.3.4",
        "at": "2023-09-27 13:43:09",
        "content": "Good",
        "repliedAt": "2023-10-03 12:25:07",
        "replyContent": "Thanks for the 5 star rating. Hope you continue to use our app. If you have any feedback or suggestions, please write to us at vorevo.apps@gmail.com. We would love to hear from you!",
        "reviewCreatedVersion": "1.3.4",
        "reviewId": "cb9a81e2-5e01-4e2c-ba24-84c680ef3d56",
        "score": 5,
        "thumbsUpCount": 0,
        "userImage": "https://play-lh.googleusercontent.com/a/ACg8ocKumsQAs3J--jadKVhs-eGYf4rF9KezAcpSAfLfU0ZT=mo",
        "userName": "ajayi victor"
    },
    {
        "appVersion": "1.3.4",
        "at": "2023-09-27 12:20:49",
        "content": "good",
        "repliedAt": "2023-10-03 12:24:39",
        "replyContent": "Thanks for the review. If you like our app, would you mind rating us 5 stars? That would be very encouraging for us.",
        "reviewCreatedVersion": "1.3.4",
        "reviewId": "403de5b1-5fba-4489-b37a-ed22f637ff4c",
        "score": 1,
        "thumbsUpCount": 0,
        "userImage": "https://play-lh.googleusercontent.com/a/ACg8ocIAWyisx_WxMrG8VcMOY-EUcfJUrZaYpI_dM1mTfcnc=mo",
        "userName": "Shema Patiance"
    },
    {
        "appVersion": "1.3.4",
        "at": "2023-09-26 13:11:19",
        "content": "wakata",
        "repliedAt": "2023-10-03 12:25:19",
        "replyContent": "Thanks for the 5 star rating. Hope you continue to use our app. If you have any feedback or suggestions, please write to us at vorevo.apps@gmail.com. We would love to hear from you!",
        "reviewCreatedVersion": "1.3.4",
        "reviewId": "468064c1-4fc2-4b83-b1e3-68e237413375",
        "score": 5,
        "thumbsUpCount": 0,
        "userImage": "https://play-lh.googleusercontent.com/a-/ALV-UjVAUxrvgI6S2kqTsI9tPsV_pxik3LpkrXq1feoadq3Cfw",
        "userName": "A BB"
    },
    {
        "appVersion": "1.3.4",
        "at": "2023-09-25 18:12:04",
        "content": "cool",
        "repliedAt": "2023-09-26 07:04:29",
        "replyContent": "Hi! We are glad that you like our app. We'd very much appreciate if you have any suggestions for us to get 5-star rating. Thank you very much.",
        "reviewCreatedVersion": "1.3.4",
        "reviewId": "a348ab66-3c73-449c-8173-5f866c643a73",
        "score": 4,
        "thumbsUpCount": 0,
        "userImage": "https://play-lh.googleusercontent.com/a-/ALV-UjWqsxojyfNCQmtjwKaPjkoRjT6JYxgbUjzfBYDsJsoMBQ",
        "userName": "Oberty Tembo"
    },
    {
        "appVersion": "1.3.4",
        "at": "2023-09-24 10:43:59",
        "content": "the app is really good",
        "repliedAt": "2023-09-26 07:06:23",
        "replyContent": "Thanks for your review! Please recommend our app to your friends, and don\u2019t hesitate to shoot us a note at vorevo.apps@gmail.com if you have any questions.",
        "reviewCreatedVersion": "1.3.4",
        "reviewId": "4ab4d523-608b-411c-8fbd-f791fe9bc093",
        "score": 5,
        "thumbsUpCount": 0,
        "userImage": "https://play-lh.googleusercontent.com/a/ACg8ocJ6cTDIqgWktJRpWR91mvSNS7OQZ9SknkUsyxG90TjT=mo",
        "userName": "Vincemus Kingbas"
    },
    {
        "appVersion": null,
        "at": "2023-09-21 17:32:57",
        "content": "the app is awesome \ud83d\udc4d",
        "repliedAt": "2023-09-26 07:06:45",
        "replyContent": "Thanks for your review! Please recommend our app to your friends, and don\u2019t hesitate to shoot us a note at vorevo.apps@gmail.com if you have any questions.",
        "reviewCreatedVersion": null,
        "reviewId": "3d93bcb1-580a-46f4-83ae-52fb6c37e4a1",
        "score": 5,
        "thumbsUpCount": 0,
        "userImage": "https://play-lh.googleusercontent.com/a/ACg8ocIqhF9urdn_z37NErYexhWMaZtoRS9RNo2mpV3xfInE=mo",
        "userName": "Soondo Arnold"
    },
    {
        "appVersion": "1.3.4",
        "at": "2023-09-21 10:13:14",
        "content": "good",
        "repliedAt": "2023-09-26 07:05:02",
        "replyContent": "Hi, if you like the app, could you please give us more stars?",
        "reviewCreatedVersion": "1.3.4",
        "reviewId": "26239bd3-9936-46ea-8775-9a375973fe1f",
        "score": 1,
        "thumbsUpCount": 0,
        "userImage": "https://play-lh.googleusercontent.com/a/ACg8ocKqf1gdLjUjLECM6QnRZPHnR0DqYOeAywTczCR9mqm2=mo",
        "userName": "Isaac Arthur"
    },
    {
        "appVersion": "1.3.4",
        "at": "2023-09-18 10:01:31",
        "content": "beautiful men hairstyles",
        "repliedAt": "2023-09-18 19:40:05",
        "replyContent": "Thanks for taking out time to rate us. It really helps us to keep going and delivering the best :)",
        "reviewCreatedVersion": "1.3.4",
        "reviewId": "620acc05-6a8d-44ed-a100-44673e624d07",
        "score": 5,
        "thumbsUpCount": 0,
        "userImage": "https://play-lh.googleusercontent.com/a-/ALV-UjUNMueVWHjVSgeIBOVNKbIKmArbw3I-FKVfLafekhYanQ",
        "userName": "Abdul Bashet Abdul Cader"
    },
    {
        "appVersion": "1.3.4",
        "at": "2023-09-10 20:16:03",
        "content": "Nice app",
        "repliedAt": "2023-09-18 19:42:45",
        "replyContent": "Thanks for your review! Please recommend our app to your friends, and don\u2019t hesitate to shoot us a note at vorevo.apps@gmail.com if you have any questions.",
        "reviewCreatedVersion": "1.3.4",
        "reviewId": "f26802c9-33c6-4a4f-b014-a32d438e3581",
        "score": 5,
        "thumbsUpCount": 0,
        "userImage": "https://play-lh.googleusercontent.com/a/ACg8ocI335QT0XOwT1ddPQP80WR_QBXj4VVZcqza9caTMmNi=mo",
        "userName": "Kaspoyana Olajmuller"
    },
    {
        "appVersion": "1.3.4",
        "at": "2023-09-10 19:15:08",
        "content": "Excellent \ud83d\udc4c\ud83d\udc4d",
        "repliedAt": "2023-09-18 19:42:54",
        "replyContent": "Thanks for your review! Please recommend our app to your friends, and don\u2019t hesitate to shoot us a note at vorevo.apps@gmail.com if you have any questions.",
        "reviewCreatedVersion": "1.3.4",
        "reviewId": "9504b5ab-161a-46f1-b325-747eb1b17360",
        "score": 5,
        "thumbsUpCount": 0,
        "userImage": "https://play-lh.googleusercontent.com/a-/ALV-UjVj8M55JS4W5OxrI2Fv4QGG6emI4_X3CkCm6-0fAi0nchw",
        "userName": "Michael Kafui Zih"
    },
    {
        "appVersion": "1.3.4",
        "at": "2023-09-10 09:35:34",
        "content": "it good",
        "repliedAt": "2023-09-18 19:43:04",
        "replyContent": "Thanks for your review! Please recommend our app to your friends, and don\u2019t hesitate to shoot us a note at vorevo.apps@gmail.com if you have any questions.",
        "reviewCreatedVersion": "1.3.4",
        "reviewId": "7533cbc3-105f-4a81-be1c-c5b87cac3c85",
        "score": 5,
        "thumbsUpCount": 0,
        "userImage": "https://play-lh.googleusercontent.com/a-/ALV-UjWKB226SZpDUdjBnwVFOFroXzltZkqd3fRxCfRCuWAMPw",
        "userName": "Foday Bao"
    },
    {
        "appVersion": "1.3.4",
        "at": "2023-09-06 04:45:56",
        "content": "it's good",
        "repliedAt": "2023-09-18 19:43:30",
        "replyContent": "Thanks for your review! Please recommend our app to your friends, and don\u2019t hesitate to shoot us a note at vorevo.apps@gmail.com if you have any questions.",
        "reviewCreatedVersion": "1.3.4",
        "reviewId": "2cb344c1-3115-4119-b852-c3707a79f68a",
        "score": 5,
        "thumbsUpCount": 0,
        "userImage": "https://play-lh.googleusercontent.com/a-/ALV-UjXItXHr5Hc5uYT2IultVpCqpBqsyEsobFVmNYUKQ6TVEg",
        "userName": "Peter Black"
    },
    {
        "appVersion": null,
        "at": "2023-09-04 05:34:50",
        "content": "great",
        "repliedAt": "2023-09-05 18:44:00",
        "replyContent": "Thanks for your review! Please recommend our app to your friends, and don\u2019t hesitate to shoot us a note at vorevo.apps@gmail.com if you have any questions.",
        "reviewCreatedVersion": null,
        "reviewId": "764cd760-d198-4f9a-877a-74ac8c34fd9b",
        "score": 5,
        "thumbsUpCount": 0,
        "userImage": "https://play-lh.googleusercontent.com/a-/ALV-UjWZ-dwboKUl1foHli9ZWA6dzqTdE68lEb9NMq2o1ABNkss",
        "userName": "Amara Kamara"
    },
    {
        "appVersion": "1.3.4",
        "at": "2023-09-03 08:13:43",
        "content": "You can find all the hair styles you want here, you can view all without ads",
        "repliedAt": "2023-09-05 18:44:20",
        "replyContent": "Thanks for your review! Please recommend our app to your friends, and don\u2019t hesitate to shoot us a note at vorevo.apps@gmail.com if you have any questions.",
        "reviewCreatedVersion": "1.3.4",
        "reviewId": "8ea4769e-d0c0-407f-a62a-b12cbb589509",
        "score": 5,
        "thumbsUpCount": 13,
        "userImage": "https://play-lh.googleusercontent.com/a-/ALV-UjUa6f2xWBtXNxaHaovQO1n_Z2-buZINEdMTaTaGKsmTcWI",
        "userName": "Isaac Tsorkor"
    },
    {
        "appVersion": "1.3.4",
        "at": "2023-09-02 08:26:38",
        "content": "very good app so far",
        "repliedAt": "2023-09-05 18:45:24",
        "replyContent": "If you like our app, please give us 5 star rating. Also, do recommend it to your friends, and don\u2019t hesitate to shoot us a note at vorevo.apps@gmail.com if you have any questions.",
        "reviewCreatedVersion": "1.3.4",
        "reviewId": "c37beba5-3a76-498f-808e-06fed60e60c4",
        "score": 4,
        "thumbsUpCount": 0,
        "userImage": "https://play-lh.googleusercontent.com/a/ACg8ocLf5xPGcLHc9bfLcT1Fe2EmYhhE57X3wZXhHqWPStDT=mo",
        "userName": "Joseph Dante"
    },
    {
        "appVersion": "1.3.4",
        "at": "2023-09-01 02:59:07",
        "content": "nice \ud83d\udc4d",
        "repliedAt": "2023-09-05 18:45:11",
        "replyContent": "If you like our app, please give us 5 star rating. Also, do recommend it to your friends, and don\u2019t hesitate to shoot us a note at vorevo.apps@gmail.com if you have any questions.",
        "reviewCreatedVersion": "1.3.4",
        "reviewId": "9d2ca67c-c313-4b7a-9385-213ca211fda2",
        "score": 4,
        "thumbsUpCount": 0,
        "userImage": "https://play-lh.googleusercontent.com/a/ACg8ocL7UHP3boPmvZrID5W0iToVgq5Ct_kolU1CJS3gTiWV=mo",
        "userName": "Lebogang Pubi"
    },
    {
        "appVersion": "1.3.4",
        "at": "2023-08-30 14:19:49",
        "content": "it's a great App i ever enjoying using it before",
        "repliedAt": "2023-09-05 18:46:08",
        "replyContent": "Thanks for your review! Please recommend our app to your friends, and don\u2019t hesitate to shoot us a note at vorevo.apps@gmail.com if you have any questions.",
        "reviewCreatedVersion": "1.3.4",
        "reviewId": "a6e96916-3e74-4c29-8be4-71d1336ae8c9",
        "score": 5,
        "thumbsUpCount": 0,
        "userImage": "https://play-lh.googleusercontent.com/a/ACg8ocLYnX1zaSoZfWPd_cWf8sInHVxwZKeiWtmPdUYPlUzr=mo",
        "userName": "Elema Ronnie"
    },
    {
        "appVersion": "1.3.4",
        "at": "2023-08-29 06:35:28",
        "content": "Great app",
        "repliedAt": "2023-09-05 18:46:14",
        "replyContent": "Thanks for your review! Please recommend our app to your friends, and don\u2019t hesitate to shoot us a note at vorevo.apps@gmail.com if you have any questions.",
        "reviewCreatedVersion": "1.3.4",
        "reviewId": "cb2bef01-a483-4263-b0f5-5fb61eb4cbcb",
        "score": 5,
        "thumbsUpCount": 0,
        "userImage": "https://play-lh.googleusercontent.com/a/ACg8ocKakYjwhtCJymJYxF9xlnqON5xcIT6mQTlDlv1zmAU0=mo",
        "userName": "Francis Phiri"
    },
    {
        "appVersion": null,
        "at": "2023-08-29 05:45:28",
        "content": "This app is very awesome and it contains what I needed most...",
        "repliedAt": "2023-09-05 18:46:22",
        "replyContent": "Thanks for your review! Please recommend our app to your friends, and don\u2019t hesitate to shoot us a note at vorevo.apps@gmail.com if you have any questions.",
        "reviewCreatedVersion": null,
        "reviewId": "0c7d8ce6-ec00-4978-9537-d15ed9b35f26",
        "score": 5,
        "thumbsUpCount": 0,
        "userImage": "https://play-lh.googleusercontent.com/a-/ALV-UjVHl0Wi5vyWBS6vbzXtr8BZO848mh1NEpAnBw1DTpbZNQ",
        "userName": "Edwin Isiguzo"
    },
    {
        "appVersion": "1.3.4",
        "at": "2023-08-27 14:19:55",
        "content": "nice",
        "repliedAt": "2023-09-05 18:45:47",
        "replyContent": "If you like our app, please give us 5 star rating. Also, do recommend it to your friends, and don\u2019t hesitate to shoot us a note at vorevo.apps@gmail.com if you have any questions.",
        "reviewCreatedVersion": "1.3.4",
        "reviewId": "568067ef-2b70-462e-8719-23476f3899cb",
        "score": 3,
        "thumbsUpCount": 0,
        "userImage": "https://play-lh.googleusercontent.com/a/ACg8ocIM5l6vkSrwxz0YSxexnvNlCxnjIngVRAhsRB5SZKZc=mo",
        "userName": "Muhammad Abdullahi"
    },
    {
        "appVersion": "1.3.4",
        "at": "2023-08-22 13:55:16",
        "content": "fantastic",
        "repliedAt": "2023-08-27 04:03:20",
        "replyContent": "Hi! We are glad that you like our app. We'd very much appreciate if you have any recommendations/suggestions for us to get 5-star rating. Thank you very much.",
        "reviewCreatedVersion": "1.3.4",
        "reviewId": "c4dc4d3a-c9e8-4498-b213-39b6c02ce638",
        "score": 4,
        "thumbsUpCount": 0,
        "userImage": "https://play-lh.googleusercontent.com/a-/ALV-UjWus6an2hI6xOGg3jRg-i4T84a0FQy7o0Vr-_Go7zI9NOqM",
        "userName": "Simeon Chinoona"
    },
    {
        "appVersion": "1.3.4",
        "at": "2023-08-20 12:52:26",
        "content": "high cut",
        "repliedAt": "2023-08-27 04:03:34",
        "replyContent": "Thank you so much for your encouraging star ratings!\n",
        "reviewCreatedVersion": "1.3.4",
        "reviewId": "83fd3591-dba9-4b18-b417-dbc2e1692288",
        "score": 5,
        "thumbsUpCount": 0,
        "userImage": "https://play-lh.googleusercontent.com/a/ACg8ocJsidDdiqG56blvO3sDfkCV70nD0O_CNHG1BLPsoz0=mo",
        "userName": "Ayuba B. Moigua"
    },
    {
        "appVersion": "1.3.4",
        "at": "2023-08-18 13:31:58",
        "content": "so cool",
        "repliedAt": "2023-08-27 04:03:55",
        "replyContent": "Thanks for your review! Please recommend our app to your friends, and don\u2019t hesitate to shoot us a note at vorevo.apps@gmail.com if you have any questions.",
        "reviewCreatedVersion": "1.3.4",
        "reviewId": "d130f73e-e1c6-4498-887f-03af5defff42",
        "score": 5,
        "thumbsUpCount": 0,
        "userImage": "https://play-lh.googleusercontent.com/a/ACg8ocKSj_kgpshxQOy1pyug0rn__8qGDMkGfGEkJBnV_cVC=mo",
        "userName": "Mantsho Olga"
    },
    {
        "appVersion": null,
        "at": "2023-08-17 12:57:35",
        "content": "mxm",
        "repliedAt": "2023-08-27 04:04:28",
        "replyContent": "Hi. may we ask you to please contact us at vorevo.apps@gmail.com and explain the situation in detail? We'd like to improve the app in every aspect and deserve a 5 star rating :)",
        "reviewCreatedVersion": null,
        "reviewId": "4dc6c404-3240-43c0-9d24-cfb42be12db1",
        "score": 2,
        "thumbsUpCount": 0,
        "userImage": "https://play-lh.googleusercontent.com/a/ACg8ocILoN7YO46yUPY6yxb6js2VOn-YE9cYAuJs5YlDFFk=mo",
        "userName": "Elkino April"
    },
    {
        "appVersion": "1.3.4",
        "at": "2023-08-14 19:17:23",
        "content": "I love it",
        "repliedAt": "2023-08-15 09:24:00",
        "replyContent": "Thanks for your review! Please recommend our app to your friends, and don\u2019t hesitate to shoot us a note at vorevo.apps@gmail.com if you have any questions.",
        "reviewCreatedVersion": "1.3.4",
        "reviewId": "ebc37441-174e-45e6-944f-ff3f0836bcbb",
        "score": 5,
        "thumbsUpCount": 0,
        "userImage": "https://play-lh.googleusercontent.com/a/ACg8ocJZG3bhQox1AyqSSwOjCYvr5d6dUPL1yxxt0gcAsNF2=mo",
        "userName": "Ajayi Oluwadamilare"
    },
    {
        "appVersion": "1.3.4",
        "at": "2023-08-14 08:17:25",
        "content": "is really good",
        "repliedAt": "2023-08-15 09:24:17",
        "replyContent": "We are pleased that you enjoyed the app. If there is anything we can do for you, just let us know at vorevo.apps@gmail.com!\nHave a wonderful day!",
        "reviewCreatedVersion": "1.3.4",
        "reviewId": "8b1a280c-0841-4c80-b0f7-091f89c4f022",
        "score": 5,
        "thumbsUpCount": 0,
        "userImage": "https://play-lh.googleusercontent.com/a/ACg8ocLkDFGazbGA_pHI0oCpWlK0ftPiA1jBOfiUPQxEsULq=mo",
        "userName": "Shella Itarel"
    },
    {
        "appVersion": "1.3.4",
        "at": "2023-08-14 03:45:52",
        "content": "I like it",
        "repliedAt": "2023-08-15 09:24:43",
        "replyContent": "Dear friend, we are really glad that you like our app. Your support and voice are very important to us.",
        "reviewCreatedVersion": "1.3.4",
        "reviewId": "4d1d38d1-43ae-482c-9bb1-ad7c470f3579",
        "score": 5,
        "thumbsUpCount": 0,
        "userImage": "https://play-lh.googleusercontent.com/a/ACg8ocKG86zP1tUYZkKmhtmw80H5vXkem58GnTyJf6JooXUr=mo",
        "userName": "Abraham Mundia"
    },
    {
        "appVersion": "1.3.4",
        "at": "2023-08-11 08:09:34",
        "content": "paison",
        "repliedAt": "2023-08-15 09:24:50",
        "replyContent": "Thanks for your review! Please recommend our app to your friends, and don\u2019t hesitate to shoot us a note at vorevo.apps@gmail.com if you have any questions.",
        "reviewCreatedVersion": "1.3.4",
        "reviewId": "1c2bc19a-539a-445d-9de9-6d0ff874e955",
        "score": 5,
        "thumbsUpCount": 0,
        "userImage": "https://play-lh.googleusercontent.com/a-/ALV-UjWyVZbKDUGzZ3Pex34EkC7kdQEUt4v86zswTRWoJGACGms",
        "userName": "Allan Moses Bwalya (Allanzo)"
    },
    {
        "appVersion": "1.3.4",
        "at": "2023-08-10 21:02:11",
        "content": "realistically really fantastic app",
        "repliedAt": "2023-08-15 09:25:07",
        "replyContent": "Dear User, we are happy to know that you found our app useful. Please help us by spreading the word amongst your friends. If you have any feedback or suggestions, please write to us at vorevo.apps@gmail.com. We would love to hear from you!",
        "reviewCreatedVersion": "1.3.4",
        "reviewId": "b0bec0c6-08cd-4bdf-867b-056556157d56",
        "score": 5,
        "thumbsUpCount": 0,
        "userImage": "https://play-lh.googleusercontent.com/a/ACg8ocIC1BYy2HywgoI_mTW_AdmK2EhV32AZhTwKtdJuoYad=mo",
        "userName": "Awunga Peter"
    },
    {
        "appVersion": "1.3.4",
        "at": "2023-08-07 11:28:52",
        "content": "very good",
        "repliedAt": "2023-08-15 09:26:29",
        "replyContent": "Thank you for your review. Enjoy the app & keep supporting us :)\nIf you have any feedback or suggestion, you could write to us at vorevo.apps@gmail.com. We would love to hear from you!",
        "reviewCreatedVersion": "1.3.4",
        "reviewId": "bd3e8cc7-28af-45da-92b9-8922049091d6",
        "score": 5,
        "thumbsUpCount": 0,
        "userImage": "https://play-lh.googleusercontent.com/a-/ALV-UjWZMdyhcekP1SxYKzatTr1zDbpUsSETE7kiBUCZy4P1Cbk",
        "userName": "MANZI MOSES"
    },
    {
        "appVersion": "1.3.4",
        "at": "2023-08-07 09:30:07",
        "content": "Amazing style keep going for more.",
        "repliedAt": "2023-08-15 09:26:06",
        "replyContent": "Thanks for your review! Please recommend our app to your friends, and don\u2019t hesitate to shoot us a note at vorevo.apps@gmail.com if you have any questions.",
        "reviewCreatedVersion": "1.3.4",
        "reviewId": "ec1553c4-2c8c-40a4-8658-08590175a8c2",
        "score": 5,
        "thumbsUpCount": 3,
        "userImage": "https://play-lh.googleusercontent.com/a-/ALV-UjVPB7qekFPCOF-echsxrrSSE3qWzTxkZS8x3poWPu7DFA",
        "userName": "atakora bilal"
    },
    {
        "appVersion": "1.3.4",
        "at": "2023-08-06 21:09:31",
        "content": "THIS IS A GOOD APP",
        "repliedAt": "2023-08-15 09:25:54",
        "replyContent": "Hi,\nHappy to hear that you find the app good :)\nPlease let us know the reason behind this low rating at vorevo.apps@gmail.com. We'd be happy to improve our app based on your suggestions.\nThanks!",
        "reviewCreatedVersion": "1.3.4",
        "reviewId": "3218b246-b039-4311-ad9b-0116a33c7b72",
        "score": 2,
        "thumbsUpCount": 0,
        "userImage": "https://play-lh.googleusercontent.com/a/ACg8ocIFH5qFsVr0tRhthBshsYIk3IOSHcgIbAKWkJLuFF8m=mo",
        "userName": "Aaden Aaby"
    },
    {
        "appVersion": "1.3.4",
        "at": "2023-08-05 12:20:40",
        "content": "Nice app it make me look cuite",
        "repliedAt": "2023-08-05 18:16:17",
        "replyContent": "Thanks for the review. If you like our app, would you mind rating us 5 stars? That would be very encouraging for us.",
        "reviewCreatedVersion": "1.3.4",
        "reviewId": "9f556c53-b0c5-4373-a8a9-8d286c958381",
        "score": 1,
        "thumbsUpCount": 0,
        "userImage": "https://play-lh.googleusercontent.com/a/ACg8ocJjD1woplVUU82rxLRGLyxWUPdNqzU5SIDI_oN7HyMH=mo",
        "userName": "Juicy Dan"
    },
    {
        "appVersion": "1.3.4",
        "at": "2023-08-03 07:38:19",
        "content": "Unique",
        "repliedAt": "2023-08-05 18:17:18",
        "replyContent": "Thanks for your review! Please recommend our app to your friends, and don\u2019t hesitate to shoot us a note at vorevo.apps@gmail.com if you have any questions.",
        "reviewCreatedVersion": "1.3.4",
        "reviewId": "3d69e878-df07-4c15-a34e-6a931b8eaacd",
        "score": 5,
        "thumbsUpCount": 0,
        "userImage": "https://play-lh.googleusercontent.com/a/ACg8ocKj234kFIq4RVxg8rnOHnrlfukb5NPR5FjYJufs6eg=mo",
        "userName": "EDWIN Alaoma"
    },
    {
        "appVersion": "1.3.4",
        "at": "2023-08-02 13:37:53",
        "content": "nice",
        "repliedAt": "2023-08-05 18:17:28",
        "replyContent": "Thanks for your review! Please recommend our app to your friends, and don\u2019t hesitate to shoot us a note at vorevo.apps@gmail.com if you have any questions.",
        "reviewCreatedVersion": "1.3.4",
        "reviewId": "82d4ec10-7963-416c-a105-edc8b835a8e2",
        "score": 5,
        "thumbsUpCount": 0,
        "userImage": "https://play-lh.googleusercontent.com/a-/ALV-UjXRKBZtcmtQNkOl8KI9oHfNXbdLbBv38XuV0C0FzIu0-Q",
        "userName": "morgan yusuf"
    },
    {
        "appVersion": "1.3.4",
        "at": "2023-07-31 21:44:27",
        "content": "Good",
        "repliedAt": "2023-08-05 18:17:35",
        "replyContent": "Thanks for your review! Please recommend our app to your friends, and don\u2019t hesitate to shoot us a note at vorevo.apps@gmail.com if you have any questions.",
        "reviewCreatedVersion": "1.3.4",
        "reviewId": "485f7794-c97c-4ff7-bec5-61a6199b68b7",
        "score": 5,
        "thumbsUpCount": 0,
        "userImage": "https://play-lh.googleusercontent.com/a-/ALV-UjXhVFh4J1PL36nHDd03hbtGh7AX1pGg7Pc-l6EQCWxuBc0",
        "userName": "Thendo Hamilton"
    },
    {
        "appVersion": "1.3.4",
        "at": "2023-07-31 10:34:37",
        "content": "good",
        "repliedAt": "2023-08-05 18:16:55",
        "replyContent": "Dear User, we are glad you liked the app. We request you to give us a 5-star rating as it is the best encouragement for our team.",
        "reviewCreatedVersion": "1.3.4",
        "reviewId": "1602cecd-95a6-4150-943e-41fd938eacb7",
        "score": 4,
        "thumbsUpCount": 0,
        "userImage": "https://play-lh.googleusercontent.com/a-/ALV-UjWCsvysM5Ivcn0oLbOs7Q6TSXw9YV8kq5NSE2OKdBj7lZU",
        "userName": "YUSUF MOHAMMED"
    },
    {
        "appVersion": "1.3.4",
        "at": "2023-07-27 06:19:58",
        "content": "This app is very good thank for the hard work.",
        "repliedAt": "2023-07-28 01:50:01",
        "replyContent": "Thanks for your review! Please recommend our app to your friends, and don\u2019t hesitate to shoot us a note at vorevo.apps@gmail.com if you have any questions.",
        "reviewCreatedVersion": "1.3.4",
        "reviewId": "e99aac78-68a2-4941-996c-5b474d99a903",
        "score": 5,
        "thumbsUpCount": 1,
        "userImage": "https://play-lh.googleusercontent.com/a/ACg8ocLjEfgP2a0T-bOloJI4eVvhvogjDdZhwHDlMDMLKbFN=mo",
        "userName": "Jereline Mambu"
    },
    {
        "appVersion": "1.3.4",
        "at": "2023-07-25 20:17:44",
        "content": "congo,",
        "repliedAt": "2023-07-28 01:50:12",
        "replyContent": "Thanks for your review! Please recommend our app to your friends, and don\u2019t hesitate to shoot us a note at vorevo.apps@gmail.com if you have any questions.",
        "reviewCreatedVersion": "1.3.4",
        "reviewId": "bb283b63-9fb4-4dae-9348-462e55f298ab",
        "score": 5,
        "thumbsUpCount": 0,
        "userImage": "https://play-lh.googleusercontent.com/a-/ALV-UjVDDsONWkITDiRENvx0dx-o4qc3Ee15I5qcRxz8R9FCRg",
        "userName": "Sadi key bikye'om"
    },
    {
        "appVersion": "1.3.4",
        "at": "2023-07-19 04:11:20",
        "content": "This app is really great fantastic get all hairstyle you want",
        "repliedAt": "2023-07-19 22:26:58",
        "replyContent": "Thanks for your review! Please recommend our app to your friends, and don\u2019t hesitate to shoot us a note at vorevo.apps@gmail.com if you have any questions.",
        "reviewCreatedVersion": "1.3.4",
        "reviewId": "d492ad73-3f12-407b-943e-6489dd16ff36",
        "score": 5,
        "thumbsUpCount": 17,
        "userImage": "https://play-lh.googleusercontent.com/a/ACg8ocKctgIlui6t1M2cOXuNUHzyeaEIGmi5J8VPAnLYO_cv=mo",
        "userName": "Reabetswe Moremane"
    },
    {
        "appVersion": "1.3.4",
        "at": "2023-07-17 19:44:29",
        "content": "I love this app it's my favorite",
        "repliedAt": "2023-07-18 10:04:56",
        "replyContent": "Thanks for your review! Please recommend our app to your friends, and don\u2019t hesitate to shoot us a note at vorevo.apps@gmail.com if you have any questions.",
        "reviewCreatedVersion": "1.3.4",
        "reviewId": "b5cb3f15-32ff-427c-9e3d-1ec6abd5cc23",
        "score": 5,
        "thumbsUpCount": 2,
        "userImage": "https://play-lh.googleusercontent.com/a-/ALV-UjXKLy_om84LI8kpHL3Yy_MEjx1UQgabQlj5Svxx0rWqw0g",
        "userName": "John T. Mitchell lll"
    },
    {
        "appVersion": "1.3.4",
        "at": "2023-07-17 14:33:36",
        "content": "l Love what I can see",
        "repliedAt": "2023-07-18 10:05:09",
        "replyContent": "Thanks for your love. If you have any questions, please contact us at vorevo.apps@gmail.com.",
        "reviewCreatedVersion": "1.3.4",
        "reviewId": "53a8ca7b-4473-49dc-855a-5b176b22fbf7",
        "score": 5,
        "thumbsUpCount": 0,
        "userImage": "https://play-lh.googleusercontent.com/a/ACg8ocJxxHnWGR4UBitmUFDyYbKEbguVTho8czuY289MqAQQ=mo",
        "userName": "Thabo Godfrey"
    },
    {
        "appVersion": "1.3.4",
        "at": "2023-07-17 08:54:40",
        "content": "very nice app where there is literally ever hairstyles you seek for",
        "repliedAt": "2023-07-18 10:05:31",
        "replyContent": "If you like our app, please give us 5 star rating. Also, do recommend it to your friends, and don\u2019t hesitate to shoot us a note at vorevo.apps@gmail.com if you have any questions.",
        "reviewCreatedVersion": "1.3.4",
        "reviewId": "01a58238-3765-4064-a003-97e609235108",
        "score": 4,
        "thumbsUpCount": 21,
        "userImage": "https://play-lh.googleusercontent.com/a-/ALV-UjUiEM3Xx6HeHRBCrUYnb81Kd3DcOtBCK2nCW1hQxh07Ag",
        "userName": "Awomosu Segun"
    },
    {
        "appVersion": null,
        "at": "2023-07-17 06:16:54",
        "content": "Unique",
        "repliedAt": "2023-07-18 10:05:50",
        "replyContent": "Thanks for your review! Please recommend our app to your friends, and don\u2019t hesitate to shoot us a note at vorevo.apps@gmail.com if you have any questions.",
        "reviewCreatedVersion": null,
        "reviewId": "ca1592ba-2cd8-498e-b56f-bb45d081f73b",
        "score": 5,
        "thumbsUpCount": 0,
        "userImage": "https://play-lh.googleusercontent.com/a/ACg8ocKFEqnQXIpyRyNsc38W54wBUWQaInCI32yYW45mUfWb=mo",
        "userName": "Trust Kenny"
    },
    {
        "appVersion": "1.3.4",
        "at": "2023-07-16 04:02:05",
        "content": "great job \ud83d\udc96\ud83c\udf80",
        "repliedAt": "2023-07-18 10:06:18",
        "replyContent": "We are pleased that you enjoyed the app. If there is anything we can do for you, just let us know at vorevo.apps@gmail.com!\nHave a wonderful day!",
        "reviewCreatedVersion": "1.3.4",
        "reviewId": "ae754b1a-7181-4b1a-b4b3-21ca33c1a254",
        "score": 5,
        "thumbsUpCount": 0,
        "userImage": "https://play-lh.googleusercontent.com/a/ACg8ocKg0ihDJ3w2mJvAfwOS7j9CdB8PqTXQLzbJjo7Mnsvh=mo",
        "userName": "THATO Monhla"
    },
    {
        "appVersion": null,
        "at": "2023-07-07 14:05:22",
        "content": "Good",
        "repliedAt": "2023-07-12 12:03:49",
        "replyContent": "Thanks a lot for your rating and safe rides :)",
        "reviewCreatedVersion": null,
        "reviewId": "4bf8902e-51b9-4b87-8b95-050e0c747366",
        "score": 5,
        "thumbsUpCount": 0,
        "userImage": "https://play-lh.googleusercontent.com/a/ACg8ocKwNw1cggRFW1qu-8lyP0SEDWN4rhVSFJdb64RFqqen=mo",
        "userName": "OTZ HMHO"
    },
    {
        "appVersion": null,
        "at": "2023-06-30 11:15:13",
        "content": "cameroon",
        "repliedAt": "2023-07-02 09:43:39",
        "replyContent": "We see that you gave us 1 star. We would like to know if you're having any problem with the app? If you have any suggestion to help us improve, please let us know at vorevo.apps@gmail.com.",
        "reviewCreatedVersion": null,
        "reviewId": "9da853a7-0fbe-4136-b812-1498ac7c851c",
        "score": 1,
        "thumbsUpCount": 1,
        "userImage": "https://play-lh.googleusercontent.com/a/ACg8ocL7D1MwEj5mky1XQxASA07DeDOhbiJpn0920KBXpA2B=mo",
        "userName": "Afembobi Brandon"
    },
    {
        "appVersion": "1.3.3",
        "at": "2023-06-28 07:52:15",
        "content": "I like it",
        "repliedAt": "2023-06-28 17:47:02",
        "replyContent": "Thanks for your review! Please recommend our app to your friends, and don\u2019t hesitate to shoot us a note at vorevo.apps@gmail.com if you have any questions.",
        "reviewCreatedVersion": "1.3.3",
        "reviewId": "c282a9a5-d859-4a44-9a14-fa326a03fed8",
        "score": 5,
        "thumbsUpCount": 0,
        "userImage": "https://play-lh.googleusercontent.com/a/ACg8ocJI9Mm7wMKMwvoEy0-QJeBBvuo_fGhxIInqkqyIAUNC=mo",
        "userName": "Keamogetswe Nkomo"
    },
    {
        "appVersion": "1.3.3",
        "at": "2023-06-28 06:50:25",
        "content": "Good for me",
        "repliedAt": "2023-06-28 17:48:15",
        "replyContent": "Hi, we are happy to know that you like our app. Please rate us 5 stars and share detailed feedback at vorevo.apps@gmail.com to support our future endeavors.",
        "reviewCreatedVersion": "1.3.3",
        "reviewId": "b2a666c5-bf82-4abc-aacc-c6daef5721f4",
        "score": 3,
        "thumbsUpCount": 0,
        "userImage": "https://play-lh.googleusercontent.com/a/ACg8ocJ2yEXVa3Ur-a4OwTsJ0iBDtB_gdLgZlwhLkvxpxTVL=mo",
        "userName": "Eric Afihene"
    },
    {
        "appVersion": "1.3.3",
        "at": "2023-06-27 03:39:18",
        "content": "nice app",
        "repliedAt": "2023-06-28 17:47:58",
        "replyContent": "Hi, we are happy to know that you like our app. Please rate us 5 stars and share detailed feedback at vorevo.apps@gmail.com to support our future endeavors.",
        "reviewCreatedVersion": "1.3.3",
        "reviewId": "d67d2249-a615-44e2-9671-02c1934fcaff",
        "score": 3,
        "thumbsUpCount": 0,
        "userImage": "https://play-lh.googleusercontent.com/a-/ALV-UjXFRBOaZQNZVlfuIvV-Pun5MUjIM6slr5TqcG-Bum8gfg",
        "userName": "Kruz \u201cHustlekid\u201d"
    },
    {
        "appVersion": "1.3.3",
        "at": "2023-06-26 20:56:13",
        "content": "beautiful hair style",
        "repliedAt": "2023-06-28 17:47:25",
        "replyContent": "Thanks for taking out time to rate us. It really helps us to keep going and delivering the best :)",
        "reviewCreatedVersion": "1.3.3",
        "reviewId": "f921d4eb-7fcb-4684-8e6c-55e6bfa560be",
        "score": 5,
        "thumbsUpCount": 1,
        "userImage": "https://play-lh.googleusercontent.com/a-/ALV-UjXvRhRLA9-d_579pjC4CR9Y3ZX2NIibsQ3KRZ2QRKs5b9SE",
        "userName": "Aziko Kayas"
    },
    {
        "appVersion": null,
        "at": "2023-06-26 17:24:15",
        "content": "very nice app I love the haircut",
        "repliedAt": "2023-06-26 18:04:54",
        "replyContent": "Thanks for your review! Please recommend our app to your friends, and don\u2019t hesitate to shoot us a note at vorevo.apps@gmail.com if you have any questions.",
        "reviewCreatedVersion": null,
        "reviewId": "e99a6eb6-2e11-44ae-a3be-2b73680bb0a7",
        "score": 5,
        "thumbsUpCount": 0,
        "userImage": "https://play-lh.googleusercontent.com/a/ACg8ocJg-fiws83DhTPeJTWfqsroHaZwe3bPbj6cKT-70cB_=mo",
        "userName": "armeeraty Yusuf"
    },
    {
        "appVersion": "1.3.3",
        "at": "2023-06-26 16:13:07",
        "content": "Good",
        "repliedAt": "2023-06-26 18:05:23",
        "replyContent": "Thanks for the 5 star rating. Hope you continue to using our app. If you have any feedback or suggestions, please write to us at vorevo.apps@gmail.com. We would love to hear from you!",
        "reviewCreatedVersion": "1.3.3",
        "reviewId": "a8d402fc-9d40-4146-abbf-9b4b2b6d5e27",
        "score": 5,
        "thumbsUpCount": 0,
        "userImage": "https://play-lh.googleusercontent.com/a-/ALV-UjVYAYXgZu8hzK8IwIJjg2T03pfbuaPKaARV04HmbWFHhw",
        "userName": "Sekhesa Penane"
    },
    {
        "appVersion": "1.3.2",
        "at": "2023-06-13 03:50:16",
        "content": "Ry-Leigh",
        "repliedAt": "2023-06-13 19:41:26",
        "replyContent": "Hi, could you please tell us more about your issue? Please get in touch with us at vorevo.apps@gmail.com. Thanks.",
        "reviewCreatedVersion": "1.3.2",
        "reviewId": "351d963c-1dfb-42cb-9e13-938d842ca72d",
        "score": 1,
        "thumbsUpCount": 1,
        "userImage": "https://play-lh.googleusercontent.com/a/ACg8ocLc-FpSPDSAxofO8pBUKmRe0Bx-I8gz-h1QK6q1qBxA=mo",
        "userName": "Nellie Naidoo"
    },
    {
        "appVersion": "1.3.2",
        "at": "2023-06-10 02:37:33",
        "content": "super cool",
        "repliedAt": "2023-06-13 19:41:48",
        "replyContent": "Thanks for taking out time to rate us. It really helps us to keep going and delivering the best :)",
        "reviewCreatedVersion": "1.3.2",
        "reviewId": "db4154e0-71b5-4228-a4c4-294311120ab5",
        "score": 5,
        "thumbsUpCount": 0,
        "userImage": "https://play-lh.googleusercontent.com/a-/ALV-UjVXD_KaMexnU-SsLLNXWSkrpGhpyo-KYcMiRqLzSOtiRQ",
        "userName": "Mvula Phushuli"
    },
    {
        "appVersion": "1.3.2",
        "at": "2023-06-08 18:34:20",
        "content": "\u270c\ud83c\udffcI really loved the app is very nice\ud83e\udd1c\ud83c\udffc\ud83e\udd1b\ud83c\udffc",
        "repliedAt": "2023-06-09 17:53:12",
        "replyContent": "Thanks for taking out time to rate us. It really helps us to keep going and delivering the best :)",
        "reviewCreatedVersion": "1.3.2",
        "reviewId": "7358e765-648e-4185-8786-31532752f22b",
        "score": 5,
        "thumbsUpCount": 0,
        "userImage": "https://play-lh.googleusercontent.com/a/ACg8ocL6DovSvjstiZuVDBC0dtUoPoPEbjaDeuPDAUuGyR10=mo",
        "userName": "Thomas Muthevuie"
    },
    {
        "appVersion": "1.3.2",
        "at": "2023-06-08 09:38:48",
        "content": "its fyn this app",
        "repliedAt": "2023-06-09 17:53:26",
        "replyContent": "Thanks for taking out time to rate us. It really helps us to keep going and delivering the best :)",
        "reviewCreatedVersion": "1.3.2",
        "reviewId": "7f09e982-a7c6-4258-88c9-5e6d5b8d098a",
        "score": 5,
        "thumbsUpCount": 0,
        "userImage": "https://play-lh.googleusercontent.com/a/ACg8ocLkLR0l1CtSqCDFFkKp00JlGoJKWfdMExhytukG91KI=mo",
        "userName": "Daniel Mokgalagadi"
    },
    {
        "appVersion": "1.3.2",
        "at": "2023-06-06 04:04:26",
        "content": "top",
        "repliedAt": "2023-06-09 17:54:07",
        "replyContent": "Hi, if you like the app, could you please give us more stars?",
        "reviewCreatedVersion": "1.3.2",
        "reviewId": "f4af0663-e018-4ca9-adea-404c14291f3f",
        "score": 2,
        "thumbsUpCount": 0,
        "userImage": "https://play-lh.googleusercontent.com/a-/ALV-UjULnx-7jE5FlUU-tNXvFskCpA5lmfEyhc1quAkkTJ4YVA",
        "userName": "Franck Zeinang"
    },
    {
        "appVersion": "1.3.2",
        "at": "2023-06-05 17:36:48",
        "content": "it's a good app.i managed to get my haircut which matches my head and face",
        "repliedAt": "2023-06-09 17:54:30",
        "replyContent": "Hi! We are glad that you like our app. We'd very much appreciate if you have any recommendations/suggestions for us to get 5-star rating. Thank you very much.",
        "reviewCreatedVersion": "1.3.2",
        "reviewId": "4e1f725c-4764-4fe3-99dc-0f49214d61ad",
        "score": 4,
        "thumbsUpCount": 4,
        "userImage": "https://play-lh.googleusercontent.com/a/ACg8ocLxPKm1-sX5LDqBNRrcncySiue8YWMZ3SH-uiPN6Odw=mo",
        "userName": "Ashton Chauke"
    },
    {
        "appVersion": "1.3.2",
        "at": "2023-05-25 19:51:31",
        "content": "I like this app",
        "repliedAt": "2023-06-03 19:32:07",
        "replyContent": "Thanks for your review! Please recommend our app to your friends, and don\u2019t hesitate to shoot us a note at vorevo.apps@gmail.com if you have any questions.",
        "reviewCreatedVersion": "1.3.2",
        "reviewId": "52213293-64af-4b35-b79b-53b74cbe116f",
        "score": 5,
        "thumbsUpCount": 0,
        "userImage": "https://play-lh.googleusercontent.com/a-/ALV-UjVH3RUkfNtHFl3TUsU2gRGtdFLJ_VRw9N8ucDmx1CqEDVQ",
        "userName": "Lebogang Moleki"
    },
    {
        "appVersion": "1.3.2",
        "at": "2023-05-23 07:44:53",
        "content": "I need to no",
        "repliedAt": "2023-06-03 19:33:43",
        "replyContent": "Thank you so much for your encouraging star ratings!\n",
        "reviewCreatedVersion": "1.3.2",
        "reviewId": "26e6798e-2dea-4fc9-93d6-edd0e523ead3",
        "score": 5,
        "thumbsUpCount": 0,
        "userImage": "https://play-lh.googleusercontent.com/a/ACg8ocKzM3Ini1UGqbXMMzV1AfNSEB8zzaQufFf9JkrNboxW=mo",
        "userName": "Udeme Bassey"
    },
    {
        "appVersion": "1.3.2",
        "at": "2023-05-21 07:04:42",
        "content": "Perfect am able to get the fade haircut for my own face shape and head shape",
        "repliedAt": "2023-06-03 19:33:17",
        "replyContent": "Thanks for your review! Please recommend our app to your friends, and don\u2019t hesitate to shoot us a note at vorevo.apps@gmail.com if you have any questions.",
        "reviewCreatedVersion": "1.3.2",
        "reviewId": "81024b1e-b161-42a7-9ec1-b8c063954ecf",
        "score": 5,
        "thumbsUpCount": 3,
        "userImage": "https://play-lh.googleusercontent.com/a/ACg8ocI-DPFC5a0l8NSDtVeVoHtqbfr72zHh1KSYMJtg7-KD=mo",
        "userName": "John Okolo"
    },
    {
        "appVersion": "1.3.2",
        "at": "2023-05-20 06:25:02",
        "content": "Very Unique",
        "repliedAt": "2023-05-20 16:41:34",
        "replyContent": "Thanks for your review! Please recommend our app to your friends, and don\u2019t hesitate to shoot us a note at vorevo.apps@gmail.com if you have any questions.",
        "reviewCreatedVersion": "1.3.2",
        "reviewId": "a7d84f3d-aee1-4092-a874-74f5f7b4deaa",
        "score": 5,
        "thumbsUpCount": 0,
        "userImage": "https://play-lh.googleusercontent.com/a-/ALV-UjWZS_z7rsRitni5pVTWbzBs549LQx7rPQvWgcLTXUnMnA",
        "userName": "Stephen Jeppoe"
    },
    {
        "appVersion": "1.3.2",
        "at": "2023-05-19 17:14:00",
        "content": "nice",
        "repliedAt": "2023-05-19 23:48:32",
        "replyContent": "Thanks for taking out time to rate us. It really helps us to keep going and delivering the best :)",
        "reviewCreatedVersion": "1.3.2",
        "reviewId": "b9b28255-8ec8-4603-9486-118e923f936a",
        "score": 5,
        "thumbsUpCount": 0,
        "userImage": "https://play-lh.googleusercontent.com/a/ACg8ocJCxmdFVux1bgGcmlCAW0ewr9LXtny7SRR7JYpIM5qO=mo",
        "userName": "David Nkansah"
    },
    {
        "appVersion": null,
        "at": "2023-05-18 09:43:26",
        "content": "Original",
        "repliedAt": "2023-05-19 23:49:05",
        "replyContent": "Thanks for your review! Please recommend our app to your friends, and don\u2019t hesitate to shoot us a note at vorevo.apps@gmail.com if you have any questions.",
        "reviewCreatedVersion": null,
        "reviewId": "34336df9-42db-416f-b324-106eebd25a8d",
        "score": 5,
        "thumbsUpCount": 0,
        "userImage": "https://play-lh.googleusercontent.com/a/ACg8ocILRvEWm-wR43SP_uNQmisYvlKJNwq6ZSRm1UwWN6Y=mo",
        "userName": "Tabi Amponsah Rabbi"
    },
    {
        "appVersion": "1.3.2",
        "at": "2023-05-18 05:58:22",
        "content": "good",
        "repliedAt": "2023-05-19 23:49:18",
        "replyContent": "Thanks a lot for your rating and safe rides :)",
        "reviewCreatedVersion": "1.3.2",
        "reviewId": "f9cb1a9f-873f-4a52-a036-14ef500b58c2",
        "score": 5,
        "thumbsUpCount": 0,
        "userImage": "https://play-lh.googleusercontent.com/a/ACg8ocImA149JMe-BMMxKhfGEHv31o7BfAw533wXb7RssGmF=mo",
        "userName": "FANITA DEBORAH KAMARA"
    },
    {
        "appVersion": "1.3.2",
        "at": "2023-05-17 09:59:06",
        "content": "good",
        "repliedAt": "2023-05-19 23:49:35",
        "replyContent": "Thanks for your review! Please recommend our app to your friends, and don\u2019t hesitate to shoot us a note at vorevo.apps@gmail.com if you have any questions.",
        "reviewCreatedVersion": "1.3.2",
        "reviewId": "9c49ea50-3a48-4ceb-afe9-0be9e450b085",
        "score": 5,
        "thumbsUpCount": 0,
        "userImage": "https://play-lh.googleusercontent.com/a/ACg8ocIAPu7ka4QQNpJqYSla3gUM5eInibYx4cw430veX3UG=mo",
        "userName": "Augustine"
    },
    {
        "appVersion": "1.3.2",
        "at": "2023-05-14 09:46:25",
        "content": "Excellent",
        "repliedAt": "2023-05-15 04:44:52",
        "replyContent": "Thanks for taking out time to rate us. It really helps us to keep going and delivering the best :)",
        "reviewCreatedVersion": "1.3.2",
        "reviewId": "17e28590-61ab-4dc5-87d4-08c13a09b733",
        "score": 5,
        "thumbsUpCount": 0,
        "userImage": "https://play-lh.googleusercontent.com/a/ACg8ocJnrCi1HkrqktyF_ACUyHIP3MxsChCQU8kwxjb-lqoY=mo",
        "userName": "BKD 247"
    },
    {
        "appVersion": null,
        "at": "2023-05-07 15:54:50",
        "content": "Awesomeness",
        "repliedAt": "2023-05-10 19:33:47",
        "replyContent": "We are pleased that you enjoyed the app. If there is anything we can do for you, just let us know at vorevo.apps@gmail.com!\nHave a wonderful day!",
        "reviewCreatedVersion": null,
        "reviewId": "cf822bf0-e699-4111-89fb-10debbb24256",
        "score": 5,
        "thumbsUpCount": 0,
        "userImage": "https://play-lh.googleusercontent.com/a-/ALV-UjUqpJVLmeryZk2m9RCk61vqS6tGbPPETqMRCEXm0ji6L9Q",
        "userName": "Earl Moses"
    },
    {
        "appVersion": "1.3.2",
        "at": "2023-05-05 14:01:31",
        "content": "icons",
        "repliedAt": "2023-05-10 19:33:26",
        "replyContent": "Thanks for your review! Please recommend our app to your friends, and don\u2019t hesitate to shoot us a note at vorevo.apps@gmail.com if you have any questions.",
        "reviewCreatedVersion": "1.3.2",
        "reviewId": "aea205f2-3b5c-47d8-98f1-ea349d971489",
        "score": 5,
        "thumbsUpCount": 0,
        "userImage": "https://play-lh.googleusercontent.com/a/ACg8ocJCSBSnPVAIVkv_vQjkr1Muqb5_Q-Qt-uL1I51H-UGt=mo",
        "userName": "Mohamed kargbo"
    },
    {
        "appVersion": "1.3.2",
        "at": "2023-04-24 14:34:48",
        "content": "this app is fantastic",
        "repliedAt": "2023-04-24 18:32:42",
        "replyContent": "Thanks for your review! Please recommend our app to your friends, and don\u2019t hesitate to shoot us a note at vorevo.apps@gmail.com if you have any questions.",
        "reviewCreatedVersion": "1.3.2",
        "reviewId": "ba3e19df-70e7-425b-9fd4-1a7f0435d0d9",
        "score": 5,
        "thumbsUpCount": 1,
        "userImage": "https://play-lh.googleusercontent.com/a/ACg8ocLM1b_CSoM4jUL7BSWj5sum8jp7IRjG4siCkTkygeHn=mo",
        "userName": "Azumah Kwesi"
    },
    {
        "appVersion": null,
        "at": "2023-04-23 04:52:07",
        "content": "Cameroon",
        "repliedAt": "2023-04-23 07:09:58",
        "replyContent": "Thank you so much for your encouraging star ratings!\n",
        "reviewCreatedVersion": null,
        "reviewId": "434623f6-5af3-48cb-8b1e-8e2775cc6709",
        "score": 5,
        "thumbsUpCount": 0,
        "userImage": "https://play-lh.googleusercontent.com/a/ACg8ocJxlp6s_HvF39uQt6deLLosc_pIcPuCeCvvsc6K3Kc=mo",
        "userName": "Boris Slope"
    },
    {
        "appVersion": "1.3.2",
        "at": "2023-04-18 19:07:34",
        "content": "great app",
        "repliedAt": "2023-04-19 00:28:57",
        "replyContent": "Thanks for your review! Please recommend our app to your friends, and don\u2019t hesitate to shoot us a note at vorevo.apps@gmail.com if you have any questions.",
        "reviewCreatedVersion": "1.3.2",
        "reviewId": "34dc5da5-1c2f-4557-887e-3cfe62e3b625",
        "score": 5,
        "thumbsUpCount": 0,
        "userImage": "https://play-lh.googleusercontent.com/a/ACg8ocI8JBuOeSs7t0LalhfhZjkdHdHGsBXCeZ2oXvTfKOhe=mo",
        "userName": "Eche Ezenwa"
    },
    {
        "appVersion": "1.3.2",
        "at": "2023-04-17 05:51:51",
        "content": "nice app",
        "repliedAt": "2023-04-17 06:14:32",
        "replyContent": "Thank you very much. Keep using our app :)",
        "reviewCreatedVersion": "1.3.2",
        "reviewId": "31fae36d-5a4e-4ed6-9cc0-17ce4147de30",
        "score": 5,
        "thumbsUpCount": 0,
        "userImage": "https://play-lh.googleusercontent.com/a/ACg8ocJKNUCW0wz3mKVwKYEiysnFjqYliYvPVdOhkThM1E3J=mo",
        "userName": "DL D3VA"
    },
    {
        "appVersion": null,
        "at": "2023-04-16 20:21:04",
        "content": "Nice",
        "repliedAt": "2023-04-17 01:11:29",
        "replyContent": "Dear User, we are glad you liked the app. We request you to give us a 5-star rating as it is the best encouragement for our team.",
        "reviewCreatedVersion": null,
        "reviewId": "d1babb0b-21b8-434c-920a-fc30eefcf436",
        "score": 1,
        "thumbsUpCount": 0,
        "userImage": "https://play-lh.googleusercontent.com/a/ACg8ocJd7Pm83HrtPYrpSzZvHjziL4Q2DZJZI6lOsKW6_14C=mo",
        "userName": "Rossow Cavate"
    },
    {
        "appVersion": "1.3.2",
        "at": "2023-04-16 11:38:39",
        "content": "the app is super smart and sharp I just think there should include the ability to share the photos to our various social media handles",
        "repliedAt": "2023-04-16 17:48:53",
        "replyContent": "Dear User, really appreciate your suggestion. We will consider it and improve our app in the new version. If you have questions or suggestions please contact us at vorevo.apps@gmail.com.",
        "reviewCreatedVersion": "1.3.2",
        "reviewId": "ed5128e5-d8f1-4262-8e9e-4d18f40a857e",
        "score": 1,
        "thumbsUpCount": 13,
        "userImage": "https://play-lh.googleusercontent.com/a/ACg8ocKXUUgSLOoTgxB-mPNkI3vzeSqbBZ30F0SH9zKEs24V=mo",
        "userName": "Jude Oneshioze"
    },
    {
        "appVersion": null,
        "at": "2023-04-14 18:31:52",
        "content": "Good",
        "repliedAt": "2023-04-15 23:12:46",
        "replyContent": "Dear User, we are glad you liked the app. We request you to give us a 5-star rating as it is the best encouragement for our team.",
        "reviewCreatedVersion": null,
        "reviewId": "3718437b-1d6c-435c-96dc-704713bb2571",
        "score": 4,
        "thumbsUpCount": 0,
        "userImage": "https://play-lh.googleusercontent.com/a/ACg8ocKOJghjl-NDp1CQEb3u2XaAdLvZoF6rA-8fY8ch0QwF=mo",
        "userName": "Abdul Gbla"
    },
    {
        "appVersion": "1.3.2",
        "at": "2023-04-13 03:03:21",
        "content": "so good \ud83d\udc4d",
        "repliedAt": "2023-04-13 16:17:45",
        "replyContent": "Thanks for the 5 star rating. Hope you continue to using our app. If you have any feedback or suggestions, please write to us at vorevo.apps@gmail.com. We would love to hear from you!",
        "reviewCreatedVersion": "1.3.2",
        "reviewId": "1d3b0d5a-eb84-4b54-b33f-6d1faa4a8f80",
        "score": 5,
        "thumbsUpCount": 0,
        "userImage": "https://play-lh.googleusercontent.com/a-/ALV-UjWBxjlXVcC51jBd6F6qL9bwdmvBeX1xxRqUlb31kaMk0w",
        "userName": "Djd Simple"
    },
    {
        "appVersion": null,
        "at": "2023-04-11 06:47:12",
        "content": "Best of all!",
        "repliedAt": "2023-04-12 03:34:51",
        "replyContent": "Thanks for your review! Please recommend our app to your friends, and don\u2019t hesitate to shoot us a note at vorevo.apps@gmail.com if you have any questions.",
        "reviewCreatedVersion": null,
        "reviewId": "1cbd7ac9-ac1a-4d22-9cce-4a35d302bca7",
        "score": 5,
        "thumbsUpCount": 0,
        "userImage": "https://play-lh.googleusercontent.com/a-/ALV-UjWaoDEIr8NaOR8s3r_geVvUZONelon2hbHcR6ma9y_KbkE",
        "userName": "Michael Ankrah"
    },
    {
        "appVersion": null,
        "at": "2023-04-04 18:11:54",
        "content": "This is great",
        "repliedAt": "2023-04-04 23:18:45",
        "replyContent": "Hello,\nThank you for your review. What can we do to get five stars? :)",
        "reviewCreatedVersion": null,
        "reviewId": "089dec33-f733-4de4-8da8-d1f5a20b8c10",
        "score": 4,
        "thumbsUpCount": 0,
        "userImage": "https://play-lh.googleusercontent.com/a/ACg8ocKgrmhx9kmvKhT-6I7HdAV-SffKHCvrxh9VEdoQPn3o=mo",
        "userName": "Brian Rashford"
    },
    {
        "appVersion": "1.3.2",
        "at": "2023-04-04 13:10:49",
        "content": "Good it helps us to get our hairstyle",
        "repliedAt": "2023-04-04 17:53:48",
        "replyContent": "Dear User, thanks for your support. If you like us, please encourage us with 5\u2605 : )",
        "reviewCreatedVersion": "1.3.2",
        "reviewId": "cee80ce6-f85b-4af7-8516-1b82ed48b44b",
        "score": 4,
        "thumbsUpCount": 10,
        "userImage": "https://play-lh.googleusercontent.com/a/ACg8ocLLXn_arEPqZezcRtLT9Eh3cxVP_9ktZFmS4bxDUZb-Aw=mo",
        "userName": "Joshua Bansah Kolbire (Joshkay)"
    },
    {
        "appVersion": null,
        "at": "2023-04-03 16:40:21",
        "content": "Cool",
        "repliedAt": "2023-04-04 00:52:17",
        "replyContent": "Thank you very much for the 5-star rating. Keep using our app.",
        "reviewCreatedVersion": null,
        "reviewId": "39b5ce37-7b87-4c5e-971b-0fba6cb390f7",
        "score": 5,
        "thumbsUpCount": 0,
        "userImage": "https://play-lh.googleusercontent.com/a/ACg8ocKgy1XdTxNqHamT3K5laImTGSxNktepU_N6uxA2CLtv=mo",
        "userName": "Odimegwu Prisca"
    },
    {
        "appVersion": "1.3.2",
        "at": "2023-04-03 08:47:46",
        "content": "100% perfect",
        "repliedAt": "2023-04-03 10:36:44",
        "replyContent": "Thank you very much for the 5-star rating. Keep using our app.",
        "reviewCreatedVersion": "1.3.2",
        "reviewId": "93c66a51-7dcf-4ed9-81ab-5885195a2f15",
        "score": 5,
        "thumbsUpCount": 7,
        "userImage": "https://play-lh.googleusercontent.com/a-/ALV-UjXDauh2N4ynkdPBgfTS4rh4vioylhHLZwQjA8UYIxsmOVg",
        "userName": "John Mwaanga"
    },
    {
        "appVersion": "1.3.2",
        "at": "2023-03-29 08:00:53",
        "content": "I think like I found the best one",
        "repliedAt": "2023-03-29 11:41:48",
        "replyContent": "Hi! We are glad that you like our app. We'd very much appreciate if you have any suggestions for us to get 5-star rating. Thank you very much. Keep using our app.",
        "reviewCreatedVersion": "1.3.2",
        "reviewId": "6253e010-3e3f-47fc-9104-c3574e8e5682",
        "score": 4,
        "thumbsUpCount": 1,
        "userImage": "https://play-lh.googleusercontent.com/a/ACg8ocInEbXIBk2dWvitYasETrc9TtoQgYqVIBlM5R5nvikH=mo",
        "userName": "Glen Manganyi"
    },
    {
        "appVersion": "1.3.2",
        "at": "2023-03-22 06:48:22",
        "content": "Very goodd app",
        "repliedAt": "2023-03-23 02:38:01",
        "replyContent": "Thank you very much. Keep using our app :)",
        "reviewCreatedVersion": "1.3.2",
        "reviewId": "10c049b5-d475-4884-af21-b29462e03c46",
        "score": 5,
        "thumbsUpCount": 2,
        "userImage": "https://play-lh.googleusercontent.com/a-/ALV-UjX_iBE4t0weBaj0ZvD35fhlfcgEr24yX3Rd38VWRTFthw",
        "userName": "Karke Arafat jr"
    },
    {
        "appVersion": null,
        "at": "2023-03-22 03:54:29",
        "content": "very fair",
        "repliedAt": "2023-03-23 02:38:16",
        "replyContent": "Hi! We are glad that you like our app. We'd very much appreciate if you have any recommendations/suggestions for us to get 5-star rating. Thank you very much.",
        "reviewCreatedVersion": null,
        "reviewId": "d298ed9e-8017-40ec-9e3d-fdfc13b1c0d7",
        "score": 4,
        "thumbsUpCount": 0,
        "userImage": "https://play-lh.googleusercontent.com/a/ACg8ocIK9fKMTVV8X0kba_bJ7gTo-Qj3LzwrFzAg07vSm5rC=mo",
        "userName": "Fredrick Toivo"
    },
    {
        "appVersion": "1.3.2",
        "at": "2023-03-15 15:35:59",
        "content": "good",
        "repliedAt": "2023-03-23 02:38:59",
        "replyContent": "Dear User, we are glad you liked the app. We request you to give us a 5-star rating as it is the best encouragement for our team.",
        "reviewCreatedVersion": "1.3.2",
        "reviewId": "08d9bd26-45f9-4727-9908-412d2e97ea9e",
        "score": 4,
        "thumbsUpCount": 1,
        "userImage": "https://play-lh.googleusercontent.com/a/ACg8ocJcc52Z-WNJZ-b8N6-xV9kqQR13YPPnZ4tcbhOoWkm9=mo",
        "userName": "Anomneze Chimezie"
    },
    {
        "appVersion": null,
        "at": "2023-03-07 18:14:50",
        "content": "I like the app",
        "repliedAt": "2023-03-08 07:04:45",
        "replyContent": "Dear friend, we are really glad that you like our app. Your support and voice are very important to us.",
        "reviewCreatedVersion": null,
        "reviewId": "17f7bac4-2300-485d-a7d9-a8ea1870c6e6",
        "score": 5,
        "thumbsUpCount": 1,
        "userImage": "https://play-lh.googleusercontent.com/a/ACg8ocIYIWndRdPxibvru0wL5bFEAs-ODpDxdmSkNqfuMrDA=mo",
        "userName": "Silver Walker"
    },
    {
        "appVersion": "1.3.2",
        "at": "2023-02-20 08:52:28",
        "content": "Ok ew why would we",
        "repliedAt": "2023-02-20 19:56:21",
        "replyContent": "Hi, can you please provide details so that we know the reason for the low rating. This will help our team to improve our app and serve you better. Looking forward for your response. You can also reach out to vorevo.apps@gmail.com.",
        "reviewCreatedVersion": "1.3.2",
        "reviewId": "f3cd206f-9bd5-4845-8817-3408da25057a",
        "score": 1,
        "thumbsUpCount": 1,
        "userImage": "https://play-lh.googleusercontent.com/a/ACg8ocIYXW2Qo6IdRyGJySVtBI7kdam-md5u3QA-nPTpd9Tm=mo",
        "userName": "Issah Habuduh"
    },
    {
        "appVersion": null,
        "at": "2023-02-12 16:05:45",
        "content": "so nice \ud83d\ude0d\ud83d\ude0d",
        "repliedAt": "2023-02-12 18:17:13",
        "replyContent": "Thanks for your review! Please recommend our app to your friends, and don\u2019t hesitate to shoot us a note at vorevo.apps@gmail.com if you have any questions.",
        "reviewCreatedVersion": null,
        "reviewId": "24063892-f3ee-4743-86a5-996169426242",
        "score": 5,
        "thumbsUpCount": 0,
        "userImage": "https://play-lh.googleusercontent.com/a-/ALV-UjU0ukG3RBbtnEpu8MKPfaywddI9Nt2KwwsxQFNA6ziGPZc",
        "userName": "Adebayo johann Isiaq"
    },
    {
        "appVersion": "1.3.2",
        "at": "2023-02-11 10:02:09",
        "content": "Well done",
        "repliedAt": "2023-02-12 04:14:24",
        "replyContent": "Hi, we are happy to know that you like our app. Please rate us 5 stars and share detailed feedback at vorevo.apps@gmail.com to support our future endeavors.",
        "reviewCreatedVersion": "1.3.2",
        "reviewId": "c76e0128-ca94-4ca9-9222-ea351952cd88",
        "score": 3,
        "thumbsUpCount": 0,
        "userImage": "https://play-lh.googleusercontent.com/a-/ALV-UjUtwa4TeWMo5GFNJXtrtd86Vh_nn15416DnF_QjvBH2Gg",
        "userName": "Bolwutk Bolwutk"
    },
    {
        "appVersion": "1.3.2",
        "at": "2023-02-02 17:20:01",
        "content": "nice",
        "repliedAt": "2023-02-03 00:21:34",
        "replyContent": "Thanks for taking out time to rate us. It really helps us to keep going and delivering the best :)",
        "reviewCreatedVersion": "1.3.2",
        "reviewId": "20ea0f3b-0a40-4a28-8e8c-91ec7107e1f7",
        "score": 5,
        "thumbsUpCount": 1,
        "userImage": "https://play-lh.googleusercontent.com/a-/ALV-UjX8h3klKIlp4IY_xbXe-ZU4CxWS5oz3O-BDho4Owo3vSMQ",
        "userName": "Merl Bossnesi"
    }
]