[
    {
        "appVersion": "5.0.5",
        "at": "2023-04-29 13:00:21",
        "content": "Only 3 days free trial and then pay to watch the ads.....no , no , no!!",
        "repliedAt": null,
        "replyContent": null,
        "reviewCreatedVersion": "5.0.5",
        "reviewId": "d5eaf9c6-5d69-4582-9465-50259d6a9f25",
        "score": 1,
        "thumbsUpCount": 0,
        "userImage": "https://play-lh.googleusercontent.com/a-/ALV-UjXE75rCJwM7zVWRB2iPQQlJvyAOO36MqH6uPKDWyDgJwro",
        "userName": "Soma Singh"
    },
    {
        "appVersion": null,
        "at": "2023-02-20 22:13:32",
        "content": "Not offline",
        "repliedAt": null,
        "replyContent": null,
        "reviewCreatedVersion": null,
        "reviewId": "bc7718d1-308c-449e-8fdd-1a777cdc93ed",
        "score": 1,
        "thumbsUpCount": 0,
        "userImage": "https://play-lh.googleusercontent.com/a/ACg8ocKpAxSUIi4OL_BgLmDGCE1BADHuZOJroDrgTiRWcmEE=mo",
        "userName": "Kiser Channel"
    },
    {
        "appVersion": "4.0.1",
        "at": "2022-03-09 04:30:19",
        "content": "Ok",
        "repliedAt": null,
        "replyContent": null,
        "reviewCreatedVersion": "4.0.1",
        "reviewId": "be3f6b7d-906c-4b6c-907c-e69ca437a92e",
        "score": 5,
        "thumbsUpCount": 0,
        "userImage": "https://play-lh.googleusercontent.com/a-/ALV-UjUUf7NQUTB_DuIYpSGEdYhHeaOclPB_Gl21FpH0zIeIKWg",
        "userName": "Amir Jafar Daneshvarkar"
    }
]