[
    {
        "appVersion": null,
        "at": "2023-04-18 18:05:21",
        "content": "It's the excellent ones from day one",
        "repliedAt": null,
        "replyContent": null,
        "reviewCreatedVersion": null,
        "reviewId": "1a1a9d44-ff59-4be9-b148-8155d9e12d76",
        "score": 5,
        "thumbsUpCount": 0,
        "userImage": "https://play-lh.googleusercontent.com/a-/ALV-UjWPjKOrnToFBk0nWgX7UjUWD2GA7LfeK_Li1-4r6-Gc8w",
        "userName": "MOHAMMED DANJIBO"
    },
    {
        "appVersion": null,
        "at": "2023-03-12 14:08:51",
        "content": "MashaAllah very informative and helpful application. God bless you",
        "repliedAt": "2023-04-01 13:09:58",
        "replyContent": "Thank you very much. Keep using our app :)",
        "reviewCreatedVersion": null,
        "reviewId": "1dad1516-a217-42f5-aee7-cbc554dae72c",
        "score": 5,
        "thumbsUpCount": 0,
        "userImage": "https://play-lh.googleusercontent.com/a/ACg8ocIbIYLz48sQeiVV7T--vfJ454fTJpLdQTCn4_OZXf2O=mo",
        "userName": "Shahbaz Saghir"
    },
    {
        "appVersion": "1.0",
        "at": "2023-03-12 14:08:29",
        "content": "Alquran best book for Reading",
        "repliedAt": "2023-04-01 13:10:16",
        "replyContent": "Thank you so much for your feedback.",
        "reviewCreatedVersion": "1.0",
        "reviewId": "34fbf524-2397-4b9f-824f-a9bb8c976267",
        "score": 5,
        "thumbsUpCount": 0,
        "userImage": "https://play-lh.googleusercontent.com/a-/ALV-UjUwKadgIBx-24bu43L989UbrZFvxhoyL5u95bnodOvm3jNL",
        "userName": "Ch Tayyab"
    },
    {
        "appVersion": "1.0",
        "at": "2023-03-06 08:46:24",
        "content": "Best Quran app accurate ramadan calander",
        "repliedAt": "2023-04-01 13:10:41",
        "replyContent": "Thank you for your support & love:)",
        "reviewCreatedVersion": "1.0",
        "reviewId": "3c18bcb9-1f83-4292-9434-0caf3d31b789",
        "score": 5,
        "thumbsUpCount": 0,
        "userImage": "https://play-lh.googleusercontent.com/a/ACg8ocK5tN4M0oclatXeI3xxG6NfIOqw_PNOr0zwo1dsA31N=mo",
        "userName": "Muhamad Imran"
    },
    {
        "appVersion": null,
        "at": "2023-03-03 03:18:18",
        "content": "MAA SHAA ALLAH Very nice app May ALLAH bless you..",
        "repliedAt": "2023-03-04 05:35:55",
        "replyContent": "Thank you for your encouraging words.",
        "reviewCreatedVersion": null,
        "reviewId": "035e2db6-ac64-416d-ba99-f139c1f31428",
        "score": 5,
        "thumbsUpCount": 0,
        "userImage": "https://play-lh.googleusercontent.com/a/ACg8ocKHPagQYHI7-NId2nXnaf5dJ9-i1RyjjeKQ6hw4jneP=mo",
        "userName": "Azam Azam"
    },
    {
        "appVersion": null,
        "at": "2023-03-01 07:24:57",
        "content": "Very nice application MashaAllah. Am Quran",
        "repliedAt": "2023-03-04 05:36:02",
        "replyContent": "Thank you so much for your feedback.",
        "reviewCreatedVersion": null,
        "reviewId": "76411c59-5186-4d2e-b95e-df15b33ba0f3",
        "score": 5,
        "thumbsUpCount": 0,
        "userImage": "https://play-lh.googleusercontent.com/a/ACg8ocKKuJZb79A80qqPQkmadyBv338n7-JappMSZFSb1qJi=mo",
        "userName": "Touseef Ahmad"
    },
    {
        "appVersion": "1.0",
        "at": "2023-03-01 07:03:28",
        "content": "MashaAllah nice Al Quran prayer time app",
        "repliedAt": "2023-03-04 05:36:14",
        "replyContent": "Thank you for your support",
        "reviewCreatedVersion": "1.0",
        "reviewId": "b771542a-8ee9-4273-9471-8ae6dea8ca9e",
        "score": 5,
        "thumbsUpCount": 0,
        "userImage": "https://play-lh.googleusercontent.com/a/ACg8ocKgJrpkTdTr5ukW6c4XtFgoyeT1UMlaWwk2UzvJ3UM2=mo",
        "userName": "Iqra Nasir"
    },
    {
        "appVersion": "1.0",
        "at": "2023-03-01 06:50:24",
        "content": "Masha Allah, this Al Quran app is very good, may Allah grant us the ability to understand and follow it, may Allah bless you, Ameen.",
        "repliedAt": "2023-03-04 05:36:21",
        "replyContent": "Thank you for downloading our app! We will keep working on it!",
        "reviewCreatedVersion": "1.0",
        "reviewId": "a5328f09-3343-4064-9d46-1625cb509467",
        "score": 5,
        "thumbsUpCount": 0,
        "userImage": "https://play-lh.googleusercontent.com/a/ACg8ocKC4hQA8faNITYwmmOMBg-cTFpLFfzJOlBiflmJwl1J=mo",
        "userName": "shamsa riaz"
    },
    {
        "appVersion": "1.0",
        "at": "2023-03-01 06:23:38",
        "content": "Al Quran wao its an amazing outstanding everything working fine and smooth i highly recomending this please must try....",
        "repliedAt": "2023-03-04 05:36:29",
        "replyContent": "Thank you so much for your feedback.",
        "reviewCreatedVersion": "1.0",
        "reviewId": "9b73e7ae-2004-42e8-94de-aeb8935ef62b",
        "score": 5,
        "thumbsUpCount": 1,
        "userImage": "https://play-lh.googleusercontent.com/a/ACg8ocIbRI7ASJg1a15Z7kf6JYUxIiibfptwldhLasPj8DLJ=mo",
        "userName": "sadia atique"
    },
    {
        "appVersion": null,
        "at": "2023-03-01 06:13:31",
        "content": "MashaAllah",
        "repliedAt": "2023-03-04 05:36:38",
        "replyContent": "Dear friend, we are really glad that you like our product. Your support and voice are very important to us.",
        "reviewCreatedVersion": null,
        "reviewId": "cf7a8bf0-0623-407f-9c13-b107e7a5e763",
        "score": 5,
        "thumbsUpCount": 0,
        "userImage": "https://play-lh.googleusercontent.com/a/ACg8ocJ5hsFxKjNS_iHp_l2UPlxJpTayETpI_qB7sAKfydF7=mo",
        "userName": "Wajid Hussain"
    },
    {
        "appVersion": "1.0",
        "at": "2023-03-01 06:13:28",
        "content": "Well done.",
        "repliedAt": "2023-03-04 05:36:48",
        "replyContent": "Thank you very much for your 5-star review!!!",
        "reviewCreatedVersion": "1.0",
        "reviewId": "1fafa015-b543-4042-814f-73deb16a1532",
        "score": 5,
        "thumbsUpCount": 0,
        "userImage": "https://play-lh.googleusercontent.com/a/ACg8ocJ6_39SgUZLqFLZ_PNgtsyQy_nBswFlTUvaETzrBkqe=mo",
        "userName": "ayaz gul"
    },
    {
        "appVersion": "1.0",
        "at": "2023-02-28 21:36:11",
        "content": "Mash Allah nice attempt. Keep up the good work",
        "repliedAt": "2023-03-04 05:36:58",
        "replyContent": "Thank you for your encouraging words.",
        "reviewCreatedVersion": "1.0",
        "reviewId": "89aa6eaf-69f7-42b9-b667-99b0a69f3c64",
        "score": 5,
        "thumbsUpCount": 1,
        "userImage": "https://play-lh.googleusercontent.com/a-/ALV-UjUeWnHe7GJz6hekerT4MdbW7Lu6V05ndCcOVEUHhQ3FVQ",
        "userName": "Amjad Ali"
    },
    {
        "appVersion": null,
        "at": "2023-02-28 18:08:40",
        "content": "I love this app, its just amazing and very useful must try it",
        "repliedAt": "2023-03-04 05:37:12",
        "replyContent": "Thank you very much. Keep using our app :)",
        "reviewCreatedVersion": null,
        "reviewId": "1342de2c-770d-4bf2-9d98-2da31891c3c9",
        "score": 5,
        "thumbsUpCount": 1,
        "userImage": "https://play-lh.googleusercontent.com/a/ACg8ocKfGySE9iKy4rfu7acd9TntiFn6-nxeJGsajxq9LzO6=mo",
        "userName": "Angla Queen"
    },
    {
        "appVersion": null,
        "at": "2023-02-28 18:00:03",
        "content": "Ma Sha Allah nice al Quran prayer time application this is a nice app must try this thanks",
        "repliedAt": "2023-03-04 05:37:21",
        "replyContent": "Dear friend, we are really glad that you like our product. Your support and voice are very important to us.",
        "reviewCreatedVersion": null,
        "reviewId": "80ebba85-cb9a-4726-b8c7-14e1a3a07e05",
        "score": 5,
        "thumbsUpCount": 1,
        "userImage": "https://play-lh.googleusercontent.com/a/ACg8ocKTYF3Ae9GURJyOhGFhl2FCJczNVNbirrY5Yeb71ZE-=mo",
        "userName": "Farya Aftab"
    },
    {
        "appVersion": null,
        "at": "2023-02-28 17:30:02",
        "content": "Mashallah very nice Al Quran and Prayer Time Application",
        "repliedAt": null,
        "replyContent": null,
        "reviewCreatedVersion": null,
        "reviewId": "e8357f9d-42d1-412c-8ede-5a441bb0e9f6",
        "score": 5,
        "thumbsUpCount": 1,
        "userImage": "https://play-lh.googleusercontent.com/a-/ALV-UjW1nDL-xrHji6PRJMjSBL2EUtSR95xAf2d2eG6Kes8vug",
        "userName": "Syed Bilal Asad Shah"
    },
    {
        "appVersion": null,
        "at": "2023-02-28 17:27:05",
        "content": "Masha Allah Jazak Allah",
        "repliedAt": null,
        "replyContent": null,
        "reviewCreatedVersion": null,
        "reviewId": "4c694170-e2f9-40e7-8663-fdd6ca745569",
        "score": 5,
        "thumbsUpCount": 1,
        "userImage": "https://play-lh.googleusercontent.com/a-/ALV-UjWXGeWvNeOaMI4NC3FrERolCtPUL6n20PHDsCohe2qwf4o",
        "userName": "Faizan Kiyani"
    },
    {
        "appVersion": "1.0",
        "at": "2023-02-28 17:23:58",
        "content": "A fabulous application for daily use highly recommended",
        "repliedAt": null,
        "replyContent": null,
        "reviewCreatedVersion": "1.0",
        "reviewId": "32b4a7b6-1363-4d82-a928-693b464183da",
        "score": 5,
        "thumbsUpCount": 1,
        "userImage": "https://play-lh.googleusercontent.com/a/ACg8ocJuvP4lcXvFoDAtabwTyzXW8CP_Rn38glQ7_unITUDA=mo",
        "userName": "hamza khan"
    },
    {
        "appVersion": "1.0",
        "at": "2023-02-28 17:22:35",
        "content": "MashaAllah nice al quran prayer time application this is a nice app must try this thanks",
        "repliedAt": null,
        "replyContent": null,
        "reviewCreatedVersion": "1.0",
        "reviewId": "95cb10fe-d246-4742-b2de-10597b6ee68c",
        "score": 5,
        "thumbsUpCount": 0,
        "userImage": "https://play-lh.googleusercontent.com/a-/ALV-UjWy1Se6zaJNc0OfjV8pUAiv-Y5lAn1EYJVFrPwhuxeyphQ",
        "userName": "Hasham Qasim"
    },
    {
        "appVersion": "1.0",
        "at": "2023-02-28 14:48:18",
        "content": "Setesfectional",
        "repliedAt": null,
        "replyContent": null,
        "reviewCreatedVersion": "1.0",
        "reviewId": "ba90573f-ca03-4e92-a8f4-cedeb6f55177",
        "score": 2,
        "thumbsUpCount": 0,
        "userImage": "https://play-lh.googleusercontent.com/a-/ALV-UjU2R-4m3uhZPExav5PX-tSLlT33gdxkmpsLlJuzyNIAC1k",
        "userName": "Malik Nauman Ahmad Zaib"
    },
    {
        "appVersion": "1.0",
        "at": "2023-02-28 13:35:12",
        "content": "Very good Quran App. Easy to use even for childrens. I strongly recommend this app.",
        "repliedAt": null,
        "replyContent": null,
        "reviewCreatedVersion": "1.0",
        "reviewId": "bdcfb434-5c42-4bee-b97d-023e117c6f36",
        "score": 5,
        "thumbsUpCount": 3,
        "userImage": "https://play-lh.googleusercontent.com/a-/ALV-UjW-C4jBEMi-De99Y-16wd9vvWSVidC0Dl8FSyqYukU1_dM",
        "userName": "Adnan Asghar"
    },
    {
        "appVersion": null,
        "at": "2023-02-28 13:26:20",
        "content": "Very informative app",
        "repliedAt": null,
        "replyContent": null,
        "reviewCreatedVersion": null,
        "reviewId": "1eb6f551-1bad-483b-8f49-6652751dff49",
        "score": 5,
        "thumbsUpCount": 1,
        "userImage": "https://play-lh.googleusercontent.com/a-/ALV-UjVgFgB4C_q_Ptq4h4vcL9-9TYHHfXGMRJyra54FNMW4",
        "userName": "Nida Akram"
    },
    {
        "appVersion": "1.0",
        "at": "2023-02-28 13:11:16",
        "content": "Excellent app..appreciation for such wonderfull app..",
        "repliedAt": null,
        "replyContent": null,
        "reviewCreatedVersion": "1.0",
        "reviewId": "0085f16d-bd81-4617-a8ac-ca1715db3e92",
        "score": 5,
        "thumbsUpCount": 1,
        "userImage": "https://play-lh.googleusercontent.com/a-/ALV-UjWkVJDQ4Fd87kw8I0fELQjm0A-z05XQNZ5v3W9n6TOQ69ux",
        "userName": "Chmujeeb Yousaf"
    },
    {
        "appVersion": "1.0",
        "at": "2023-02-28 12:26:40",
        "content": "MashaAllah Good App for reciting. Highly recommended.",
        "repliedAt": null,
        "replyContent": null,
        "reviewCreatedVersion": "1.0",
        "reviewId": "a4bbb40b-1914-4ef5-a0b6-8525e03cce07",
        "score": 5,
        "thumbsUpCount": 1,
        "userImage": "https://play-lh.googleusercontent.com/a-/ALV-UjXK3tld0wA5kkd3dzuyfdvnEvStw4Mc31XJUzc4z6igOQ",
        "userName": "CH NADEEM YOUSAF"
    },
    {
        "appVersion": "1.0",
        "at": "2023-02-28 12:20:19",
        "content": "Amazing application. Best of Luck Developer.",
        "repliedAt": null,
        "replyContent": null,
        "reviewCreatedVersion": "1.0",
        "reviewId": "fe456e31-15aa-42a8-9eac-fb8209259e3b",
        "score": 5,
        "thumbsUpCount": 1,
        "userImage": "https://play-lh.googleusercontent.com/a-/ALV-UjWgu6Q54Mu5oEbH0jd8Dux3rHfOkjAlexK7x1-ZgOSgYu0",
        "userName": "Muhammad Nabeel Awan"
    },
    {
        "appVersion": "1.0",
        "at": "2023-02-28 12:18:12",
        "content": "Very informative learn lot of things while using this app,I recommend all you guys to install and read Quran,find the direction of qibla,get knowledge about the timing of prayers, recite the Daroud O Salam by using tasbeh and take the knowledge of verse of sourat.",
        "repliedAt": null,
        "replyContent": null,
        "reviewCreatedVersion": "1.0",
        "reviewId": "09bde889-95d2-467c-895d-3a43cc5ca45b",
        "score": 5,
        "thumbsUpCount": 3,
        "userImage": "https://play-lh.googleusercontent.com/a-/ALV-UjWX9F9kSKFFDZWZaXx8uQ92OtCzlFXkbT-5dlxv7MAHKQ",
        "userName": "Mohsin Aziz"
    }
]