[
    {
        "appVersion": null,
        "at": "2023-11-04 23:43:08",
        "content": "Is a very good temple place",
        "repliedAt": null,
        "replyContent": null,
        "reviewCreatedVersion": null,
        "reviewId": "37945c2d-acb5-40d1-9074-bf6fd4075907",
        "score": 5,
        "thumbsUpCount": 0,
        "userImage": "https://play-lh.googleusercontent.com/a/ACg8ocJ75REjU8yQsIvvlXSIA3DE2Ns__JH1LF-X3BtyTocQ=mo",
        "userName": "Mani Komta"
    },
    {
        "appVersion": "1.0.2",
        "at": "2023-08-11 11:12:41",
        "content": "This app is actually working",
        "repliedAt": null,
        "replyContent": null,
        "reviewCreatedVersion": "1.0.2",
        "reviewId": "803c597f-4ef8-453c-8f2c-43b35b58b56a",
        "score": 5,
        "thumbsUpCount": 0,
        "userImage": "https://play-lh.googleusercontent.com/a/ACg8ocIJwQfrgfmqcPZdc9_jfGUsAr3Xo9lh9igVMmsFHw4-=mo",
        "userName": "deepak verma Deepak Verma"
    },
    {
        "appVersion": null,
        "at": "2023-06-15 16:02:35",
        "content": "This app plays game with us not with dog ,I tried this on my dog it doesn't work. don't install this app is 10/0 but by mistake I gave one star",
        "repliedAt": null,
        "replyContent": null,
        "reviewCreatedVersion": null,
        "reviewId": "b5408a28-3db6-4f9d-9eed-48e63237175d",
        "score": 1,
        "thumbsUpCount": 11,
        "userImage": "https://play-lh.googleusercontent.com/a/ACg8ocKX_Nnpu-qCWsX3IWxDKsNk7OrTAEVRCreKtmUQOgUQ=mo",
        "userName": "Durga Zala"
    },
    {
        "appVersion": "1.0.2",
        "at": "2023-06-03 06:33:41",
        "content": "Your app is useful.",
        "repliedAt": null,
        "replyContent": null,
        "reviewCreatedVersion": "1.0.2",
        "reviewId": "6bafe191-c52e-4c98-9dcd-3210acee7fe8",
        "score": 5,
        "thumbsUpCount": 1,
        "userImage": "https://play-lh.googleusercontent.com/a-/ALV-UjXnVurWGZ-QF3MEqR8MDn4DReHvL3FXKdFJlKH9ypCmlQ",
        "userName": "Ice Snow Wind"
    },
    {
        "appVersion": null,
        "at": "2023-05-28 03:21:31",
        "content": "Okay you dog sleep hahaha",
        "repliedAt": null,
        "replyContent": null,
        "reviewCreatedVersion": null,
        "reviewId": "3a176693-cbc4-411d-a9cb-71821742bd30",
        "score": 5,
        "thumbsUpCount": 1,
        "userImage": "https://play-lh.googleusercontent.com/a-/ALV-UjW_AF9XaVr0coWrBAesCZmKx2t0aXQqz-gTQdmG5l978w",
        "userName": "Nathan Dela Cruz"
    },
    {
        "appVersion": "1.0.2",
        "at": "2023-05-04 11:34:51",
        "content": "Bad",
        "repliedAt": null,
        "replyContent": null,
        "reviewCreatedVersion": "1.0.2",
        "reviewId": "5c795564-a97f-4b03-8a5c-c2972cc77835",
        "score": 1,
        "thumbsUpCount": 0,
        "userImage": "https://play-lh.googleusercontent.com/a/ACg8ocKs7XIChS0liFZHbBUuddH-kpqDJkXjtTRSAVdNXYuq=mo",
        "userName": "Lathika"
    },
    {
        "appVersion": null,
        "at": "2023-05-01 07:19:08",
        "content": "Funny \ud83d\ude02\ud83e\udd23 some of these got my pup and our cat was what??",
        "repliedAt": null,
        "replyContent": null,
        "reviewCreatedVersion": null,
        "reviewId": "af92af63-ae2b-4a0b-9758-ff8f42bdfd3a",
        "score": 2,
        "thumbsUpCount": 0,
        "userImage": "https://play-lh.googleusercontent.com/a-/ALV-UjWMgQjhWya0xkK38FcVEHikl0mSvLYsCle3mx5swTINALw",
        "userName": "Ron Pecukonis"
    },
    {
        "appVersion": "1.0.2",
        "at": "2023-03-13 14:40:12",
        "content": "Don't try this app, it dosn't work at all",
        "repliedAt": null,
        "replyContent": null,
        "reviewCreatedVersion": "1.0.2",
        "reviewId": "f5dd2253-5ff3-4e16-be7c-ee66d3cc5a29",
        "score": 1,
        "thumbsUpCount": 15,
        "userImage": "https://play-lh.googleusercontent.com/a/ACg8ocIepS2qZ9znLknRTy-03rw9E30Ca1EQhSpJrYDmD1G1=mo",
        "userName": "Amanda Scherr"
    },
    {
        "appVersion": "1.0.2",
        "at": "2023-03-08 13:37:33",
        "content": "She heard it but didn't listen to and you know how dogs here something they turn there head yeah that's what she did but didn't do what I said \ud83e\udd72\ud83e\udd72\ud83e\udd72",
        "repliedAt": null,
        "replyContent": null,
        "reviewCreatedVersion": "1.0.2",
        "reviewId": "8e04fe3a-2faf-419f-88d0-0284385f63bc",
        "score": 3,
        "thumbsUpCount": 10,
        "userImage": "https://play-lh.googleusercontent.com/a/ACg8ocJYI9U-B5jrXjTa1LXH57Ff1QDSxPs_HzHnO-cBczS3=mo",
        "userName": "Kareeja Ja19"
    },
    {
        "appVersion": "1.0.2",
        "at": "2023-01-07 19:56:00",
        "content": "NOT A REAL TRANSLATOR! it doesn't work I tried with my dogs for a while but then it never worked.",
        "repliedAt": null,
        "replyContent": null,
        "reviewCreatedVersion": "1.0.2",
        "reviewId": "01b6c728-c24b-48f8-bc63-f830d5d07763",
        "score": 1,
        "thumbsUpCount": 14,
        "userImage": "https://play-lh.googleusercontent.com/a/ACg8ocImUyxfMunXv0dKTeFWpJ_Jekanuu1OUhazZBO-8ISJ=mo",
        "userName": "Alex Filla"
    },
    {
        "appVersion": "1.0.2",
        "at": "2022-12-02 19:38:50",
        "content": "ITS FAKE DON'T DOWNLOAD IT",
        "repliedAt": null,
        "replyContent": null,
        "reviewCreatedVersion": "1.0.2",
        "reviewId": "bb57a669-1824-4fcd-b29b-af236e6f2411",
        "score": 1,
        "thumbsUpCount": 1,
        "userImage": "https://play-lh.googleusercontent.com/a/ACg8ocLnCT6wSJ9hSx5YlpyX_-B7yr_aPql_Cx3h4-uqpP6p_g=mo",
        "userName": "LovelyHeart89 Warren"
    }
]