[
    {
        "appVersion": null,
        "at": "2023-05-20 13:46:36",
        "content": "This app is very wonderful app in the worled but it have not sound and some times it stac",
        "repliedAt": "2023-06-26 09:57:57",
        "replyContent": "Thanks for your review. We will fix it soon.",
        "reviewCreatedVersion": null,
        "reviewId": "b0fc2b6c-b79b-4ff5-a79d-64782c69796c",
        "score": 2,
        "thumbsUpCount": 0,
        "userImage": "https://play-lh.googleusercontent.com/a/ACg8ocISngOuqzvyNaldLGAtq6p51WcTEpxVfoAkXqBAZYRS=mo",
        "userName": "Bereket"
    },
    {
        "appVersion": "1",
        "at": "2023-05-18 14:38:57",
        "content": "bad app",
        "repliedAt": "2023-06-26 09:57:44",
        "replyContent": "We are sorry that you were not completely satisfied with our app. We greatly value your feedback and hope to work with you to address any issues you may have encountered. If you wish, please provide more details about the issues you encountered so we can help resolve them. Thank you.",
        "reviewCreatedVersion": "1",
        "reviewId": "9dc8c395-8c08-4353-a3ac-727e8b353969",
        "score": 2,
        "thumbsUpCount": 1,
        "userImage": "https://play-lh.googleusercontent.com/a/ACg8ocJ6T8Y37JYmA6cCcdcYmjzcCzdK7a0akDMA0Q4X7Ulc=mo",
        "userName": "Raton Howlader"
    }
]