[
    {
        "appVersion": null,
        "at": "2023-11-09 23:05:35",
        "content": "Wow that is a great app",
        "repliedAt": null,
        "replyContent": null,
        "reviewCreatedVersion": null,
        "reviewId": "8f7ad7e2-3a18-4ebf-9c71-c0c4015c7cd3",
        "score": 5,
        "thumbsUpCount": 0,
        "userImage": "https://play-lh.googleusercontent.com/a/ACg8ocImBXVnHIjdENVidvJvXfzV9LgTmWc_n14ZsuAuk6rA=mo",
        "userName": "Thapelo Mogano"
    },
    {
        "appVersion": "1.3.11",
        "at": "2023-10-30 13:11:49",
        "content": "My name is Nonhlanhla ,l love fashion and l want to be a fashion designer and l think this app with be very helpful to me to fulfil my dream of being a fashion designer",
        "repliedAt": "2023-11-07 00:05:02",
        "replyContent": "Thanks for the 5 star rating. Hope you continue to use our app and can fulfill your dream in future. If you have any feedback or suggestions, please write to us at vorevo.apps@gmail.com. We would love to hear from you!",
        "reviewCreatedVersion": "1.3.11",
        "reviewId": "94757d16-d428-4293-b2ca-e91ddc892283",
        "score": 5,
        "thumbsUpCount": 1,
        "userImage": "https://play-lh.googleusercontent.com/a/ACg8ocLgj_w4k0HZDVbdoD6Wfb5rDBTZL49m0kniNH5Y2Z98=mo",
        "userName": "Nonhlanhla Sisina"
    },
    {
        "appVersion": "1.3.9",
        "at": "2023-09-01 14:33:20",
        "content": "It is nice and brilient",
        "repliedAt": "2023-09-05 19:42:00",
        "replyContent": "Thanks for the 5 star rating. Hope you continue to use our app. If you have any feedback or suggestions, please write to us at vorevo.apps@gmail.com. We would love to hear from you!",
        "reviewCreatedVersion": "1.3.9",
        "reviewId": "d65c3b34-beeb-4bc9-a584-994a09882405",
        "score": 5,
        "thumbsUpCount": 0,
        "userImage": "https://play-lh.googleusercontent.com/a-/ALV-UjXUAxuS-uBgaPOiJdjhH8iFMBlvQrXqTtJ9D_Uu5Gg1dIM",
        "userName": "Ntanganedzeni Muthivhi"
    },
    {
        "appVersion": "1.3.9",
        "at": "2023-08-02 11:27:46",
        "content": "Not good. Waste of time.",
        "repliedAt": "2023-08-05 18:09:30",
        "replyContent": "Apologies for any difficulties you experienced with the setup. If you have any questions for us in the future, please don't hesitate to connect with us at vorevo.apps@gmail.com.",
        "reviewCreatedVersion": "1.3.9",
        "reviewId": "c5eaf07c-0091-4a08-b045-39c1eb11e88f",
        "score": 1,
        "thumbsUpCount": 4,
        "userImage": "https://play-lh.googleusercontent.com/a/ACg8ocI83BtOsuPrQSUR9q9X_HiyQKQvT3uFVYpILqYjF8YS=mo",
        "userName": "urdumb"
    },
    {
        "appVersion": null,
        "at": "2023-08-02 10:30:08",
        "content": "It did nothing",
        "repliedAt": "2023-08-05 18:09:54",
        "replyContent": "Hello, can you tell us more detail about the issue at vorevo.apps@gmail.com? It will be very helpful for us to investigate and fix it.\nThank you!",
        "reviewCreatedVersion": null,
        "reviewId": "9f1b9113-19a8-487c-b942-3053a44a664c",
        "score": 1,
        "thumbsUpCount": 4,
        "userImage": "https://play-lh.googleusercontent.com/a/ACg8ocLhZMP_D8K0dFBeCkWNhkpXqyeyKa7Owr5B1cVFprJ3IgA=mo",
        "userName": "Asa Hope"
    },
    {
        "appVersion": "1.3.9",
        "at": "2023-07-14 01:03:14",
        "content": "meyem ibrahim",
        "repliedAt": "2023-07-14 01:30:47",
        "replyContent": "Thanks for taking out time to rate us. It really helps us to keep going and delivering the best :)",
        "reviewCreatedVersion": "1.3.9",
        "reviewId": "8d486f0c-69a6-476f-ba58-2e2ef281942c",
        "score": 4,
        "thumbsUpCount": 0,
        "userImage": "https://play-lh.googleusercontent.com/a/ACg8ocKLu9_skQhVYXny-O1engFpJNfuqSyyL6K8gmFzrGQs=mo",
        "userName": "F Gg"
    },
    {
        "appVersion": "1.3.7",
        "at": "2023-05-15 14:07:15",
        "content": "this app is so amazing",
        "repliedAt": "2023-05-19 23:57:43",
        "replyContent": "Hi,\nHappy to hear that you find the app good :)\nPlease let us know the reason behind this low rating at vorevo.apps@gmail.com. We'd be happy to improve our app based on your suggestions.\nThanks!",
        "reviewCreatedVersion": "1.3.7",
        "reviewId": "1ad53a00-a50b-4dc7-8138-bf931a7b0d00",
        "score": 3,
        "thumbsUpCount": 0,
        "userImage": "https://play-lh.googleusercontent.com/a/ACg8ocLPTwbBYbMCSQ-NtsUN9Dbayq7rEAp57FOeqzeeJfKj=mo",
        "userName": "Khanyisile pakkies"
    },
    {
        "appVersion": null,
        "at": "2023-05-15 12:58:44",
        "content": "Not what I thought it was. You don't design your own work just look at others completed designs.",
        "repliedAt": "2023-05-19 23:57:22",
        "replyContent": "Dear User, really appreciate your suggestion. We will consider it and improve our app in the new version. If you have questions or suggestions please contact us at vorevo.apps@gmail.com.",
        "reviewCreatedVersion": null,
        "reviewId": "c78dec8f-5cb4-47dd-8e65-dd0d27c148da",
        "score": 3,
        "thumbsUpCount": 4,
        "userImage": "https://play-lh.googleusercontent.com/a/ACg8ocL1iHKTCFW4x-6pX69W3xrdxDoe8kAcBGfmMgmOHcEL=mo",
        "userName": "Arial Fagan"
    },
    {
        "appVersion": null,
        "at": "2023-05-14 23:36:23",
        "content": "You can't draw, Only put as a wall paper. \ud83e\udee4",
        "repliedAt": "2023-05-15 04:41:54",
        "replyContent": "Dear User, really appreciate your suggestion. We will consider it and improve our app in the new version. If you have questions or suggestions please contact us at vorevo.apps@gmail.com.",
        "reviewCreatedVersion": null,
        "reviewId": "4881776f-799f-42a7-823a-18dbd88fd90b",
        "score": 1,
        "thumbsUpCount": 0,
        "userImage": "https://play-lh.googleusercontent.com/a-/ALV-UjWdn_pMvrC6ULlmhRLW2XlBV0SOQE4fOlExBgpaQwZjDA",
        "userName": "Kristin"
    },
    {
        "appVersion": "1.3.7",
        "at": "2023-04-26 14:58:49",
        "content": "Ok",
        "repliedAt": "2023-04-27 12:07:16",
        "replyContent": "Thank you so much for your encouraging star ratings!",
        "reviewCreatedVersion": "1.3.7",
        "reviewId": "d45d750c-0ee7-498f-b91f-583e179af082",
        "score": 5,
        "thumbsUpCount": 0,
        "userImage": "https://play-lh.googleusercontent.com/a-/ALV-UjU_hv_WdgZln0I4haVVQPTUh1d-HNBfvgMiLVVV-e9RrVc",
        "userName": "afrooz babaali"
    },
    {
        "appVersion": "1.3.7",
        "at": "2023-04-22 16:29:24",
        "content": "It's nice",
        "repliedAt": "2023-04-23 03:13:05",
        "replyContent": "Thank you! If you enjoy using the app, please rate us 5 stars. It would encourage us to continue improving the app!",
        "reviewCreatedVersion": "1.3.7",
        "reviewId": "f21dda24-f0aa-42ff-b025-9a00ba1f7d61",
        "score": 4,
        "thumbsUpCount": 0,
        "userImage": "https://play-lh.googleusercontent.com/a/ACg8ocLz8Aat11UN49NpL6KT5cSCxM15OPzNT7HRNfjnSp5t=mo",
        "userName": "Inako Bottoman"
    },
    {
        "appVersion": "1.3.7",
        "at": "2023-04-11 23:09:13",
        "content": "This is only a collection of 100+ designs that you can't edit. Not what I thought it was",
        "repliedAt": "2023-04-12 03:39:56",
        "replyContent": "Dear User, really appreciate your suggestion. We will consider it and improve our app in the new version. If you have questions or suggestions please contact us at vorevo.apps@gmail.com.",
        "reviewCreatedVersion": "1.3.7",
        "reviewId": "f548f9bf-acd2-4d15-b098-a5ce0599041b",
        "score": 2,
        "thumbsUpCount": 9,
        "userImage": "https://play-lh.googleusercontent.com/a/ACg8ocJdv7TpSbVTCIpng0EB2qpodTQprqFUScknKPh2cDgj=mo",
        "userName": "Michelle Hagos"
    },
    {
        "appVersion": "1.3.7",
        "at": "2023-03-16 11:04:24",
        "content": "buena aplicaci\u00f3n.. la privare a ver como me va",
        "repliedAt": "2023-03-23 02:36:08",
        "replyContent": "Thank you so much for taking the time to leave us a 5-star review.",
        "reviewCreatedVersion": "1.3.7",
        "reviewId": "19195f77-2752-479f-bad7-f98f19ddb611",
        "score": 5,
        "thumbsUpCount": 1,
        "userImage": "https://play-lh.googleusercontent.com/a/ACg8ocI3ptifiCy71LFfa0hwHaO-kBMScV9UT0Gs7f2zUqmM=mo",
        "userName": "Donanger Strizzi espa\u00f1a"
    },
    {
        "appVersion": null,
        "at": "2023-03-10 23:55:58",
        "content": "\u2764\ufe0f\u200d\ud83d\udd25\u2764\ufe0f\u200d\ud83d\udd25\ud83d\ude0d\ud83d\ude0d\u2764\ufe0f\u200d\ud83d\udd25\ud83d\ude0d\ud83d\ude0d",
        "repliedAt": "2023-03-11 12:50:40",
        "replyContent": "Thank you for your review. Enjoy reading & keep supporting us :)\nIf you have any feedback or suggestion, you could write to us at vorevo.apps@gmail.com. We would love to hear from you!",
        "reviewCreatedVersion": null,
        "reviewId": "79407b7c-b2ac-48b8-8c6f-50f1691cb115",
        "score": 5,
        "thumbsUpCount": 0,
        "userImage": "https://play-lh.googleusercontent.com/a/ACg8ocKEuud5D5s12JmYx6wDxVax63pXU2lmyRUlU1UoLDEj=mo",
        "userName": "Sarah Mwenyi"
    },
    {
        "appVersion": "1.3.7",
        "at": "2023-02-07 13:46:34",
        "content": "3r",
        "repliedAt": "2023-02-08 01:41:22",
        "replyContent": "Hello, can you tell us more detail about the issue at vorevo.apps@gmail.com? It will be very helpful for us to investigate and fix it.\nThank you!",
        "reviewCreatedVersion": "1.3.7",
        "reviewId": "edcec69b-de69-4805-b8c2-773b1d0d8381",
        "score": 1,
        "thumbsUpCount": 2,
        "userImage": "https://play-lh.googleusercontent.com/a/ACg8ocL81kI8OEAPPtycVC6Y2P8V1PlIb5BP25zsx7zsTFzo=mo",
        "userName": "Jackie Tandy"
    },
    {
        "appVersion": null,
        "at": "2023-01-31 23:54:45",
        "content": "Did nothing at all",
        "repliedAt": "2023-02-01 05:02:40",
        "replyContent": "We are grateful that you took the time out to leave us a review.",
        "reviewCreatedVersion": null,
        "reviewId": "16a5d178-9d2f-49a2-b07a-1a536b7a8d58",
        "score": 1,
        "thumbsUpCount": 9,
        "userImage": "https://play-lh.googleusercontent.com/a-/ALV-UjXbN1XpswBLh0IiswsZTjEw8CFq6JVe-9sZZeCS4-48cDM",
        "userName": "Elijah Smith"
    },
    {
        "appVersion": "1.3.7",
        "at": "2023-01-20 02:34:54",
        "content": "i dont like it :(",
        "repliedAt": "2023-01-20 05:02:29",
        "replyContent": "Hi, could you please tell us why do you dislike our app? If you have any suggestions, please send them to vorevo.apps@gmail.com.",
        "reviewCreatedVersion": "1.3.7",
        "reviewId": "e9857b90-2236-428a-94b7-58e7c016ffbb",
        "score": 1,
        "thumbsUpCount": 3,
        "userImage": "https://play-lh.googleusercontent.com/a/ACg8ocIDlZR1p7-9WueAWyMM4D0_rl_xhdrVR3h2IxTNfvPo=mo",
        "userName": "Mia Wilcox"
    },
    {
        "appVersion": "1.3.1",
        "at": "2022-12-17 06:06:34",
        "content": "There's literally just a few drawings you can save as wall papers. Very basic, you can use a search engine for the same results",
        "repliedAt": null,
        "replyContent": null,
        "reviewCreatedVersion": "1.3.1",
        "reviewId": "6e3379da-ef94-4057-8155-66cb3f86ba1d",
        "score": 1,
        "thumbsUpCount": 17,
        "userImage": "https://play-lh.googleusercontent.com/a-/ALV-UjV73gKIRwBEGlzXbawbDDL3oWxJhQ8Hw32QWts3tS4lsg",
        "userName": "Mao Mao"
    }
]