[
    {
        "appVersion": "1.3",
        "at": "2023-10-04 23:04:52",
        "content": "I need accurate position in time to time.",
        "repliedAt": null,
        "replyContent": null,
        "reviewCreatedVersion": "1.3",
        "reviewId": "d4b95af0-fc1b-4617-9adb-4535255ed0fb",
        "score": 5,
        "thumbsUpCount": 1,
        "userImage": "https://play-lh.googleusercontent.com/a/ACg8ocLDi0i1iTpP3MmiHSRbc3zdTnLW7jt87kko_U5iWDb4=mo",
        "userName": "Pro Bro"
    },
    {
        "appVersion": "1.1",
        "at": "2023-04-13 07:41:10",
        "content": "If you're a fan of exploring new places, you need the GPs Map Satellite View App on your phone. The satellite imagery is stunning, and the app is incredibly easy to use. Whether you're planning a hike or just want to explore a new city, this app is an essential tool for any adventure.",
        "repliedAt": "2023-05-22 16:17:03",
        "replyContent": "Thanks for your review! Please recommend our app to your friends, and don\u2019t hesitate to shoot us a note at speedyapps01@gmail.com if you have any questions.",
        "reviewCreatedVersion": "1.1",
        "reviewId": "34f7c95f-4780-4eb9-8658-afed8427bab7",
        "score": 5,
        "thumbsUpCount": 0,
        "userImage": "https://play-lh.googleusercontent.com/a/ACg8ocJAZPa9bPLv5L1HSxzbpo3H99tLoW2dbTMNX-7MXeAY=mo",
        "userName": "Teacher Jani"
    },
    {
        "appVersion": "1.1",
        "at": "2023-02-28 02:08:36",
        "content": "Great application \ud83d\udc4d",
        "repliedAt": "2023-05-22 16:18:06",
        "replyContent": "Thank you so much for your feedback.",
        "reviewCreatedVersion": "1.1",
        "reviewId": "975dc132-a8a7-4a2a-8c6c-0847e6adad34",
        "score": 5,
        "thumbsUpCount": 0,
        "userImage": "https://play-lh.googleusercontent.com/a/ACg8ocLxKIecGyqfSesHMAdRxE-DtEkBu_FzI4UIpGwBaNqP=mo",
        "userName": "ZAHID Abbas"
    },
    {
        "appVersion": null,
        "at": "2023-02-23 02:18:10",
        "content": "abhinav",
        "repliedAt": "2023-05-22 16:18:17",
        "replyContent": "Dear User,\nThank you for the rating us. Kindly let us know what updates or changes you would like to see in our app, in order to give us a 5 Star rating. You could write to us speedyapps01@gmail.com.",
        "reviewCreatedVersion": null,
        "reviewId": "df85a9ee-a548-4946-9d23-d2d782117536",
        "score": 4,
        "thumbsUpCount": 0,
        "userImage": "https://play-lh.googleusercontent.com/a-/ALV-UjVj3Eu0GaNdzxQHQupRtTLtIyatplEdTBmNt1FXT5YhUQ",
        "userName": "Aditya gautam"
    },
    {
        "appVersion": "1.0",
        "at": "2023-02-15 17:13:27",
        "content": "Cool",
        "repliedAt": null,
        "replyContent": null,
        "reviewCreatedVersion": "1.0",
        "reviewId": "53a0618e-d608-4e5a-bd7c-de49bca4b420",
        "score": 5,
        "thumbsUpCount": 0,
        "userImage": "https://play-lh.googleusercontent.com/a-/ALV-UjUwz8LQSaRx5NGk8J-E-ZWKpU6mJ6ZheDz4PMIhZUG2ohM",
        "userName": "hazir limani"
    },
    {
        "appVersion": "1.0",
        "at": "2023-02-13 01:59:38",
        "content": "\"I absolutely love this GPS map voice navigation app! The maps are incredibly accurate and up-to-date, which gives me peace of mind when I'm driving in unfamiliar areas. The voice directions are clear and easy to understand, so I never miss a turn or exit. I also appreciate the user-friendly interface, which makes it easy to customize my routes and save my favorite locations. And the app's integration with real-time traffic data is a game-change.",
        "repliedAt": null,
        "replyContent": null,
        "reviewCreatedVersion": "1.0",
        "reviewId": "74f87cab-df42-4a28-82e7-3441bec943a2",
        "score": 5,
        "thumbsUpCount": 1,
        "userImage": "https://play-lh.googleusercontent.com/a/ACg8ocKDXqMxHPo-xRx8PupJLHeLvRQAxc_l6G_ldUdztEyb=mo",
        "userName": "art dev"
    }
]