[
    {
        "appVersion": "1.0.0",
        "at": "2023-05-25 16:39:35",
        "content": "Goog drills",
        "repliedAt": null,
        "replyContent": null,
        "reviewCreatedVersion": "1.0.0",
        "reviewId": "db3ea5d6-6b31-4a44-9d38-dd00777483ba",
        "score": 5,
        "thumbsUpCount": 0,
        "userImage": "https://play-lh.googleusercontent.com/a-/ALV-UjWu12fi0_NsOCVyrD5-gZwyX7YKauBO90cK1KIb72B6ZQ",
        "userName": "Rayane Hamza"
    },
    {
        "appVersion": null,
        "at": "2023-04-28 16:47:14",
        "content": "Nice paa!",
        "repliedAt": null,
        "replyContent": null,
        "reviewCreatedVersion": null,
        "reviewId": "7ad70f70-d66d-4818-80a5-829f888c621d",
        "score": 4,
        "thumbsUpCount": 0,
        "userImage": "https://play-lh.googleusercontent.com/a/ACg8ocL_TKRER5uAfAfl-P-gwsA07pAXtYgHQG1Bq703rN_q=mo",
        "userName": "Emissique Cardoso"
    },
    {
        "appVersion": "1.2",
        "at": "2021-12-08 21:28:49",
        "content": "Good",
        "repliedAt": null,
        "replyContent": null,
        "reviewCreatedVersion": "1.2",
        "reviewId": "e0d4e9a4-08dc-4ea0-b404-4ebef2b757b0",
        "score": 5,
        "thumbsUpCount": 4,
        "userImage": "https://play-lh.googleusercontent.com/a-/ALV-UjX_F6tLQ1QhBY6SEkE0eiCfJr5k17uHZqZTDIg0iHp22sc",
        "userName": "MORLAI CONTEH"
    },
    {
        "appVersion": "1.2",
        "at": "2021-05-01 17:23:58",
        "content": "cool",
        "repliedAt": null,
        "replyContent": null,
        "reviewCreatedVersion": "1.2",
        "reviewId": "42c96814-8b0b-4a2a-a7c8-e9a80d36df07",
        "score": 5,
        "thumbsUpCount": 4,
        "userImage": "https://play-lh.googleusercontent.com/a/ACg8ocJvAZy3_1h8Io_7lUfoyxYzG0v_Ay5CkeHVY1rf9CgB=mo",
        "userName": "McKenzie wayo"
    },
    {
        "appVersion": "1.2",
        "at": "2020-01-26 16:27:01",
        "content": "good",
        "repliedAt": null,
        "replyContent": null,
        "reviewCreatedVersion": "1.2",
        "reviewId": "cb0dd755-9c63-4915-b06f-cd7fc04598fa",
        "score": 4,
        "thumbsUpCount": 1,
        "userImage": "https://play-lh.googleusercontent.com/EGemoI2NTXmTsBVtJqk8jxF9rh8ApRWfsIMQSt2uE4OcpQqbFu7f7NbTK05lx80nuSijCz7sc3a277R67g",
        "userName": "A Google user"
    },
    {
        "appVersion": "1.2",
        "at": "2019-07-07 23:33:10",
        "content": "\u0627\u0644\u0628\u0631\u0646\u0627\u0645\u062c \u062f\u0647 \u0631\u0627\u0626\u0639 \u062c\u062f\u0627 \u062c\u062f\u0627 \u062c\u062f\u0627 \u062c\u062f\u0627 \u062c\u062f\u0627",
        "repliedAt": null,
        "replyContent": null,
        "reviewCreatedVersion": "1.2",
        "reviewId": "5aab856e-0641-4959-8502-c8e3b76ac739",
        "score": 5,
        "thumbsUpCount": 3,
        "userImage": "https://play-lh.googleusercontent.com/EGemoI2NTXmTsBVtJqk8jxF9rh8ApRWfsIMQSt2uE4OcpQqbFu7f7NbTK05lx80nuSijCz7sc3a277R67g",
        "userName": "A Google user"
    },
    {
        "appVersion": "1.2",
        "at": "2019-04-17 06:22:35",
        "content": "not what I expected but it's not bad",
        "repliedAt": null,
        "replyContent": null,
        "reviewCreatedVersion": "1.2",
        "reviewId": "83c0a585-5879-47c3-ade2-7190adf9f2cd",
        "score": 4,
        "thumbsUpCount": 12,
        "userImage": "https://play-lh.googleusercontent.com/EGemoI2NTXmTsBVtJqk8jxF9rh8ApRWfsIMQSt2uE4OcpQqbFu7f7NbTK05lx80nuSijCz7sc3a277R67g",
        "userName": "A Google user"
    },
    {
        "appVersion": "1.2",
        "at": "2019-02-23 15:50:58",
        "content": "\ud83d\ude0a\ud83d\ude0a\ud83d\ude0a\ud83d\ude0a\ud83d\ude0a",
        "repliedAt": null,
        "replyContent": null,
        "reviewCreatedVersion": "1.2",
        "reviewId": "88dfcc50-65bf-48a7-87fa-ed5f4daf06c1",
        "score": 4,
        "thumbsUpCount": 6,
        "userImage": "https://play-lh.googleusercontent.com/EGemoI2NTXmTsBVtJqk8jxF9rh8ApRWfsIMQSt2uE4OcpQqbFu7f7NbTK05lx80nuSijCz7sc3a277R67g",
        "userName": "A Google user"
    }
]