[
    {
        "appVersion": "1.3",
        "at": "2023-08-14 16:20:59",
        "content": "Nice\ud83d\ude0e",
        "repliedAt": null,
        "replyContent": null,
        "reviewCreatedVersion": "1.3",
        "reviewId": "fef71455-a915-41a6-885e-a34fd2f9f01a",
        "score": 5,
        "thumbsUpCount": 0,
        "userImage": "https://play-lh.googleusercontent.com/a-/ALV-UjWIWsXmV6jJQhHoW-FHDpBTA1O0GwC183CHZkG0TLuzarM",
        "userName": "SHIV SHANKAR MAHTO"
    },
    {
        "appVersion": "1.3",
        "at": "2023-08-14 11:35:46",
        "content": "It's vvv wast",
        "repliedAt": null,
        "replyContent": null,
        "reviewCreatedVersion": "1.3",
        "reviewId": "0f5bd15f-e9f1-4ee7-9a6c-6acf6161ccdf",
        "score": 1,
        "thumbsUpCount": 0,
        "userImage": "https://play-lh.googleusercontent.com/a-/ALV-UjUZoXPRcWoSZj2r5jb5C5XuLIwGHdZXCpELUY1KxYuBGPoz",
        "userName": "Jaya kumar Bokinala"
    },
    {
        "appVersion": "1.3",
        "at": "2023-08-14 01:02:43",
        "content": "Nice app easy to do",
        "repliedAt": null,
        "replyContent": null,
        "reviewCreatedVersion": "1.3",
        "reviewId": "8c1be3f4-e802-46b8-8896-cf10ae8b350b",
        "score": 5,
        "thumbsUpCount": 0,
        "userImage": "https://play-lh.googleusercontent.com/a-/ALV-UjXntkaNOVOjxR0QguvpDXGk0OxZn-TpkYOl7y08OI-SMS4U",
        "userName": "abdulsathar ottathayyil"
    },
    {
        "appVersion": "1.3",
        "at": "2023-08-08 07:42:38",
        "content": "Good",
        "repliedAt": null,
        "replyContent": null,
        "reviewCreatedVersion": "1.3",
        "reviewId": "c40c8e82-60dc-4fb9-b571-66d011a1ca21",
        "score": 5,
        "thumbsUpCount": 0,
        "userImage": "https://play-lh.googleusercontent.com/a-/ALV-UjVSVNM8juG9uUq84PoCdJlyKFJxiwDFEek6hqDkZNjHq10",
        "userName": "ashok Idupulapati"
    },
    {
        "appVersion": null,
        "at": "2022-08-07 02:11:57",
        "content": "Most useful app for editing photos",
        "repliedAt": null,
        "replyContent": null,
        "reviewCreatedVersion": null,
        "reviewId": "a9e2a00a-7f4b-4068-8dbb-7a6d3f87a424",
        "score": 5,
        "thumbsUpCount": 1,
        "userImage": "https://play-lh.googleusercontent.com/a-/ALV-UjU2jSkUuRDUKgb3I9vGOazVziBFSt2hpQfg6mKyp1w1UeY",
        "userName": "Kuldeep Sahu"
    },
    {
        "appVersion": null,
        "at": "2022-03-23 13:40:25",
        "content": "Nice to edit our photos",
        "repliedAt": null,
        "replyContent": null,
        "reviewCreatedVersion": null,
        "reviewId": "68f2b2ee-61f0-4db3-8f74-80fdf3f1cde8",
        "score": 5,
        "thumbsUpCount": 0,
        "userImage": "https://play-lh.googleusercontent.com/a-/ALV-UjU9lmT0wAP5BxX9WyDjN7QDWdgMUBGL7NTVRUhPEUjNWzQ",
        "userName": "Sri Nikhil chakri"
    },
    {
        "appVersion": "1.2",
        "at": "2021-12-30 13:42:40",
        "content": "Vikas",
        "repliedAt": null,
        "replyContent": null,
        "reviewCreatedVersion": "1.2",
        "reviewId": "9bf7ac29-7e12-45ce-84db-31ce09e821cb",
        "score": 1,
        "thumbsUpCount": 0,
        "userImage": "https://play-lh.googleusercontent.com/a-/ALV-UjW_1sHhQISg_MvmEd7q-JxZb-kXvDIN6goumalmWZiLIA",
        "userName": "V\u00edk\u00e1s r\u00e1j"
    },
    {
        "appVersion": "1.2",
        "at": "2021-08-10 09:48:25",
        "content": "Sanju metro",
        "repliedAt": null,
        "replyContent": null,
        "reviewCreatedVersion": "1.2",
        "reviewId": "3c42110a-b5f0-4511-915c-632fdc337438",
        "score": 5,
        "thumbsUpCount": 2,
        "userImage": "https://play-lh.googleusercontent.com/a/ACg8ocIe9W8MgaOnvatYwwzHUNUmutuqFqVeG16qg8BKnoDk=mo",
        "userName": "Sanju metri"
    },
    {
        "appVersion": "1.2",
        "at": "2021-07-31 02:08:21",
        "content": "Nice",
        "repliedAt": null,
        "replyContent": null,
        "reviewCreatedVersion": "1.2",
        "reviewId": "a4180798-4ac5-4ad9-8fa5-dcc48036a16c",
        "score": 1,
        "thumbsUpCount": 1,
        "userImage": "https://play-lh.googleusercontent.com/a/ACg8ocLmn3j6ts4A-13aHAEyR80e-2t9xWZt1vL7saqAtpbz=mo",
        "userName": "Goluyadav Goluyadav"
    },
    {
        "appVersion": "1.2",
        "at": "2021-05-13 06:35:44",
        "content": "Gjb",
        "repliedAt": null,
        "replyContent": null,
        "reviewCreatedVersion": "1.2",
        "reviewId": "5f10940e-eba2-417e-b5e2-8f92c488f23e",
        "score": 5,
        "thumbsUpCount": 1,
        "userImage": "https://play-lh.googleusercontent.com/a/ACg8ocIPD51oDef3Qgkk08BOQNv40bW3JG4QXu6L4-clOipl=mo",
        "userName": "Dharmendra Ahirwar"
    },
    {
        "appVersion": null,
        "at": "2021-05-03 23:38:00",
        "content": "Photo editor alone boy",
        "repliedAt": null,
        "replyContent": null,
        "reviewCreatedVersion": null,
        "reviewId": "8ff875a3-ee8d-4571-9165-ed1093483bfe",
        "score": 5,
        "thumbsUpCount": 2,
        "userImage": "https://play-lh.googleusercontent.com/a/ACg8ocJsKmyHh-h2uAADUIGpo0wfz1XoEKGgPd6eedQySW-8=mo",
        "userName": "Sunil Karmali"
    },
    {
        "appVersion": "1.2",
        "at": "2021-01-25 23:51:37",
        "content": "\ud83d\udc4c\ud83d\udc4c\ud83d\udc4c",
        "repliedAt": null,
        "replyContent": null,
        "reviewCreatedVersion": "1.2",
        "reviewId": "47f39fcd-474b-4d4e-b075-949056a1c57a",
        "score": 5,
        "thumbsUpCount": 1,
        "userImage": "https://play-lh.googleusercontent.com/a/ACg8ocL02EdHWn_yDOfu1dHFEinhMm7SIhCArCpeBkRRoJVl=mo",
        "userName": "santosh bari"
    },
    {
        "appVersion": "1.2",
        "at": "2020-10-01 14:34:15",
        "content": "Nice app, really underrated, please let others know about this app by advertising.",
        "repliedAt": null,
        "replyContent": null,
        "reviewCreatedVersion": "1.2",
        "reviewId": "bacdcf76-f907-4e42-8820-d325d791a634",
        "score": 5,
        "thumbsUpCount": 8,
        "userImage": "https://play-lh.googleusercontent.com/a-/ALV-UjUvDAGJTcz_gY0pcM0yP7hmS9PsoGSNn24DlOoCdhIgs3o",
        "userName": "Aryan Raj"
    }
]