[
    {
        "appVersion": null,
        "at": "2023-11-17 10:48:32",
        "content": "Nice",
        "repliedAt": null,
        "replyContent": null,
        "reviewCreatedVersion": null,
        "reviewId": "1bf7cace-e135-431b-adc5-bd87d2a64bce",
        "score": 4,
        "thumbsUpCount": 0,
        "userImage": "https://play-lh.googleusercontent.com/a-/ALV-UjX3UpM1X67feisojDxSOPYRgT1t--sFaTGxAQ0WlEpWiMs",
        "userName": "True Lines"
    },
    {
        "appVersion": "3",
        "at": "2023-10-31 00:30:56",
        "content": "Useless and bad, ad overload, loud popping during use, poor sound quality, excessive storage use for a very basic app. Annoying and terrible.",
        "repliedAt": null,
        "replyContent": null,
        "reviewCreatedVersion": "3",
        "reviewId": "af4899ab-8eeb-4503-9555-0087b96ce1ea",
        "score": 1,
        "thumbsUpCount": 0,
        "userImage": "https://play-lh.googleusercontent.com/a/ACg8ocKqVYkIdbUTJJUet38C-tBA6-Cqmk7O4paRUdXscuGp=mo",
        "userName": "Sean Uamh"
    },
    {
        "appVersion": "3",
        "at": "2023-10-07 12:06:48",
        "content": "Too many adverts",
        "repliedAt": null,
        "replyContent": null,
        "reviewCreatedVersion": "3",
        "reviewId": "8ce80b42-a072-43ba-aee2-7e072d51a712",
        "score": 1,
        "thumbsUpCount": 0,
        "userImage": "https://play-lh.googleusercontent.com/a/ACg8ocIz-te-Zj-V9WYWp_D3jmV9IAVghMLA2tWCPsT2qMuN=mo",
        "userName": "paul singh"
    },
    {
        "appVersion": "3",
        "at": "2023-09-19 21:19:55",
        "content": "Not bad kinda plain but works",
        "repliedAt": null,
        "replyContent": null,
        "reviewCreatedVersion": "3",
        "reviewId": "7ead9d58-5bd0-48d5-9fe3-d4360bce8a26",
        "score": 3,
        "thumbsUpCount": 0,
        "userImage": "https://play-lh.googleusercontent.com/a-/ALV-UjWpAyzlTdbaP3nkpsuFinWh0T6gr0iv1H8AX3dCKTD0ofA",
        "userName": "James Westerfield"
    },
    {
        "appVersion": "3",
        "at": "2023-09-14 19:25:47",
        "content": "Works as intended.",
        "repliedAt": null,
        "replyContent": null,
        "reviewCreatedVersion": "3",
        "reviewId": "b37288df-9552-4736-9728-0a4e9baf7537",
        "score": 5,
        "thumbsUpCount": 0,
        "userImage": "https://play-lh.googleusercontent.com/a-/ALV-UjWOyrSYOyEkPgtvSmoeyA53ZRCO6EfIbguRSLCfplx9PmI",
        "userName": "ADRIUXX !"
    },
    {
        "appVersion": null,
        "at": "2023-08-10 10:42:40",
        "content": "Too many advertising",
        "repliedAt": null,
        "replyContent": null,
        "reviewCreatedVersion": null,
        "reviewId": "1150a807-26d2-4e08-be12-5b035e341046",
        "score": 3,
        "thumbsUpCount": 0,
        "userImage": "https://play-lh.googleusercontent.com/a-/ALV-UjUq5i1uTxccohEDtVtZd2MJkVqjjyLqBhwWl9hBekmygA",
        "userName": "Stevanus Han"
    },
    {
        "appVersion": null,
        "at": "2023-08-01 23:23:46",
        "content": "God awful, ads immediately and app closes right after the ad, never got to test the apps function.",
        "repliedAt": null,
        "replyContent": null,
        "reviewCreatedVersion": null,
        "reviewId": "d3f31c43-81ac-43e5-a226-bfce850beec1",
        "score": 1,
        "thumbsUpCount": 0,
        "userImage": "https://play-lh.googleusercontent.com/a-/ALV-UjXbLs7hRRx9ZZypDRuM-lmtyw4e06rYfQ8vOIoBoJ0mJg",
        "userName": "Uncle Sam"
    },
    {
        "appVersion": "2",
        "at": "2023-07-23 07:37:02",
        "content": "My speaker popped",
        "repliedAt": null,
        "replyContent": null,
        "reviewCreatedVersion": "2",
        "reviewId": "4ed8b80f-636e-46e5-a7bd-791901ca44a6",
        "score": 3,
        "thumbsUpCount": 0,
        "userImage": "https://play-lh.googleusercontent.com/a-/ALV-UjU4NToOBE-E7x93fS2NRGmKixHszAfSWbT4VSpaGouctg",
        "userName": "georg larven"
    },
    {
        "appVersion": "2",
        "at": "2023-07-07 15:26:39",
        "content": "the frequency app is a good app but i would like one that can produce a 5.0 ghz signal or even higher",
        "repliedAt": null,
        "replyContent": null,
        "reviewCreatedVersion": "2",
        "reviewId": "1ce79431-1e51-451f-ba49-fd006a0626d4",
        "score": 5,
        "thumbsUpCount": 0,
        "userImage": "https://play-lh.googleusercontent.com/a/ACg8ocJRG5kFIryxQlQr2QmTKXlxwysQo7Suaa4U3_k68wKHZw=mo",
        "userName": "Jesus Perez"
    },
    {
        "appVersion": "2",
        "at": "2023-06-30 08:10:46",
        "content": "Perfect for Psyops against my ahome neighbor",
        "repliedAt": null,
        "replyContent": null,
        "reviewCreatedVersion": "2",
        "reviewId": "747f32d8-5c20-40e2-9262-91fcb77139a8",
        "score": 5,
        "thumbsUpCount": 0,
        "userImage": "https://play-lh.googleusercontent.com/a/ACg8ocLc4gByW3SP5DdZukyb02HHWOhTU5F5eHuFg41Oh7H2Vfg=mo",
        "userName": "Todd Cnolles"
    },
    {
        "appVersion": "2",
        "at": "2023-06-22 13:44:45",
        "content": "Strongly bad app",
        "repliedAt": null,
        "replyContent": null,
        "reviewCreatedVersion": "2",
        "reviewId": "9541bf13-c6ec-41a8-874c-9c64d776afbb",
        "score": 1,
        "thumbsUpCount": 1,
        "userImage": "https://play-lh.googleusercontent.com/a/ACg8ocKUjwBbUcSfP5iQAzLdFRRqc-zbUUyPSx1kyQCNTNQ=mo",
        "userName": "Mazida Begium"
    },
    {
        "appVersion": null,
        "at": "2023-05-30 16:00:02",
        "content": "I just like this.",
        "repliedAt": null,
        "replyContent": null,
        "reviewCreatedVersion": null,
        "reviewId": "06ef7d2c-be0f-4744-a02c-bc2a842d4b8b",
        "score": 5,
        "thumbsUpCount": 0,
        "userImage": "https://play-lh.googleusercontent.com/a/ACg8ocL76wUK24wqUthF-p6VDhWqqypT6KxUK_YiaK_Z-ZIK=mo",
        "userName": "Massimiliano Massi"
    },
    {
        "appVersion": null,
        "at": "2023-05-29 21:12:24",
        "content": "Works as it should A",
        "repliedAt": null,
        "replyContent": null,
        "reviewCreatedVersion": null,
        "reviewId": "1f57d6bd-da24-4b7f-bcda-4bc1c18b6608",
        "score": 4,
        "thumbsUpCount": 1,
        "userImage": "https://play-lh.googleusercontent.com/a-/ALV-UjVX3cwv2E8aOwzCY-ApGD_ckPKhCrQWttF-MenU3kyHL7Y",
        "userName": "Travis Pennington"
    },
    {
        "appVersion": "2",
        "at": "2023-05-01 14:39:04",
        "content": "Does what I wanted it to do, and it's also super cool when you +10 from 10 about 6 times",
        "repliedAt": null,
        "replyContent": null,
        "reviewCreatedVersion": "2",
        "reviewId": "c1c669f3-39ed-4175-bd23-75c9108683cf",
        "score": 5,
        "thumbsUpCount": 2,
        "userImage": "https://play-lh.googleusercontent.com/a-/ALV-UjWhy2WYFg-9CGk8HCQywWp1K9HPjdoht2cju6ttssLFWg",
        "userName": "InaneBlatherskite"
    }
]