[
    {
        "appVersion": null,
        "at": "2023-07-19 14:40:43",
        "content": "C00l \ud83d\ude0e",
        "repliedAt": null,
        "replyContent": null,
        "reviewCreatedVersion": null,
        "reviewId": "8e205ad5-54ef-46f4-9160-0ef9eabe3258",
        "score": 5,
        "thumbsUpCount": 0,
        "userImage": "https://play-lh.googleusercontent.com/a-/ALV-UjXNAvwrao7M5hzkaF1hC3V9bcvPOnZ-4C2LGtnDecTDbA",
        "userName": "Sam Danielewicz"
    },
    {
        "appVersion": "1.3",
        "at": "2023-06-24 15:26:27",
        "content": "the game want to me to put the guy in a tiny area to drop off and pick up things like good greif a tiny area ? it ridiculous and the game made my device lockup had to restart it uninstalling till app is fixed of problems",
        "repliedAt": null,
        "replyContent": null,
        "reviewCreatedVersion": "1.3",
        "reviewId": "83ae5c10-196e-4f28-8a4b-3ef2eeaae898",
        "score": 1,
        "thumbsUpCount": 0,
        "userImage": "https://play-lh.googleusercontent.com/a-/ALV-UjWp2704lcQLgjkJJx1Ni1T258ei-frT5MUCxA7RvmE0vgo",
        "userName": "danny Cobb"
    }
]