[
    {
        "appVersion": "3.0",
        "at": "2023-05-12 12:53:18",
        "content": "Very much love it takes you were you supposed to go. Thank you \ud83d\ude0a",
        "repliedAt": null,
        "replyContent": null,
        "reviewCreatedVersion": "3.0",
        "reviewId": "9be1de6f-bedd-43ed-abbd-5f11f5de9aca",
        "score": 5,
        "thumbsUpCount": 0,
        "userImage": "https://play-lh.googleusercontent.com/a/ACg8ocJVQfXzJA0pX2daCW53vywSRP1tDIGZeW5H_Gms1nFH=mo",
        "userName": "MIKE WINDS"
    }
]