[
    {
        "appVersion": "1.0.2",
        "at": "2023-09-25 02:52:22",
        "content": "Adds!!!!!!! \ud83e\udd75\ud83e\udd75\ud83e\udd75",
        "repliedAt": null,
        "replyContent": null,
        "reviewCreatedVersion": "1.0.2",
        "reviewId": "1adc6a9a-c2fd-4635-8c23-2b56d1b95c8a",
        "score": 3,
        "thumbsUpCount": 1,
        "userImage": "https://play-lh.googleusercontent.com/a-/ALV-UjWkaJYx8QQGaGgpxBnTakmPC70GzlAhCVYHzY9x6CVR-XHM",
        "userName": "Aswath S A"
    },
    {
        "appVersion": "1.0.2",
        "at": "2023-09-16 09:06:05",
        "content": "Good luck",
        "repliedAt": null,
        "replyContent": null,
        "reviewCreatedVersion": "1.0.2",
        "reviewId": "8aaf029e-da45-4fb8-b4d4-8bee30cbbb0b",
        "score": 5,
        "thumbsUpCount": 0,
        "userImage": "https://play-lh.googleusercontent.com/a/ACg8ocKHZz_mWftfZsaTbeWFQlLKhMCQxXwJwNkIArO5v1rO=mo",
        "userName": "ramadhan mahmud"
    },
    {
        "appVersion": "1.0.2",
        "at": "2023-08-29 16:02:17",
        "content": "Freinds is godgift",
        "repliedAt": null,
        "replyContent": null,
        "reviewCreatedVersion": "1.0.2",
        "reviewId": "2914be27-75eb-4a4f-8153-297a68707fdd",
        "score": 5,
        "thumbsUpCount": 4,
        "userImage": "https://play-lh.googleusercontent.com/a-/ALV-UjVY6q44_4SEgTFn-E9Rx19VpTpYFzUXn9cXuGBR3kGtxA",
        "userName": "Narayana Laxman"
    },
    {
        "appVersion": null,
        "at": "2023-06-23 07:13:17",
        "content": "Nice app",
        "repliedAt": null,
        "replyContent": null,
        "reviewCreatedVersion": null,
        "reviewId": "9ec6d3b8-f2c6-49bb-a18a-2b1ce3530e76",
        "score": 5,
        "thumbsUpCount": 1,
        "userImage": "https://play-lh.googleusercontent.com/a/ACg8ocLDoTl--QwQ_1tT42buUtVyfkb8HEZnyWqOJ3z1T9EM=mo",
        "userName": "King Kilar"
    },
    {
        "appVersion": null,
        "at": "2023-06-20 14:01:49",
        "content": "Itz ridcules",
        "repliedAt": null,
        "replyContent": null,
        "reviewCreatedVersion": null,
        "reviewId": "2b916f53-6709-4d7d-8ee1-f9b8fecf743c",
        "score": 1,
        "thumbsUpCount": 0,
        "userImage": "https://play-lh.googleusercontent.com/a/ACg8ocLZ9DOH3fjwxguNTIg92lpgfTmpmnj2_d8ZLyHD8ziw=mo",
        "userName": "MAhmad Akram"
    },
    {
        "appVersion": "1.0.2",
        "at": "2023-06-12 01:37:57",
        "content": "After firdt photo it has got hanging , huge ads ,not worth even for installation",
        "repliedAt": null,
        "replyContent": null,
        "reviewCreatedVersion": "1.0.2",
        "reviewId": "bead29b8-7f5b-491f-9454-6ae6307d4c60",
        "score": 1,
        "thumbsUpCount": 15,
        "userImage": "https://play-lh.googleusercontent.com/a/ACg8ocIi-OZ97NAJJwWfqtyaEz9Y9Y5dxBxebTA2-cLRzdki=mo",
        "userName": "vishal pathak"
    },
    {
        "appVersion": "1.0.2",
        "at": "2023-05-22 10:28:29",
        "content": "Very accurate",
        "repliedAt": null,
        "replyContent": null,
        "reviewCreatedVersion": "1.0.2",
        "reviewId": "9162c1a9-2377-4369-8b1e-a81ddb5268ee",
        "score": 5,
        "thumbsUpCount": 11,
        "userImage": "https://play-lh.googleusercontent.com/a/ACg8ocK5lRQ_jwm4Co8ROqhZHzubQsDzOwM5qg4YX71WWEL0=mo",
        "userName": "Mohamed Skee"
    },
    {
        "appVersion": "1.0.2",
        "at": "2023-04-16 15:48:15",
        "content": "Excellent",
        "repliedAt": null,
        "replyContent": null,
        "reviewCreatedVersion": "1.0.2",
        "reviewId": "4c54da16-5e9e-4b47-a3cb-ee23740b1f94",
        "score": 5,
        "thumbsUpCount": 7,
        "userImage": "https://play-lh.googleusercontent.com/a/ACg8ocImbkLsjBw7K_A76h0bCVYd3dEZIhvkYx_SDifzFNw=mo",
        "userName": "Muhammad Bilal"
    },
    {
        "appVersion": null,
        "at": "2023-04-04 06:46:34",
        "content": "Nice work",
        "repliedAt": "2023-04-04 08:05:48",
        "replyContent": "Thank you very much. Keep using our app :)",
        "reviewCreatedVersion": null,
        "reviewId": "a82d2131-fbac-488a-a736-0170603a7075",
        "score": 5,
        "thumbsUpCount": 1,
        "userImage": "https://play-lh.googleusercontent.com/a-/ALV-UjW19rKr9Z1IlJOKexGd7LUGDnTjCF2n9wYxkD6w_hUgP2ty",
        "userName": "PROJECTOR PANKAJ KUMAR TAMARADESH REWA M.P"
    }
]