[
    {
        "appVersion": null,
        "at": "2023-08-29 15:24:06",
        "content": "Does not work - i checked a couple of cell numbers that i know who the number belongs to. They are not in my address book, and this app did not have the details. CallerApp is better, i get my info then there.",
        "repliedAt": null,
        "replyContent": null,
        "reviewCreatedVersion": null,
        "reviewId": "3468ac2e-0eb7-4b05-aa09-be29d0e92186",
        "score": 1,
        "thumbsUpCount": 0,
        "userImage": "https://play-lh.googleusercontent.com/a-/ALV-UjWvsTxlfVQ115KQKHv6urPNLkgCnbZjXHB6bRRpl-XWgA",
        "userName": "Sussanne Davies"
    },
    {
        "appVersion": "1.0",
        "at": "2023-08-24 18:34:10",
        "content": "Does not work",
        "repliedAt": null,
        "replyContent": null,
        "reviewCreatedVersion": "1.0",
        "reviewId": "d5b52afa-e0fd-4557-aa9a-7bf66ac34987",
        "score": 1,
        "thumbsUpCount": 0,
        "userImage": "https://play-lh.googleusercontent.com/a-/ALV-UjUt_4ws2DAdHXdD8fOxu6EDgwwweKFw1MOEwQjKGg5dzEI",
        "userName": "L M"
    },
    {
        "appVersion": null,
        "at": "2023-06-01 20:00:25",
        "content": "Poor!!! All the app ads dominated nothing opens correctly as expected",
        "repliedAt": null,
        "replyContent": null,
        "reviewCreatedVersion": null,
        "reviewId": "0fda740f-aa85-458b-9409-32a8ea5fd0f3",
        "score": 1,
        "thumbsUpCount": 0,
        "userImage": "https://play-lh.googleusercontent.com/a-/ALV-UjWrch7ygK9pOREvxdl84E9B8dDd6GPkBtIc4Pke3rg91V4",
        "userName": "Lamara Mohammed"
    },
    {
        "appVersion": null,
        "at": "2023-05-30 17:09:23",
        "content": "It doesn't work ,you click the page and it closed. I try twice. Now Uninstaller",
        "repliedAt": null,
        "replyContent": null,
        "reviewCreatedVersion": null,
        "reviewId": "fb791e40-322f-4846-9653-8b31024db4f7",
        "score": 1,
        "thumbsUpCount": 0,
        "userImage": "https://play-lh.googleusercontent.com/a/ACg8ocJw0tRpBS1_Ewi--gXixq9BCUMZoY38A0kfjeJKucYu9Q=mo",
        "userName": "NAILZ"
    }
]