[
    {
        "appVersion": null,
        "at": "2023-09-02 18:39:32",
        "content": "it good and good for friendship bracelets",
        "repliedAt": "2023-09-05 19:39:47",
        "replyContent": "Thanks for your review! Please recommend our app to your friends, and don\u2019t hesitate to shoot us a note at vorevo.apps@gmail.com if you have any questions.",
        "reviewCreatedVersion": null,
        "reviewId": "006dca96-052e-4ea1-b477-ff5097ad66ff",
        "score": 5,
        "thumbsUpCount": 0,
        "userImage": "https://play-lh.googleusercontent.com/a/ACg8ocJCzg8jpA1vNhO20cr4a5BIFGMrqHlaM3wh9v0QpL4g=mo",
        "userName": "precious olatuyi"
    },
    {
        "appVersion": "1.3.4",
        "at": "2023-07-23 04:15:12",
        "content": "All the advertisement doesn't let me see the pages.",
        "repliedAt": "2023-07-28 01:53:54",
        "replyContent": "Dear User, we are sorry for the inconvenience. We want to give you better user experience. Could you give us the screenshots of Ads that disturb you most? You can email us at vorevo.apps@gmail.com.",
        "reviewCreatedVersion": "1.3.4",
        "reviewId": "77d7e2af-79b3-491f-9e4e-995301da8bc4",
        "score": 1,
        "thumbsUpCount": 1,
        "userImage": "https://play-lh.googleusercontent.com/a-/ALV-UjU5TLrqAzAnlJdLGxi8BHr49xt2Txg3q4v7tuYkhV9y3F0",
        "userName": "Carla Pitarma"
    },
    {
        "appVersion": "1.3.2",
        "at": "2023-06-25 15:22:30",
        "content": "It's a very easy to use app but I expected more There are only a hundred design choices and that's all Lowkey it was just disappointing",
        "repliedAt": "2023-06-26 18:14:00",
        "replyContent": "Dear User, We are always working to add more sources in the updates. Thank you for sharing your thoughts with us :)",
        "reviewCreatedVersion": "1.3.2",
        "reviewId": "2dfeaea0-1133-4341-ad1e-591192c98bc9",
        "score": 3,
        "thumbsUpCount": 2,
        "userImage": "https://play-lh.googleusercontent.com/a-/ALV-UjXGF8hUlU-9Yhj_PBx22hrkx1isns8wAQH1JGEA44SuQg",
        "userName": "Just_watching"
    },
    {
        "appVersion": null,
        "at": "2023-06-02 11:00:30",
        "content": "It doesn't give u step by step instructions. The instructions start half way done with the product",
        "repliedAt": "2023-06-03 19:45:19",
        "replyContent": "Thank you so much for taking the time to leave us feedback.",
        "reviewCreatedVersion": null,
        "reviewId": "bbd5b3cd-91ce-4b64-97b3-24d8e163946d",
        "score": 1,
        "thumbsUpCount": 1,
        "userImage": "https://play-lh.googleusercontent.com/a-/ALV-UjU367EYC_M28Zo716lgzBk6T0ys7qLFbnO8J7GEsQxmYWs",
        "userName": "Brenda Lambert"
    },
    {
        "appVersion": null,
        "at": "2023-04-06 15:02:14",
        "content": "good app",
        "repliedAt": "2023-04-07 03:52:00",
        "replyContent": "Thank you very much. Keep using our app :)",
        "reviewCreatedVersion": null,
        "reviewId": "b800e473-96f4-44a5-8592-2cf2fd89e341",
        "score": 5,
        "thumbsUpCount": 1,
        "userImage": "https://play-lh.googleusercontent.com/a/ACg8ocIrMh6lbm11GbakE77gkCXZThZHJfAV7e3NAMWPccnR=mo",
        "userName": "Emily Amba Sillah"
    }
]