[
    {
        "appVersion": "1.3.3",
        "at": "2023-10-27 10:04:55",
        "content": "Very nice",
        "repliedAt": "2023-11-07 00:10:53",
        "replyContent": "Thank you for your review. Enjoy the app & keep supporting us :)\nIf you have any feedback or suggestion, you could write to us at vorevo.apps@gmail.com. We would love to hear from you!",
        "reviewCreatedVersion": "1.3.3",
        "reviewId": "f5a60f33-4de6-4f71-93d0-02774b00f590",
        "score": 5,
        "thumbsUpCount": 0,
        "userImage": "https://play-lh.googleusercontent.com/a/ACg8ocKqnV8MJ1q0m8y9fKkRiBwa8nqBAeUPkK36Hf4hkUs=mo",
        "userName": "Akilah Wimbley"
    }
]