[
    {
        "appVersion": null,
        "at": "2021-07-12 20:29:52",
        "content": "They cause harm and death they tie into peoples heart pace maker's and kill them",
        "repliedAt": null,
        "replyContent": null,
        "reviewCreatedVersion": null,
        "reviewId": "14c70986-a67e-4718-b6fd-018de4b06136",
        "score": 1,
        "thumbsUpCount": 0,
        "userImage": "https://play-lh.googleusercontent.com/a-/ALV-UjV5bpvh_OiXD-f8fKNnoEnI4hwah1Ix4NIQMDo0gzym1Pw",
        "userName": "Benjamin Litteral Sr"
    },
    {
        "appVersion": "1.0",
        "at": "2021-05-20 18:49:35",
        "content": "Worked first time on my MotoG7 Play. I just followed the instructions. You do need to use the pre-built .UF2 firmware that can be found on the Adafruit website. Click on Learn and search for Bluefruit Playground App.",
        "repliedAt": null,
        "replyContent": null,
        "reviewCreatedVersion": "1.0",
        "reviewId": "87bbe083-8c10-4fce-a0d1-eb2af27f0e7d",
        "score": 5,
        "thumbsUpCount": 2,
        "userImage": "https://play-lh.googleusercontent.com/a/ACg8ocL7lGFs06hdK2RcEppaDkdruRlbXPeeZ_GwQ14FqR9M=mo",
        "userName": "A Buckley"
    },
    {
        "appVersion": null,
        "at": "2021-03-19 20:34:58",
        "content": "It does not connect it took me 5 months to work this out and this thing does not work I do not recommend it and ot made malice soooo much harder and it just caused sadness and I lost so much time and 2 friends because of this thing so annoying.",
        "repliedAt": null,
        "replyContent": null,
        "reviewCreatedVersion": null,
        "reviewId": "1a176c07-a187-4be0-b5e9-a26217010cb3",
        "score": 1,
        "thumbsUpCount": 2,
        "userImage": "https://play-lh.googleusercontent.com/a/ACg8ocI9hlYLW4e0gEg8-hHxTl-oN65OySTktVJ4Fm-3VNKP=mo",
        "userName": "Tani Momodu"
    },
    {
        "appVersion": "1.0",
        "at": "2020-07-22 12:17:45",
        "content": "Adafruit is compromised. They are funding the arments of BLM terror cells now preparing for active hot civil war. They are NOT of opensource. They are pushing censorship and false narratives. They are communist and side with Chi infiltration war with USA. They are bad. BOYCOTT BOYCOTT BOYCOTT",
        "repliedAt": null,
        "replyContent": null,
        "reviewCreatedVersion": "1.0",
        "reviewId": "c11bdd9d-6997-4654-b034-6aea1c2c9642",
        "score": 1,
        "thumbsUpCount": 0,
        "userImage": "https://play-lh.googleusercontent.com/a/ACg8ocLehM-A-crR4GUAIwVcPiof_hewUhkl_Z_1b_H0PeqO=mo",
        "userName": "Glo Unit"
    },
    {
        "appVersion": "1.0",
        "at": "2020-06-17 22:33:29",
        "content": "Doesn't connect. Apple version works fine",
        "repliedAt": null,
        "replyContent": null,
        "reviewCreatedVersion": "1.0",
        "reviewId": "37d1d683-0e7d-4250-8065-ca28a5e0c699",
        "score": 1,
        "thumbsUpCount": 0,
        "userImage": "https://play-lh.googleusercontent.com/a-/ALV-UjUODXwlyAwgBUTmusYB1E5lZM1UsSaWxyGgebKsTMyAHA",
        "userName": "Timothy Hawkey"
    }
]