[
    {
        "appVersion": "1.3.4",
        "at": "2023-09-05 16:08:07",
        "content": "nice is so nice,\u2764\ufe0f\u2764\ufe0f",
        "repliedAt": "2023-09-05 18:40:49",
        "replyContent": "Thanks for taking out time to rate us. It really helps us to keep going and delivering the best :)",
        "reviewCreatedVersion": "1.3.4",
        "reviewId": "8d395416-d3f2-4ab6-9301-5107d7f53f4d",
        "score": 5,
        "thumbsUpCount": 1,
        "userImage": "https://play-lh.googleusercontent.com/a/ACg8ocJuv5kZYPkqPmRTpKG0MDRn2Nmu2Uf424VPqGoZkyuz=mo",
        "userName": "Mbali Masilela"
    },
    {
        "appVersion": null,
        "at": "2023-05-29 03:27:44",
        "content": "Really great I like more...",
        "repliedAt": "2023-06-03 19:52:35",
        "replyContent": "Hi, is there something we can do to get 5 stars? Please let us know at vorevo.apps@gmail.com.",
        "reviewCreatedVersion": null,
        "reviewId": "1890b38f-cd74-4d2b-99e0-01bf359d7e83",
        "score": 4,
        "thumbsUpCount": 1,
        "userImage": "https://play-lh.googleusercontent.com/a/ACg8ocKoPyI1usc_8SAh9U8jn1iSvCbGUpXz_3V0UXOEMhYY=mo",
        "userName": "David Mark"
    },
    {
        "appVersion": null,
        "at": "2023-04-08 12:03:20",
        "content": "hayutiii",
        "repliedAt": "2023-06-03 19:52:19",
        "replyContent": "Thank you so much for your encouraging star ratings!\n",
        "reviewCreatedVersion": null,
        "reviewId": "0d7bd9e9-fb50-438d-a0e0-2604bd5735e1",
        "score": 5,
        "thumbsUpCount": 0,
        "userImage": "https://play-lh.googleusercontent.com/a/ACg8ocLWkdiNsAnUml9E6Dv3cbxJ49o5rYS2TZQAXxjrYwSD=mo",
        "userName": "Tesfalem Tekeste"
    },
    {
        "appVersion": "1.3.2",
        "at": "2023-03-15 06:35:23",
        "content": "cool",
        "repliedAt": "2023-03-23 02:41:18",
        "replyContent": "Thanks for taking out time to rate us. It really helps us to keep going and delivering the best :)",
        "reviewCreatedVersion": "1.3.2",
        "reviewId": "8421523a-becb-4d48-a935-8de22c826efd",
        "score": 5,
        "thumbsUpCount": 1,
        "userImage": "https://play-lh.googleusercontent.com/a/ACg8ocKzfqq1v0a66V3pOuyl94dOMLcNoFOdZIYQJy96mVqU=mo",
        "userName": "Sonette Sharp"
    }
]