[
    {
        "appVersion": "1.4",
        "at": "2023-08-21 02:32:33",
        "content": "I tap to color but it's slow or rather delayed about it. It fills in the section with color about a second after I tap it with my finger and/or stylus. Other than that ... It's werd.",
        "repliedAt": null,
        "replyContent": null,
        "reviewCreatedVersion": "1.4",
        "reviewId": "410def37-2928-4c7c-a3ab-2be16a64c11a",
        "score": 3,
        "thumbsUpCount": 0,
        "userImage": "https://play-lh.googleusercontent.com/a-/ALV-UjUat_D-EuJG2UXIwayi3kA4GfuZ99y0-Z__LqE68wiFdF8",
        "userName": "Stephanie Raser (Nyana's Imperfection)"
    },
    {
        "appVersion": "1.4",
        "at": "2023-01-30 11:56:37",
        "content": "Do not delete this app for any reason - I have no complaints at all!",
        "repliedAt": null,
        "replyContent": null,
        "reviewCreatedVersion": "1.4",
        "reviewId": "7150c379-b76c-49b6-b3be-28a47210ded1",
        "score": 5,
        "thumbsUpCount": 1,
        "userImage": "https://play-lh.googleusercontent.com/a/ACg8ocIVNWcBzIMqecb3UJB240gs7Vgt1AYiPaetByLpIniy=mo",
        "userName": "Eunae Kim"
    },
    {
        "appVersion": "1.2",
        "at": "2021-10-04 03:53:12",
        "content": "So cute\ud83d\ude0d",
        "repliedAt": null,
        "replyContent": null,
        "reviewCreatedVersion": "1.2",
        "reviewId": "843ba8a5-42bb-4a6c-a089-cbaabc8ab07a",
        "score": 5,
        "thumbsUpCount": 0,
        "userImage": "https://play-lh.googleusercontent.com/a-/ALV-UjUz1Xulnlu7gWoHC1W2q9yVEgMQvKu1qHu5jLQaHEbWE8w",
        "userName": "Julia Villena"
    },
    {
        "appVersion": "1.2",
        "at": "2021-05-24 05:13:30",
        "content": "Super kawaii! \u2764\u2764",
        "repliedAt": null,
        "replyContent": null,
        "reviewCreatedVersion": "1.2",
        "reviewId": "6b92526f-e680-4e71-9577-d45dc6ab5ff9",
        "score": 5,
        "thumbsUpCount": 0,
        "userImage": "https://play-lh.googleusercontent.com/a-/ALV-UjVSTNRZIb5tlTt6JYhseYjhEiVS7PhGOueMnKnQM6PwiFao",
        "userName": "Magi Bcl."
    },
    {
        "appVersion": "1.2",
        "at": "2020-12-23 03:03:09",
        "content": "Cute",
        "repliedAt": null,
        "replyContent": null,
        "reviewCreatedVersion": "1.2",
        "reviewId": "9c9f40cd-38cc-4fe6-b8de-d35dbb647e5c",
        "score": 4,
        "thumbsUpCount": 0,
        "userImage": "https://play-lh.googleusercontent.com/a-/ALV-UjWd38aTMLu6k15FLZISYvC5Mgc_Glo9Itp25lgQPt_jBXQ",
        "userName": "RON HILDNER"
    },
    {
        "appVersion": "1.2",
        "at": "2020-10-14 01:42:16",
        "content": "Think about more games and this game is very....................................amazing",
        "repliedAt": null,
        "replyContent": null,
        "reviewCreatedVersion": "1.2",
        "reviewId": "e6c3e895-377b-4833-bf30-4000cf1533e1",
        "score": 5,
        "thumbsUpCount": 7,
        "userImage": "https://play-lh.googleusercontent.com/a/ACg8ocIww3_aWg0zBTBI9uAS5497zyJpENFMuxie_sEaTyal=mo",
        "userName": "Nikhil Dakua"
    },
    {
        "appVersion": "1.1",
        "at": "2020-09-21 22:34:03",
        "content": "Cute and helps pass the time",
        "repliedAt": null,
        "replyContent": null,
        "reviewCreatedVersion": "1.1",
        "reviewId": "360fceef-d66c-4b21-a129-aca975cb4f9c",
        "score": 5,
        "thumbsUpCount": 11,
        "userImage": "https://play-lh.googleusercontent.com/a-/ALV-UjU7XP1n6OcW8grxgYi70XIfwEo9axo1OvUZWlgrLs-NfQ",
        "userName": "Rebel Angel"
    },
    {
        "appVersion": "1.1",
        "at": "2020-09-17 20:26:43",
        "content": "Cute pics and the colors are pretty but its not a coloring app for adults this app is more for children and way way to many ads",
        "repliedAt": null,
        "replyContent": null,
        "reviewCreatedVersion": "1.1",
        "reviewId": "5e8f65ae-862a-4567-b2ce-38122b1cd83f",
        "score": 2,
        "thumbsUpCount": 7,
        "userImage": "https://play-lh.googleusercontent.com/a/ACg8ocKIF8o3vrr2wkr59ch_86P5cgHwlL5o6xoqZBzt82-m=mo",
        "userName": "Jamie Ghorley"
    }
]