[
    {
        "appVersion": "1.0",
        "at": "2023-10-31 08:11:50",
        "content": "Ahmad ktk",
        "repliedAt": null,
        "replyContent": null,
        "reviewCreatedVersion": "1.0",
        "reviewId": "0aee6ad1-5d06-429b-a68f-c2f352677c4b",
        "score": 5,
        "thumbsUpCount": 0,
        "userImage": "https://play-lh.googleusercontent.com/a/ACg8ocJd9M67HWxrmKfZ7cFj5_Ku8M1CLf5UMQAigxAzK0AX=mo",
        "userName": "Ahmad123 Khan12"
    },
    {
        "appVersion": "1.0",
        "at": "2023-10-02 01:37:34",
        "content": "good",
        "repliedAt": null,
        "replyContent": null,
        "reviewCreatedVersion": "1.0",
        "reviewId": "aad8c4b2-3f04-4d32-b3dd-1d87b8bd70e4",
        "score": 5,
        "thumbsUpCount": 15,
        "userImage": "https://play-lh.googleusercontent.com/a/ACg8ocIfe447YEkZKq_gm5fDjzI0r6ZTnOsDGeo53bHlpjwA=mo",
        "userName": "Darien Russell"
    }
]