[
    {
        "appVersion": "1.3",
        "at": "2023-03-24 16:21:48",
        "content": "Good app",
        "repliedAt": null,
        "replyContent": null,
        "reviewCreatedVersion": "1.3",
        "reviewId": "2c3ab19c-ebda-4013-b9ac-2a3bd2ec62c7",
        "score": 5,
        "thumbsUpCount": 0,
        "userImage": "https://play-lh.googleusercontent.com/a-/ALV-UjW_1ZUY8CPXoQGXko9b7j_BrSur4q2oxmUKK4qyNfGK9BA",
        "userName": "Muhammad As"
    },
    {
        "appVersion": "1.3",
        "at": "2022-11-17 14:37:56",
        "content": "Superb",
        "repliedAt": null,
        "replyContent": null,
        "reviewCreatedVersion": "1.3",
        "reviewId": "59598d73-fa05-4d7b-a02b-5ba466485d42",
        "score": 5,
        "thumbsUpCount": 0,
        "userImage": "https://play-lh.googleusercontent.com/a/ACg8ocJPtOMxnX6kwp0z-VcY4RpKyRbzy-c4yrRd9tY_vBg-=mo",
        "userName": "Syed Arif"
    },
    {
        "appVersion": "1.0",
        "at": "2022-06-05 02:31:15",
        "content": "i like this app",
        "repliedAt": null,
        "replyContent": null,
        "reviewCreatedVersion": "1.0",
        "reviewId": "74dc4c49-fe24-4fa9-a834-3098b959f2fa",
        "score": 5,
        "thumbsUpCount": 2,
        "userImage": "https://play-lh.googleusercontent.com/a/ACg8ocLNR9RKdVCZQt4JHryJImZuTajUo-Ivs1O4p7nLYHZY=mo",
        "userName": "saritha naragoni"
    },
    {
        "appVersion": null,
        "at": "2022-01-03 11:15:47",
        "content": "\ud83e\udd70",
        "repliedAt": null,
        "replyContent": null,
        "reviewCreatedVersion": null,
        "reviewId": "f437e1a7-6857-4920-8c94-b692183c5692",
        "score": 5,
        "thumbsUpCount": 0,
        "userImage": "https://play-lh.googleusercontent.com/a/ACg8ocJY9gjCDKSYhrZ2gRCoijb8nlXvma7eYZOddXdMqaBy=mo",
        "userName": "Daanu Daanu"
    },
    {
        "appVersion": null,
        "at": "2021-10-15 14:56:16",
        "content": "Cute but not what i was after. And didn't have my grandbabie's name.",
        "repliedAt": null,
        "replyContent": null,
        "reviewCreatedVersion": null,
        "reviewId": "e558f918-c811-4b76-a6fb-8f6caec751db",
        "score": 3,
        "thumbsUpCount": 8,
        "userImage": "https://play-lh.googleusercontent.com/a-/ALV-UjU7yq_T7DKGfaFv0DV0rdfbECmv6vWxWhP0IaCMRsAKvuey",
        "userName": "Rhonda Adels"
    },
    {
        "appVersion": null,
        "at": "2021-05-24 05:38:24",
        "content": "Nice",
        "repliedAt": null,
        "replyContent": null,
        "reviewCreatedVersion": null,
        "reviewId": "a84ee7ca-93d8-42fc-9f16-db69305c3101",
        "score": 3,
        "thumbsUpCount": 7,
        "userImage": "https://play-lh.googleusercontent.com/a/ACg8ocJMCc0X8HrqcadlJZyYe2U5hAbOntRNFHXIwX0AOSik=mo",
        "userName": "Sravan Kumar Reddy"
    }
]