[
    {
        "appVersion": "1.0.3",
        "at": "2023-11-20 11:27:01",
        "content": "nice app",
        "repliedAt": null,
        "replyContent": null,
        "reviewCreatedVersion": "1.0.3",
        "reviewId": "3976b4c1-a72d-4d5d-b90d-a83801f82fd0",
        "score": 5,
        "thumbsUpCount": 0,
        "userImage": "https://play-lh.googleusercontent.com/a/ACg8ocIr1L5gqYnrJbTRX1iI2ectWCyUSstx7GiGEHkt5q8-=mo",
        "userName": "Jay Singh"
    },
    {
        "appVersion": "1.0.3",
        "at": "2023-11-20 03:06:09",
        "content": "Genial pero me falta un poco de enredar algo mas, no termina de convencerme",
        "repliedAt": null,
        "replyContent": null,
        "reviewCreatedVersion": "1.0.3",
        "reviewId": "b3ffdffd-f346-4111-a62e-8bddbe74b701",
        "score": 5,
        "thumbsUpCount": 1,
        "userImage": "https://play-lh.googleusercontent.com/a-/ALV-UjXI3miqIMRu8P5KNQ0ITBP9E9f2aHBw0uAsOO7hoMCMWsk",
        "userName": "Igor Seco"
    },
    {
        "appVersion": null,
        "at": "2023-11-20 00:07:52",
        "content": "Need my sling prdUim lsst night llost my dogd pescock and my dog sling plus hson couplr dogs loss bunch .",
        "repliedAt": null,
        "replyContent": null,
        "reviewCreatedVersion": null,
        "reviewId": "2937c82e-8e32-4d6a-9bde-4d1df67e25ff",
        "score": 5,
        "thumbsUpCount": 1,
        "userImage": "https://play-lh.googleusercontent.com/a-/ALV-UjULc4izwOG3rbCwZYiIGK2mTwy7cH0ss9VEU9mbSbAu7vo",
        "userName": "Leslie Jenkins"
    },
    {
        "appVersion": null,
        "at": "2023-11-19 23:18:54",
        "content": "All the time I mean anytime",
        "repliedAt": null,
        "replyContent": null,
        "reviewCreatedVersion": null,
        "reviewId": "3935aaf6-df31-4d54-8903-4b4f5eb3e4a0",
        "score": 5,
        "thumbsUpCount": 1,
        "userImage": "https://play-lh.googleusercontent.com/a/ACg8ocLfdrh66mId6mlOZdVAoaYGu0x-L134rgLrR0rNH_iG=mo",
        "userName": "Onyedikachi Daniel"
    },
    {
        "appVersion": "1.0.2",
        "at": "2023-11-18 10:54:16",
        "content": "Works good",
        "repliedAt": null,
        "replyContent": null,
        "reviewCreatedVersion": "1.0.2",
        "reviewId": "a39097f5-5b56-47a9-8828-783340b9c28e",
        "score": 5,
        "thumbsUpCount": 0,
        "userImage": "https://play-lh.googleusercontent.com/a-/ALV-UjWyGjUkjOAGbhwi2938hoX1q8IOppsoQ_dgFC1T5OqCsvw",
        "userName": "Red Rooster"
    },
    {
        "appVersion": "1.0.3",
        "at": "2023-11-18 00:38:18",
        "content": "I thought it would give me internet everywhere i go, but it doesn't",
        "repliedAt": null,
        "replyContent": null,
        "reviewCreatedVersion": "1.0.3",
        "reviewId": "c21f6472-033e-4db2-84b9-fac1f2e6e5c8",
        "score": 1,
        "thumbsUpCount": 4,
        "userImage": "https://play-lh.googleusercontent.com/a-/ALV-UjWWf3nR60Aex1jgun52K04t-V_tQiYfGfLTdz52yhDvQHI",
        "userName": "Destiny Daley"
    },
    {
        "appVersion": "1.0.3",
        "at": "2023-11-16 10:13:28",
        "content": "Good",
        "repliedAt": null,
        "replyContent": null,
        "reviewCreatedVersion": "1.0.3",
        "reviewId": "2cf4a97d-4a8b-4b6b-9d93-796dfcd8a1aa",
        "score": 5,
        "thumbsUpCount": 1,
        "userImage": "https://play-lh.googleusercontent.com/a/ACg8ocI16kI3gGNy754qGxfu3Cc8YbvKTzyhjD1X4lQVoTBD=mo",
        "userName": "Basit"
    },
    {
        "appVersion": null,
        "at": "2023-11-16 08:48:10",
        "content": "No comment",
        "repliedAt": null,
        "replyContent": null,
        "reviewCreatedVersion": null,
        "reviewId": "c99341c3-a906-412a-9eb3-70d16c1d7fa7",
        "score": 5,
        "thumbsUpCount": 1,
        "userImage": "https://play-lh.googleusercontent.com/a/ACg8ocIh2kbpRjZnJdPU4fy8kbs4WMeOHLpAp0t6FS3TWg7x=mo",
        "userName": "El aref Ben Ashour"
    },
    {
        "appVersion": null,
        "at": "2023-11-15 17:34:48",
        "content": "compromised my phone",
        "repliedAt": null,
        "replyContent": null,
        "reviewCreatedVersion": null,
        "reviewId": "9f8d6fe5-c0d8-488b-9640-3e9db1155593",
        "score": 1,
        "thumbsUpCount": 0,
        "userImage": "https://play-lh.googleusercontent.com/a/ACg8ocLp8ncWHE5Is8eKcOkiy9XnFn5z4KBw6zv9lx5_FWw5=mo",
        "userName": "Jay"
    },
    {
        "appVersion": "1.0.3",
        "at": "2023-11-14 22:11:39",
        "content": "We're still waiting \u270b\ufe0f \ud83d\ude2a \ud83d\ude0c \ud83d\ude43 \ud83d\ude15 \ud83d\ude14 \u270b\ufe0f \ud83d\ude2a \ud83d\ude0c \ud83d\ude43 \ud83d\ude15",
        "repliedAt": null,
        "replyContent": null,
        "reviewCreatedVersion": "1.0.3",
        "reviewId": "d9dac1e8-aab4-4d3d-9ff8-17b1fa720b62",
        "score": 5,
        "thumbsUpCount": 2,
        "userImage": "https://play-lh.googleusercontent.com/a/ACg8ocKQBFYrD_N6UAP48KxuHci13nqHNAs79zc5smxJtOob=mo",
        "userName": "Uncle Ben"
    },
    {
        "appVersion": "1.0.3",
        "at": "2023-11-12 07:16:44",
        "content": "Exactly as described.",
        "repliedAt": null,
        "replyContent": null,
        "reviewCreatedVersion": "1.0.3",
        "reviewId": "1f34de2a-8947-40ce-ba16-34bc2081d873",
        "score": 5,
        "thumbsUpCount": 2,
        "userImage": "https://play-lh.googleusercontent.com/a/ACg8ocKFGrGFj6jH7X-TO6Z7wVPPpWnXhyTAcBVrmbezKMA7=mo",
        "userName": "kelly piemonte"
    },
    {
        "appVersion": "1.0.3",
        "at": "2023-11-11 12:13:42",
        "content": "Wi fi work but unfortunately can't find YsxLite devise",
        "repliedAt": null,
        "replyContent": null,
        "reviewCreatedVersion": "1.0.3",
        "reviewId": "146815f8-f5af-40e8-86f0-0e5c0ccd6972",
        "score": 1,
        "thumbsUpCount": 22,
        "userImage": "https://play-lh.googleusercontent.com/a/ACg8ocIBbTR0V9O8-AuPA4pqGyIhhYhEqt759keBD3vmm74C=mo",
        "userName": "Timothy Griffiths"
    },
    {
        "appVersion": null,
        "at": "2023-11-08 17:21:21",
        "content": "Great user experience",
        "repliedAt": null,
        "replyContent": null,
        "reviewCreatedVersion": null,
        "reviewId": "b92f7240-00d3-48d5-a875-4d038bb6674d",
        "score": 5,
        "thumbsUpCount": 2,
        "userImage": "https://play-lh.googleusercontent.com/a/ACg8ocIgI8Joafz7T7hGeBpxvB6YOSPQ9mLt4Pr-DB5eBcQDqg=mo",
        "userName": "Sarah Earles"
    },
    {
        "appVersion": null,
        "at": "2023-11-02 03:57:53",
        "content": "Great",
        "repliedAt": null,
        "replyContent": null,
        "reviewCreatedVersion": null,
        "reviewId": "28bf8a0a-bdee-448e-a458-a91062960a53",
        "score": 5,
        "thumbsUpCount": 1,
        "userImage": "https://play-lh.googleusercontent.com/a/ACg8ocJV0syegEWf4GB-ns8GQoe1Ir9l_17OgyxpIRK38abIyg=mo",
        "userName": "David wafula [Idris]"
    },
    {
        "appVersion": "1.0.3",
        "at": "2023-10-29 05:02:35",
        "content": "ok",
        "repliedAt": null,
        "replyContent": null,
        "reviewCreatedVersion": "1.0.3",
        "reviewId": "2f0cb866-90a1-4151-9ba8-5f213214e3c6",
        "score": 1,
        "thumbsUpCount": 1,
        "userImage": "https://play-lh.googleusercontent.com/a-/ALV-UjVzxn1JdaN5ErS1blAfquYyIbPplqMIHnA-HC-mviPoqg",
        "userName": "Ye Ye (Ye Naing Oo)"
    },
    {
        "appVersion": null,
        "at": "2023-10-22 19:22:51",
        "content": "TTFN and the other two are the",
        "repliedAt": null,
        "replyContent": null,
        "reviewCreatedVersion": null,
        "reviewId": "9280fe9a-92f4-41b2-9f6c-9f061a6a951a",
        "score": 5,
        "thumbsUpCount": 2,
        "userImage": "https://play-lh.googleusercontent.com/a/ACg8ocJFD_ccGHC1DXljYmW6etl_Qg25NaT9NlqsZVADXL3K=mo",
        "userName": "Tammy Bigstone"
    },
    {
        "appVersion": "1.0.3",
        "at": "2023-10-22 05:50:59",
        "content": "R.S",
        "repliedAt": null,
        "replyContent": null,
        "reviewCreatedVersion": "1.0.3",
        "reviewId": "31fd85ea-39f9-42b6-b1e8-03751c045158",
        "score": 3,
        "thumbsUpCount": 2,
        "userImage": "https://play-lh.googleusercontent.com/a/ACg8ocLIUrvhA5jCPuaQ0NkMYPA9lfa-yozwKF47GovsXsmcBA=mo",
        "userName": "Raymond PORTEOUS"
    },
    {
        "appVersion": "1.0.3",
        "at": "2023-10-22 01:52:47",
        "content": "Good",
        "repliedAt": null,
        "replyContent": null,
        "reviewCreatedVersion": "1.0.3",
        "reviewId": "e3ef39e6-4f3c-4f8a-bfe2-6e2c183cc678",
        "score": 5,
        "thumbsUpCount": 2,
        "userImage": "https://play-lh.googleusercontent.com/a/ACg8ocJqo09bTkcIvfWEj9nLxYz1-R0QhfmJhoTh4n-6rQHJ=mo",
        "userName": "Thomas Hodges"
    },
    {
        "appVersion": "1.0.3",
        "at": "2023-10-20 19:56:08",
        "content": "Ok",
        "repliedAt": null,
        "replyContent": null,
        "reviewCreatedVersion": "1.0.3",
        "reviewId": "e83ef257-5f86-47a0-9650-2d14a410ce69",
        "score": 5,
        "thumbsUpCount": 3,
        "userImage": "https://play-lh.googleusercontent.com/a/ACg8ocKvyDov_xUQFSPOBaHD5LBWYe4xijdpXgzIIhIY0Rac=mo",
        "userName": "Ibsaa Abdalayyii"
    },
    {
        "appVersion": "1.0.3",
        "at": "2023-10-20 10:41:27",
        "content": "Alright",
        "repliedAt": null,
        "replyContent": null,
        "reviewCreatedVersion": "1.0.3",
        "reviewId": "6b7019d9-f0ee-4d34-bff1-99eef88dd7c4",
        "score": 5,
        "thumbsUpCount": 3,
        "userImage": "https://play-lh.googleusercontent.com/a-/ALV-UjWt-8etfl5AqSOpc9YWv__J094gLjxoeUgq2bNB3Sx5oA",
        "userName": "B Wamp"
    },
    {
        "appVersion": null,
        "at": "2023-10-15 07:14:44",
        "content": "Just starting to use the app, now.",
        "repliedAt": null,
        "replyContent": null,
        "reviewCreatedVersion": null,
        "reviewId": "ac985953-6b6c-40b2-8835-f5476ea7c09e",
        "score": 4,
        "thumbsUpCount": 4,
        "userImage": "https://play-lh.googleusercontent.com/a/ACg8ocLxyZJu61ZEOmlnbeDiz3RNJNoHQLXiDZEfcH9vmaqC=mo",
        "userName": "Terrie"
    },
    {
        "appVersion": null,
        "at": "2023-10-13 03:12:42",
        "content": "I have not used but when ido",
        "repliedAt": null,
        "replyContent": null,
        "reviewCreatedVersion": null,
        "reviewId": "f3a7df38-2da1-4c47-9aab-4481e4fa3d85",
        "score": 5,
        "thumbsUpCount": 3,
        "userImage": "https://play-lh.googleusercontent.com/a-/ALV-UjWWtdYe_FQV6uq6xnktpEuEQBd-UZ52A2PkCLL91b_F6b8",
        "userName": "Casey"
    },
    {
        "appVersion": "1.0.3",
        "at": "2023-10-09 21:09:17",
        "content": "pro",
        "repliedAt": null,
        "replyContent": null,
        "reviewCreatedVersion": "1.0.3",
        "reviewId": "ac1d31e8-7828-435b-891c-03812760c001",
        "score": 5,
        "thumbsUpCount": 3,
        "userImage": "https://play-lh.googleusercontent.com/a/ACg8ocJ7pLcrqOVEVZzLAWtj-ss3NXWdIITX14hTExLEcfrG=mo",
        "userName": "Zawlin Naing"
    },
    {
        "appVersion": "1.0.3",
        "at": "2023-10-03 10:17:43",
        "content": "LOVE",
        "repliedAt": null,
        "replyContent": null,
        "reviewCreatedVersion": "1.0.3",
        "reviewId": "78b8dff9-4154-4fe5-a229-f5aaacadf3b9",
        "score": 5,
        "thumbsUpCount": 2,
        "userImage": "https://play-lh.googleusercontent.com/a-/ALV-UjWuF5EmUDSvBk5O4iffXlJxFYdxlspeEk9w--6xfn2GfvY",
        "userName": "Tefera Shemanga"
    },
    {
        "appVersion": null,
        "at": "2023-09-22 13:57:17",
        "content": "Very Nice \ud83d\udcaa\ud83c\udffb",
        "repliedAt": null,
        "replyContent": null,
        "reviewCreatedVersion": null,
        "reviewId": "fd60693f-b313-4c7d-938e-336d27afdfc7",
        "score": 5,
        "thumbsUpCount": 2,
        "userImage": "https://play-lh.googleusercontent.com/a-/ALV-UjVCM8KEXB2MKo3BEr6uTvwNFURsYYUA5PAmJvISHwOVJNw",
        "userName": "\u0623\u0645\u062c\u062f \u0623\u062d\u0645\u062f \u0646\u0627\u0641\u0639 \u0639\u0637\u064a\u0629"
    },
    {
        "appVersion": "1.0.2",
        "at": "2023-09-18 21:11:48",
        "content": "\ud83d\udd1d\ud83d\udd1d\u2665\ufe0f",
        "repliedAt": null,
        "replyContent": null,
        "reviewCreatedVersion": "1.0.2",
        "reviewId": "5c4b9a4d-d2df-434c-9567-70de421537a0",
        "score": 5,
        "thumbsUpCount": 2,
        "userImage": "https://play-lh.googleusercontent.com/a-/ALV-UjVH4CekVoPHvi_RsDi3N2dbPcb5pUXSeUJ3wG_0l3TGxNg",
        "userName": "Ahmed Bakri"
    },
    {
        "appVersion": null,
        "at": "2023-09-18 03:31:36",
        "content": "Seteral",
        "repliedAt": null,
        "replyContent": null,
        "reviewCreatedVersion": null,
        "reviewId": "33fe8ef9-b1fa-4a48-b2af-6b528f2e072d",
        "score": 5,
        "thumbsUpCount": 3,
        "userImage": "https://play-lh.googleusercontent.com/a/ACg8ocL8cPal1NVeZjdyUiwKv5ZhgazQuqHZnLZTqBE9Q7vx=mo",
        "userName": "Abdi"
    },
    {
        "appVersion": "1.0.2",
        "at": "2023-09-14 19:51:50",
        "content": "Hello Thank",
        "repliedAt": null,
        "replyContent": null,
        "reviewCreatedVersion": "1.0.2",
        "reviewId": "5750eca7-2360-4aa8-8fcd-79e512cdd798",
        "score": 2,
        "thumbsUpCount": 1,
        "userImage": "https://play-lh.googleusercontent.com/a/ACg8ocJqBgl7gfFP_5YJt3UeSeiDrys3JFSAuzZyRry_a6Vk=mo",
        "userName": "Justice Kluga"
    },
    {
        "appVersion": "1.0.2",
        "at": "2023-09-03 15:52:03",
        "content": "Ad on every step",
        "repliedAt": null,
        "replyContent": null,
        "reviewCreatedVersion": "1.0.2",
        "reviewId": "53594a75-23eb-4dee-889d-9d40f3e234b8",
        "score": 1,
        "thumbsUpCount": 7,
        "userImage": "https://play-lh.googleusercontent.com/a-/ALV-UjUeH4wQa5lbnXyPI1RoGzyZXL2HCm9_1ZR1AXNQuSNLe4mn",
        "userName": "Aleh"
    },
    {
        "appVersion": "1.0.2",
        "at": "2023-09-02 11:04:41",
        "content": "Aij",
        "repliedAt": null,
        "replyContent": null,
        "reviewCreatedVersion": "1.0.2",
        "reviewId": "65f12975-7802-4540-be01-229e49fc72a4",
        "score": 5,
        "thumbsUpCount": 2,
        "userImage": "https://play-lh.googleusercontent.com/a/ACg8ocLzPeW6poqDzIwlmVnnQe8iNQVfQaeFfs30_TNCSoPb=mo",
        "userName": "Osk Osksksjs"
    },
    {
        "appVersion": "1.0.2",
        "at": "2023-08-31 23:06:14",
        "content": "No help at all",
        "repliedAt": null,
        "replyContent": null,
        "reviewCreatedVersion": "1.0.2",
        "reviewId": "49a8a016-3be7-461b-826d-748d3fb22e63",
        "score": 1,
        "thumbsUpCount": 6,
        "userImage": "https://play-lh.googleusercontent.com/a/ACg8ocJOEUtYF6NBc7T2BUVf296maM0UfArFA9MFa_KflHyD=mo",
        "userName": "Chris Belt"
    },
    {
        "appVersion": "1.0.2",
        "at": "2023-08-30 20:35:34",
        "content": "W0w is application good",
        "repliedAt": null,
        "replyContent": null,
        "reviewCreatedVersion": "1.0.2",
        "reviewId": "b701938a-fe7a-4580-8677-d9dace0d5735",
        "score": 5,
        "thumbsUpCount": 3,
        "userImage": "https://play-lh.googleusercontent.com/a/ACg8ocIWjrOoYcGkU8iakHbEEMjImTqGsphRnld-Np2qnFNB=mo",
        "userName": "Zehara ahmed Ldres"
    },
    {
        "appVersion": "1.0.2",
        "at": "2023-08-29 13:09:37",
        "content": "It's does what it say's and it only show what is out there and what network I have connect to but there is nothing else what I have seen of what the app actually does. I still don't know if I will leave it into my phone it's only take space for nothing St all. I have this into my cell-phone the settings that only show what out there, show you sims card info and it show on what you are connected to the internet what kind. Show only show. There is no setting to remove or to put it on. So it's up",
        "repliedAt": null,
        "replyContent": null,
        "reviewCreatedVersion": "1.0.2",
        "reviewId": "3d767fad-6a5c-4745-abca-3efb71fd14dc",
        "score": 5,
        "thumbsUpCount": 82,
        "userImage": "https://play-lh.googleusercontent.com/a/ACg8ocLn0o3qlQHJIB_pgC0SDncfR0vZ3NDjDAIOk9BTHhgWHQ=mo",
        "userName": "Daniel Boudreau"
    },
    {
        "appVersion": "1.0.2",
        "at": "2023-08-28 01:24:50",
        "content": "Simple straight forward app. New fav",
        "repliedAt": null,
        "replyContent": null,
        "reviewCreatedVersion": "1.0.2",
        "reviewId": "d79c5e93-6a43-4ba7-92de-63ebfa827058",
        "score": 5,
        "thumbsUpCount": 7,
        "userImage": "https://play-lh.googleusercontent.com/a-/ALV-UjWUFeWk4CURflkq_JQkKB332Nmyinlt4GZQqNJtYYzkVMI",
        "userName": "Mandy Pease Newberry (Mandy419)"
    },
    {
        "appVersion": "1.0.2",
        "at": "2023-08-24 04:09:56",
        "content": "Good",
        "repliedAt": null,
        "replyContent": null,
        "reviewCreatedVersion": "1.0.2",
        "reviewId": "3d8db589-8280-4fd1-aa92-93a4744b3671",
        "score": 5,
        "thumbsUpCount": 2,
        "userImage": "https://play-lh.googleusercontent.com/a-/ALV-UjXgU97LGV8WTN3ZvgFdNCL-dolI_m3mU8FLWQ1wUXXbSQ",
        "userName": "md yeasin"
    },
    {
        "appVersion": "1.0.2",
        "at": "2023-08-11 19:15:38",
        "content": "Doesn't read the sim",
        "repliedAt": null,
        "replyContent": null,
        "reviewCreatedVersion": "1.0.2",
        "reviewId": "2af555d2-7065-4ebf-8100-67843747e80e",
        "score": 1,
        "thumbsUpCount": 2,
        "userImage": "https://play-lh.googleusercontent.com/a-/ALV-UjV4MWNEG4UnB7Vkkp6ybHtXOoQdG-UiENIxM0r6DBFv8LQ",
        "userName": "Yves Boivin"
    },
    {
        "appVersion": "1.0.2",
        "at": "2023-08-06 13:15:03",
        "content": "Hamzaxhir",
        "repliedAt": null,
        "replyContent": null,
        "reviewCreatedVersion": "1.0.2",
        "reviewId": "d9882969-5c45-4941-baac-38f720eaaf8c",
        "score": 1,
        "thumbsUpCount": 1,
        "userImage": "https://play-lh.googleusercontent.com/a/ACg8ocItjhtPv6i2RlERvQxqo_X3HbS8awUAov0rSCxAmM8Y=mo",
        "userName": "Hameza Tehir"
    },
    {
        "appVersion": null,
        "at": "2023-08-01 17:30:40",
        "content": "Awesome tool",
        "repliedAt": null,
        "replyContent": null,
        "reviewCreatedVersion": null,
        "reviewId": "aca82cdb-bf76-467f-8807-0e1aa63a9c63",
        "score": 5,
        "thumbsUpCount": 2,
        "userImage": "https://play-lh.googleusercontent.com/a-/ALV-UjWHe_r-dHrljpeysQv9xyoeJuwZIyypanw0_jub1YpYBQ",
        "userName": "Victor Bond"
    },
    {
        "appVersion": null,
        "at": "2023-07-23 12:20:48",
        "content": "Husienabdu",
        "repliedAt": null,
        "replyContent": null,
        "reviewCreatedVersion": null,
        "reviewId": "a3c1c1db-75fc-4831-9152-bc11a481d789",
        "score": 5,
        "thumbsUpCount": 2,
        "userImage": "https://play-lh.googleusercontent.com/a/ACg8ocI_Srxk5Gdru8bVFjCGRXi7MEd5HGAos6wFsrfpy2hPXw=mo",
        "userName": "Hussien Adbu"
    },
    {
        "appVersion": "1.0.2",
        "at": "2023-07-17 07:09:19",
        "content": "Really good app thanks",
        "repliedAt": null,
        "replyContent": null,
        "reviewCreatedVersion": "1.0.2",
        "reviewId": "159b2795-840f-4d36-824e-e1608e387c4a",
        "score": 5,
        "thumbsUpCount": 7,
        "userImage": "https://play-lh.googleusercontent.com/a-/ALV-UjWbaTMzxXrjdLJiALbpLG5g-YNZvmGRigqAoOmLFlw0dno",
        "userName": "David Garba"
    },
    {
        "appVersion": "1.0.2",
        "at": "2023-07-17 06:20:20",
        "content": "No sim",
        "repliedAt": null,
        "replyContent": null,
        "reviewCreatedVersion": "1.0.2",
        "reviewId": "498ba34d-59c8-46bf-b210-6125e2db434c",
        "score": 1,
        "thumbsUpCount": 1,
        "userImage": "https://play-lh.googleusercontent.com/a-/ALV-UjUJFh5UoFIlP5V7Xk6U85yYjrYMvygrPkrnWMFxwhwHJL0",
        "userName": "khurshed alam"
    },
    {
        "appVersion": "1.0.2",
        "at": "2023-06-26 02:12:32",
        "content": "nice",
        "repliedAt": null,
        "replyContent": null,
        "reviewCreatedVersion": "1.0.2",
        "reviewId": "5aeae5fb-729c-48a7-bdf8-41c38e4c8f11",
        "score": 5,
        "thumbsUpCount": 2,
        "userImage": "https://play-lh.googleusercontent.com/a/ACg8ocKZS9JzQkNZJ2cuOQcHyoKSF-iCiJkd-6_Yco547gQj=mo",
        "userName": "kane mcreynolds"
    },
    {
        "appVersion": "1.0.2",
        "at": "2023-06-10 06:04:36",
        "content": "Certified Soulja",
        "repliedAt": null,
        "replyContent": null,
        "reviewCreatedVersion": "1.0.2",
        "reviewId": "737412e1-3523-4de3-84b2-b2cfa231a289",
        "score": 5,
        "thumbsUpCount": 2,
        "userImage": "https://play-lh.googleusercontent.com/a/ACg8ocJ_3T6xKoJbhSIJivrGbxV_-kx7_PRYLcUKv8wQOdXV=mo",
        "userName": "Kare Callihan"
    },
    {
        "appVersion": null,
        "at": "2023-06-01 23:03:15",
        "content": "THANKS FOR THEN INFO. SAVED THE DAY",
        "repliedAt": null,
        "replyContent": null,
        "reviewCreatedVersion": null,
        "reviewId": "23880821-7514-4728-bf08-8aad4fcf8d30",
        "score": 5,
        "thumbsUpCount": 5,
        "userImage": "https://play-lh.googleusercontent.com/a-/ALV-UjWi6FlczbRHUyS07R-SVFGkVOZ5vLoi0ES1ZXp-F35TygI",
        "userName": "Marquis Phoenix"
    },
    {
        "appVersion": "1.0.2",
        "at": "2023-05-05 10:31:57",
        "content": "Sofar sogood C+",
        "repliedAt": null,
        "replyContent": null,
        "reviewCreatedVersion": "1.0.2",
        "reviewId": "31fc4d2e-9187-4861-90ca-7a11364ee865",
        "score": 5,
        "thumbsUpCount": 2,
        "userImage": "https://play-lh.googleusercontent.com/a-/ALV-UjVfW4AcPV4fOD87T02rfDtzrraUkI88ggfcQzRN8kgNMps",
        "userName": "Nelson Young"
    },
    {
        "appVersion": "1.0.2",
        "at": "2023-05-05 01:55:44",
        "content": "Full screen ads, if they were small ads (like the ones on bottom of screen) I might keep the app.",
        "repliedAt": null,
        "replyContent": null,
        "reviewCreatedVersion": "1.0.2",
        "reviewId": "3f09592d-4acb-4878-addc-5ac96b2bc01c",
        "score": 1,
        "thumbsUpCount": 81,
        "userImage": "https://play-lh.googleusercontent.com/a-/ALV-UjXwYGqfncbB8UlRBl3yVTYo-5wM36yOmjnjMUMu8HLW7O4",
        "userName": "Jess E"
    },
    {
        "appVersion": "1.0.2",
        "at": "2023-04-26 21:49:20",
        "content": "Love my awesome little companion. He's got some come backs and is strong as the gods.",
        "repliedAt": null,
        "replyContent": null,
        "reviewCreatedVersion": "1.0.2",
        "reviewId": "7f179bcc-509f-43d2-988f-e5e2a23f827d",
        "score": 5,
        "thumbsUpCount": 8,
        "userImage": "https://play-lh.googleusercontent.com/a/ACg8ocJsgl8ZQhPZNf_rDLNylQDYLT9cqEW5GDs4K8DbOPrN=mo",
        "userName": "Ian Cable"
    },
    {
        "appVersion": "1.0.2",
        "at": "2023-03-30 20:59:16",
        "content": "this app performs its assigned function remarkably well. thanks to the developer/s.",
        "repliedAt": null,
        "replyContent": null,
        "reviewCreatedVersion": "1.0.2",
        "reviewId": "d78b3fb0-ea17-4f24-bd19-857fa919985e",
        "score": 4,
        "thumbsUpCount": 23,
        "userImage": "https://play-lh.googleusercontent.com/a/ACg8ocLjrBALsq1hEyjWL-WQiB0TLifZ4aipj-2a4O-q3Zlr_Q=mo",
        "userName": "Che Geeva"
    },
    {
        "appVersion": "1.0.2",
        "at": "2023-03-22 19:22:13",
        "content": "Excellent",
        "repliedAt": null,
        "replyContent": null,
        "reviewCreatedVersion": "1.0.2",
        "reviewId": "7aeda652-f69e-42da-b2c5-2e66054bccb8",
        "score": 5,
        "thumbsUpCount": 2,
        "userImage": "https://play-lh.googleusercontent.com/a-/ALV-UjVE3uknsvvUgJmYCgrV2vlcHDUEX0OkxWQ4g896CCSB8Vg",
        "userName": "Owo Money"
    },
    {
        "appVersion": null,
        "at": "2023-02-18 12:33:49",
        "content": "Ok",
        "repliedAt": null,
        "replyContent": null,
        "reviewCreatedVersion": null,
        "reviewId": "9af998e5-9b61-4d92-ba52-5d3da515c414",
        "score": 5,
        "thumbsUpCount": 3,
        "userImage": "https://play-lh.googleusercontent.com/a-/ALV-UjUOLIMjAqNsn_ffJd3AY2GfCz26I2rPV_4bXwfYykmrkWU",
        "userName": "David Carter"
    },
    {
        "appVersion": "1.0.2",
        "at": "2023-02-14 10:25:39",
        "content": "Nice \ud83d\udc4d",
        "repliedAt": null,
        "replyContent": null,
        "reviewCreatedVersion": "1.0.2",
        "reviewId": "872923c0-7267-47e4-9e7d-1189c05f34fc",
        "score": 5,
        "thumbsUpCount": 3,
        "userImage": "https://play-lh.googleusercontent.com/a-/ALV-UjXeyP9opnXultMk4hNEGdi1VvqhMea9w4DIDs-Wt5No3A",
        "userName": "Nigeria Custom Service"
    },
    {
        "appVersion": null,
        "at": "2023-01-09 10:04:28",
        "content": "Good",
        "repliedAt": null,
        "replyContent": null,
        "reviewCreatedVersion": null,
        "reviewId": "1ab1ec97-1eda-4181-82dc-3661f67fb90f",
        "score": 5,
        "thumbsUpCount": 2,
        "userImage": "https://play-lh.googleusercontent.com/a/ACg8ocLSwstbBnDE-ARJrnd9W_btrBY1aP22SityZ5NtVK6kPg=mo",
        "userName": "Guyo Dire"
    },
    {
        "appVersion": null,
        "at": "2022-12-30 23:42:59",
        "content": "Sounds too complicated didn't need it",
        "repliedAt": null,
        "replyContent": null,
        "reviewCreatedVersion": null,
        "reviewId": "5e237560-2e71-4ad5-a4d5-7b46cabdc6e6",
        "score": 3,
        "thumbsUpCount": 4,
        "userImage": "https://play-lh.googleusercontent.com/a-/ALV-UjX3n8FhBhCXkeo5sJ6gMwP1AObuDlrtnzzcEGS8aLz-oA",
        "userName": "bryan tichota"
    },
    {
        "appVersion": null,
        "at": "2022-10-28 12:57:20",
        "content": "Besto appo indeed",
        "repliedAt": null,
        "replyContent": null,
        "reviewCreatedVersion": null,
        "reviewId": "b867497d-13a5-4dc8-94a3-f8b2158a1e6d",
        "score": 5,
        "thumbsUpCount": 3,
        "userImage": "https://play-lh.googleusercontent.com/a-/ALV-UjUxLrqTDnNpW0TGIpby4qJ0XdGsDeebNmeS_m_ePUrWaw",
        "userName": "Doctor Nadeem Iqbal Chaudhary"
    },
    {
        "appVersion": null,
        "at": "2022-09-19 17:30:27",
        "content": "All it does is show an animated splash screen. Useless on Galaxy 22 Ultra",
        "repliedAt": null,
        "replyContent": null,
        "reviewCreatedVersion": null,
        "reviewId": "24a3bf8a-73fe-4937-b690-eb5875883acc",
        "score": 1,
        "thumbsUpCount": 10,
        "userImage": "https://play-lh.googleusercontent.com/a-/ALV-UjWVXx1LxsH71rlwLY2YX6cxAhmbl9OHEpakGHatseGtqJ0",
        "userName": "Harry F"
    },
    {
        "appVersion": "1.0.2",
        "at": "2022-09-04 04:01:22",
        "content": "It gives me what I'm looking for.",
        "repliedAt": null,
        "replyContent": null,
        "reviewCreatedVersion": "1.0.2",
        "reviewId": "ddee577a-7d2c-4dec-9aa9-d7c3cc5dd6fa",
        "score": 5,
        "thumbsUpCount": 4,
        "userImage": "https://play-lh.googleusercontent.com/a-/ALV-UjVPn4GsEX4PQDPlrgEnOczeXExs3SRYxJ0f2-L2OSmlVHI",
        "userName": "Mr Gonzales"
    },
    {
        "appVersion": "1.0.2",
        "at": "2022-08-26 01:38:05",
        "content": "What is this app supposed to do, just show you phone info",
        "repliedAt": null,
        "replyContent": null,
        "reviewCreatedVersion": "1.0.2",
        "reviewId": "489d03ca-f301-451b-ad03-89b8bf3829d0",
        "score": 5,
        "thumbsUpCount": 8,
        "userImage": "https://play-lh.googleusercontent.com/a-/ALV-UjW8Au375XqYwYK4ayyN_Ej0_RE3q_N7QTHtxlD9EG5tOpo",
        "userName": "Torreges Bray"
    },
    {
        "appVersion": "1.0.2",
        "at": "2022-08-03 20:54:30",
        "content": "Bboorreeiinngg. This app is ugly and way to plan",
        "repliedAt": null,
        "replyContent": null,
        "reviewCreatedVersion": "1.0.2",
        "reviewId": "8c48b9fe-3a56-49f9-9e88-5fce0c219724",
        "score": 1,
        "thumbsUpCount": 5,
        "userImage": "https://play-lh.googleusercontent.com/a/ACg8ocIKg1_aF8TANmu66YS4AOxueMT5SsbAUJZyvFzes4wEfA=mo",
        "userName": "David Girskis"
    },
    {
        "appVersion": "1.0.2",
        "at": "2022-07-10 01:37:14",
        "content": "Simple and straight to the problem. That's what I needed to that no k you",
        "repliedAt": null,
        "replyContent": null,
        "reviewCreatedVersion": "1.0.2",
        "reviewId": "09477426-d188-4a18-b310-053bb0fb4105",
        "score": 5,
        "thumbsUpCount": 8,
        "userImage": "https://play-lh.googleusercontent.com/a/ACg8ocIncav3msH4zbW3TVACt55-p2JYN27NIWEX0jFjbxtS=mo",
        "userName": "Clarence Lawrence"
    },
    {
        "appVersion": "1.0.2",
        "at": "2022-06-17 16:06:52",
        "content": "Good",
        "repliedAt": null,
        "replyContent": null,
        "reviewCreatedVersion": "1.0.2",
        "reviewId": "c6317db3-9d8d-434a-9f09-bd6e4b15d037",
        "score": 5,
        "thumbsUpCount": 3,
        "userImage": "https://play-lh.googleusercontent.com/a-/ALV-UjXP90J2z3I1WnMbg08-bsaESGvT3BiDOT9ydQ5qHqCRkVc",
        "userName": "Gary Summers"
    },
    {
        "appVersion": "1.0.2",
        "at": "2022-06-17 03:54:23",
        "content": "Nice",
        "repliedAt": null,
        "replyContent": null,
        "reviewCreatedVersion": "1.0.2",
        "reviewId": "d1a18fff-0412-4508-933e-540dcbec03cd",
        "score": 5,
        "thumbsUpCount": 3,
        "userImage": "https://play-lh.googleusercontent.com/a/ACg8ocLE-2rjyJkfRYc_v4BJ4PRZa5MS7A12pWeApzvQ4Zub=mo",
        "userName": "Jone Vor"
    },
    {
        "appVersion": "1.0.1",
        "at": "2022-06-10 14:06:13",
        "content": "Toooo many ads",
        "repliedAt": null,
        "replyContent": null,
        "reviewCreatedVersion": "1.0.1",
        "reviewId": "d686faa1-35b5-4713-9af9-646ef5b69a4c",
        "score": 2,
        "thumbsUpCount": 15,
        "userImage": "https://play-lh.googleusercontent.com/a-/ALV-UjVq0BtEFvPfD-HI3DQ1ZDyLbaUc7ZPZyXFNi8Hf85z5EQ",
        "userName": "J Peg"
    },
    {
        "appVersion": "1.0.1",
        "at": "2022-05-30 22:40:28",
        "content": "It does exactly what it says it does, nothing more and nothing less. It is a simple identifier app",
        "repliedAt": null,
        "replyContent": null,
        "reviewCreatedVersion": "1.0.1",
        "reviewId": "7e99ea07-953c-40b3-9a95-c58eff300c48",
        "score": 5,
        "thumbsUpCount": 88,
        "userImage": "https://play-lh.googleusercontent.com/a-/ALV-UjX46GYGyb1VQ3uC-lbOUkjGT9GveqV8B1R5venYP1JF8Fs",
        "userName": "S P"
    },
    {
        "appVersion": null,
        "at": "2022-04-16 00:10:02",
        "content": "Certified Vult",
        "repliedAt": null,
        "replyContent": null,
        "reviewCreatedVersion": null,
        "reviewId": "ba2c5f9b-557d-4a21-85d1-b66ad5302af5",
        "score": 5,
        "thumbsUpCount": 4,
        "userImage": "https://play-lh.googleusercontent.com/a/ACg8ocI8XYXvr-40eJYTts98ruKSmg9fWed-XG_dpxoIMPUU=mo",
        "userName": "Kare Callihan"
    },
    {
        "appVersion": "1.0.1",
        "at": "2022-03-16 03:35:53",
        "content": "Like",
        "repliedAt": null,
        "replyContent": null,
        "reviewCreatedVersion": "1.0.1",
        "reviewId": "d8b1de1f-f37a-416d-8942-3a051a5de42f",
        "score": 5,
        "thumbsUpCount": 4,
        "userImage": "https://play-lh.googleusercontent.com/a/ACg8ocKBZD03GLlzQ6BmKoqMyhUSpf_fWmfkTgYDppNaowM=mo",
        "userName": "Mark Armstrong"
    }
]