[
    {
        "appVersion": null,
        "at": "2023-05-13 17:36:06",
        "content": "If you are super patient this is for you.",
        "repliedAt": null,
        "replyContent": null,
        "reviewCreatedVersion": null,
        "reviewId": "43c994b7-e9c3-4db8-853a-a7e67234a1a2",
        "score": 5,
        "thumbsUpCount": 1,
        "userImage": "https://play-lh.googleusercontent.com/a-/ALV-UjU7fsCbcCNtN96ogdldDVjMJlYjUPB2-mC4FMbaqUtk_D0",
        "userName": "David Rach"
    },
    {
        "appVersion": "1.0.2",
        "at": "2023-03-27 23:15:07",
        "content": "Good app",
        "repliedAt": null,
        "replyContent": null,
        "reviewCreatedVersion": "1.0.2",
        "reviewId": "0c9714c1-1ed9-4764-9098-e924154836ae",
        "score": 5,
        "thumbsUpCount": 1,
        "userImage": "https://play-lh.googleusercontent.com/a/ACg8ocKeMA7MnR7jv8PXkJDlQlGhYiA8YQahxGfUi4q5VFW9=mo",
        "userName": "Diky Handoyo"
    },
    {
        "appVersion": "1.0.2",
        "at": "2023-03-20 22:13:47",
        "content": "Portfolio tracker cannot get better than this app and with updates yet to come I wont see anything beating this app.",
        "repliedAt": null,
        "replyContent": null,
        "reviewCreatedVersion": "1.0.2",
        "reviewId": "c0123a9b-c2b8-4125-bfe5-9febec013781",
        "score": 5,
        "thumbsUpCount": 3,
        "userImage": "https://play-lh.googleusercontent.com/a-/ALV-UjVKhVKT0_KWYPqrDfTW4bxWvfuJqSjmGHTOPJ9Pw_vl8_g",
        "userName": "Lohith Reddy Alumalla"
    },
    {
        "appVersion": "1.0.2",
        "at": "2023-03-16 09:57:11",
        "content": "Great portfolio, works as intended amd very slick looking",
        "repliedAt": null,
        "replyContent": null,
        "reviewCreatedVersion": "1.0.2",
        "reviewId": "5b31120a-d038-4ebb-9871-a314ce680bbe",
        "score": 5,
        "thumbsUpCount": 0,
        "userImage": "https://play-lh.googleusercontent.com/a/ACg8ocIQSrcwrEkJ4g9sol3QLxaBX0keCSDVvfbuHYSctcOj=mo",
        "userName": "\u0394\u03b7\u03bc\u03b7\u03c4\u03c1\u03b9\u03bf\u03c2 \u03a3\u03ba\u03b1\u03c6\u03b9\u03b4\u03b1\u03c2"
    },
    {
        "appVersion": "1.0.2",
        "at": "2023-03-16 05:53:24",
        "content": "Best in portfolio trackar",
        "repliedAt": null,
        "replyContent": null,
        "reviewCreatedVersion": "1.0.2",
        "reviewId": "9932aa40-89ac-4840-afd6-33b107917476",
        "score": 5,
        "thumbsUpCount": 2,
        "userImage": "https://play-lh.googleusercontent.com/a-/ALV-UjXF7zpMZfaYHh54NWjR1sSNPX7lDCzaLzHGqSd7NVvkG_4",
        "userName": "Suresh Gummalavarapu"
    }
]