[
    {
        "appVersion": "1.0",
        "at": "2023-10-29 15:48:46",
        "content": "Hard to use",
        "repliedAt": null,
        "replyContent": null,
        "reviewCreatedVersion": "1.0",
        "reviewId": "2674209b-c6bd-4cb2-8393-96d73632d8a7",
        "score": 1,
        "thumbsUpCount": 0,
        "userImage": "https://play-lh.googleusercontent.com/a-/ALV-UjUe_cejRpNUZonjJxJEqafR5IrkHwneQhMzm8M_KYGa4g",
        "userName": "Luana Gonzalez"
    },
    {
        "appVersion": "1.0",
        "at": "2023-10-24 09:16:42",
        "content": "Very Cringe don't download this",
        "repliedAt": null,
        "replyContent": null,
        "reviewCreatedVersion": "1.0",
        "reviewId": "a3f463d2-c9ed-44e2-8806-1284b5c2eb57",
        "score": 1,
        "thumbsUpCount": 0,
        "userImage": "https://play-lh.googleusercontent.com/a-/ALV-UjUqAw3AHmFM9NfhiCtjSZIzuuHw7tpI66XlPkt_2jkmcO-L",
        "userName": "Isaac Tiangco"
    },
    {
        "appVersion": null,
        "at": "2023-10-23 14:46:28",
        "content": "\u0997\u09b9",
        "repliedAt": null,
        "replyContent": null,
        "reviewCreatedVersion": null,
        "reviewId": "26c18fbc-2fce-44ef-92e8-4954e410a934",
        "score": 5,
        "thumbsUpCount": 0,
        "userImage": "https://play-lh.googleusercontent.com/a/ACg8ocI2WXp4qYvf0aOejP-QrpTJAOMXopRSOrSMRozMVHZl=mo",
        "userName": "Bilal Ahmed"
    },
    {
        "appVersion": "1.0",
        "at": "2023-10-21 11:32:51",
        "content": "Just stupid failed in 20 kg also guys do not play this game",
        "repliedAt": null,
        "replyContent": null,
        "reviewCreatedVersion": "1.0",
        "reviewId": "878e4e0c-87f6-4483-b873-6f1db59c1c5c",
        "score": 1,
        "thumbsUpCount": 0,
        "userImage": "https://play-lh.googleusercontent.com/a/ACg8ocIzc2LJVVSV-hifDLT772-jFmvnLdKXaLSut7mWPGM1=mo",
        "userName": "SUBRATA PODDAR"
    },
    {
        "appVersion": null,
        "at": "2023-08-25 10:39:30",
        "content": "Fun and addictive gameplay, I enjoy playing this body race fat and fit game!",
        "repliedAt": null,
        "replyContent": null,
        "reviewCreatedVersion": null,
        "reviewId": "40488748-b033-41cd-8adc-465f4fc076a7",
        "score": 5,
        "thumbsUpCount": 1,
        "userImage": "https://play-lh.googleusercontent.com/a-/ALV-UjX0rLErzOMX_FqoKAYS5ONHRL-wxSqMp24YD5KoFhAXniU",
        "userName": "Ossama Amri"
    },
    {
        "appVersion": "1.0",
        "at": "2023-08-19 03:55:46",
        "content": "Body Race is amazing running game. I love this Fat 2 Fit Body Race Run game so much!",
        "repliedAt": null,
        "replyContent": null,
        "reviewCreatedVersion": "1.0",
        "reviewId": "26149cd4-79fa-424f-9ab1-60b13049fc4c",
        "score": 5,
        "thumbsUpCount": 2,
        "userImage": "https://play-lh.googleusercontent.com/a-/ALV-UjWsUYWSbFhb7PySO7wHXvOdIMPrHbWEqQYRrAdDSVx_w20",
        "userName": "Ossama"
    }
]