[
    {
        "appVersion": "1.8",
        "at": "2023-11-09 15:18:42",
        "content": "Woow amazing app \ud83e\udd70\ud83e\udd70",
        "repliedAt": null,
        "replyContent": null,
        "reviewCreatedVersion": "1.8",
        "reviewId": "fb6b6c9a-a3a6-4b74-895e-ac9263e39773",
        "score": 5,
        "thumbsUpCount": 0,
        "userImage": "https://play-lh.googleusercontent.com/a/ACg8ocL3fxIzZtF-UhUa5w1iWSnuwEWWPnOM8MU_qvep-RS9=mo",
        "userName": "Mary Elias"
    },
    {
        "appVersion": null,
        "at": "2023-11-05 11:40:04",
        "content": "Very bad experience. lot of ads but i did not connect Bluetooth..",
        "repliedAt": null,
        "replyContent": null,
        "reviewCreatedVersion": null,
        "reviewId": "6e945421-f16e-432c-b425-2292802c1a3a",
        "score": 1,
        "thumbsUpCount": 0,
        "userImage": "https://play-lh.googleusercontent.com/a-/ALV-UjV0VU3PbJY3uPBp1CQ6Xim_BSUauAXaerD9OgdJTcfSbgY",
        "userName": "H.M.A DAYAN"
    },
    {
        "appVersion": "1.8",
        "at": "2023-10-28 12:35:10",
        "content": "Nice apo",
        "repliedAt": null,
        "replyContent": null,
        "reviewCreatedVersion": "1.8",
        "reviewId": "4dbc1b4b-e8da-4ee9-b208-6d27acced02a",
        "score": 5,
        "thumbsUpCount": 0,
        "userImage": "https://play-lh.googleusercontent.com/a/ACg8ocKH6pZItktpmiqqeYz8KJ1khdByznxMdtO5maX_HbWP=mo",
        "userName": "Pieter Delport"
    },
    {
        "appVersion": null,
        "at": "2023-10-27 14:48:31",
        "content": "It's seems fake app",
        "repliedAt": null,
        "replyContent": null,
        "reviewCreatedVersion": null,
        "reviewId": "d072fae5-94b9-4748-8270-17a1a9926048",
        "score": 1,
        "thumbsUpCount": 0,
        "userImage": "https://play-lh.googleusercontent.com/a/ACg8ocIsvG0-kNv3J-Dhd030jtaGSCz0pyrFlGb6dXe3voVa=mo",
        "userName": "Randip Chakravorty"
    },
    {
        "appVersion": "1.8",
        "at": "2023-10-18 05:51:14",
        "content": "Ok",
        "repliedAt": null,
        "replyContent": null,
        "reviewCreatedVersion": "1.8",
        "reviewId": "bb974f70-c78e-4dbe-8d86-e93c73203a30",
        "score": 5,
        "thumbsUpCount": 0,
        "userImage": "https://play-lh.googleusercontent.com/a-/ALV-UjV0OMWKFeOT784ejpBDowW2Hhx999-vT07GpT4Xelr1rjk",
        "userName": "gopalkarki"
    },
    {
        "appVersion": "1.8",
        "at": "2023-10-15 23:58:31",
        "content": "Cant find Bluetooth device properly once start searching keep on searching neither it override other Bluetooth connections",
        "repliedAt": null,
        "replyContent": null,
        "reviewCreatedVersion": "1.8",
        "reviewId": "d77853d1-aef5-4d4d-95ad-22e1fe20f54a",
        "score": 1,
        "thumbsUpCount": 0,
        "userImage": "https://play-lh.googleusercontent.com/a/ACg8ocInPBzU2TPCbPeSKR05GyXzxamMWrG7scR0UjJGwIt1=mo",
        "userName": "GreenLink Systems"
    },
    {
        "appVersion": "1.8",
        "at": "2023-10-12 12:11:42",
        "content": "15v/1.2a T8 6000mah 3ow",
        "repliedAt": null,
        "replyContent": null,
        "reviewCreatedVersion": "1.8",
        "reviewId": "3114b5ae-cd61-4707-a2a7-074950ea4de5",
        "score": 5,
        "thumbsUpCount": 0,
        "userImage": "https://play-lh.googleusercontent.com/a/ACg8ocJIRb82eK95FN0Lyzxh06BsGH8I-IXFIp6V2DUbQOY3=mo",
        "userName": "elovi general enterprises"
    },
    {
        "appVersion": "1.8",
        "at": "2023-10-08 13:41:14",
        "content": "Displayed name (and proximity map) and paired quickly. Very impressive for a very compact app! \ud83d\udc4d",
        "repliedAt": null,
        "replyContent": null,
        "reviewCreatedVersion": "1.8",
        "reviewId": "c6f5d634-649e-4fb9-bde5-6c50d6acc677",
        "score": 5,
        "thumbsUpCount": 3,
        "userImage": "https://play-lh.googleusercontent.com/a/ACg8ocJBBXDW5SU6JScvS1Q6S6MQapORZ9IbBEpAyoKqzwxL=mo",
        "userName": "Diogenes"
    },
    {
        "appVersion": "1.8",
        "at": "2023-10-06 04:53:24",
        "content": "fake",
        "repliedAt": null,
        "replyContent": null,
        "reviewCreatedVersion": "1.8",
        "reviewId": "88edab0c-af52-493d-9ad2-bad3d844c692",
        "score": 1,
        "thumbsUpCount": 0,
        "userImage": "https://play-lh.googleusercontent.com/a-/ALV-UjWgPj-zovy-xSHuzeMin3_pj4XgO87rd5nsAKX7oIIM9Q",
        "userName": "babarali sk"
    },
    {
        "appVersion": "1.8",
        "at": "2023-10-03 18:35:04",
        "content": "Needs more ads.... Uninstalled.",
        "repliedAt": null,
        "replyContent": null,
        "reviewCreatedVersion": "1.8",
        "reviewId": "53384c3f-af36-469e-a3c6-7d558608412e",
        "score": 1,
        "thumbsUpCount": 0,
        "userImage": "https://play-lh.googleusercontent.com/a/ACg8ocK0_6FD6ntDDT5KH6vIfmeK4bW-1iiZ4NoASgg_kdAy=mo",
        "userName": "Liberty Toad"
    },
    {
        "appVersion": "1.8",
        "at": "2023-10-02 17:26:14",
        "content": "AAbhash kp khatri Abhi sus Safal",
        "repliedAt": null,
        "replyContent": null,
        "reviewCreatedVersion": "1.8",
        "reviewId": "a4241a85-b441-4a07-b92c-a60d71124a9c",
        "score": 5,
        "thumbsUpCount": 0,
        "userImage": "https://play-lh.googleusercontent.com/a-/ALV-UjWzy3b2iJrA6ekGT3ThSiWIxoR7t6FaYdunC0GYLJ7WOUA",
        "userName": "Samir Khatri"
    },
    {
        "appVersion": "1.8",
        "at": "2023-09-25 13:09:18",
        "content": "Worked perfectly at first execution of the application. Thanks for one less headache with the bt feature.\ud83c\udfc1",
        "repliedAt": null,
        "replyContent": null,
        "reviewCreatedVersion": "1.8",
        "reviewId": "d33fb9c6-6110-44c3-929a-a34d316f0a31",
        "score": 5,
        "thumbsUpCount": 3,
        "userImage": "https://play-lh.googleusercontent.com/a/ACg8ocIwqTQZFktSc4L7SqWUfkSgUSNo9aSFAOh-jIjJ0DVd=mo",
        "userName": "Michael Sherk"
    },
    {
        "appVersion": "1.8",
        "at": "2023-09-18 11:35:19",
        "content": "Didn't work",
        "repliedAt": null,
        "replyContent": null,
        "reviewCreatedVersion": "1.8",
        "reviewId": "23f3981b-7d6d-4b94-a204-820d2ab885d7",
        "score": 1,
        "thumbsUpCount": 0,
        "userImage": "https://play-lh.googleusercontent.com/a/ACg8ocIagCcmHI7MAOe-1_hgCGb0FEhK1qPHrjOSBXuPxLGR=mo",
        "userName": "Ed Albiniak"
    },
    {
        "appVersion": null,
        "at": "2023-09-15 15:47:39",
        "content": "Help",
        "repliedAt": null,
        "replyContent": null,
        "reviewCreatedVersion": null,
        "reviewId": "690ffe24-aa0e-4589-9380-d0e30f99bb54",
        "score": 5,
        "thumbsUpCount": 0,
        "userImage": "https://play-lh.googleusercontent.com/a/ACg8ocKw7tXScPQKKpZIAkLw-qnYLe_XCmmx7zC8YLgb_m5g8w=mo",
        "userName": "Tannuel Hollingsworth"
    },
    {
        "appVersion": "1.8",
        "at": "2023-09-08 02:13:53",
        "content": "Lnd",
        "repliedAt": null,
        "replyContent": null,
        "reviewCreatedVersion": "1.8",
        "reviewId": "d1fe419f-11e1-4753-8f7e-ae6508a6641c",
        "score": 1,
        "thumbsUpCount": 0,
        "userImage": "https://play-lh.googleusercontent.com/a/ACg8ocKYyZAqstisynI5VhJbidl3jBuFYtIzV6Ce4C2DCgBx=mo",
        "userName": "Hanter Rou"
    },
    {
        "appVersion": "1.8",
        "at": "2023-08-31 00:22:23",
        "content": "Cant pair with the nearby device",
        "repliedAt": null,
        "replyContent": null,
        "reviewCreatedVersion": "1.8",
        "reviewId": "5f428b9d-8c25-4267-bafb-1b4041790b24",
        "score": 3,
        "thumbsUpCount": 11,
        "userImage": "https://play-lh.googleusercontent.com/a/ACg8ocKcvurGmq34OJuI5xMQvzn9EmxOQpoiJV1tY2ma4eOz=mo",
        "userName": "salome yamine"
    },
    {
        "appVersion": null,
        "at": "2023-08-26 10:56:36",
        "content": "Credit card required, that sucks",
        "repliedAt": null,
        "replyContent": null,
        "reviewCreatedVersion": null,
        "reviewId": "9d60f2fb-dbd7-4ed9-883b-ad1091453675",
        "score": 1,
        "thumbsUpCount": 0,
        "userImage": "https://play-lh.googleusercontent.com/a-/ALV-UjU9VgQzTd4qkbSlSTPzv7E7ajRA5v7GNKm3CtooU29M9kqY",
        "userName": "Rik Stace"
    },
    {
        "appVersion": "1.6",
        "at": "2023-08-26 03:18:10",
        "content": "Pretty good",
        "repliedAt": null,
        "replyContent": null,
        "reviewCreatedVersion": "1.6",
        "reviewId": "345875e3-f152-4534-80a6-2bf5613935af",
        "score": 5,
        "thumbsUpCount": 0,
        "userImage": "https://play-lh.googleusercontent.com/a/ACg8ocKNoMOnrKyFbKWEymaHGtHdcW5VOyGs8I_5UloKkyOc=mo",
        "userName": "Jevon Jackson"
    },
    {
        "appVersion": null,
        "at": "2023-08-22 00:11:12",
        "content": "thank you",
        "repliedAt": null,
        "replyContent": null,
        "reviewCreatedVersion": null,
        "reviewId": "82894661-948c-4b0c-b109-6953b77f578f",
        "score": 5,
        "thumbsUpCount": 1,
        "userImage": "https://play-lh.googleusercontent.com/a-/ALV-UjU11DFR6Bg6WAWu1crHat2kadON38iTk4fa9q7OqTqyWw",
        "userName": "Pyae Pyae"
    },
    {
        "appVersion": null,
        "at": "2023-08-18 22:06:07",
        "content": "Great experience",
        "repliedAt": null,
        "replyContent": null,
        "reviewCreatedVersion": null,
        "reviewId": "74bb94f6-c9a0-4a28-b960-8589ebf195bd",
        "score": 5,
        "thumbsUpCount": 0,
        "userImage": "https://play-lh.googleusercontent.com/a-/ALV-UjVif6gCM1vaFnOK6N2zOJ6PEpwJYPwvu0GMpniK3N5Tng",
        "userName": "Julie Kollbaum"
    },
    {
        "appVersion": "1.5",
        "at": "2023-08-10 05:32:15",
        "content": "Not working",
        "repliedAt": null,
        "replyContent": null,
        "reviewCreatedVersion": "1.5",
        "reviewId": "65591400-ad54-417c-8630-a656383d8a8e",
        "score": 1,
        "thumbsUpCount": 0,
        "userImage": "https://play-lh.googleusercontent.com/a-/ALV-UjV-eaCQ1OHedkTRRJymA7YzRQMU942KhBH_Z6lXuK1QLhg",
        "userName": "Rhain Rasalan"
    },
    {
        "appVersion": "1.5",
        "at": "2023-08-10 02:37:06",
        "content": "Tried without this app and with this app to connect paired and unpaired BT devices. It works quietly identifying and stabilising BT connections. A boon to have and a credit to the developer. Thank you",
        "repliedAt": null,
        "replyContent": null,
        "reviewCreatedVersion": "1.5",
        "reviewId": "1fd4e18f-d910-448a-b3ab-a4a29169f601",
        "score": 5,
        "thumbsUpCount": 12,
        "userImage": "https://play-lh.googleusercontent.com/a/ACg8ocI0BGFT43AoHdvLAh1swiZkhNTwXwDWjqEPO0lWATD6=mo",
        "userName": "adam nather"
    },
    {
        "appVersion": "1.5",
        "at": "2023-08-06 02:00:13",
        "content": "Kept breaking up",
        "repliedAt": null,
        "replyContent": null,
        "reviewCreatedVersion": "1.5",
        "reviewId": "ae50ec91-a1a6-45ff-84fb-8975e9046a58",
        "score": 1,
        "thumbsUpCount": 0,
        "userImage": "https://play-lh.googleusercontent.com/a/ACg8ocJRkjVPL-pFkPjqen4xEfDsM9hat9jmc7DX7l1phDR_=mo",
        "userName": "Yvonne Paramo"
    },
    {
        "appVersion": "1.5",
        "at": "2023-07-31 23:50:00",
        "content": "Ok",
        "repliedAt": null,
        "replyContent": null,
        "reviewCreatedVersion": "1.5",
        "reviewId": "0b8bbde7-2a1b-4fe6-8d8a-ca523312f44a",
        "score": 5,
        "thumbsUpCount": 0,
        "userImage": "https://play-lh.googleusercontent.com/a-/ALV-UjXolaRNsWbJSLLoAJduDhDKGYiy1wDSZ88H_Q8CDDn1Bg",
        "userName": "Sherali Pathan"
    },
    {
        "appVersion": null,
        "at": "2023-07-25 13:37:28",
        "content": "Auto connection is not working, just Ads",
        "repliedAt": null,
        "replyContent": null,
        "reviewCreatedVersion": null,
        "reviewId": "0ffceb71-c3be-4322-963a-7c258b2b3b00",
        "score": 1,
        "thumbsUpCount": 0,
        "userImage": "https://play-lh.googleusercontent.com/a/ACg8ocLrCSpNNYGB_qsJ2ryBaMs9zWq7e4ssC7jQRUTlk3ug=mo",
        "userName": "Uldis"
    },
    {
        "appVersion": null,
        "at": "2023-07-21 22:47:22",
        "content": "Not useful Not finding bt",
        "repliedAt": null,
        "replyContent": null,
        "reviewCreatedVersion": null,
        "reviewId": "cac60fe7-fce0-488e-a554-9f66398f9ff6",
        "score": 1,
        "thumbsUpCount": 0,
        "userImage": "https://play-lh.googleusercontent.com/a/ACg8ocKdR7eDVGGByMFFmFO0_hMySgH-8pvNO0vJ4inma_Iy9pU=mo",
        "userName": "Rajesh Suthar"
    },
    {
        "appVersion": "1.5",
        "at": "2023-07-21 01:52:49",
        "content": "Did not work whatsoever, just a bunch of adds",
        "repliedAt": null,
        "replyContent": null,
        "reviewCreatedVersion": "1.5",
        "reviewId": "8dd85f5c-2583-4585-aa16-5862c098d73e",
        "score": 1,
        "thumbsUpCount": 4,
        "userImage": "https://play-lh.googleusercontent.com/a/ACg8ocL8fTHb2yQfUs3kpH8Gkzq6ZwHlsdWIcxcQTvTbhn2j=mo",
        "userName": "John Wheelbarger"
    },
    {
        "appVersion": "1.5",
        "at": "2023-07-17 15:40:24",
        "content": "Worst app you can get",
        "repliedAt": null,
        "replyContent": null,
        "reviewCreatedVersion": "1.5",
        "reviewId": "4e7d25bc-b243-459c-a665-61a377995add",
        "score": 1,
        "thumbsUpCount": 1,
        "userImage": "https://play-lh.googleusercontent.com/a/ACg8ocIJ2KHMOmcPwDnIcwXt--lAWt4PdhtUkzaMr1tWDxQu=mo",
        "userName": "Randy Johnson"
    },
    {
        "appVersion": null,
        "at": "2023-07-10 03:21:32",
        "content": "jelekk",
        "repliedAt": null,
        "replyContent": null,
        "reviewCreatedVersion": null,
        "reviewId": "4e809ac2-ce95-4a2c-802e-910c353ba889",
        "score": 1,
        "thumbsUpCount": 0,
        "userImage": "https://play-lh.googleusercontent.com/a-/ALV-UjVapi3Irp7W4ic52WQ5REb9BC012hYVl520qOW6A7xwKQ",
        "userName": "Nazwa Kayla Azalia"
    },
    {
        "appVersion": null,
        "at": "2023-06-28 00:18:33",
        "content": "Am highly disappointed \ud83d\ude0f",
        "repliedAt": null,
        "replyContent": null,
        "reviewCreatedVersion": null,
        "reviewId": "946983ab-f95a-4608-9a72-76bcd09b7787",
        "score": 1,
        "thumbsUpCount": 0,
        "userImage": "https://play-lh.googleusercontent.com/a/ACg8ocL4-F3QT01xzIEtD5U9YG03hvC_7ov4hfcJajQ-xZ_V=mo",
        "userName": "Reuben Mutua"
    },
    {
        "appVersion": "1.5",
        "at": "2023-06-22 16:28:43",
        "content": "\u062f\u0627\u0646\u06cc\u0627\u0644 \u0645\u062d\u0645\u062f\u067e\u0648\u0631 \u062f\u0648\u0627\u0646\u06cc \u06a9\u0628\u06cc\u0631",
        "repliedAt": null,
        "replyContent": null,
        "reviewCreatedVersion": "1.5",
        "reviewId": "5a3b8978-c984-48ab-93b1-cd585341bbf6",
        "score": 5,
        "thumbsUpCount": 0,
        "userImage": "https://play-lh.googleusercontent.com/a-/ALV-UjXO9aD6tzxB0RmZgAOPWIs8jlJ_BRoOdY57Yr7pLVwJxVo",
        "userName": "Danial Mohammadpuor Davani kabir"
    },
    {
        "appVersion": null,
        "at": "2023-05-02 20:56:21",
        "content": "No idea why you need my GPS location. Instant 1 star.",
        "repliedAt": null,
        "replyContent": null,
        "reviewCreatedVersion": null,
        "reviewId": "1002a69f-6555-4137-916c-80c229d2ed68",
        "score": 1,
        "thumbsUpCount": 2,
        "userImage": "https://play-lh.googleusercontent.com/a-/ALV-UjXo9Q4dQlpqTGMjnG8DwEVg2xWoEcQ3YGdCkaIrXBhlgQ",
        "userName": "Giant Dad"
    },
    {
        "appVersion": "1.4",
        "at": "2023-04-29 05:58:11",
        "content": "Good",
        "repliedAt": null,
        "replyContent": null,
        "reviewCreatedVersion": "1.4",
        "reviewId": "40c1e52a-352e-4d31-b411-be60518308ba",
        "score": 5,
        "thumbsUpCount": 2,
        "userImage": "https://play-lh.googleusercontent.com/a/ACg8ocJxAyB1LTRG-CdU3qHquY7BSJuunYa2oD9i3efIbv4q=mo",
        "userName": "BILLY PRATER"
    },
    {
        "appVersion": "1.4",
        "at": "2023-04-12 16:36:48",
        "content": "It's great. It does make a big difference. We",
        "repliedAt": null,
        "replyContent": null,
        "reviewCreatedVersion": "1.4",
        "reviewId": "666c7e8d-9e04-4d0f-9d5b-cdeedb7a86cb",
        "score": 5,
        "thumbsUpCount": 7,
        "userImage": "https://play-lh.googleusercontent.com/a/ACg8ocJce7FYjGgluchySP_I0_jRIVeyNipXQqFedx-iF5Z7=mo",
        "userName": "Robin Welch"
    },
    {
        "appVersion": "1.4",
        "at": "2023-03-25 00:17:49",
        "content": "Not only de wife\ud83d\ude21\ud83d\ude21\ud83d\ude21\ud83d\ude21\ud83d\ude21\ud83d\ude21\ud83d\ude21",
        "repliedAt": null,
        "replyContent": null,
        "reviewCreatedVersion": "1.4",
        "reviewId": "3dd4f26a-58c1-44b1-8edf-bc6a954a9783",
        "score": 1,
        "thumbsUpCount": 4,
        "userImage": "https://play-lh.googleusercontent.com/a/ACg8ocIa3CUk0NKWHwYcCU2jqcpqvaiXzBwNUnfk25m29gTF=mo",
        "userName": "Safiya Sabir"
    },
    {
        "appVersion": "1.4",
        "at": "2023-03-17 03:19:19",
        "content": "No thank you hong kong",
        "repliedAt": null,
        "replyContent": null,
        "reviewCreatedVersion": "1.4",
        "reviewId": "4093b68d-e918-46da-a0ad-8f6b782780ef",
        "score": 5,
        "thumbsUpCount": 2,
        "userImage": "https://play-lh.googleusercontent.com/a-/ALV-UjV15jpF4aUhOQjMleifaSSHa0Yi2F41pjna-rgR1OeJAXc",
        "userName": "Terry Myers"
    },
    {
        "appVersion": null,
        "at": "2023-03-11 22:56:17",
        "content": "Wosrt app I've ever used, doesn't connect when given option to pair and connection top 1st trash Bluetooth app in history",
        "repliedAt": null,
        "replyContent": null,
        "reviewCreatedVersion": null,
        "reviewId": "fdbc2f69-bb2d-4b3e-893c-6f22b54a6767",
        "score": 1,
        "thumbsUpCount": 14,
        "userImage": "https://play-lh.googleusercontent.com/a/ACg8ocIN3fHAlBrHJNOPNxooErVhfqA3EpaCAL_4llMjCgOw=mo",
        "userName": "William Estelle"
    },
    {
        "appVersion": "1.4",
        "at": "2023-03-06 22:19:32",
        "content": "This utility appears to have some potential but I won't endure full screen ads every time I engage, so I don't know. It's ironic, I was ad-attacked even as I sought the pay settings ( I pay for every app I keep) Look up the business term \"loss leader\" A new app with no reviews (until now) should be launched with the single objective of bagging happy users. After a few positive reviews, you can start shilling. You need to choose who you're here for; users or advertisers.",
        "repliedAt": null,
        "replyContent": null,
        "reviewCreatedVersion": "1.4",
        "reviewId": "572d452a-e051-4cc6-86ee-6d1bd0a7744f",
        "score": 2,
        "thumbsUpCount": 0,
        "userImage": "https://play-lh.googleusercontent.com/a-/ALV-UjU4wiku8mbTEwnUwRfcTTR_gIJCQB_3usBanYw9Ru2M7qDV",
        "userName": "Findlaigh Shawe"
    },
    {
        "appVersion": "1.4",
        "at": "2023-02-08 15:19:18",
        "content": "Found Bluetooth connect is not needed on my new android phone. Builtin pairing works great. No info available on how to cancel before my credit card is charged!!",
        "repliedAt": null,
        "replyContent": null,
        "reviewCreatedVersion": "1.4",
        "reviewId": "7cd641cb-a47f-454f-9cf9-e1b593f44410",
        "score": 1,
        "thumbsUpCount": 21,
        "userImage": "https://play-lh.googleusercontent.com/a-/ALV-UjVlHjZ2l6MMpm1BRB0HvvmXq4NzA_9sVhrXyzDExrBbcCg",
        "userName": "Ray Rudolph"
    },
    {
        "appVersion": "1.4",
        "at": "2023-02-04 23:21:59",
        "content": "Great",
        "repliedAt": null,
        "replyContent": null,
        "reviewCreatedVersion": "1.4",
        "reviewId": "46a66687-f138-4227-9796-b1b6b204722f",
        "score": 5,
        "thumbsUpCount": 4,
        "userImage": "https://play-lh.googleusercontent.com/a/ACg8ocLMVaxc2MPiufzmYxK6Zj8pQfcKMeyC5fRRbUedIn-C=mo",
        "userName": "Ryandi David"
    },
    {
        "appVersion": "1.4",
        "at": "2023-02-04 13:50:11",
        "content": "Eujjja",
        "repliedAt": null,
        "replyContent": null,
        "reviewCreatedVersion": "1.4",
        "reviewId": "6f764f85-ce72-41cd-9756-c90006bb7fa1",
        "score": 5,
        "thumbsUpCount": 3,
        "userImage": "https://play-lh.googleusercontent.com/a-/ALV-UjVnxbxoJ6CpEKNTneaSquPQ0kZ02u34IFiek4zMXDyTPM4",
        "userName": "S Moo (The King of Everything)"
    }
]