[
    {
        "appVersion": null,
        "at": "2023-11-20 03:02:37",
        "content": "Good",
        "repliedAt": null,
        "replyContent": null,
        "reviewCreatedVersion": null,
        "reviewId": "e4839c22-f83a-471b-ba5e-f9fa4fecf24d",
        "score": 3,
        "thumbsUpCount": 0,
        "userImage": "https://play-lh.googleusercontent.com/a-/ALV-UjWXqXtw9a8BUmWU8YVxP1nf3-6InnYl_Gqtf9garXxeH64",
        "userName": "Sivan Mahadevan"
    },
    {
        "appVersion": "1.22",
        "at": "2023-11-17 03:35:22",
        "content": "Super super super",
        "repliedAt": null,
        "replyContent": null,
        "reviewCreatedVersion": "1.22",
        "reviewId": "0b0d60b0-c56d-4041-ada8-143556e45893",
        "score": 5,
        "thumbsUpCount": 1,
        "userImage": "https://play-lh.googleusercontent.com/a-/ALV-UjX_mR9DZ6Ev-YdAzmIqyscn74LnkAntIaw5HYJ-8qjWLw",
        "userName": "ramasubbu kannan"
    },
    {
        "appVersion": null,
        "at": "2023-11-16 02:48:02",
        "content": "I have pay for remove ads. But the application still have ads.. how come?",
        "repliedAt": null,
        "replyContent": null,
        "reviewCreatedVersion": null,
        "reviewId": "a4b157d2-0b14-4e0d-bc03-a10e5e0afdc8",
        "score": 1,
        "thumbsUpCount": 1,
        "userImage": "https://play-lh.googleusercontent.com/a/ACg8ocKR4Dd50hwIjGT7XaT76-vX89N4_5zx-Ve9QUdgiOgY=mo",
        "userName": "Imelda Sugiharti"
    },
    {
        "appVersion": null,
        "at": "2023-10-15 03:46:12",
        "content": "Is. Ok",
        "repliedAt": null,
        "replyContent": null,
        "reviewCreatedVersion": null,
        "reviewId": "3fe05836-0f79-46d9-bee1-2e3035a89ba2",
        "score": 5,
        "thumbsUpCount": 0,
        "userImage": "https://play-lh.googleusercontent.com/a/ACg8ocITcMicshWFLATLy2etmRrgyFaVlxT--c0DfZokuL3F=mo",
        "userName": "Ah Chye Yew"
    },
    {
        "appVersion": "1.17",
        "at": "2023-09-27 16:36:13",
        "content": "where is the cantonese language u claimed?",
        "repliedAt": null,
        "replyContent": null,
        "reviewCreatedVersion": "1.17",
        "reviewId": "3fc53068-b8aa-45dc-9fb1-ce52b0dbbde5",
        "score": 4,
        "thumbsUpCount": 5,
        "userImage": "https://play-lh.googleusercontent.com/a/ACg8ocJFLJ1frAvR886G6w9JxdndGojzxkdFf_eePH9OXQc=mo",
        "userName": "sea.n"
    },
    {
        "appVersion": null,
        "at": "2023-09-24 00:26:04",
        "content": "En uso CON app Extranjeras y traducci\u00f3n",
        "repliedAt": null,
        "replyContent": null,
        "reviewCreatedVersion": null,
        "reviewId": "be6d93d7-d92e-4ea4-baa9-4c68910b195b",
        "score": 5,
        "thumbsUpCount": 1,
        "userImage": "https://play-lh.googleusercontent.com/a-/ALV-UjXT9erkVQCBlFOOJCOlJjaszjhizZik8swVKHg4aqVnoA",
        "userName": "Diego Carlos S\u00e1nchez Rois"
    },
    {
        "appVersion": null,
        "at": "2023-08-25 18:40:52",
        "content": "Very good app",
        "repliedAt": null,
        "replyContent": null,
        "reviewCreatedVersion": null,
        "reviewId": "43c68871-feff-42d9-8ddc-49b922b682bb",
        "score": 5,
        "thumbsUpCount": 10,
        "userImage": "https://play-lh.googleusercontent.com/a-/ALV-UjWFnJcnkf_dAfQFsFrC8jDV00c032xBhwbSz2LzHdtGDg",
        "userName": "Rashid razzaq"
    },
    {
        "appVersion": "1.16",
        "at": "2023-07-18 12:52:04",
        "content": "I paid yesterday for NO ADDS but no stopping adds. Free got money.",
        "repliedAt": "2023-07-04 10:40:51",
        "replyContent": "Please update new version than not any ad show.Thanks",
        "reviewCreatedVersion": "1.16",
        "reviewId": "7e85f599-e77f-4509-850f-a6e6e5673bf6",
        "score": 1,
        "thumbsUpCount": 9,
        "userImage": "https://play-lh.googleusercontent.com/a/ACg8ocKozMjOdy-ZdKHg3hmcebOOXqI-LJol_U77S80JTcOL=mo",
        "userName": "Ramesh Kumar"
    },
    {
        "appVersion": null,
        "at": "2023-02-26 23:58:18",
        "content": "good",
        "repliedAt": "2023-03-05 09:27:38",
        "replyContent": "Thank you for your support",
        "reviewCreatedVersion": null,
        "reviewId": "e93874dd-bbde-41d6-b1e4-4e23cb4e2875",
        "score": 5,
        "thumbsUpCount": 1,
        "userImage": "https://play-lh.googleusercontent.com/a/ACg8ocK3wDD-nvF8cEFGRDS59YBvcLfKPon4bYpUhKCpOVrh=mo",
        "userName": "Fatihullah Andrhbi"
    },
    {
        "appVersion": "1.11",
        "at": "2022-11-30 03:23:04",
        "content": "Awesome",
        "repliedAt": "2022-12-01 23:54:18",
        "replyContent": "Thanks for taking out time to rate us. It really helps us to keep going and delivering the best :)",
        "reviewCreatedVersion": "1.11",
        "reviewId": "da68f3af-3d2d-4365-b91d-64a902905e3d",
        "score": 5,
        "thumbsUpCount": 5,
        "userImage": "https://play-lh.googleusercontent.com/a-/ALV-UjVgNh90j27uzh30ayo607a3gpMEGbfTiy4C_KFg_p-aTlQ",
        "userName": "Chris Johnson"
    }
]