[
    {
        "appVersion": null,
        "at": "2023-11-20 06:11:47",
        "content": "Fake",
        "repliedAt": null,
        "replyContent": null,
        "reviewCreatedVersion": null,
        "reviewId": "555942ac-df21-4b1b-8031-a1ffc25ed11f",
        "score": 1,
        "thumbsUpCount": 0,
        "userImage": "https://play-lh.googleusercontent.com/a-/ALV-UjUwt3_8eUAgp9vd96Pu7QNjX3C-uHHnfB2oGszy6WIlww",
        "userName": "Golden Mantis"
    },
    {
        "appVersion": "6.0",
        "at": "2023-11-14 19:24:08",
        "content": "There may be an app amoung the ads",
        "repliedAt": null,
        "replyContent": null,
        "reviewCreatedVersion": "6.0",
        "reviewId": "07591b7a-d764-4e8d-97a0-476768179dd5",
        "score": 1,
        "thumbsUpCount": 0,
        "userImage": "https://play-lh.googleusercontent.com/a/ACg8ocJD3a0VR6uC7FFrjn9Hy_bqJ76wWSmRb_G0Fgmaw_TA=mo",
        "userName": "EpicZeny"
    },
    {
        "appVersion": null,
        "at": "2023-11-09 20:02:50",
        "content": "Absolute trash",
        "repliedAt": null,
        "replyContent": null,
        "reviewCreatedVersion": null,
        "reviewId": "f7c017a6-bb99-43a0-911c-64923e8a34bf",
        "score": 1,
        "thumbsUpCount": 0,
        "userImage": "https://play-lh.googleusercontent.com/a/ACg8ocJGNcP-b9IehEBZrUGDSE-VwcXC1iCm33hZ8ac66x1D=mo",
        "userName": "Marc L"
    },
    {
        "appVersion": "6.0",
        "at": "2023-11-06 03:26:00",
        "content": "This is what's up right yhere",
        "repliedAt": null,
        "replyContent": null,
        "reviewCreatedVersion": "6.0",
        "reviewId": "de746120-56f2-47cd-8dea-5522c0be2123",
        "score": 5,
        "thumbsUpCount": 0,
        "userImage": "https://play-lh.googleusercontent.com/a/ACg8ocLuG6-iRKja7KSFExvs382j3Q8MXNV-zEPNiwnzf60T=mo",
        "userName": "Terry Stafford"
    },
    {
        "appVersion": null,
        "at": "2023-10-29 03:34:49",
        "content": "Fake app",
        "repliedAt": null,
        "replyContent": null,
        "reviewCreatedVersion": null,
        "reviewId": "e0898352-3d26-4983-9b57-0ed7c546f8ed",
        "score": 1,
        "thumbsUpCount": 0,
        "userImage": "https://play-lh.googleusercontent.com/a/ACg8ocK9bsjh3F1iJem0V_7v9-XOLvjO-C1DXDzLT-K9T_oD=mo",
        "userName": "Maharana Pratap"
    },
    {
        "appVersion": null,
        "at": "2023-10-28 20:01:22",
        "content": "Keep hackers put of my business",
        "repliedAt": null,
        "replyContent": null,
        "reviewCreatedVersion": null,
        "reviewId": "dc7eff65-9738-4218-b886-8f71a1714a71",
        "score": 5,
        "thumbsUpCount": 0,
        "userImage": "https://play-lh.googleusercontent.com/a/ACg8ocL5HYZGbetfOM2kZpRP_iVLjcn61ilm9dKWfzO8Z9IjAQ=mo",
        "userName": "Diana"
    },
    {
        "appVersion": "6.0",
        "at": "2023-10-22 16:50:11",
        "content": "Trust me it's trash",
        "repliedAt": null,
        "replyContent": null,
        "reviewCreatedVersion": "6.0",
        "reviewId": "d0077b51-0ab5-458d-8f09-ecd77f735af2",
        "score": 1,
        "thumbsUpCount": 1,
        "userImage": "https://play-lh.googleusercontent.com/a-/ALV-UjXrVuaGWqHNpJ-9VFccMTIfHw0gVvN6qbM3iFywFrlIis8",
        "userName": "Mohawks"
    },
    {
        "appVersion": "6.0",
        "at": "2023-10-15 02:09:15",
        "content": "Don't know yet",
        "repliedAt": null,
        "replyContent": null,
        "reviewCreatedVersion": "6.0",
        "reviewId": "e3515fed-561c-4f1d-b97a-edd9690f72cf",
        "score": 5,
        "thumbsUpCount": 0,
        "userImage": "https://play-lh.googleusercontent.com/a/ACg8ocINzH7h7cnKTWRWlRD6Q45S7tZb4XfyJmK0iW0ap1r1=mo",
        "userName": "Richard Springs"
    },
    {
        "appVersion": "6.0",
        "at": "2023-10-04 21:51:09",
        "content": "It's just cool",
        "repliedAt": null,
        "replyContent": null,
        "reviewCreatedVersion": "6.0",
        "reviewId": "d2355a5c-b009-4eee-aa02-a296a66540db",
        "score": 5,
        "thumbsUpCount": 0,
        "userImage": "https://play-lh.googleusercontent.com/a/ACg8ocLEzKyvuxw7CbOKnnJjExVVDjZxZTVQ5nsC2bIuaEFr=mo",
        "userName": "Joshua Brown"
    },
    {
        "appVersion": "6.0",
        "at": "2023-10-01 18:58:18",
        "content": "May driver.faster.. singel driver eseay year...code.",
        "repliedAt": null,
        "replyContent": null,
        "reviewCreatedVersion": "6.0",
        "reviewId": "40b6ba08-9ed2-4885-8ac3-9c3c9f427955",
        "score": 5,
        "thumbsUpCount": 0,
        "userImage": "https://play-lh.googleusercontent.com/a/ACg8ocIWtdeEBwCL3JLUImrhwVuZuiVkNk1FAvpCTJwaTf_-=mo",
        "userName": "Romn\u00ecck quiapo satellite Quiapo satellite"
    },
    {
        "appVersion": null,
        "at": "2023-09-29 10:31:25",
        "content": "Track",
        "repliedAt": null,
        "replyContent": null,
        "reviewCreatedVersion": null,
        "reviewId": "e568f712-b369-480e-aaeb-030a7ea951e5",
        "score": 5,
        "thumbsUpCount": 0,
        "userImage": "https://play-lh.googleusercontent.com/a-/ALV-UjXrw6YiyVwCXhCd306fwohHPmcZoWDL4cFea4dzlc1Cgg",
        "userName": "Dentra Salazar"
    },
    {
        "appVersion": "6.0",
        "at": "2023-09-28 16:35:55",
        "content": "Too many pop-ups and ads can't even use the app there's so many",
        "repliedAt": null,
        "replyContent": null,
        "reviewCreatedVersion": "6.0",
        "reviewId": "6b980f74-8c5d-415b-b84e-3d7d418c5563",
        "score": 1,
        "thumbsUpCount": 0,
        "userImage": "https://play-lh.googleusercontent.com/a-/ALV-UjW5FyiQszS8MC_PUcmg_ho5q5afBv5fjsKT0pAhrkmo7Ts",
        "userName": "Timothy \u201cTimmey Wimmey\u201d Boettger"
    },
    {
        "appVersion": "6.0",
        "at": "2023-09-26 09:07:59",
        "content": "Useless application I recommend you to do not install this application as my experience these is the worstest application ever",
        "repliedAt": null,
        "replyContent": null,
        "reviewCreatedVersion": "6.0",
        "reviewId": "13eefe78-195d-479a-b519-c5eaecdbb860",
        "score": 1,
        "thumbsUpCount": 0,
        "userImage": "https://play-lh.googleusercontent.com/a-/ALV-UjUBxqGhfjhbnFPdvCl4H1dbORQcqSVMGVQN72AJu60taw",
        "userName": "Pranit kumar II A 57"
    },
    {
        "appVersion": "6.0",
        "at": "2023-09-25 05:07:14",
        "content": "I would not even give it a one it sux bad",
        "repliedAt": null,
        "replyContent": null,
        "reviewCreatedVersion": "6.0",
        "reviewId": "efd4f09e-a622-4459-b5c6-aa589cef136c",
        "score": 1,
        "thumbsUpCount": 0,
        "userImage": "https://play-lh.googleusercontent.com/a/ACg8ocIJwNstT7Gs-9Ql6nPw0IYnoZJLRBpt58bKvuEvG_37=mo",
        "userName": "Savanna marie"
    },
    {
        "appVersion": "6.0",
        "at": "2023-09-18 22:23:43",
        "content": "Not to much to tell I used it said it worked about all",
        "repliedAt": null,
        "replyContent": null,
        "reviewCreatedVersion": "6.0",
        "reviewId": "ac72ca5e-d837-4b87-82ad-7d6117c15bb4",
        "score": 3,
        "thumbsUpCount": 0,
        "userImage": "https://play-lh.googleusercontent.com/a-/ALV-UjWZq3BY27Ov4g8CZgyvMYz9HRf6sNmXZv1nzsC9_PqXLSQ",
        "userName": "William Ashley"
    },
    {
        "appVersion": "6.0",
        "at": "2023-09-17 10:09:14",
        "content": "Lee app",
        "repliedAt": null,
        "replyContent": null,
        "reviewCreatedVersion": "6.0",
        "reviewId": "42c5b3c2-812b-4405-8f71-7faa71338d30",
        "score": 1,
        "thumbsUpCount": 0,
        "userImage": "https://play-lh.googleusercontent.com/a/ACg8ocJ-bpr-_FT7Qze__eblDGgAwolUMJ_yiCDJBsj3mU3j=mo",
        "userName": "Chou K"
    },
    {
        "appVersion": null,
        "at": "2023-09-15 23:16:27",
        "content": "I didn't get a chance to really use it. I tapped my figure on two options both time I was spammed with inappropriate adult adds.",
        "repliedAt": null,
        "replyContent": null,
        "reviewCreatedVersion": null,
        "reviewId": "92d6bd0e-1d45-42bf-b655-66dfd382e4a2",
        "score": 1,
        "thumbsUpCount": 0,
        "userImage": "https://play-lh.googleusercontent.com/a/ACg8ocJ1kA2afDqrx8dYGoTYDuAYVFEwxWpbGqxhF27SH52G=mo",
        "userName": "Your Mom"
    },
    {
        "appVersion": "6.0",
        "at": "2023-09-15 15:14:36",
        "content": "This app is useless, it's nothing but full page ads that one has to stop & figure how to get past without getting sent to PlayStore or a web page! There are other apps with similar functionality which have unobtrusive or no ads. AVOID AVOID AVOID AVOID AVOID",
        "repliedAt": null,
        "replyContent": null,
        "reviewCreatedVersion": "6.0",
        "reviewId": "bc614d10-eb3f-4271-a57b-9091b563b2ec",
        "score": 1,
        "thumbsUpCount": 5,
        "userImage": "https://play-lh.googleusercontent.com/a-/ALV-UjWRCYZ79hxLuc9UTOYioNWH6OqObLf_tQs8DpkbhZnapwE",
        "userName": "G. Bean"
    },
    {
        "appVersion": null,
        "at": "2023-09-11 20:29:40",
        "content": "Good",
        "repliedAt": null,
        "replyContent": null,
        "reviewCreatedVersion": null,
        "reviewId": "fd49cf04-568e-42f4-a618-1a421eb00c88",
        "score": 2,
        "thumbsUpCount": 0,
        "userImage": "https://play-lh.googleusercontent.com/a-/ALV-UjUcpMRp3SzeKrTgc-a06oQ_AXTj7DZ3Kigtfkhc6oFaT7I",
        "userName": "Buhle Tsibulane"
    },
    {
        "appVersion": "6.0",
        "at": "2023-09-10 01:14:32",
        "content": "Keeps saying that I'm several states away....how am I supposed to trust that my son's location is accurate when mine obviously isn't .... would not recommend to a friend...two thumbs down from me",
        "repliedAt": null,
        "replyContent": null,
        "reviewCreatedVersion": "6.0",
        "reviewId": "780e64b1-53d2-44f9-853e-3c257f1c8c9a",
        "score": 1,
        "thumbsUpCount": 0,
        "userImage": "https://play-lh.googleusercontent.com/a/ACg8ocImLp3i06qONV21tWLWJo3PSdKiZ5V1mnAC9s1jcTmt2G8=mo",
        "userName": "Wendy Gray"
    },
    {
        "appVersion": "6.0",
        "at": "2023-09-09 09:42:31",
        "content": "Very ads during tracking",
        "repliedAt": null,
        "replyContent": null,
        "reviewCreatedVersion": "6.0",
        "reviewId": "50d5ab02-7292-42c3-a346-31ac54ec2bfd",
        "score": 1,
        "thumbsUpCount": 0,
        "userImage": "https://play-lh.googleusercontent.com/a-/ALV-UjU1mut__7L18k66TYPhkZTOk5pDDiJYhvyd8jzJpYZ7mg",
        "userName": "Sumit Shokeen"
    },
    {
        "appVersion": "3.0",
        "at": "2023-09-04 15:31:45",
        "content": "Too much adds",
        "repliedAt": null,
        "replyContent": null,
        "reviewCreatedVersion": "3.0",
        "reviewId": "685350d4-e106-48d3-9275-bf8a507fc488",
        "score": 1,
        "thumbsUpCount": 0,
        "userImage": "https://play-lh.googleusercontent.com/a-/ALV-UjXUMddv66aKyumrtOu0SnBRhYwnI98IpCDj-AKJS1oGICY",
        "userName": "kyo Kazama Z (kking)"
    },
    {
        "appVersion": "3.0",
        "at": "2023-09-04 10:50:45",
        "content": "Nice",
        "repliedAt": null,
        "replyContent": null,
        "reviewCreatedVersion": "3.0",
        "reviewId": "e6115191-fa04-4f87-8e0c-aed41f9e95db",
        "score": 1,
        "thumbsUpCount": 1,
        "userImage": "https://play-lh.googleusercontent.com/a/ACg8ocLFkSEB9RsDXWfsnXuk8KOYBsaTjERdjLjjd3zQ5vI=mo",
        "userName": "King Fabhino"
    },
    {
        "appVersion": "3.0",
        "at": "2023-09-01 08:13:08",
        "content": "Shame full app",
        "repliedAt": null,
        "replyContent": null,
        "reviewCreatedVersion": "3.0",
        "reviewId": "9ef75201-59b7-4ca5-884e-af61eee92725",
        "score": 1,
        "thumbsUpCount": 1,
        "userImage": "https://play-lh.googleusercontent.com/a-/ALV-UjUPpqMPxt1CVfbI-yvrwQ_ANCKoAtAPw2_6rWOngGrzj5M",
        "userName": "THE 7k gaming"
    },
    {
        "appVersion": "2.0",
        "at": "2023-08-28 07:47:09",
        "content": "Horrible nothing but adds, that I couldn't even read",
        "repliedAt": null,
        "replyContent": null,
        "reviewCreatedVersion": "2.0",
        "reviewId": "e49aa3ff-5ac5-400f-ae99-5ae17b3c3721",
        "score": 1,
        "thumbsUpCount": 1,
        "userImage": "https://play-lh.googleusercontent.com/a-/ALV-UjUwRyB6w52wEYKsVQaLiDHawxH65KBaSGryHF_RYGTYhv4",
        "userName": "Andrew Parker"
    },
    {
        "appVersion": "2.0",
        "at": "2023-08-22 03:28:12",
        "content": "Waste app... Ads app..fake app. Pukuloapp.. no information \u0c36\u0c47\u0c35\u0c32 \u0c2e\u0c40\u0c26 \u0c1a\u0c3f\u0c32\u0c4d\u0c32\u0c30 \u0c0f\u0c30\u0c41\u0c15\u0c41\u0c28\u0c47 app,time waste app",
        "repliedAt": null,
        "replyContent": null,
        "reviewCreatedVersion": "2.0",
        "reviewId": "f3ce0fa6-23aa-4d31-b660-616673ab171e",
        "score": 1,
        "thumbsUpCount": 3,
        "userImage": "https://play-lh.googleusercontent.com/a-/ALV-UjUnbRHV3zRUeC0aNt5JIa7ksiVk7E86NDAe5jUy0jDdkUY",
        "userName": "Shanmukha Varma"
    },
    {
        "appVersion": "2.0",
        "at": "2023-08-21 02:28:06",
        "content": "Very impressive, immediately gets into mode, information is 100% accurate. Very easy to use. Was a nice surprise after all the duds I had to surf through. This one is a winner!",
        "repliedAt": null,
        "replyContent": null,
        "reviewCreatedVersion": "2.0",
        "reviewId": "52a537c4-7f63-4abd-b6c1-8be91ec7a213",
        "score": 5,
        "thumbsUpCount": 13,
        "userImage": "https://play-lh.googleusercontent.com/a-/ALV-UjU12HVA41FMZOf7st2ybJgg87IQHWXZRogPgcK7E0hBq94",
        "userName": "Kab Luther"
    },
    {
        "appVersion": null,
        "at": "2023-08-20 07:32:44",
        "content": "To many adds and it showed me that my account was in another country when I'm in the United States, so I removed it from my phone.",
        "repliedAt": null,
        "replyContent": null,
        "reviewCreatedVersion": null,
        "reviewId": "3c5e3fbb-3d94-41d4-ac09-b3441f9062d0",
        "score": 1,
        "thumbsUpCount": 1,
        "userImage": "https://play-lh.googleusercontent.com/a-/ALV-UjXj_UDz6JHVccjY3xt3vV8paYhN_F1t15aceXrzVQXfpRk",
        "userName": "Sherri Hobbs"
    },
    {
        "appVersion": null,
        "at": "2023-08-20 01:51:38",
        "content": "Network Scanner Doesn't work",
        "repliedAt": null,
        "replyContent": null,
        "reviewCreatedVersion": null,
        "reviewId": "2c4519f3-5147-4f3e-b75d-5190273b13ac",
        "score": 1,
        "thumbsUpCount": 1,
        "userImage": "https://play-lh.googleusercontent.com/a/ACg8ocLIusNGT-ud_eHCYWe69hu8ZvTJR4nsxXCU04517YC2=mo",
        "userName": "colourmatrix thirteen"
    },
    {
        "appVersion": null,
        "at": "2023-08-19 20:26:50",
        "content": "Great",
        "repliedAt": null,
        "replyContent": null,
        "reviewCreatedVersion": null,
        "reviewId": "cece8f29-1f48-4755-9bdf-d9b21831bd87",
        "score": 5,
        "thumbsUpCount": 1,
        "userImage": "https://play-lh.googleusercontent.com/a/ACg8ocJJJ81UbW1jvYP0JSYrv5X3m_lPADyfCbMI60YV0137=mo",
        "userName": "Jeff C."
    },
    {
        "appVersion": "2.0",
        "at": "2023-08-13 13:34:12",
        "content": "Shame you can't give zero stars as this app falls in to zero worthy stars, app club \ud83d\ude02 Way too many ads, Full screen ad after every selection, then there's banner adverts middle and bottom of screen Yes I get free apps have adverts to help fund development but there should be a limit and not seem excessive, which they are here .",
        "repliedAt": null,
        "replyContent": null,
        "reviewCreatedVersion": "2.0",
        "reviewId": "e0da8ecd-050c-4d65-b512-65e857799694",
        "score": 1,
        "thumbsUpCount": 18,
        "userImage": "https://play-lh.googleusercontent.com/a/ACg8ocKDuRjXQCxJs2LAh6fRKGJYJAzwp4DfFz_iIQjDwA3QyA=mo",
        "userName": "Andrew Harris"
    },
    {
        "appVersion": "2.0",
        "at": "2023-08-13 10:17:57",
        "content": "Easy to track IP address Thanks",
        "repliedAt": null,
        "replyContent": null,
        "reviewCreatedVersion": "2.0",
        "reviewId": "d324f37f-9d2a-4072-a6da-7e6628888a7a",
        "score": 4,
        "thumbsUpCount": 1,
        "userImage": "https://play-lh.googleusercontent.com/a-/ALV-UjV1L8vQnXRR1TwtkcqdsnFGJSeUC0zUKls0uoUo4GdApG0",
        "userName": "Amritlal Oswal"
    },
    {
        "appVersion": "2.0",
        "at": "2023-08-11 15:35:53",
        "content": "great",
        "repliedAt": null,
        "replyContent": null,
        "reviewCreatedVersion": "2.0",
        "reviewId": "0531aad3-a74a-4744-a392-0c87da1f6c4f",
        "score": 5,
        "thumbsUpCount": 1,
        "userImage": "https://play-lh.googleusercontent.com/a/ACg8ocINVnDO77CLzGcea0Hx9AII2YRmgzwJf70gnZo1rE3M=mo",
        "userName": "Lucila Mcmahon"
    },
    {
        "appVersion": "2.0",
        "at": "2023-08-08 03:46:25",
        "content": "I'm happy",
        "repliedAt": null,
        "replyContent": null,
        "reviewCreatedVersion": "2.0",
        "reviewId": "248b47c9-cd88-4dcd-8978-3034ddb8f255",
        "score": 4,
        "thumbsUpCount": 1,
        "userImage": "https://play-lh.googleusercontent.com/a-/ALV-UjVzdbVZlcwmEODlN9qygcfg_tgN2OqHBrS_90jTwZPZvw",
        "userName": "G2 Oros"
    },
    {
        "appVersion": "2.0",
        "at": "2023-08-05 15:16:06",
        "content": "Just downloaded...haven't used...just give me a few to check it out!",
        "repliedAt": null,
        "replyContent": null,
        "reviewCreatedVersion": "2.0",
        "reviewId": "be088d94-b082-424c-80ba-5f6ba78c9bf4",
        "score": 3,
        "thumbsUpCount": 1,
        "userImage": "https://play-lh.googleusercontent.com/a/ACg8ocJ14IoyiCcWXZ32Yd5nBrSmQ4eMMy48shfK0zWC1oRo=mo",
        "userName": "D Thomas"
    },
    {
        "appVersion": "2.0",
        "at": "2023-08-01 09:22:21",
        "content": "Actually I haven't got a chance to do anything on this app I would like ta know how to work it .I need ta know if this app can tell me if someone else is on my phone when using it. Will give a rating a little later hopefully a better one. Thank you .",
        "repliedAt": null,
        "replyContent": null,
        "reviewCreatedVersion": "2.0",
        "reviewId": "9ab3de9e-ae00-42d9-9eed-bec2bc0a4d44",
        "score": 2,
        "thumbsUpCount": 5,
        "userImage": "https://play-lh.googleusercontent.com/a/ACg8ocKHkQjB12fRQQbA4YOaKGhnZ55ftlxyHyxPJEN9wae4=mo",
        "userName": "Georgie sue Davis"
    },
    {
        "appVersion": "2.0",
        "at": "2023-08-01 08:39:07",
        "content": "It's not fast to open so that i start searching my friends",
        "repliedAt": null,
        "replyContent": null,
        "reviewCreatedVersion": "2.0",
        "reviewId": "99e93af0-4f44-49d5-a694-f21fee83c165",
        "score": 5,
        "thumbsUpCount": 3,
        "userImage": "https://play-lh.googleusercontent.com/a/ACg8ocL3tHS1R1czFrWgQ8GebnBU8kmg5e-t6w3MGa3EyqDx=mo",
        "userName": "Links Mweembah"
    },
    {
        "appVersion": null,
        "at": "2023-07-30 06:59:14",
        "content": "\ud83d\udc4d",
        "repliedAt": null,
        "replyContent": null,
        "reviewCreatedVersion": null,
        "reviewId": "f7b503ec-6d8c-4d43-8ad3-9b186e8710bb",
        "score": 5,
        "thumbsUpCount": 0,
        "userImage": "https://play-lh.googleusercontent.com/a/ACg8ocLYdkKZyIzw1wZ-tfF5v5ts1cA-U1yUc8nfrp_1394L=mo",
        "userName": "Akm Shamim"
    },
    {
        "appVersion": "2.0",
        "at": "2023-07-29 23:15:16",
        "content": "I have no idea what it is talking about",
        "repliedAt": null,
        "replyContent": null,
        "reviewCreatedVersion": "2.0",
        "reviewId": "f9322dac-9bba-478a-a949-30b37fde62e3",
        "score": 2,
        "thumbsUpCount": 1,
        "userImage": "https://play-lh.googleusercontent.com/a-/ALV-UjXKjNsmJyibB8vLyXsJy7hzgq9-D6tm29f2cisO7ims47kn",
        "userName": "Michael Baricza"
    },
    {
        "appVersion": null,
        "at": "2023-07-29 13:17:04",
        "content": "Don't ask for anyone's credit card",
        "repliedAt": null,
        "replyContent": null,
        "reviewCreatedVersion": null,
        "reviewId": "363afa50-936c-4575-9c6d-07de7e6122d0",
        "score": 1,
        "thumbsUpCount": 1,
        "userImage": "https://play-lh.googleusercontent.com/a/ACg8ocIRKvcLWUJZnO2fmyL2SVEzDmxnnbMCMzsJHiDJc4QH=mo",
        "userName": "Gerald Duda"
    },
    {
        "appVersion": "2.0",
        "at": "2023-07-27 22:43:24",
        "content": "Excellent",
        "repliedAt": null,
        "replyContent": null,
        "reviewCreatedVersion": "2.0",
        "reviewId": "8d011bad-9fbf-4371-bd1d-10985654eacc",
        "score": 5,
        "thumbsUpCount": 1,
        "userImage": "https://play-lh.googleusercontent.com/a-/ALV-UjVMgSf0z6uM1NIicrvZPSURAvyJOWsnfaRCWd17mnoQvQg",
        "userName": "Anna Beckwith"
    },
    {
        "appVersion": "2.0",
        "at": "2023-07-27 01:40:04",
        "content": "Horrible, waaay to many ads, I would try to click something and boom an ad took over screen, \ud83d\ude20",
        "repliedAt": null,
        "replyContent": null,
        "reviewCreatedVersion": "2.0",
        "reviewId": "1b021fe9-3e8f-4184-b241-483a80cd2702",
        "score": 1,
        "thumbsUpCount": 15,
        "userImage": "https://play-lh.googleusercontent.com/a-/ALV-UjVPH9FEp1qiP47DlyFbkw5VaiJsk0NiS698N2vX1jufPc4",
        "userName": "MandyShawn Allen"
    },
    {
        "appVersion": "2.0",
        "at": "2023-07-17 05:06:07",
        "content": "Considerate,kind,merciful and forgiving\ud83d\udc4dThanks.",
        "repliedAt": null,
        "replyContent": null,
        "reviewCreatedVersion": "2.0",
        "reviewId": "a6e7e97e-ce39-40e0-97dc-8fdadec4a6e1",
        "score": 5,
        "thumbsUpCount": 1,
        "userImage": "https://play-lh.googleusercontent.com/a/ACg8ocJZ5oFcr7g-YoAxoSzvgN9ktKtysZUy_70S92O12Qxk=mo",
        "userName": "Arvind Karmakar"
    },
    {
        "appVersion": "2.0",
        "at": "2023-07-15 18:04:11",
        "content": "Love 12 years I wanted Hello .Moto Ibo ththi one fo 59$is at Dollaugjt r",
        "repliedAt": null,
        "replyContent": null,
        "reviewCreatedVersion": "2.0",
        "reviewId": "d2a29f9f-6461-46b2-a9b7-d6fe9e4ec0d9",
        "score": 5,
        "thumbsUpCount": 1,
        "userImage": "https://play-lh.googleusercontent.com/a/ACg8ocJ9GQpmp3XJrXp8Y7dkH5CJLA9TX8p8MLLnB51m61fX=mo",
        "userName": "Tresia Shook"
    },
    {
        "appVersion": "2.0",
        "at": "2023-07-15 15:39:56",
        "content": "Ok",
        "repliedAt": null,
        "replyContent": null,
        "reviewCreatedVersion": "2.0",
        "reviewId": "6ca4cf94-8eb2-4346-8250-8677199f94b0",
        "score": 5,
        "thumbsUpCount": 2,
        "userImage": "https://play-lh.googleusercontent.com/a/ACg8ocKYSvZ1TG6gYq7OteC2UCbjjQjBAaBWXWPaVUl4TmY6=mo",
        "userName": "Tatianna Waller"
    },
    {
        "appVersion": "2.0",
        "at": "2023-07-14 18:59:21",
        "content": "Fantabulous indeed!",
        "repliedAt": null,
        "replyContent": null,
        "reviewCreatedVersion": "2.0",
        "reviewId": "251499d0-610d-46bf-8373-c3cdd5624441",
        "score": 5,
        "thumbsUpCount": 2,
        "userImage": "https://play-lh.googleusercontent.com/a-/ALV-UjWnWgsRF5lXFWnujr5wXPwgFU9GZjboNCRxlsGQFlUIT9_e",
        "userName": "Pankaj"
    },
    {
        "appVersion": "2.0",
        "at": "2023-07-08 22:36:15",
        "content": "Very easy to use",
        "repliedAt": null,
        "replyContent": null,
        "reviewCreatedVersion": "2.0",
        "reviewId": "30e12140-ba00-4b5a-a657-0cb45420a895",
        "score": 5,
        "thumbsUpCount": 2,
        "userImage": "https://play-lh.googleusercontent.com/a/ACg8ocKqoKxrHveR0jJcVNqaaVOHKhUZdizZswX2OHH_oyDq=mo",
        "userName": "Tony Dapa"
    },
    {
        "appVersion": "2.0",
        "at": "2023-07-06 04:06:17",
        "content": "I love it",
        "repliedAt": null,
        "replyContent": null,
        "reviewCreatedVersion": "2.0",
        "reviewId": "70764cbd-4a3c-45f3-a020-849d1d786205",
        "score": 5,
        "thumbsUpCount": 2,
        "userImage": "https://play-lh.googleusercontent.com/a-/ALV-UjVFDqiBd0_1y0MyucPySvdDnQaeyYnVq55SIbpmB55EMbA",
        "userName": "Dekendra Edwards"
    },
    {
        "appVersion": "2.0",
        "at": "2023-06-29 18:32:28",
        "content": "Uyyhn",
        "repliedAt": null,
        "replyContent": null,
        "reviewCreatedVersion": "2.0",
        "reviewId": "3bda057f-7e99-40b1-8ca8-57b88c10eef6",
        "score": 5,
        "thumbsUpCount": 1,
        "userImage": "https://play-lh.googleusercontent.com/a/ACg8ocI1Y_NjbuFnVDE8VgJT0SibGSZWLYuQrUci7ie75dYw=mo",
        "userName": "Lloyd Sukraw"
    },
    {
        "appVersion": "2.0",
        "at": "2023-06-25 11:35:24",
        "content": "Kiss \ud83d\udc8b",
        "repliedAt": null,
        "replyContent": null,
        "reviewCreatedVersion": "2.0",
        "reviewId": "70717995-88b6-4fef-8103-8f255bc77334",
        "score": 5,
        "thumbsUpCount": 1,
        "userImage": "https://play-lh.googleusercontent.com/a-/ALV-UjU8kFo6YszxOaZHLj46hhMacZaQw2PA7qZ4xVwMe4r29-c",
        "userName": "Muhammad Haroon"
    }
]