[
    {
        "appVersion": "1.0.2",
        "at": "2023-07-17 05:45:46",
        "content": "Wow text repeater is amazing application. SPECIALLY EMOJI section is very Amazing thanks for this app",
        "repliedAt": null,
        "replyContent": null,
        "reviewCreatedVersion": "1.0.2",
        "reviewId": "ba65d345-874a-4631-9289-43144447da9e",
        "score": 5,
        "thumbsUpCount": 0,
        "userImage": "https://play-lh.googleusercontent.com/a-/ALV-UjUq7tBksWH-CuO4uuZ_Wo4nfn9py9M3cJJ1Scw24rX5x_M",
        "userName": "Hsnain Ashfaq NK"
    },
    {
        "appVersion": "1.0.2",
        "at": "2023-07-16 14:53:41",
        "content": "Text repeater is outstanding working application fast speed and millions repeat messages and copy past I think this is great working application",
        "repliedAt": null,
        "replyContent": null,
        "reviewCreatedVersion": "1.0.2",
        "reviewId": "15f86756-c603-44c7-8bbb-efe0a7aaac80",
        "score": 5,
        "thumbsUpCount": 2,
        "userImage": "https://play-lh.googleusercontent.com/a-/ALV-UjWGyXeh781yOV9pn4Wzpye6yi1I4ioLTksFI1GA2o97MiGs",
        "userName": "Riaz Afi"
    },
    {
        "appVersion": "1.0.2",
        "at": "2023-04-01 15:19:30",
        "content": "It's rlly good and I use it in many ways",
        "repliedAt": null,
        "replyContent": null,
        "reviewCreatedVersion": "1.0.2",
        "reviewId": "1d617ac3-ce09-45f1-8f9d-c59b9061b1ea",
        "score": 5,
        "thumbsUpCount": 0,
        "userImage": "https://play-lh.googleusercontent.com/a/ACg8ocK79yB8f4IsNEzULoN8aDPncGeRH4h5NpSjp9RFFMVr=mo",
        "userName": "Arwa Tarek"
    },
    {
        "appVersion": "1.0.2",
        "at": "2023-03-12 11:39:00",
        "content": "Works as intended",
        "repliedAt": null,
        "replyContent": null,
        "reviewCreatedVersion": "1.0.2",
        "reviewId": "4c92ad5f-b2ad-4ef1-8ebf-834a8bd47947",
        "score": 5,
        "thumbsUpCount": 0,
        "userImage": "https://play-lh.googleusercontent.com/a-/ALV-UjWhmQBmZ7a40rY2Xkks_RrouWc4K5L-5R7YL3Zp3rJPd9w",
        "userName": "Eilon Beno"
    },
    {
        "appVersion": null,
        "at": "2023-03-02 09:31:54",
        "content": "Text repeater-repeat text is an amazing and interesting application in playstore.",
        "repliedAt": null,
        "replyContent": null,
        "reviewCreatedVersion": null,
        "reviewId": "2a75e1fa-1714-4ddb-8209-9b6d53d273de",
        "score": 5,
        "thumbsUpCount": 0,
        "userImage": "https://play-lh.googleusercontent.com/a/ACg8ocJsMHGQz_jHcy7RYhfd0U0kEqIr1ZpY0caRQ9nmH4rA=mo",
        "userName": "Kabeer Malik"
    },
    {
        "appVersion": "1.0.2",
        "at": "2023-03-02 08:09:45",
        "content": "Text Repeter its really amazing amazing app",
        "repliedAt": null,
        "replyContent": null,
        "reviewCreatedVersion": "1.0.2",
        "reviewId": "70713136-e599-4c4a-8f28-92f80c5ed1f3",
        "score": 5,
        "thumbsUpCount": 0,
        "userImage": "https://play-lh.googleusercontent.com/a/ACg8ocJBq31qKdcR0ynHMaaS7UEwO3LqHQhKE4OWwqJ8EVLY=mo",
        "userName": "Sophie 3Ag"
    },
    {
        "appVersion": "1.0.2",
        "at": "2023-02-28 13:50:30",
        "content": "Text repeater is really cool when it comes to creating Emoji Design as text \u2764\ufe0f",
        "repliedAt": null,
        "replyContent": null,
        "reviewCreatedVersion": "1.0.2",
        "reviewId": "6ed31405-9626-4f37-ac13-de18a8fbba36",
        "score": 5,
        "thumbsUpCount": 0,
        "userImage": "https://play-lh.googleusercontent.com/a/ACg8ocL1WNu9tKECfIUqsc-EqY9HPnF6tikywCL-ejfH1wKI=mo",
        "userName": "Samuel Ntekob"
    },
    {
        "appVersion": "1.0.2",
        "at": "2023-02-28 13:25:02",
        "content": "The text repeater app is simple and easy to use, the interface is beautiful, it is recommended",
        "repliedAt": null,
        "replyContent": null,
        "reviewCreatedVersion": "1.0.2",
        "reviewId": "e35d1390-d94e-4f4f-a6ce-c7ec8677f717",
        "score": 5,
        "thumbsUpCount": 0,
        "userImage": "https://play-lh.googleusercontent.com/a/ACg8ocL6a69VX3pn3rVC7kIYavujKIh1_NhaeLOTK6KUAv39=mo",
        "userName": "Jianhua Ming"
    },
    {
        "appVersion": "1.0.2",
        "at": "2023-02-27 10:11:53",
        "content": "Wow amazing you can make 1000 photocopy of your text",
        "repliedAt": null,
        "replyContent": null,
        "reviewCreatedVersion": "1.0.2",
        "reviewId": "40a6b704-374c-443f-8bd9-dfba6d8aa4cc",
        "score": 5,
        "thumbsUpCount": 0,
        "userImage": "https://play-lh.googleusercontent.com/a-/ALV-UjVZl06kWW0aeGhZbqkJyQcUaPjy8HPxXsCfEHgJ7R7qYA",
        "userName": "Shaman Ali"
    },
    {
        "appVersion": "1.0.2",
        "at": "2023-02-27 03:49:11",
        "content": "One of the best text repeater app. Keep it up",
        "repliedAt": null,
        "replyContent": null,
        "reviewCreatedVersion": "1.0.2",
        "reviewId": "076e6ee0-e602-4fb7-b079-b401c23c1cbd",
        "score": 5,
        "thumbsUpCount": 0,
        "userImage": "https://play-lh.googleusercontent.com/a-/ALV-UjVJvOLWne60r9knqiOo2cKlm7-1-W5c_gWRHAO8O68iCQ",
        "userName": "Mahar Asif Sial"
    },
    {
        "appVersion": null,
        "at": "2023-02-26 14:49:35",
        "content": "Text Repeater is a useful app, easy to use, good interface and work perfect\ud83d\udc4c",
        "repliedAt": null,
        "replyContent": null,
        "reviewCreatedVersion": null,
        "reviewId": "e5c45140-2257-42d1-bcb5-b25a27023de4",
        "score": 5,
        "thumbsUpCount": 0,
        "userImage": "https://play-lh.googleusercontent.com/a-/ALV-UjXGMXkSgrU6ax4fBhm_2Ky0zCfYYQAlan3oQ1ycvW9WzIs",
        "userName": "Irfan Uddin"
    },
    {
        "appVersion": "1.0.2",
        "at": "2023-02-26 07:41:59",
        "content": "Text repeater - repeat text....is amazing and wonderful application. i highly recommended",
        "repliedAt": null,
        "replyContent": null,
        "reviewCreatedVersion": "1.0.2",
        "reviewId": "c5998604-4f39-493d-b4f6-af6b656c42e3",
        "score": 5,
        "thumbsUpCount": 0,
        "userImage": "https://play-lh.googleusercontent.com/a/ACg8ocLzellDk275KN94Jsnu4gr99em_jaGoqtYPRN_3tyG0=mo",
        "userName": "Alex jon"
    },
    {
        "appVersion": "1.0.2",
        "at": "2023-02-26 01:48:30",
        "content": "Excellent text repeter application for daily use\ud83d\udc4d",
        "repliedAt": null,
        "replyContent": null,
        "reviewCreatedVersion": "1.0.2",
        "reviewId": "e852ee7e-cd5a-41ec-b066-8eeb7039f4f8",
        "score": 5,
        "thumbsUpCount": 0,
        "userImage": "https://play-lh.googleusercontent.com/a-/ALV-UjUxYZzpmIdQFkzJvMmncsMOYzThf17XzcXlF-02a2ji9CXd",
        "userName": "Rathod Vishal"
    },
    {
        "appVersion": "1.0.2",
        "at": "2023-02-23 15:11:28",
        "content": "Text repeater very nice application I like it good job developer keep it up.",
        "repliedAt": null,
        "replyContent": null,
        "reviewCreatedVersion": "1.0.2",
        "reviewId": "b6bcde67-1702-4584-8789-3690ead5a39d",
        "score": 5,
        "thumbsUpCount": 0,
        "userImage": "https://play-lh.googleusercontent.com/a-/ALV-UjXJq5vCrzTnhJbcUMnwFuB6LreS-9FSN06MB7pG8zDv8A",
        "userName": "Azmat Ali"
    },
    {
        "appVersion": null,
        "at": "2023-02-22 13:58:18",
        "content": "Text repeater app is very useful and easy to use. Always I feel satsified while using this app.",
        "repliedAt": null,
        "replyContent": null,
        "reviewCreatedVersion": null,
        "reviewId": "5142d10d-565e-49d4-9caa-a85e00276730",
        "score": 5,
        "thumbsUpCount": 0,
        "userImage": "https://play-lh.googleusercontent.com/a/ACg8ocIHDzyY08o2d8HILbm_qfTU4BhEg4nmwsYP2YoO-0mi=mo",
        "userName": "Rais Jahanzaib"
    },
    {
        "appVersion": null,
        "at": "2023-02-22 13:28:40",
        "content": "Text repeater is one of favourite app, easy to use, works perfectly, highly recommended",
        "repliedAt": null,
        "replyContent": null,
        "reviewCreatedVersion": null,
        "reviewId": "e5bd972d-6791-407a-934d-f3d6860d4776",
        "score": 5,
        "thumbsUpCount": 0,
        "userImage": "https://play-lh.googleusercontent.com/a/ACg8ocINOO2Vksj_0wVZyr0JyX1yAwCBYIzUNZTwuD4Zu4mR=mo",
        "userName": "Lahcen Guazir"
    },
    {
        "appVersion": null,
        "at": "2023-02-22 13:18:19",
        "content": "Good app for text repeating. I use it all the time",
        "repliedAt": null,
        "replyContent": null,
        "reviewCreatedVersion": null,
        "reviewId": "9b5523d5-a00e-43e1-815f-f09d463a5ba6",
        "score": 5,
        "thumbsUpCount": 0,
        "userImage": "https://play-lh.googleusercontent.com/a-/ALV-UjUYlmk-GZlhjCSyZPjWNez4vL_ivu9Uihc7sVzyhL2EObym",
        "userName": "Rahul Kaul Vakil"
    },
    {
        "appVersion": "1.0.2",
        "at": "2023-02-21 13:46:32",
        "content": "Best text repeater app , i easily repeat any text , so i highly recommend this app for everyone best app",
        "repliedAt": null,
        "replyContent": null,
        "reviewCreatedVersion": "1.0.2",
        "reviewId": "9bac77c4-1581-4855-92aa-36f07799d815",
        "score": 5,
        "thumbsUpCount": 0,
        "userImage": "https://play-lh.googleusercontent.com/a-/ALV-UjW1VXaK0DONk6cZ3HEgc7rlI_Ckl33AnnnOrxmDc5jxPFk",
        "userName": "Shubham Nehul"
    },
    {
        "appVersion": "1.0.2",
        "at": "2023-02-20 03:47:40",
        "content": "Text repater is one of the best app easy to use and very helpful app I highly recommend this for all.",
        "repliedAt": null,
        "replyContent": null,
        "reviewCreatedVersion": "1.0.2",
        "reviewId": "2b7a9ccf-c840-4272-b91c-75ef888e8ced",
        "score": 5,
        "thumbsUpCount": 0,
        "userImage": "https://play-lh.googleusercontent.com/a/ACg8ocJvNRhmQjhoKfWbF8-Ty_Qg11J828SK9f_tfmEkekBc=mo",
        "userName": "Queen Girl"
    },
    {
        "appVersion": "1.0.2",
        "at": "2023-02-19 07:48:51",
        "content": "Text repeater is nice app I really like it and I recommend you download this app",
        "repliedAt": null,
        "replyContent": null,
        "reviewCreatedVersion": "1.0.2",
        "reviewId": "0f232081-ef9e-49ee-92a4-b48f288f76c5",
        "score": 5,
        "thumbsUpCount": 0,
        "userImage": "https://play-lh.googleusercontent.com/a/ACg8ocJuJnr_nrKnJiQztOY2nqXUKI17eDilMRLKPjBiDA9e=mo",
        "userName": "My Cute"
    },
    {
        "appVersion": "1.0.2",
        "at": "2023-02-18 13:24:44",
        "content": "Text repeater app is very nice and amazing app I like it so much more than other",
        "repliedAt": null,
        "replyContent": null,
        "reviewCreatedVersion": "1.0.2",
        "reviewId": "3e9c4792-522c-493f-ad80-23ec13e284ff",
        "score": 5,
        "thumbsUpCount": 0,
        "userImage": "https://play-lh.googleusercontent.com/a-/ALV-UjUT-vxl3odZaWrOalbrb5v0CYq3cyfjuCvkoPy7kCvnmA",
        "userName": "Anmole Apps"
    },
    {
        "appVersion": "1.0.2",
        "at": "2023-02-18 12:34:05",
        "content": "Text Repeater are amazing and beautiful apps I really use this apps it's work really good",
        "repliedAt": null,
        "replyContent": null,
        "reviewCreatedVersion": "1.0.2",
        "reviewId": "78e41074-ad2e-4a83-b2bc-64f24ffc6650",
        "score": 5,
        "thumbsUpCount": 0,
        "userImage": "https://play-lh.googleusercontent.com/a/ACg8ocJYi3wTw-AB6CfwVDUSe3QF8H3S795OmqUNBh5yE0i8=mo",
        "userName": "Qaisar Rafique"
    },
    {
        "appVersion": "1.0.2",
        "at": "2023-02-18 07:43:42",
        "content": "Text Repeater is very useful and nicely made, its easy interface is very cool and containing very good features ...love it.",
        "repliedAt": null,
        "replyContent": null,
        "reviewCreatedVersion": "1.0.2",
        "reviewId": "205d2652-998b-413b-a371-ddbd4f440556",
        "score": 5,
        "thumbsUpCount": 1,
        "userImage": "https://play-lh.googleusercontent.com/a/ACg8ocK1e_URDBpJnnbkg0HDpu3aW_BR8ZQkc1N3P26Pf-1K=mo",
        "userName": "Daily Dose Of Streaming"
    },
    {
        "appVersion": null,
        "at": "2023-02-17 13:04:45",
        "content": "Text repeater is an excellent app I like it amazing application good work",
        "repliedAt": null,
        "replyContent": null,
        "reviewCreatedVersion": null,
        "reviewId": "f551a1ff-8507-4a52-901a-501282d8b45b",
        "score": 5,
        "thumbsUpCount": 0,
        "userImage": "https://play-lh.googleusercontent.com/a/ACg8ocJDF4bijQ3TqnueMlF0V00w_Ge8i7sD7MyQC8OWNGqg=mo",
        "userName": "Zaib Malik"
    },
    {
        "appVersion": "1.0.2",
        "at": "2023-02-16 09:47:27",
        "content": "Vey interesting app.its .saves my alot od Of.time",
        "repliedAt": null,
        "replyContent": null,
        "reviewCreatedVersion": "1.0.2",
        "reviewId": "23608b22-3988-4499-8d7a-5fd890726e43",
        "score": 5,
        "thumbsUpCount": 0,
        "userImage": "https://play-lh.googleusercontent.com/a/ACg8ocJPUC6_x9T5Oz1FuPB72Vx9zIzLQyczrzHEnYDJeNSq=mo",
        "userName": "Austin Hook"
    },
    {
        "appVersion": "1.0.2",
        "at": "2023-02-16 09:30:34",
        "content": "Text repeater is the best app I really like it",
        "repliedAt": null,
        "replyContent": null,
        "reviewCreatedVersion": "1.0.2",
        "reviewId": "8fc492e7-835b-48d0-8aed-ed9606352da1",
        "score": 5,
        "thumbsUpCount": 0,
        "userImage": "https://play-lh.googleusercontent.com/a/ACg8ocIMNIgrm10JD1mHAWkA6UicpuIprDvwF-7Oq07cthVS=mo",
        "userName": "Iqbal Butt"
    },
    {
        "appVersion": "1.0.2",
        "at": "2023-02-16 09:17:55",
        "content": "Text repeater app is a wonderful app. I like it. I highly recommended to install and enjoy.",
        "repliedAt": null,
        "replyContent": null,
        "reviewCreatedVersion": "1.0.2",
        "reviewId": "7d61acd5-cf4b-4620-823e-255e64cb4a1e",
        "score": 5,
        "thumbsUpCount": 1,
        "userImage": "https://play-lh.googleusercontent.com/a/ACg8ocKH7vl_j-_CozSOjzD9ooDs5kHGJod-_IfSbQVwfoJT=mo",
        "userName": "M. Arshad"
    },
    {
        "appVersion": "1.0.2",
        "at": "2023-02-16 08:40:45",
        "content": "Text repeater is a best application for all of you because easy to use",
        "repliedAt": null,
        "replyContent": null,
        "reviewCreatedVersion": "1.0.2",
        "reviewId": "e76e0bed-70b5-4fab-82b7-ce1a10177496",
        "score": 5,
        "thumbsUpCount": 0,
        "userImage": "https://play-lh.googleusercontent.com/a-/ALV-UjXabp0MhWrRaS2VoYnWbWuP6ZT0CwIcSNRHHLiR4ORFong",
        "userName": "Entertainment & Bollywood"
    },
    {
        "appVersion": null,
        "at": "2023-02-16 08:35:13",
        "content": "Text repeater - repeat text is very helpful to create custom text and messages",
        "repliedAt": null,
        "replyContent": null,
        "reviewCreatedVersion": null,
        "reviewId": "3bb5c97e-77ca-49c0-afcc-b360b9d24222",
        "score": 5,
        "thumbsUpCount": 0,
        "userImage": "https://play-lh.googleusercontent.com/a/ACg8ocL_WuIzbNShQavDYHWlO5wDfV0p_M7dOqqzdiPAKRwz=mo",
        "userName": "Ring Wallet"
    },
    {
        "appVersion": "1.0.2",
        "at": "2023-02-15 01:37:50",
        "content": "Text Repeater App provide great user experience in terms of UI and UX. And also provide great features free of cost. Thanks to developer.",
        "repliedAt": null,
        "replyContent": null,
        "reviewCreatedVersion": "1.0.2",
        "reviewId": "908dc35b-e30e-4977-b9d8-62add509c32c",
        "score": 5,
        "thumbsUpCount": 2,
        "userImage": "https://play-lh.googleusercontent.com/a/ACg8ocI5-Wb_5V-fHgBrh9Qsy9IBSiHbspSC8oJT-aPqcvmU=mo",
        "userName": "John Ex"
    },
    {
        "appVersion": "1.0.2",
        "at": "2023-02-15 00:11:07",
        "content": "Text Repeater helped me a lot in my projects. Best app in recent times.",
        "repliedAt": null,
        "replyContent": null,
        "reviewCreatedVersion": "1.0.2",
        "reviewId": "3fad3930-237b-407a-8ea6-ee6532aa9082",
        "score": 5,
        "thumbsUpCount": 0,
        "userImage": "https://play-lh.googleusercontent.com/a/ACg8ocIrjZD21OCoroueKtyMQaWC4J_8I0FQB6rGvWsN1Y7NqQ=mo",
        "userName": "Shrenik upadhyay"
    },
    {
        "appVersion": "1.0.2",
        "at": "2023-02-12 11:42:45",
        "content": "Keep it up \ud83d\udc4d",
        "repliedAt": null,
        "replyContent": null,
        "reviewCreatedVersion": "1.0.2",
        "reviewId": "dd154bf7-a929-41a3-b67b-d96c024ac063",
        "score": 5,
        "thumbsUpCount": 0,
        "userImage": "https://play-lh.googleusercontent.com/a-/ALV-UjWxhEhp1Y3DUiIojNKzTJ5b7JMdKRInR9Kgtk3lvuUHgw",
        "userName": "Zeeshan Zeeshan"
    },
    {
        "appVersion": "1.0.2",
        "at": "2023-02-12 11:35:02",
        "content": "Text repeater is an amazing and wonderful app. I like this app and highly recommended for others \ud83d\udc4c.",
        "repliedAt": null,
        "replyContent": null,
        "reviewCreatedVersion": "1.0.2",
        "reviewId": "84df83d4-d0ea-4488-9c20-f26ed942f1b4",
        "score": 5,
        "thumbsUpCount": 1,
        "userImage": "https://play-lh.googleusercontent.com/a/ACg8ocISHDYFUQvVxeUQVCgkl81Yt4TXtSdpPfLV9U-Tz4x3=mo",
        "userName": "Fareeha Gull"
    },
    {
        "appVersion": "1.0.2",
        "at": "2023-02-12 07:37:10",
        "content": "Oh dear Finally I have this app, go no where just install and use this useful Text Repeater.",
        "repliedAt": null,
        "replyContent": null,
        "reviewCreatedVersion": "1.0.2",
        "reviewId": "d4202443-03ae-47b8-ab84-584b1752c0c0",
        "score": 5,
        "thumbsUpCount": 1,
        "userImage": "https://play-lh.googleusercontent.com/a-/ALV-UjXz31sdK2aQORYM1ubBBEh-UlciWK5J1wuroFKO8ZGMA_4",
        "userName": "NBLC Faisalabad"
    },
    {
        "appVersion": "1.0.2",
        "at": "2023-02-11 08:30:18",
        "content": "Text repeater very critical and wonderful app",
        "repliedAt": null,
        "replyContent": null,
        "reviewCreatedVersion": "1.0.2",
        "reviewId": "fb113410-c991-478e-8cad-cdbe63b36d28",
        "score": 5,
        "thumbsUpCount": 1,
        "userImage": "https://play-lh.googleusercontent.com/a/ACg8ocK_ciXBGu8bT7VUAXCur_nn0D4ogmAZ_xSApqtJm4as=mo",
        "userName": "Rehan Arif"
    },
    {
        "appVersion": null,
        "at": "2022-11-26 03:25:01",
        "content": "One of the best app in play store",
        "repliedAt": null,
        "replyContent": null,
        "reviewCreatedVersion": null,
        "reviewId": "c0171447-879d-4fa6-a375-8929de0c4383",
        "score": 5,
        "thumbsUpCount": 0,
        "userImage": "https://play-lh.googleusercontent.com/a-/ALV-UjXccbxz89IBXEjXlmes-f4H_kMcUqokNpMNEuXGSJUcyg",
        "userName": "osama khan"
    },
    {
        "appVersion": "1.0.1",
        "at": "2022-11-25 23:55:22",
        "content": "Text repeater app is very easy and helpfull , it is very amazing app",
        "repliedAt": null,
        "replyContent": null,
        "reviewCreatedVersion": "1.0.1",
        "reviewId": "0a812feb-685d-420d-9eae-e46679613f0e",
        "score": 5,
        "thumbsUpCount": 0,
        "userImage": "https://play-lh.googleusercontent.com/a-/ALV-UjWO2abYYUx-sOPzFMhAw67Kzi32-GzT-OSSEEP98VRmw18",
        "userName": "Hassan Zawar Shah"
    },
    {
        "appVersion": "1.0.1",
        "at": "2022-11-25 22:53:12",
        "content": "What a great text repeater man. I love it. No ads no nothing just simple proper working app. I like it\ud83d\ude0d. Annoyed my friends and family with repetitive text.",
        "repliedAt": null,
        "replyContent": null,
        "reviewCreatedVersion": "1.0.1",
        "reviewId": "0ee709e4-d090-4f50-9ebc-9511a56f34cb",
        "score": 5,
        "thumbsUpCount": 2,
        "userImage": "https://play-lh.googleusercontent.com/a/ACg8ocJWFJ6I3fJP0Yn88EqIfCuYeCersMIfj59Mc69Gk6oB=mo",
        "userName": "David Staurt"
    },
    {
        "appVersion": "1.0.1",
        "at": "2022-11-25 06:02:31",
        "content": "Text repeated it's really wonderful app and great work by developer I like it.",
        "repliedAt": null,
        "replyContent": null,
        "reviewCreatedVersion": "1.0.1",
        "reviewId": "fc3d1d65-230a-4df1-8ab5-ac693d264bf3",
        "score": 5,
        "thumbsUpCount": 0,
        "userImage": "https://play-lh.googleusercontent.com/a-/ALV-UjXAXoejmd2U2-BY8CqRVBMpT-C5D7lunKbwP6V_2B0Msw",
        "userName": "Krithvik kumar"
    },
    {
        "appVersion": null,
        "at": "2022-10-05 07:51:04",
        "content": "Text repeater is a very good app which is used for repeating the text students get great help from this app Text repeater",
        "repliedAt": null,
        "replyContent": null,
        "reviewCreatedVersion": null,
        "reviewId": "69b14372-f9af-4e57-816d-1e05ec402288",
        "score": 5,
        "thumbsUpCount": 0,
        "userImage": "https://play-lh.googleusercontent.com/a-/ALV-UjWMQaxKfEMIlXsYmr3nDPY6QMTJpRqL74yx-zn1fO7kFws",
        "userName": "Noori Jan"
    },
    {
        "appVersion": null,
        "at": "2022-10-04 14:59:55",
        "content": "Text repeater is very usefull app... Working app for me... Text repeater\ud83e\uddd0",
        "repliedAt": null,
        "replyContent": null,
        "reviewCreatedVersion": null,
        "reviewId": "f45b63ce-77b1-4292-8644-f4532f02e011",
        "score": 5,
        "thumbsUpCount": 0,
        "userImage": "https://play-lh.googleusercontent.com/a/ACg8ocJJ7mYVuKYEAPj_Sy6NEMFnx_QgoB7w5ivRn6tEDiTH=mo",
        "userName": "Adolf"
    },
    {
        "appVersion": null,
        "at": "2022-10-04 14:34:24",
        "content": "Text repeater is very amazing app it is very useful app I like this app very much it is easy to use\ud83e\uddd0",
        "repliedAt": null,
        "replyContent": null,
        "reviewCreatedVersion": null,
        "reviewId": "fa171531-40f7-47d1-9479-19b625d0c00a",
        "score": 5,
        "thumbsUpCount": 0,
        "userImage": "https://play-lh.googleusercontent.com/a/ACg8ocJn8H551v96QdYHUz7fElxejXIOuocL8YL55M2QD5ep=mo",
        "userName": "Hamza 103 BSENG"
    },
    {
        "appVersion": null,
        "at": "2022-10-04 12:49:03",
        "content": "Text Repeater - Text To emoji is a very fantastic application this application very simple download for play store and no share you're friends\ud83e\uddd0",
        "repliedAt": null,
        "replyContent": null,
        "reviewCreatedVersion": null,
        "reviewId": "d0b03eac-29e0-461a-9447-8bf92acc36a4",
        "score": 5,
        "thumbsUpCount": 2,
        "userImage": "https://play-lh.googleusercontent.com/a/ACg8ocIj1xyZ4d6rb1mGIyb2713OoYXXsNi10acbOE_VZeH7=mo",
        "userName": "King G"
    },
    {
        "appVersion": null,
        "at": "2022-10-04 12:35:55",
        "content": "Text repeater text to emoji is very fantastic and very useful and amazing and wonderful game \ud83e\uddd0",
        "repliedAt": null,
        "replyContent": null,
        "reviewCreatedVersion": null,
        "reviewId": "5f3a79ea-68e3-42ec-b4c7-3af59d0a5cc6",
        "score": 5,
        "thumbsUpCount": 0,
        "userImage": "https://play-lh.googleusercontent.com/a/ACg8ocKydIu0XvnvrETzqMi1m8NjtwuBxVv3_3Xl-H9UpYrj=mo",
        "userName": "Hacker 54"
    },
    {
        "appVersion": null,
        "at": "2022-10-04 09:49:48",
        "content": "Text repeater is best and amazing app for users \ud83e\uddd0",
        "repliedAt": null,
        "replyContent": null,
        "reviewCreatedVersion": null,
        "reviewId": "90738af5-2515-48ec-9873-6d4927a8274a",
        "score": 5,
        "thumbsUpCount": 0,
        "userImage": "https://play-lh.googleusercontent.com/a/ACg8ocLzK4UysvC2AL1NIR0mKXe4csA_CQnSdrQJOGBkUkLR=mo",
        "userName": "Mango13"
    },
    {
        "appVersion": null,
        "at": "2022-10-04 09:01:34",
        "content": "Text Repeater - Text to Emoji is a great app to write fast sentence without having the problem of writing repeating text \ud83e\uddd0",
        "repliedAt": null,
        "replyContent": null,
        "reviewCreatedVersion": null,
        "reviewId": "514fc756-9657-47b9-a423-42fb7d659e14",
        "score": 5,
        "thumbsUpCount": 0,
        "userImage": "https://play-lh.googleusercontent.com/a/ACg8ocIZ4U4NTJbRtekC6itoMTkovEJyLPf0K1wXOK_qXBBV=mo",
        "userName": "Victoria HJ"
    },
    {
        "appVersion": null,
        "at": "2022-10-04 08:51:49",
        "content": "Text Repeater - Text to Emoji is the best text assistant app which save up my time from writing same texts \ud83e\uddd0",
        "repliedAt": null,
        "replyContent": null,
        "reviewCreatedVersion": null,
        "reviewId": "f8d12af2-484e-432e-9f00-4342b07d80a6",
        "score": 5,
        "thumbsUpCount": 0,
        "userImage": "https://play-lh.googleusercontent.com/a/ACg8ocIPn8pV79WoAP-Hy4y5kTK7IcRxMZPCwMem7acbFuXK=mo",
        "userName": "Sarika HJ"
    },
    {
        "appVersion": null,
        "at": "2022-10-04 07:47:25",
        "content": "Text repeater - text emoji app is wonderful. Translate the own feeling well. My pleasure to use this app . Overall my experience is fantastic \ud83e\uddd0",
        "repliedAt": null,
        "replyContent": null,
        "reviewCreatedVersion": null,
        "reviewId": "a5c77c8e-17cc-4e30-9ae3-fcef2aeb677d",
        "score": 5,
        "thumbsUpCount": 2,
        "userImage": "https://play-lh.googleusercontent.com/a/ACg8ocJH52yhVw04Q_IJ4skQHtk9Tco4pi-y3sNgHzGWIzgS=mo",
        "userName": "Thomas Gourg"
    },
    {
        "appVersion": null,
        "at": "2022-10-04 06:31:53",
        "content": "Text Repeater- Text to E... USA thes is a good and butifull app paly\ud83e\uddd0",
        "repliedAt": null,
        "replyContent": null,
        "reviewCreatedVersion": null,
        "reviewId": "c3efdd76-1974-49c7-8b67-85bef36481bd",
        "score": 5,
        "thumbsUpCount": 0,
        "userImage": "https://play-lh.googleusercontent.com/a/ACg8ocLra7WF2hvF-Xw54pxJMDZCyGwCjAve1mZHjpyzSbL9=mo",
        "userName": "Wareg Koli"
    },
    {
        "appVersion": null,
        "at": "2022-09-23 08:36:35",
        "content": "Text Repeater is a amazing application and useful app i like it",
        "repliedAt": null,
        "replyContent": null,
        "reviewCreatedVersion": null,
        "reviewId": "f73d75f4-2893-4e92-8750-1b47f830166a",
        "score": 5,
        "thumbsUpCount": 1,
        "userImage": "https://play-lh.googleusercontent.com/a/ACg8ocLElOWc0CqurjnnRtLJLO65qRPdZK6ZOjxG2YyO7-T9=mo",
        "userName": "Thomas 6"
    },
    {
        "appVersion": "1.0.1",
        "at": "2021-07-03 14:49:33",
        "content": "It allows you to change text to emoji . .its amazing Text repeater",
        "repliedAt": null,
        "replyContent": null,
        "reviewCreatedVersion": "1.0.1",
        "reviewId": "324a00de-2cb3-449a-b353-21fdb3542238",
        "score": 5,
        "thumbsUpCount": 0,
        "userImage": "https://play-lh.googleusercontent.com/a-/ALV-UjWt0ITKlKV1bc7KIcKQWOYtVhZzRgXI1nd7K2WzKfWS7g",
        "userName": "Ashima Chakravorty"
    },
    {
        "appVersion": "1.0.1",
        "at": "2021-07-03 10:56:45",
        "content": "Amazing features and no buggs. I am using text repeater and text to emoji and not be fegged... i recommend it to all.",
        "repliedAt": null,
        "replyContent": null,
        "reviewCreatedVersion": "1.0.1",
        "reviewId": "218c6308-e4e1-4ec9-b4a0-626c77e220a4",
        "score": 5,
        "thumbsUpCount": 0,
        "userImage": "https://play-lh.googleusercontent.com/a/ACg8ocJaMMwa5hVorS5ftx_dAG5yg5JdAA20vZHphgwIpoRX=mo",
        "userName": "Cristoph Cristiano"
    },
    {
        "appVersion": "1.0.1",
        "at": "2021-06-30 12:12:50",
        "content": "Text repeater and phone booster is very nice and amazing app I highly recommended this app",
        "repliedAt": null,
        "replyContent": null,
        "reviewCreatedVersion": "1.0.1",
        "reviewId": "eae59f68-4205-478e-92d7-bee5323fc483",
        "score": 5,
        "thumbsUpCount": 0,
        "userImage": "https://play-lh.googleusercontent.com/a/ACg8ocLOt4BepkGYp_Uo5mxJYsiM2IaPYBKMIfQp6ECT8Nex=mo",
        "userName": "Raobrit Frink"
    },
    {
        "appVersion": "1.0.1",
        "at": "2021-06-30 03:25:26",
        "content": "This is best Text repeater and amazing features of text to emoji in app,must recommend to download \ud83d\udc4d\ud83d\udc4d",
        "repliedAt": null,
        "replyContent": null,
        "reviewCreatedVersion": "1.0.1",
        "reviewId": "70d5ac76-19a3-48f7-af02-4e187dbe4ce5",
        "score": 5,
        "thumbsUpCount": 0,
        "userImage": "https://play-lh.googleusercontent.com/a/ACg8ocLP1RIXNeNJo5Lvp-1KaIPWlE2yPXAumyNC7YQ0mAx3=mo",
        "userName": "Hirpara kalpesh"
    },
    {
        "appVersion": null,
        "at": "2021-06-17 07:09:46",
        "content": "Nice application . Great work by developers recommend it TEXT REPEATER with TEXT TO EMOJI \u2764\ud83d\ude0d\ud83d\ude0d",
        "repliedAt": null,
        "replyContent": null,
        "reviewCreatedVersion": null,
        "reviewId": "9447d89e-3ff4-4bb0-8cf2-c7d27d35c5a5",
        "score": 5,
        "thumbsUpCount": 0,
        "userImage": "https://play-lh.googleusercontent.com/a/ACg8ocIWvMgZXiU7ux1zUBZ9tNoBTAt7sF35oB0nSjaY-Jyp=mo",
        "userName": "Nawodh gimhan"
    },
    {
        "appVersion": "1.0.1",
        "at": "2021-06-12 05:49:13",
        "content": "Like text repeater and text to emoji. I find really something pretty when leaving cute messages for my kids",
        "repliedAt": null,
        "replyContent": null,
        "reviewCreatedVersion": "1.0.1",
        "reviewId": "b88dd4cf-f65a-437c-8ead-435ecfadcc44",
        "score": 5,
        "thumbsUpCount": 0,
        "userImage": "https://play-lh.googleusercontent.com/a/ACg8ocL9YklUVe64Co6R_MWLdDS3uTqbH9KnZ3sCYmx7pl2h=mo",
        "userName": "maxmany steve"
    },
    {
        "appVersion": "1.0.1",
        "at": "2021-06-11 04:58:44",
        "content": "Text repeater and text to emoji is amazing app this is the best app on playstore highly recommended",
        "repliedAt": null,
        "replyContent": null,
        "reviewCreatedVersion": "1.0.1",
        "reviewId": "6b676bd9-c479-46bf-89cd-e76fa89d5d45",
        "score": 5,
        "thumbsUpCount": 0,
        "userImage": "https://play-lh.googleusercontent.com/a-/ALV-UjW7ZgvbN-8Rq82lFQjk1czrgndPJz1RWprucoF5_sJT6-M",
        "userName": "Shaifali soni"
    },
    {
        "appVersion": "1.0.1",
        "at": "2021-06-11 03:12:25",
        "content": "Text repeater app has unique feature . I use this app so many timea and you can change any text to emoji this function was awesome",
        "repliedAt": null,
        "replyContent": null,
        "reviewCreatedVersion": "1.0.1",
        "reviewId": "b1e9a264-2d73-4640-a178-a3ecc652221c",
        "score": 5,
        "thumbsUpCount": 0,
        "userImage": "https://play-lh.googleusercontent.com/a/ACg8ocLXqYlSaBqTjAHFhmGs9wxTgwI4R-3H1SPGpg9yQ4SN=mo",
        "userName": "we support"
    },
    {
        "appVersion": "1.0.1",
        "at": "2021-06-10 08:15:42",
        "content": "Text repeater and text to emji is best app to other . I was used other apps but i am happy with that.so heart for this text repeater",
        "repliedAt": null,
        "replyContent": null,
        "reviewCreatedVersion": "1.0.1",
        "reviewId": "15b9d31a-c3e2-4fbe-ab3c-4850ea4a67ab",
        "score": 5,
        "thumbsUpCount": 0,
        "userImage": "https://play-lh.googleusercontent.com/a-/ALV-UjXqvLURqN9GcRx1q4AfXzT5EnJQ6bgV7LdMISN_PazrkFo",
        "userName": "Hiep Le"
    },
    {
        "appVersion": null,
        "at": "2021-06-08 04:41:49",
        "content": "Text repeater is really awesome app i really loved it its text to emoji feature is really awesome highly recommended",
        "repliedAt": null,
        "replyContent": null,
        "reviewCreatedVersion": null,
        "reviewId": "977394a2-464a-49c1-86fb-0ba9aa0c03b0",
        "score": 5,
        "thumbsUpCount": 0,
        "userImage": "https://play-lh.googleusercontent.com/a/ACg8ocJAgyWfR1BK_RAh5E7r_W0ApwRELlTVFkpNNPUqvwsn=mo",
        "userName": "Anderson Ella"
    },
    {
        "appVersion": "1.0.0",
        "at": "2021-06-07 04:45:14",
        "content": "Text repeater app is amazing it's text to emoji feature is my fav",
        "repliedAt": null,
        "replyContent": null,
        "reviewCreatedVersion": "1.0.0",
        "reviewId": "c93b6303-07b2-465c-8e8b-b3cfd200ddcd",
        "score": 5,
        "thumbsUpCount": 0,
        "userImage": "https://play-lh.googleusercontent.com/a/ACg8ocL-pf47cOW_NvI5p4IymCrdaUtcIAFgeP8X9hgp7hZx=mo",
        "userName": "Babita Ruchal"
    },
    {
        "appVersion": "1.0.0",
        "at": "2021-06-07 04:21:11",
        "content": "Text repeater is working so well no hesitation to recommend it Text to emoji",
        "repliedAt": null,
        "replyContent": null,
        "reviewCreatedVersion": "1.0.0",
        "reviewId": "4749d7cb-8521-4270-a3bd-3990baaf2fd8",
        "score": 5,
        "thumbsUpCount": 0,
        "userImage": "https://play-lh.googleusercontent.com/a-/ALV-UjUJIyK1QcjOlgsSRO2whzt09dcV2aJY75LGZcLC4BSf2A",
        "userName": "AKSHAT JINDAL"
    },
    {
        "appVersion": "1.0.0",
        "at": "2021-06-05 15:59:07",
        "content": "Text repeater works perfectly it's text to emoji feature is really awesome",
        "repliedAt": null,
        "replyContent": null,
        "reviewCreatedVersion": "1.0.0",
        "reviewId": "a5209f35-86c7-4abe-adcd-67d5014660c0",
        "score": 5,
        "thumbsUpCount": 0,
        "userImage": "https://play-lh.googleusercontent.com/a/ACg8ocKYljVveutg9sEdrf_c-yHUgkyfJgoxMHsVnyu4eifn=mo",
        "userName": "Mohsin Khan"
    },
    {
        "appVersion": "1.0.0",
        "at": "2021-06-05 15:38:19",
        "content": "Text repeater and text to emoji is best app to repeat text and also convert text to your favorite emoji I really like it and I recommended to all of you",
        "repliedAt": null,
        "replyContent": null,
        "reviewCreatedVersion": "1.0.0",
        "reviewId": "df5e456f-ff7b-44ee-ad4a-f37ff17b8610",
        "score": 5,
        "thumbsUpCount": 0,
        "userImage": "https://play-lh.googleusercontent.com/a/ACg8ocItLXH_wA9QuRmgJXIpx4IILZQMS3adsUtpmWNZEGJe=mo",
        "userName": "Muhammad Numan"
    },
    {
        "appVersion": "1.0.0",
        "at": "2021-06-05 02:33:50",
        "content": "It is very good app and easy to use I realy recomended this",
        "repliedAt": null,
        "replyContent": null,
        "reviewCreatedVersion": "1.0.0",
        "reviewId": "c72f8610-d2e8-4f30-ac6b-8ecaa3a99488",
        "score": 5,
        "thumbsUpCount": 0,
        "userImage": "https://play-lh.googleusercontent.com/a-/ALV-UjWJzkCqdBtPoxsYaq8vOxb8_zaqAHZ4uyfsRX-rEbO5dw",
        "userName": "Allan Walker"
    },
    {
        "appVersion": "1.0.0",
        "at": "2021-06-05 00:44:56",
        "content": "Text repeater app is really amazing .....I really loved this app ... My favorite feature is text to emoji from which you can turn any text to your favorite emoji ...... love itt",
        "repliedAt": null,
        "replyContent": null,
        "reviewCreatedVersion": "1.0.0",
        "reviewId": "0f96fe44-d7a0-477a-8932-74ed047b3265",
        "score": 5,
        "thumbsUpCount": 0,
        "userImage": "https://play-lh.googleusercontent.com/a-/ALV-UjVuRe44UJi-8eUxhz_o59xeheBC9ZdnllgHCAO1CohC7g",
        "userName": "nisha rawat"
    },
    {
        "appVersion": "1.0.0",
        "at": "2021-06-05 00:25:57",
        "content": "text repeater and text to emoji application is very Excellent it's work very good I like it",
        "repliedAt": null,
        "replyContent": null,
        "reviewCreatedVersion": "1.0.0",
        "reviewId": "39099659-d3dc-46a5-bd0d-797902e87094",
        "score": 5,
        "thumbsUpCount": 0,
        "userImage": "https://play-lh.googleusercontent.com/a/ACg8ocJXrpuYYPkMS2IYqGS3VnriMQVgQP5piup93ry0EqGj=mo",
        "userName": "Muhammad Sajid"
    }
]