[
    {
        "appVersion": null,
        "at": "2023-11-08 09:52:53",
        "content": "Very good",
        "repliedAt": null,
        "replyContent": null,
        "reviewCreatedVersion": null,
        "reviewId": "2b072ef1-cfcd-4326-b340-1055d89d299d",
        "score": 4,
        "thumbsUpCount": 0,
        "userImage": "https://play-lh.googleusercontent.com/a/ACg8ocIqbPiXFvKgjMBGDsubaPSisOyLb0v5n1ErLg4hiEVG=mo",
        "userName": "Rico Eje"
    },
    {
        "appVersion": null,
        "at": "2023-04-28 01:23:34",
        "content": "This app is very bast for me",
        "repliedAt": null,
        "replyContent": null,
        "reviewCreatedVersion": null,
        "reviewId": "40141246-464d-4fc8-9a02-fb75d0d182be",
        "score": 1,
        "thumbsUpCount": 0,
        "userImage": "https://play-lh.googleusercontent.com/a/ACg8ocI-k7cy521pAppMbRR1rCgg2IRhD9DkowzlbizoDAAe=mo",
        "userName": "Akbar shah Akbar shah"
    }
]