[
    {
        "appVersion": null,
        "at": "2023-11-17 00:33:20",
        "content": "How to Block pairing request apk",
        "repliedAt": null,
        "replyContent": null,
        "reviewCreatedVersion": null,
        "reviewId": "dc14a3a3-ea6f-4d62-9c1d-8138d42e99d4",
        "score": 1,
        "thumbsUpCount": 0,
        "userImage": "https://play-lh.googleusercontent.com/a-/ALV-UjVUEw_ZSrEWGBF808Diy29X3qHaEPeP_M0jdDHExdAMMQ",
        "userName": "Bora Z e"
    },
    {
        "appVersion": "1.0.3",
        "at": "2023-11-15 19:06:35",
        "content": "Toons toons",
        "repliedAt": null,
        "replyContent": null,
        "reviewCreatedVersion": "1.0.3",
        "reviewId": "f8cdab31-6df8-48e2-a225-3e7ffc469f81",
        "score": 3,
        "thumbsUpCount": 0,
        "userImage": "https://play-lh.googleusercontent.com/a-/ALV-UjVzptJsbMRRpyE5rDwB7ScAE9SEoHcUJr-NNeawGNZCaQ",
        "userName": "Lenzy Dixon"
    },
    {
        "appVersion": "1.0.2",
        "at": "2023-11-11 08:49:22",
        "content": "Md Totol Ahamed YouTube and Bluetooth setting service",
        "repliedAt": null,
        "replyContent": null,
        "reviewCreatedVersion": "1.0.2",
        "reviewId": "563a0832-bc2d-4f2d-9dee-fa6412906c3f",
        "score": 5,
        "thumbsUpCount": 0,
        "userImage": "https://play-lh.googleusercontent.com/a-/ALV-UjUzVZYId-kPyX1ou3jOw3pteTPndopAMmM0XlZhb063Sw",
        "userName": "Md totol Ahamed"
    },
    {
        "appVersion": "1.0.3",
        "at": "2023-10-28 12:31:55",
        "content": "Extremely intuitive very easy to use practical and accurate instructions",
        "repliedAt": null,
        "replyContent": null,
        "reviewCreatedVersion": "1.0.3",
        "reviewId": "5fbcb49d-a74f-4459-b213-587c7172d6f1",
        "score": 5,
        "thumbsUpCount": 0,
        "userImage": "https://play-lh.googleusercontent.com/a-/ALV-UjU-AwzHG-4wPUrl2vVU5D_REwoKqbE7_3c56T_fRCADag",
        "userName": "Mark Morton"
    },
    {
        "appVersion": "1.0.3",
        "at": "2023-10-22 13:50:45",
        "content": "Not for me",
        "repliedAt": null,
        "replyContent": null,
        "reviewCreatedVersion": "1.0.3",
        "reviewId": "b96c2207-0428-4a9f-92b2-9e13f788cbdc",
        "score": 1,
        "thumbsUpCount": 0,
        "userImage": "https://play-lh.googleusercontent.com/a-/ALV-UjW699fiomPkuWMOdw4KfAfefCjW0Sq-fvbS3jLD-f4-2oY",
        "userName": "Grayce Osaze"
    },
    {
        "appVersion": "1.0.3",
        "at": "2023-10-19 16:10:57",
        "content": "I love you",
        "repliedAt": null,
        "replyContent": null,
        "reviewCreatedVersion": "1.0.3",
        "reviewId": "30c6b3e2-560f-40e5-abb1-418604a668e4",
        "score": 5,
        "thumbsUpCount": 0,
        "userImage": "https://play-lh.googleusercontent.com/a/ACg8ocK_fwHr4EUcMl2zwGPaejEXn80y3B2AGvbN7cmPBIV5=mo",
        "userName": "Asfa Noor"
    },
    {
        "appVersion": "1.0.2",
        "at": "2023-10-13 06:01:52",
        "content": "Great idea, but sooo many in your face ADs! Unreliable in operation. Works sometimes. Some features simply don't work. Pity as actual Bluetooth is such a poor product. Always disconnecting from my listening pair up- what we come to expect from market dominance I suppose. This App promises to fix that but fails.",
        "repliedAt": null,
        "replyContent": null,
        "reviewCreatedVersion": "1.0.2",
        "reviewId": "f3009a46-225a-45e9-9cb8-242d7abef90a",
        "score": 1,
        "thumbsUpCount": 1,
        "userImage": "https://play-lh.googleusercontent.com/a/ACg8ocKsJ927CkS2egEkRc91cZjztXHNNlZpY5hFlHGin_A=mo",
        "userName": "damon NZ"
    },
    {
        "appVersion": "1.0.2",
        "at": "2023-10-08 20:11:29",
        "content": "Everytime my phone dies, resets or updates the widgets quit working. Yes that includes the paid version. Had to delete app within an hour of purchasing it.",
        "repliedAt": null,
        "replyContent": null,
        "reviewCreatedVersion": "1.0.2",
        "reviewId": "61f65895-2729-4311-bcc7-434bfab88a69",
        "score": 1,
        "thumbsUpCount": 3,
        "userImage": "https://play-lh.googleusercontent.com/a-/ALV-UjUNChSk8jNkvLTz_0LdmLKn4VKSDsw_z9hiPjIdPGyuzwXO",
        "userName": "Stan Herring"
    },
    {
        "appVersion": "1.0.2",
        "at": "2023-10-06 18:23:55",
        "content": "It didn't do the 1 thing I was looking for. Which was stop a Bluetooth speaker that is plugged into power from disconnecting & shutting off. The ads would have been worth it, If it did that. But sadly, No luck. Uninstalled.",
        "repliedAt": null,
        "replyContent": null,
        "reviewCreatedVersion": "1.0.2",
        "reviewId": "fe72d8ef-0362-448b-a93e-e157075141ec",
        "score": 2,
        "thumbsUpCount": 2,
        "userImage": "https://play-lh.googleusercontent.com/a-/ALV-UjUMGnV8Ea2ogH8nBQcVXEU14FWMBO2JZU0cEHmUY4yv4mI",
        "userName": "Robert Dall"
    },
    {
        "appVersion": null,
        "at": "2023-10-04 09:56:29",
        "content": "Install",
        "repliedAt": null,
        "replyContent": null,
        "reviewCreatedVersion": null,
        "reviewId": "3d1d3e22-2fa0-4a1d-ac25-23856b562733",
        "score": 5,
        "thumbsUpCount": 0,
        "userImage": "https://play-lh.googleusercontent.com/a-/ALV-UjWqBOHMUGKrz1Xng6fu3ne8Ebj8y2lL59q-l1bXmo1qOQ",
        "userName": "Rana Qamar"
    },
    {
        "appVersion": null,
        "at": "2023-10-04 00:27:48",
        "content": "Ad grinder app. Almost every page of app.",
        "repliedAt": null,
        "replyContent": null,
        "reviewCreatedVersion": null,
        "reviewId": "8a22fafa-f57a-47e1-8e62-c974f9e915ec",
        "score": 1,
        "thumbsUpCount": 0,
        "userImage": "https://play-lh.googleusercontent.com/a/ACg8ocIdrmSmOPH8bULHlWD_bINcdWkgTBN3O0GLlvFVL6Lq=mo",
        "userName": "Shawn Mcnutt"
    },
    {
        "appVersion": null,
        "at": "2023-09-28 15:38:08",
        "content": "Disaster",
        "repliedAt": null,
        "replyContent": null,
        "reviewCreatedVersion": null,
        "reviewId": "342576c5-64d7-4c7a-8149-c3f48d4e887e",
        "score": 1,
        "thumbsUpCount": 0,
        "userImage": "https://play-lh.googleusercontent.com/a-/ALV-UjX-aBcUiIGAF3l1ZtMf1G_DCH6Cu-IrmIq_fwhAczAD5AI",
        "userName": "Danish Shaikh"
    },
    {
        "appVersion": "1.0.2",
        "at": "2023-09-28 11:58:17",
        "content": "Difficult to give a rating as the adverts prevented me from using the app.",
        "repliedAt": null,
        "replyContent": null,
        "reviewCreatedVersion": "1.0.2",
        "reviewId": "3aad13ad-78af-4d11-99c8-dc21ca947014",
        "score": 3,
        "thumbsUpCount": 0,
        "userImage": "https://play-lh.googleusercontent.com/a-/ALV-UjWeMLhcF7kMRT_VnBbnFQlWZOH7l7UgfqsGFMrvSygGwg",
        "userName": "Mike Gayler"
    },
    {
        "appVersion": "1.0.2",
        "at": "2023-09-09 05:14:19",
        "content": "Too many ads, can barely use the app",
        "repliedAt": null,
        "replyContent": null,
        "reviewCreatedVersion": "1.0.2",
        "reviewId": "dcc46bb3-f16a-478e-99df-6ef8e98981cf",
        "score": 1,
        "thumbsUpCount": 0,
        "userImage": "https://play-lh.googleusercontent.com/a-/ALV-UjUZlhGCzmeFnLe5z1LpT-abJtonCafY_exAz4O1ox9B9J3d",
        "userName": "Christina Law"
    },
    {
        "appVersion": null,
        "at": "2023-09-05 05:19:26",
        "content": "SHOCKING number of adverts! Useless app really.",
        "repliedAt": null,
        "replyContent": null,
        "reviewCreatedVersion": null,
        "reviewId": "2a17b7ac-78d7-4ddc-bb36-a6406e07ec8d",
        "score": 1,
        "thumbsUpCount": 0,
        "userImage": "https://play-lh.googleusercontent.com/a-/ALV-UjU66E5WaD1Phjs1SyPbUS5a8nZY5MM28oPLwO2LldaBZBnA",
        "userName": "Neal Kernohan"
    },
    {
        "appVersion": "1.0.1",
        "at": "2023-08-16 16:26:38",
        "content": "good",
        "repliedAt": null,
        "replyContent": null,
        "reviewCreatedVersion": "1.0.1",
        "reviewId": "00cde2a4-e5da-4113-8e5e-6277174979ce",
        "score": 4,
        "thumbsUpCount": 0,
        "userImage": "https://play-lh.googleusercontent.com/a/ACg8ocKfgY9WAbvzmB4qTvjcSocBYq9px90VOKZz7syORTB1=mo",
        "userName": "Asif Iqbal"
    },
    {
        "appVersion": "1.0.1",
        "at": "2023-08-09 13:27:43",
        "content": "Does not connect to priority device in range if connected to another device. Auto starts chosen app before connecting to Bluetooth device.",
        "repliedAt": null,
        "replyContent": null,
        "reviewCreatedVersion": "1.0.1",
        "reviewId": "bc1b192a-82b9-411a-b5ca-4e98c94e0c93",
        "score": 1,
        "thumbsUpCount": 1,
        "userImage": "https://play-lh.googleusercontent.com/a-/ALV-UjVUP4adWy_lI34OJ9fYaZAiNGV2ubxD6HkKBhc8wfXxY9Q",
        "userName": "Werner Odendaal"
    }
]