[
    {
        "appVersion": "1.7",
        "at": "2023-04-21 03:19:31",
        "content": "Some of the numbers don't work. On today I choose joy the 7 and 10 don't work",
        "repliedAt": null,
        "replyContent": null,
        "reviewCreatedVersion": "1.7",
        "reviewId": "2ef56ff2-8b90-497b-aa86-8c162a7dbc3b",
        "score": 3,
        "thumbsUpCount": 0,
        "userImage": "https://play-lh.googleusercontent.com/a/ACg8ocLyVxgT0f6XJ297YkohzkqXKKJ1pkU7UBmun-5jrQ-G=mo",
        "userName": "Ruth Close"
    },
    {
        "appVersion": "1.7",
        "at": "2023-04-18 00:28:12",
        "content": "It's a really great coloring game but needs brighter shading colors because u can't see the gray very well so that's why I'm giving it one star",
        "repliedAt": null,
        "replyContent": null,
        "reviewCreatedVersion": "1.7",
        "reviewId": "3d1588cb-b270-4a4c-be21-b0ffe22ba45c",
        "score": 1,
        "thumbsUpCount": 0,
        "userImage": "https://play-lh.googleusercontent.com/a/ACg8ocKwTkU-LHYmd9_mBSPkIDeORRDzBGjhUo4wviPyCatn=mo",
        "userName": "Lorena Purdy"
    },
    {
        "appVersion": null,
        "at": "2022-07-02 00:06:06",
        "content": "Rather good",
        "repliedAt": null,
        "replyContent": null,
        "reviewCreatedVersion": null,
        "reviewId": "a461ddcb-f1e5-4f80-8cc1-d6d43b8ab933",
        "score": 5,
        "thumbsUpCount": 0,
        "userImage": "https://play-lh.googleusercontent.com/a-/ALV-UjXCYu5taphDwDr-s6-LWpz6INm9TzMJE6YAfujTDLrk9K77",
        "userName": "sandra Davis"
    },
    {
        "appVersion": "1.6",
        "at": "2022-06-05 06:27:45",
        "content": "It is very good",
        "repliedAt": null,
        "replyContent": null,
        "reviewCreatedVersion": "1.6",
        "reviewId": "5696b6f7-56f6-465b-ac3f-0d5de0c455c6",
        "score": 5,
        "thumbsUpCount": 0,
        "userImage": "https://play-lh.googleusercontent.com/a/ACg8ocJKVQcdVgSDRlDetvvcHJO1dh34im6xKzgPRuW3937V=mo",
        "userName": "Tanaz Bagwan"
    },
    {
        "appVersion": "1.6",
        "at": "2022-03-09 15:37:31",
        "content": "Great smooth coloring love the choice of filters/ color texture just need LOTS more images",
        "repliedAt": null,
        "replyContent": null,
        "reviewCreatedVersion": "1.6",
        "reviewId": "efc6612e-2837-498f-8d31-aae78e0786d6",
        "score": 5,
        "thumbsUpCount": 1,
        "userImage": "https://play-lh.googleusercontent.com/a/ACg8ocIkHltbYGWTf8-u0J3q-Y7IOuSoDrBvmPaIu5TnF7V7=mo",
        "userName": "jenny sexson"
    },
    {
        "appVersion": null,
        "at": "2021-12-28 01:15:07",
        "content": "Beautiful coll",
        "repliedAt": null,
        "replyContent": null,
        "reviewCreatedVersion": null,
        "reviewId": "ffe3f6f2-bc46-4876-8a63-c0d7a81526c2",
        "score": 5,
        "thumbsUpCount": 0,
        "userImage": "https://play-lh.googleusercontent.com/a/ACg8ocL1jIkWDebOUWll3RbgbH5nqB_Cqoqv3i9RxZz1rV7X=mo",
        "userName": "Moii Moii"
    },
    {
        "appVersion": "1.6",
        "at": "2021-10-15 14:07:31",
        "content": "Loving the game xx",
        "repliedAt": null,
        "replyContent": null,
        "reviewCreatedVersion": "1.6",
        "reviewId": "a3f5186c-7a1c-4fd8-8a38-d6ea424fe7f5",
        "score": 5,
        "thumbsUpCount": 0,
        "userImage": "https://play-lh.googleusercontent.com/a-/ALV-UjXfU0In8a-hzFD9uprZio3v3SdmLtzK4inrlJmhOVdgSQ",
        "userName": "Tracey Ashton"
    },
    {
        "appVersion": null,
        "at": "2021-10-11 19:51:51",
        "content": "Can't download it not working",
        "repliedAt": null,
        "replyContent": null,
        "reviewCreatedVersion": null,
        "reviewId": "61dceb45-d2d4-4fae-b32f-6a21600ec601",
        "score": 1,
        "thumbsUpCount": 1,
        "userImage": "https://play-lh.googleusercontent.com/a/ACg8ocJt3MmrDst90jjpmNvFxl5Pc95mlGJq8h9ZbSeCURc0=mo",
        "userName": "Rosie Jones"
    },
    {
        "appVersion": "1.6",
        "at": "2021-10-09 23:21:00",
        "content": "I've been enjoying this application and it has a lot of pictures that I like.",
        "repliedAt": null,
        "replyContent": null,
        "reviewCreatedVersion": "1.6",
        "reviewId": "52e00814-6ae2-448e-a383-250927785d28",
        "score": 5,
        "thumbsUpCount": 2,
        "userImage": "https://play-lh.googleusercontent.com/a-/ALV-UjXTbPxJhQBTbnfv1nPsBF55DXWaqka-ceKeXJB_MYH_8n8",
        "userName": "Patricia A. Clark"
    },
    {
        "appVersion": null,
        "at": "2021-08-27 15:25:54",
        "content": "This game is deffinataly not for adults and mostly has pictures for children. When you zoom into the picture it goes really slow, aswell with tapping you have to double tap. This app needs improvements.",
        "repliedAt": null,
        "replyContent": null,
        "reviewCreatedVersion": null,
        "reviewId": "5e50eb23-5e59-49b0-837b-c4c6bfe08296",
        "score": 1,
        "thumbsUpCount": 4,
        "userImage": "https://play-lh.googleusercontent.com/a-/ALV-UjU9ZVxYoy3VptNaCJo2Z-Ocer51yRYfsO6Vr0bMWPwVDQ",
        "userName": "Galaxy Tab E"
    },
    {
        "appVersion": null,
        "at": "2021-06-18 12:29:20",
        "content": "Love",
        "repliedAt": null,
        "replyContent": null,
        "reviewCreatedVersion": null,
        "reviewId": "c181e774-448f-499e-a7ed-2d73b7b1a845",
        "score": 5,
        "thumbsUpCount": 0,
        "userImage": "https://play-lh.googleusercontent.com/a/ACg8ocJXl_2ArOkqPd3-eCaBha0hR8fGMSv8Ev_eDGBt2F8brg=mo",
        "userName": "Aixmary Gonzalez"
    },
    {
        "appVersion": null,
        "at": "2021-03-06 10:37:24",
        "content": "Lame pictures \ud83d\udc4e\ud83d\udc4e",
        "repliedAt": null,
        "replyContent": null,
        "reviewCreatedVersion": null,
        "reviewId": "a02086aa-2baa-4174-acfa-1ab4bcdc5ecc",
        "score": 1,
        "thumbsUpCount": 0,
        "userImage": "https://play-lh.googleusercontent.com/a/ACg8ocKfqnpIieXEqtpzWvftCR-YzIJPRjOcEsJJwIjnPwJv=mo",
        "userName": "Ashley Rondas"
    },
    {
        "appVersion": null,
        "at": "2021-02-28 17:13:02",
        "content": "Uninstalled",
        "repliedAt": null,
        "replyContent": null,
        "reviewCreatedVersion": null,
        "reviewId": "c6ead5ed-2460-4722-aafb-6826458e2a69",
        "score": 5,
        "thumbsUpCount": 0,
        "userImage": "https://play-lh.googleusercontent.com/a-/ALV-UjVg9m7suzVB6sNoMzg_CdYWmVYlH6jR2dKPpyOB9rdIfe8",
        "userName": "Jean Klimas"
    },
    {
        "appVersion": null,
        "at": "2021-02-11 03:10:59",
        "content": "Fun \ud83d\ude0a",
        "repliedAt": null,
        "replyContent": null,
        "reviewCreatedVersion": null,
        "reviewId": "19a1e02b-b577-453b-8e45-0eb30f1568f7",
        "score": 4,
        "thumbsUpCount": 0,
        "userImage": "https://play-lh.googleusercontent.com/a-/ALV-UjXy3HzYMU-NtLMhQHjs9dqze08Vr0l9ES2rblwCJjeL7w",
        "userName": "Jessica Shortt"
    },
    {
        "appVersion": null,
        "at": "2021-02-09 21:30:31",
        "content": "Pretty good",
        "repliedAt": null,
        "replyContent": null,
        "reviewCreatedVersion": null,
        "reviewId": "a8d065a9-8545-4c79-9a8e-585e2fbdb4bd",
        "score": 3,
        "thumbsUpCount": 0,
        "userImage": "https://play-lh.googleusercontent.com/a-/ALV-UjWgrQOmqhf8b441qX8lQVU2-ouGVjNQIuS7eAV2583zj_w",
        "userName": "Jessica l"
    },
    {
        "appVersion": "1.5",
        "at": "2021-01-27 19:45:09",
        "content": "Love it",
        "repliedAt": null,
        "replyContent": null,
        "reviewCreatedVersion": "1.5",
        "reviewId": "97b8dc31-6494-4880-bd06-44546e0f97aa",
        "score": 5,
        "thumbsUpCount": 0,
        "userImage": "https://play-lh.googleusercontent.com/a-/ALV-UjWGT-csJ6uxUnAGujkIzC3VOAClg24dhfvJ891kkasZaQ4",
        "userName": "Elizabeth Mata"
    },
    {
        "appVersion": "1.5",
        "at": "2021-01-24 15:09:40",
        "content": "I Love it the colors sparkle so beautifully",
        "repliedAt": null,
        "replyContent": null,
        "reviewCreatedVersion": "1.5",
        "reviewId": "fc56fe60-5bf8-4dda-b0ed-15ac35cf08ef",
        "score": 5,
        "thumbsUpCount": 2,
        "userImage": "https://play-lh.googleusercontent.com/a/ACg8ocKdXqikDwuOIoUxbVm_Fj_KU4zxa0GLYj25NBTLyfca=mo",
        "userName": "Linda Lou"
    },
    {
        "appVersion": "1.5",
        "at": "2021-01-13 13:28:54",
        "content": "Love this app",
        "repliedAt": null,
        "replyContent": null,
        "reviewCreatedVersion": "1.5",
        "reviewId": "71b147d0-258c-4c23-96b5-964ecec19a57",
        "score": 5,
        "thumbsUpCount": 0,
        "userImage": "https://play-lh.googleusercontent.com/a/ACg8ocI0oBsIa3iyIqnK-staiUzlNTAm3KsG1HnLOYvEJI6i=mo",
        "userName": "Diane Garrison"
    },
    {
        "appVersion": "1.4",
        "at": "2021-01-01 15:06:00",
        "content": "Hey this game is fun",
        "repliedAt": null,
        "replyContent": null,
        "reviewCreatedVersion": "1.4",
        "reviewId": "cc05e825-b388-43c1-a39d-98799c00d071",
        "score": 5,
        "thumbsUpCount": 1,
        "userImage": "https://play-lh.googleusercontent.com/a-/ALV-UjVzXf6vYo253CdxupnBO5MkOlrCru-fxFfrOk21m31FZgE",
        "userName": "Pnut Rose"
    },
    {
        "appVersion": "1.5",
        "at": "2020-12-08 23:59:28",
        "content": "Help pay",
        "repliedAt": null,
        "replyContent": null,
        "reviewCreatedVersion": "1.5",
        "reviewId": "3c025bf9-3779-42b1-aed3-76d858c2773e",
        "score": 4,
        "thumbsUpCount": 0,
        "userImage": "https://play-lh.googleusercontent.com/a-/ALV-UjX-U6Rd0OR-bVVy8M_ZeNUoJBZfXVmZcID2f6IcZ12a2V8",
        "userName": "William j Harris"
    },
    {
        "appVersion": null,
        "at": "2020-11-24 22:52:35",
        "content": "I like to color especially i am a painter",
        "repliedAt": null,
        "replyContent": null,
        "reviewCreatedVersion": null,
        "reviewId": "9a0781d2-a448-46f9-9376-3e93ec8b05fb",
        "score": 5,
        "thumbsUpCount": 1,
        "userImage": "https://play-lh.googleusercontent.com/a-/ALV-UjV8HnRNIJTU9SbDKakum3UdDiVIoK0C6zugKFuU4925Ag",
        "userName": "Aia Leah Lota"
    },
    {
        "appVersion": "1.5",
        "at": "2020-11-23 16:41:13",
        "content": "It is a good game but it is annoying hearing that sound.",
        "repliedAt": null,
        "replyContent": null,
        "reviewCreatedVersion": "1.5",
        "reviewId": "388b92d2-4dd2-4b64-89d0-b892fd89038a",
        "score": 1,
        "thumbsUpCount": 2,
        "userImage": "https://play-lh.googleusercontent.com/a/ACg8ocL_SXsIyGNSS-tR88lRAWNZ_AFAejZD0m0V51V4MG5i-mI=mo",
        "userName": "Robert Brooks"
    },
    {
        "appVersion": "1.4",
        "at": "2020-11-19 23:33:52",
        "content": "Fun",
        "repliedAt": null,
        "replyContent": null,
        "reviewCreatedVersion": "1.4",
        "reviewId": "7418197d-68f1-4b31-a14b-c0fef213bd4a",
        "score": 5,
        "thumbsUpCount": 0,
        "userImage": "https://play-lh.googleusercontent.com/a-/ALV-UjVI6WNk99M2iuLYaDsKyJwgB7sZGVVOG5eA9v0N_4hU_4w",
        "userName": "Gloria Armentor"
    },
    {
        "appVersion": "1.4",
        "at": "2020-11-17 09:09:15",
        "content": "Brilliant",
        "repliedAt": null,
        "replyContent": null,
        "reviewCreatedVersion": "1.4",
        "reviewId": "44b72ff9-d218-4ac0-bb18-144b77b81873",
        "score": 5,
        "thumbsUpCount": 0,
        "userImage": "https://play-lh.googleusercontent.com/a-/ALV-UjWJlIHs0mJEHgdTK9_0kaS_Sc9XemvlNIVT32YlHwkEqw",
        "userName": "Glynis Crossfield"
    },
    {
        "appVersion": "1.4",
        "at": "2020-11-16 07:21:35",
        "content": "Harder than I thought. Didn't like the quality",
        "repliedAt": null,
        "replyContent": null,
        "reviewCreatedVersion": "1.4",
        "reviewId": "486ef620-331d-4edd-8adc-288f8f99e88d",
        "score": 3,
        "thumbsUpCount": 1,
        "userImage": "https://play-lh.googleusercontent.com/a/ACg8ocI6yekX-EACTRS-9oOQdbLTbz4fwR6EEQtqgM8wRFaz=mo",
        "userName": "Danny Osborne"
    },
    {
        "appVersion": null,
        "at": "2020-11-14 14:30:50",
        "content": "Can i have this app for free",
        "repliedAt": null,
        "replyContent": null,
        "reviewCreatedVersion": null,
        "reviewId": "b9f2776a-8a8d-46eb-90dd-cb4b5f84ca4b",
        "score": 5,
        "thumbsUpCount": 0,
        "userImage": "https://play-lh.googleusercontent.com/a/ACg8ocIoMDJVbaZ94E08L7Qkr5Jpdx394NXXQpMRHqjQ7m5Jsw=mo",
        "userName": "Alicia Wunsch"
    },
    {
        "appVersion": "1.4",
        "at": "2020-11-14 10:17:46",
        "content": "I I really like this game cuz I like animals and I like how you can change like the Futures to like crayon and glittery and regular it's really really cool so that's why I give 5 stars",
        "repliedAt": null,
        "replyContent": null,
        "reviewCreatedVersion": "1.4",
        "reviewId": "774f767a-40a6-42ec-be54-6d39bf2c5525",
        "score": 5,
        "thumbsUpCount": 6,
        "userImage": "https://play-lh.googleusercontent.com/a-/ALV-UjVwmB-0GLgAgkGN29U2--WjJ2Uhz2a65iu-j1mVAmlG1DvP",
        "userName": "Shawn Turcotte"
    },
    {
        "appVersion": null,
        "at": "2020-11-13 17:32:40",
        "content": "Good",
        "repliedAt": null,
        "replyContent": null,
        "reviewCreatedVersion": null,
        "reviewId": "efaba88d-f7be-4fc8-8fc5-577187538043",
        "score": 4,
        "thumbsUpCount": 0,
        "userImage": "https://play-lh.googleusercontent.com/a-/ALV-UjWKZdev03_LbLQ2wnExmOcDN4EM4QniPTKuDI-QxGPOZRtI",
        "userName": "Merel Vandenberg"
    },
    {
        "appVersion": "1.4",
        "at": "2020-11-13 15:30:13",
        "content": "Best game",
        "repliedAt": null,
        "replyContent": null,
        "reviewCreatedVersion": "1.4",
        "reviewId": "05a43abb-1c27-47f2-9aee-828e4c9efbde",
        "score": 5,
        "thumbsUpCount": 1,
        "userImage": "https://play-lh.googleusercontent.com/a/ACg8ocLIZDxF0JC-6sRmZHxlzMzC8JdvOiU2wwLB0UfE7y12=mo",
        "userName": "Ciska Schoultz"
    },
    {
        "appVersion": "1.4",
        "at": "2020-11-12 14:39:24",
        "content": "It would be alot better if the numbers wouldn't be so small and the screen would move better",
        "repliedAt": null,
        "replyContent": null,
        "reviewCreatedVersion": "1.4",
        "reviewId": "36ba9667-f9d6-4a75-bfbf-970a26aa20f1",
        "score": 5,
        "thumbsUpCount": 7,
        "userImage": "https://play-lh.googleusercontent.com/a/ACg8ocLAcZ-7pdwM3-asdWFlPVZmVzK1TCdIQLZyLntQvk4S=mo",
        "userName": "Lillie Bailey"
    },
    {
        "appVersion": null,
        "at": "2020-11-11 08:40:25",
        "content": "\ud83d\ude24\ud83d\ude24\ud83d\ude24\ud83d\ude24\ud83d\ude24\ud83d\ude24\ud83d\ude24\ud83d\ude24\ud83d\ude24\ud83d\ude24\ud83d\ude24\ud83d\ude24\ud83d\ude24\ud83d\ude24\ud83d\ude24\ud83d\ude24\ud83d\ude24\ud83d\ude24\ud83d\ude24\ud83d\ude24\ud83d\ude24\ud83d\ude24\ud83d\ude24\ud83d\ude24\ud83d\ude24\ud83d\ude24\ud83d\ude24\ud83d\ude24\ud83d\ude24\ud83d\ude24\ud83d\ude24\ud83d\ude24\ud83d\ude24\ud83d\ude24\ud83d\ude24\ud83d\ude24\ud83d\ude24\ud83d\ude24\ud83d\ude24\ud83d\ude24\ud83d\ude24\ud83d\ude24\ud83d\ude23\ud83d\ude23\ud83d\ude23\ud83d\ude23\ud83d\ude23\ud83d\ude23\ud83d\ude23\ud83d\ude23\ud83d\ude23\ud83d\ude23\ud83d\ude23\ud83d\ude23",
        "repliedAt": null,
        "replyContent": null,
        "reviewCreatedVersion": null,
        "reviewId": "68bf173d-f9d9-402e-b247-7c7ad52fde74",
        "score": 1,
        "thumbsUpCount": 0,
        "userImage": "https://play-lh.googleusercontent.com/a-/ALV-UjWQzp5XlJZ2GqiocBZ4dp3iOvYhyREbqHTsJdn7-lIrfXA",
        "userName": "Ahmadreza Qassemi"
    },
    {
        "appVersion": "1.4",
        "at": "2020-11-10 00:31:56",
        "content": "Nice colors and very relaxing",
        "repliedAt": null,
        "replyContent": null,
        "reviewCreatedVersion": "1.4",
        "reviewId": "3617c893-0910-48df-8ef9-4e0ad8bea109",
        "score": 5,
        "thumbsUpCount": 1,
        "userImage": "https://play-lh.googleusercontent.com/a-/ALV-UjWRKHY6ETgYuYx-jFrs3bWu_Hgbe6wp-kucfytBVpveJG8",
        "userName": "Lenisa Burley"
    },
    {
        "appVersion": "1.4",
        "at": "2020-11-09 13:23:54",
        "content": "Sparkle addicts will love this, and so easy to use!",
        "repliedAt": null,
        "replyContent": null,
        "reviewCreatedVersion": "1.4",
        "reviewId": "5a330215-d640-4ad6-9d77-b2a0e0d4c850",
        "score": 5,
        "thumbsUpCount": 1,
        "userImage": "https://play-lh.googleusercontent.com/a/ACg8ocLQ1v9GPgkNT7991jt2uYs1m4Fg1q1ugj-rToGEc__T=mo",
        "userName": "Sonya Bell"
    },
    {
        "appVersion": "1.4",
        "at": "2020-11-08 11:33:52",
        "content": "Love all the paintings. Just need lots more glitter ones. They turn out so much more beautiful",
        "repliedAt": null,
        "replyContent": null,
        "reviewCreatedVersion": "1.4",
        "reviewId": "f240a288-e74a-48e0-8771-a1c6fad02c25",
        "score": 5,
        "thumbsUpCount": 11,
        "userImage": "https://play-lh.googleusercontent.com/a/ACg8ocJy5csp6QbofbREGhcWNCoYcfZXVHiMdTR28xL1Yg5Y=mo",
        "userName": "Nell Grimes"
    },
    {
        "appVersion": null,
        "at": "2020-11-08 06:56:31",
        "content": "Cool",
        "repliedAt": null,
        "replyContent": null,
        "reviewCreatedVersion": null,
        "reviewId": "0fce776d-d7b1-4884-8e35-c55b640fdea2",
        "score": 5,
        "thumbsUpCount": 0,
        "userImage": "https://play-lh.googleusercontent.com/a/ACg8ocKf4mLZIBGjd5f-DFm2ioetBT-22aLB4N4ANkeS6FN7=mo",
        "userName": "Brenda Van wyngaard"
    },
    {
        "appVersion": "1.4",
        "at": "2020-11-07 14:50:45",
        "content": "Sf3\ud83d\ude0d\ud83d\ude18\ud83d\ude03\ud83d\ude04\ud83d\ude42\ud83e\udd17\ud83e\udd17\ud83d\ude0a\ud83d\udc08\ud83d\udc31\ud83e\udd8a\ud83d\udc3a\ud83d\udc29\ud83d\udc2c\ud83d\udd4a\ud83e\udd86\ud83e\udd85\ud83d\udc27\ud83d\udc3c\ud83d\udc00\ud83d\udc00\ud83d\udc01\ud83d\udc39\ud83d\udc30\ud83d\udc26\ud83c\udf32\ud83d\udc3a\ud83e\udd8a\ud83d\udc06\ud83e\udd84\ud83e\udd8d\ud83d\udc37\ud83d\udc34\ud83c\udde6\ud83c\uddfd\ud83c\udde6\ud83c\uddee\ud83c\udde6\ud83c\uddfa\ud83c\udde6\ud83c\udde8\ud83c\udde7\ud83c\uddf2\ud83c\udde7\ud83c\uddf2\ud83c\udde6\ud83c\uddf6\ud83c\uddfc\ud83c\uddf8\ud83c\uddfc\ud83c\uddeb\ud83c\udff4\udb40\udc67\udb40\udc62\udb40\udc73\udb40\udc63\udb40\udc74\udb40\udc7f\ud83c\udff4\udb40\udc67\udb40\udc62\udb40\udc65\udb40\udc6e\udb40\udc67\udb40\udc7f\ud83c\udde8\ud83c\uddfb\ud83c\udde8\ud83c\udde9\ud83c\uddec\ud83c\udde7\ud83c\uddf3\ud83c\uddff\ud83c\uddf3\ud83c\uddfa\ud83c\uddf9\ud83c\udde8\ud83c\uddf9\ud83c\udde6\ud83c\uddee\ud83c\uddf8\ud83c\uddec\ud83c\udde7\ud83c\uddf9\ud83c\udde8\ud83e\udd5a\ud83c\udf54\ud83c\udf5f\ud83c\udf7f\ud83c\udf68\ud83c\udf67\ud83c\udf61\ud83c\udf82\ud83c\udf6a\ud83c\udf6d\ud83c\udf6c\ud83c\udf6b\ud83c\udf66\ud83c\udf66\ud83c\udf78\ud83c\udf70\ud83c\udf69\ud83c\udf7b\ud83c\udf7a\ud83c\udf79\ud83d\udd2a\ud83c\udffa\ud83e\udd43\ud83e\udd42\ud83e\udd43\ud83e\udd64\ud83e\udd62\ud83c\udf7d\ud83c\udf74\ud83e\udd44\ud83e\udd44\ud83c\udf53\ud83c\udf47\ud83e\udd55\ud83e\udd50\ud83c\udf4e\ud83c\udf50\ud83c\udf4d\ud83c\udf4c\ud83c\udf4b\ud83c\udf4a\ud83c\udf49\ud83e\udd5c\ud83e\udd50\ud83e\udd56\ud83c\udfb3\ud83c\udfb1\ud83c\udfbe\ud83c\udfc8\ud83c\udfc9\ud83c\udfd0\ud83c\udfc0\u26be\ufe0f\u26bd\ufe0f\ud83c\udfc7\ud83d\udeb5\u200d\u2642\ufe0f\ud83d\udeb5\u200d\u2640\ufe0f\ud83c\udfca\u200d\u2642\ufe0f\ud83c\udfca\u200d\u2640\ufe0f\u26f9\ufe0f\u200d\u2642\ufe0f\u26f9\ufe0f\u200d\u2640\ufe0f\ud83c\udfcb\ufe0f\u200d\u2642\ufe0f\ud83c\udfcb\ufe0f\u200d\u2640\ufe0f\ud83d\udeb4\u200d\u2642\ufe0f\ud83d\udeb4\u200d\u2640\ufe0f\ud83d\udeb4\u200d\u2640\ufe0f\ud83e\udd3d\u200d\u2642\ufe0f\ud83e\udd3d\u200d\u2640\ufe0f\ud83c\udf96\ud83e\uddd8\u200d\u2642\ufe0f\ud83e\uddd8\u200d\u2640\ufe0f\ud83e\uddd7\u200d\u2642\ufe0f\ud83e\uddd7\u200d\u2640\ufe0f\ud83e\udd39\u200d\u2640\ufe0f\ud83e\udd39\u200d\u2642\ufe0f\ud83e\udd3a\ud83e\udd3e\u200d\u2640\ufe0f\ud83e\udd3e\u200d\u2642\ufe0f\ud83c\udfce\ud83c\udfcd\ud83e\udd38\u200d\u2642\ufe0f\ud83e\udd38\u200d\u2640\ufe0f\ud83e\udd3c\u200d\u2642\ufe0f\ud83e\udd3c\u200d\u2640\ufe0f\ud83c\udf81\ud83e\udd49\ud83e\udd48\ud83e\udd47\ud83c\udfc5\ud83c\udf83\ud83c\udf84\ud83c\udf80\u2665\ufe0f\u2666\ufe0f\ud83c\udf91\ud83c\udf86\ud83c\udf87\u2728\ud83c\udf8a\ud83c\udf89\ud83d\udd79\ud83c\udfb2 I like",
        "repliedAt": null,
        "replyContent": null,
        "reviewCreatedVersion": "1.4",
        "reviewId": "dd20a662-02d9-4f1a-b818-27536c8565b7",
        "score": 5,
        "thumbsUpCount": 0,
        "userImage": "https://play-lh.googleusercontent.com/a/ACg8ocJ9Cdz3iCkYbi1sW3CN-rlLuQWFC8GmhOsyOFlAwtrK=mo",
        "userName": "Richard Jones"
    },
    {
        "appVersion": "1.4",
        "at": "2020-11-07 14:21:45",
        "content": "Doesn't work with my stylus, just by touch.",
        "repliedAt": null,
        "replyContent": null,
        "reviewCreatedVersion": "1.4",
        "reviewId": "44f1d8b0-6b61-4821-87e6-9f2406b99c10",
        "score": 5,
        "thumbsUpCount": 1,
        "userImage": "https://play-lh.googleusercontent.com/a/ACg8ocKOEBaYRcXu_XNIqW6IlAQruvgLjoT3_Qn03EDiHW5S=mo",
        "userName": "Candace Claypool"
    },
    {
        "appVersion": "1.4",
        "at": "2020-11-05 17:20:09",
        "content": "I like it, and would like more easier ones, thank you",
        "repliedAt": null,
        "replyContent": null,
        "reviewCreatedVersion": "1.4",
        "reviewId": "6aa949c4-82d4-4862-986e-436836efbbb0",
        "score": 5,
        "thumbsUpCount": 3,
        "userImage": "https://play-lh.googleusercontent.com/a/ACg8ocJC23FFbm8pVQtCmsAQgoOyX-eXjUpqp1JkWrgqsOFl=mo",
        "userName": "Lovespring60 Smith"
    },
    {
        "appVersion": null,
        "at": "2020-11-04 06:13:12",
        "content": "\u0a86 \u0a97\u0ac7\u0aae \u0aae\u0aa8\u0ac7 \u0a97\u0aae\u0ac7 \u0a9b\u0ac7",
        "repliedAt": null,
        "replyContent": null,
        "reviewCreatedVersion": null,
        "reviewId": "30147424-0bda-4a4e-9075-0b7df1d8ebd8",
        "score": 3,
        "thumbsUpCount": 0,
        "userImage": "https://play-lh.googleusercontent.com/a/ACg8ocLwG0jp44Ltkt4MfyZyAqo6KFy1b4_MooF6a6Pyk_Xt=mo",
        "userName": "Manish 142 Manish 142"
    },
    {
        "appVersion": "1.4",
        "at": "2020-10-30 15:18:00",
        "content": "Love this game so much fun to play with",
        "repliedAt": null,
        "replyContent": null,
        "reviewCreatedVersion": "1.4",
        "reviewId": "137f609c-aae5-465e-b237-fcc9f2ba9482",
        "score": 5,
        "thumbsUpCount": 1,
        "userImage": "https://play-lh.googleusercontent.com/a/ACg8ocLJTjZahKNqEsjALRQWowB_8cn_P4IAPdfRVnzVEiI7=mo",
        "userName": "Christina Carlson"
    },
    {
        "appVersion": "1.4",
        "at": "2020-10-30 13:32:51",
        "content": "Enjoying it so far",
        "repliedAt": null,
        "replyContent": null,
        "reviewCreatedVersion": "1.4",
        "reviewId": "1228adda-ac52-4d65-84d1-4c80adcae854",
        "score": 5,
        "thumbsUpCount": 0,
        "userImage": "https://play-lh.googleusercontent.com/a/ACg8ocKKQWUjnjm5C1MYqemGrsysOCyornuWgatB7xYUIhQM=mo",
        "userName": "Juanita Riddle"
    },
    {
        "appVersion": "1.4",
        "at": "2020-10-26 18:21:23",
        "content": "So pretty and fun \ud83d\udc4d",
        "repliedAt": null,
        "replyContent": null,
        "reviewCreatedVersion": "1.4",
        "reviewId": "50e2b644-7e73-415f-9b63-ca8e7d2fd371",
        "score": 5,
        "thumbsUpCount": 1,
        "userImage": "https://play-lh.googleusercontent.com/a-/ALV-UjVT1tF0Iz-TfzqZVT2xwcqtgNVWJZAgtYBPDvROXJL0SQU",
        "userName": "Ines Wiebe"
    },
    {
        "appVersion": "1.4",
        "at": "2020-10-25 02:17:25",
        "content": "It's relaxing and it keeps your mind off of thing's.",
        "repliedAt": null,
        "replyContent": null,
        "reviewCreatedVersion": "1.4",
        "reviewId": "58b31e0a-7e19-4856-8561-01222f2de727",
        "score": 5,
        "thumbsUpCount": 1,
        "userImage": "https://play-lh.googleusercontent.com/a/ACg8ocIdz304TkK60DI-kw_2m6ZFM-a_pP8reZ3gtRJ0dm4O=mo",
        "userName": "Mary Hoffman"
    },
    {
        "appVersion": "1.4",
        "at": "2020-10-22 07:26:52",
        "content": "Wonderful and relaxing",
        "repliedAt": null,
        "replyContent": null,
        "reviewCreatedVersion": "1.4",
        "reviewId": "754d2f67-7911-424c-a758-f082d174577d",
        "score": 5,
        "thumbsUpCount": 1,
        "userImage": "https://play-lh.googleusercontent.com/a-/ALV-UjU0OPOmqRv6uLAyV1VJrjzNxBdx_5fduPuAJcUq6g-PoBk",
        "userName": "Kim Lester"
    },
    {
        "appVersion": "1.4",
        "at": "2020-10-14 07:20:19",
        "content": "Very good need more pictures",
        "repliedAt": null,
        "replyContent": null,
        "reviewCreatedVersion": "1.4",
        "reviewId": "33eda15b-7e32-4f38-8941-497047ec7922",
        "score": 5,
        "thumbsUpCount": 3,
        "userImage": "https://play-lh.googleusercontent.com/a/ACg8ocJ493_FmLC8k1DKUR9Rt1oBN6Iu8v_uv6p364Y6-8Ag=mo",
        "userName": "Dorothea Gollaher"
    },
    {
        "appVersion": "1.4",
        "at": "2020-10-14 02:01:22",
        "content": "Wow \ud83d\ude18\ud83d\ude18 I like this app",
        "repliedAt": null,
        "replyContent": null,
        "reviewCreatedVersion": "1.4",
        "reviewId": "8f4e3862-34cf-4fe9-972c-a807308043a3",
        "score": 5,
        "thumbsUpCount": 2,
        "userImage": "https://play-lh.googleusercontent.com/a-/ALV-UjX9Cr6uHHEC9iturTTV10YdfAvg--2amQVydIMo4d45cw",
        "userName": "Avinash Arul Kumar"
    },
    {
        "appVersion": "1.4",
        "at": "2020-10-12 15:23:42",
        "content": "Love.it",
        "repliedAt": null,
        "replyContent": null,
        "reviewCreatedVersion": "1.4",
        "reviewId": "c5f4e4ca-2e23-4d88-8fe7-f317c390aacd",
        "score": 5,
        "thumbsUpCount": 1,
        "userImage": "https://play-lh.googleusercontent.com/a/ACg8ocLqQhb6eE3O6Wt1uno9RLqQjTosJt9qqNk7lXRkp5c1=mo",
        "userName": "Carla Hasty"
    },
    {
        "appVersion": "1.4",
        "at": "2020-10-09 21:31:27",
        "content": "Very.good",
        "repliedAt": null,
        "replyContent": null,
        "reviewCreatedVersion": "1.4",
        "reviewId": "2726386a-4713-467f-bfd6-aeccfc2fd26f",
        "score": 1,
        "thumbsUpCount": 2,
        "userImage": "https://play-lh.googleusercontent.com/a/ACg8ocIByU23KubzAeirqZptZ8nwi0aGEu6ABJniSJ0qLL8v=mo",
        "userName": "Alfred Musser"
    },
    {
        "appVersion": "1.4",
        "at": "2020-10-09 19:43:03",
        "content": "Cool drawing \ud83d\ude0a",
        "repliedAt": null,
        "replyContent": null,
        "reviewCreatedVersion": "1.4",
        "reviewId": "0924b546-2234-4eba-af99-916b4fa51d0c",
        "score": 5,
        "thumbsUpCount": 1,
        "userImage": "https://play-lh.googleusercontent.com/a-/ALV-UjWoFkteF5QYEBl9fkBJUgHX0eNz5T9VSxsajxF2O0tDx4w",
        "userName": "Roslyne lauvao"
    },
    {
        "appVersion": "1.4",
        "at": "2020-10-09 15:45:40",
        "content": "This is the best colouring game! From Mieke",
        "repliedAt": null,
        "replyContent": null,
        "reviewCreatedVersion": "1.4",
        "reviewId": "a72ffe9f-48bd-426f-885b-600ee23fbdc2",
        "score": 5,
        "thumbsUpCount": 4,
        "userImage": "https://play-lh.googleusercontent.com/a/ACg8ocIOoirh8jGzSvyVRohf7f9DU5AsvBcI7brJtWmtpfzg=mo",
        "userName": "Danie Van Ryneveld"
    },
    {
        "appVersion": "1.3",
        "at": "2020-10-06 10:14:28",
        "content": "Simple to use nice colours. Grandkids will enjoy the glitter option.",
        "repliedAt": null,
        "replyContent": null,
        "reviewCreatedVersion": "1.3",
        "reviewId": "9ee79cde-9143-45bf-9cd4-03a80adb5cf2",
        "score": 4,
        "thumbsUpCount": 12,
        "userImage": "https://play-lh.googleusercontent.com/a-/ALV-UjXSd2Nhy655BWbYE1tSiy3GxUwlqLer9_rTWCsWNUTljgU",
        "userName": "Natalie McGee"
    },
    {
        "appVersion": "1.3",
        "at": "2020-10-03 20:12:47",
        "content": "To bad there's no catagorys. Not to bad over all.",
        "repliedAt": null,
        "replyContent": null,
        "reviewCreatedVersion": "1.3",
        "reviewId": "5d2d1e38-f4a2-4397-bfa0-a0d8be96d05a",
        "score": 5,
        "thumbsUpCount": 3,
        "userImage": "https://play-lh.googleusercontent.com/a/ACg8ocLhGCkEEF928DlWI-kwaJBKNXckYlvA9yFnbP6-RM2M=mo",
        "userName": "Kelly Chuchola"
    },
    {
        "appVersion": "1.3",
        "at": "2020-10-03 17:11:04",
        "content": "Love this app enjoy very much good luck stay safe god bless your company congrats",
        "repliedAt": null,
        "replyContent": null,
        "reviewCreatedVersion": "1.3",
        "reviewId": "e132e546-9fd9-4729-a1f5-42b26f5f38df",
        "score": 5,
        "thumbsUpCount": 3,
        "userImage": "https://play-lh.googleusercontent.com/a-/ALV-UjVNkP1ZMznLvZCyO8xo3e2sV5kI9J0oLoZjP-Ed1AFA4YY",
        "userName": "Carolyn Edwards"
    },
    {
        "appVersion": null,
        "at": "2020-09-30 18:04:37",
        "content": "Great game \ud83d\udc4d",
        "repliedAt": null,
        "replyContent": null,
        "reviewCreatedVersion": null,
        "reviewId": "0ada3062-8a75-445c-a4a9-4ccfcfddf665",
        "score": 5,
        "thumbsUpCount": 0,
        "userImage": "https://play-lh.googleusercontent.com/a-/ALV-UjWf7hzQvV8QK_WIhOoL6w_jOZlqH8RwPtA_47Kfg2ZkAw",
        "userName": "Margie Jeong"
    },
    {
        "appVersion": "1.2",
        "at": "2020-09-30 06:15:04",
        "content": "Very fun and very relaxing thank you very much gamers are extremely cool",
        "repliedAt": null,
        "replyContent": null,
        "reviewCreatedVersion": "1.2",
        "reviewId": "3f8f803a-b4cd-4abd-adde-9b167b88a9fb",
        "score": 5,
        "thumbsUpCount": 14,
        "userImage": "https://play-lh.googleusercontent.com/a/ACg8ocLSNlxAa_AmDFVQETCFQrZA3onUlS_2aDAvRZAH7YPU=mo",
        "userName": "Anna Carey"
    },
    {
        "appVersion": "1.2",
        "at": "2020-09-30 01:44:57",
        "content": "i enjoy the coloring and the glitter is awsome they are beautful",
        "repliedAt": null,
        "replyContent": null,
        "reviewCreatedVersion": "1.2",
        "reviewId": "32954dc5-4f86-4e53-b755-5554beb5ce3b",
        "score": 5,
        "thumbsUpCount": 4,
        "userImage": "https://play-lh.googleusercontent.com/a-/ALV-UjWz44HkSdsyeQRnTiwJioAN4019GMDxNgDEL17oUuGiGCk",
        "userName": "Terry Fortin"
    },
    {
        "appVersion": "1.1",
        "at": "2020-09-29 07:05:05",
        "content": "It goes out of fosus when enlaged even a bit,,and full enlargement is needed to find the tiny bits and numbers dont appear untill after color is tapped..theres no background ,and pic dont automatic return when finished..needs alot of improvements.",
        "repliedAt": null,
        "replyContent": null,
        "reviewCreatedVersion": "1.1",
        "reviewId": "3d104842-ba38-471a-a6cf-c87bc9c954f5",
        "score": 1,
        "thumbsUpCount": 25,
        "userImage": "https://play-lh.googleusercontent.com/a/ACg8ocJp7GQdF4FiEbBxKfKioq2ThRCSOAKUFrtpN2doDWvW=mo",
        "userName": "Anne Devaux"
    },
    {
        "appVersion": "1.1",
        "at": "2020-09-28 00:11:17",
        "content": "I enjoy the color by #s more like how this one switches to the next color when you finish the one you're on.",
        "repliedAt": null,
        "replyContent": null,
        "reviewCreatedVersion": "1.1",
        "reviewId": "d451180c-b7db-4503-ba49-0f58c0ddeacc",
        "score": 4,
        "thumbsUpCount": 7,
        "userImage": "https://play-lh.googleusercontent.com/a-/ALV-UjWYMZNqRmwf2yQxjG3QCGz8K4JKeo41qIWS95BZKOGWPPYo",
        "userName": "Renee Budihas (N\u00e9-N\u00e9)"
    },
    {
        "appVersion": "1.1",
        "at": "2020-09-26 21:24:59",
        "content": "cool app",
        "repliedAt": null,
        "replyContent": null,
        "reviewCreatedVersion": "1.1",
        "reviewId": "c32ceab9-2bac-4061-a45e-686baa6391ff",
        "score": 5,
        "thumbsUpCount": 3,
        "userImage": "https://play-lh.googleusercontent.com/a/ACg8ocJXRg7KWAD_eJngLJkwDeTvmz38bEGjqMsQDKBZMpPI=mo",
        "userName": "Dane Peach"
    },
    {
        "appVersion": "1.1",
        "at": "2020-09-25 09:07:52",
        "content": "Fun",
        "repliedAt": null,
        "replyContent": null,
        "reviewCreatedVersion": "1.1",
        "reviewId": "cce8b193-6dfc-494f-b4e3-a450c7d95ac9",
        "score": 5,
        "thumbsUpCount": 1,
        "userImage": "https://play-lh.googleusercontent.com/a/ACg8ocI0yZ_ENVlVL9vTQGHmWXl8e38DO2nzvyPCNH_vqCX7=mo",
        "userName": "HELEN WADE"
    },
    {
        "appVersion": "1.1",
        "at": "2020-09-24 23:19:55",
        "content": "I love 2 paint and color",
        "repliedAt": null,
        "replyContent": null,
        "reviewCreatedVersion": "1.1",
        "reviewId": "aef16adf-5fbc-419b-b36b-fb563aec3dc9",
        "score": 5,
        "thumbsUpCount": 4,
        "userImage": "https://play-lh.googleusercontent.com/a/ACg8ocKvIEfk2-2d7AE7n70-hB14tW0SpKaCBr67wQ9HaMQA=mo",
        "userName": "Jessica Harbin"
    },
    {
        "appVersion": "1.1",
        "at": "2020-09-23 00:05:28",
        "content": "I love your app their not that big but I still like painting the pictures and the paint goes on fast and easy and l love that they have glitter !l hope you make more like flowers.Great App!",
        "repliedAt": null,
        "replyContent": null,
        "reviewCreatedVersion": "1.1",
        "reviewId": "8ea6bfec-f655-4659-99ad-cff9a1eca9c2",
        "score": 5,
        "thumbsUpCount": 26,
        "userImage": "https://play-lh.googleusercontent.com/a/ACg8ocLUeKMkZ8QWi_s-iEncd69YeA5xGvGI8xDN-y2pi-nK=mo",
        "userName": "Linda Streck"
    },
    {
        "appVersion": "1.1",
        "at": "2020-09-21 16:27:51",
        "content": "ANIMALS PAINT BY NUMBER COLORING BOOK IS AWESOME TO COLOR.",
        "repliedAt": null,
        "replyContent": null,
        "reviewCreatedVersion": "1.1",
        "reviewId": "e590a5a6-ca0d-4721-bb0b-4cd9a5de1f9c",
        "score": 5,
        "thumbsUpCount": 6,
        "userImage": "https://play-lh.googleusercontent.com/a/ACg8ocJytdeDpyVVQp1uovE1TpfAhpFoS8N2zS7zrYDhooNG=mo",
        "userName": "LORI WOLF"
    },
    {
        "appVersion": "1.1",
        "at": "2020-09-18 13:21:33",
        "content": "To small can't see the numbers but I do like it",
        "repliedAt": null,
        "replyContent": null,
        "reviewCreatedVersion": "1.1",
        "reviewId": "07afef1d-6433-436a-a832-db534e95dca9",
        "score": 1,
        "thumbsUpCount": 5,
        "userImage": "https://play-lh.googleusercontent.com/a/ACg8ocIvXtRKFWTbjtrss6e9NKakBZt09JIdDJUdP2PsVWKN=mo",
        "userName": "Marie Barnett"
    },
    {
        "appVersion": "1.1",
        "at": "2020-09-12 23:38:22",
        "content": "Enjoying it,love paint by numbers! Looking for glitter paint by nu mbers",
        "repliedAt": null,
        "replyContent": null,
        "reviewCreatedVersion": "1.1",
        "reviewId": "21229143-57f1-4389-b96a-6c62ba8532ba",
        "score": 5,
        "thumbsUpCount": 6,
        "userImage": "https://play-lh.googleusercontent.com/a-/ALV-UjWYhWKmwN_OZUALVQq3R1mby1rJp8kAmEaUHl81Yg6ar3c",
        "userName": "yolanda rivera"
    },
    {
        "appVersion": "1.1",
        "at": "2020-09-02 03:18:32",
        "content": "Awesome game",
        "repliedAt": null,
        "replyContent": null,
        "reviewCreatedVersion": "1.1",
        "reviewId": "e7272f90-b0af-4e28-9af6-32270e2510d8",
        "score": 5,
        "thumbsUpCount": 4,
        "userImage": "https://play-lh.googleusercontent.com/a-/ALV-UjVEGgZTCk6JdIIxprMZRgDPLgWe183MQAMwTw2nrNFCbR4",
        "userName": "Dianne Blount"
    },
    {
        "appVersion": "1.1",
        "at": "2020-08-12 02:36:09",
        "content": "Great",
        "repliedAt": null,
        "replyContent": null,
        "reviewCreatedVersion": "1.1",
        "reviewId": "a52d4825-38d2-4cad-afd7-b20c70a89f2e",
        "score": 5,
        "thumbsUpCount": 5,
        "userImage": "https://play-lh.googleusercontent.com/a/ACg8ocJ5B8JanZBdhil1tYihULJLmRcDW9Qi40dMl9Km6uzw=mo",
        "userName": "Earnest Elrod"
    }
]