[
    {
        "appVersion": "1.9",
        "at": "2023-11-15 23:15:53",
        "content": "Boring",
        "repliedAt": null,
        "replyContent": null,
        "reviewCreatedVersion": "1.9",
        "reviewId": "99e554a4-5c8a-447b-9c7a-c6d6240a0387",
        "score": 1,
        "thumbsUpCount": 0,
        "userImage": "https://play-lh.googleusercontent.com/a/ACg8ocK9e0WD86JEsqbjrwsTvGTZEewovLvPAyr7HIvMtJq_=mo",
        "userName": "Otis Tillman"
    },
    {
        "appVersion": "1.9",
        "at": "2023-09-27 10:16:28",
        "content": "3star is cool",
        "repliedAt": null,
        "replyContent": null,
        "reviewCreatedVersion": "1.9",
        "reviewId": "0c7ad62c-a012-46ff-92e8-90c58bef49ee",
        "score": 3,
        "thumbsUpCount": 0,
        "userImage": "https://play-lh.googleusercontent.com/a-/ALV-UjVkLlwi0qVp0bkcyp2F5VoQtXTsoKmKIFij6w9ZTIyYsg",
        "userName": "Deep Element plk"
    },
    {
        "appVersion": "1.9",
        "at": "2023-09-09 01:41:39",
        "content": "I enjoy it allot can't never soak up too much knowledge eh... ..only Probably cause I can't save the txt to my device but that probably might be a mighty good suggestion maybe ..... (\u2060.\u2060 \u2060\u275b\u2060 \u2060\u1d17\u2060 \u2060\u275b\u2060.\u2060)",
        "repliedAt": null,
        "replyContent": null,
        "reviewCreatedVersion": "1.9",
        "reviewId": "97d7e0d8-233a-44b0-8a1c-221bf9d160d9",
        "score": 4,
        "thumbsUpCount": 1,
        "userImage": "https://play-lh.googleusercontent.com/a-/ALV-UjXAiaZkHG2aYh856hC-76f2fJJ88SuNu_r6umtvdmYTLIc",
        "userName": "Felicia Bailey"
    },
    {
        "appVersion": "1.9",
        "at": "2023-05-13 10:06:57",
        "content": "It is fantastic",
        "repliedAt": null,
        "replyContent": null,
        "reviewCreatedVersion": "1.9",
        "reviewId": "caa70197-1cdd-463f-ba54-6f5a24198a9e",
        "score": 5,
        "thumbsUpCount": 0,
        "userImage": "https://play-lh.googleusercontent.com/a-/ALV-UjVdxFmkYZmp-ErQD2NUR-WmIiuh6CIKuKqtf5PpQZz9Fvk",
        "userName": "Joseph Dorvilus"
    },
    {
        "appVersion": "1.9",
        "at": "2023-04-19 19:11:57",
        "content": "Mint app",
        "repliedAt": null,
        "replyContent": null,
        "reviewCreatedVersion": "1.9",
        "reviewId": "2377d870-4cc9-4ae5-a873-d8420a8444a9",
        "score": 5,
        "thumbsUpCount": 0,
        "userImage": "https://play-lh.googleusercontent.com/a/ACg8ocIKckxHQrR0uBBBND6MnE2kSsgf8Uas4gzKI4i0bRsz=mo",
        "userName": "Ashley Barry"
    },
    {
        "appVersion": "1.9",
        "at": "2023-04-06 12:11:00",
        "content": "Good information",
        "repliedAt": null,
        "replyContent": null,
        "reviewCreatedVersion": "1.9",
        "reviewId": "85986161-2bb1-41c2-9679-eb38522091f1",
        "score": 4,
        "thumbsUpCount": 0,
        "userImage": "https://play-lh.googleusercontent.com/a/ACg8ocITeOqWvWEWpLc5g4zeRuQyZTO0bjqys3LCtfMEjydENg=mo",
        "userName": "Reaves Reaves"
    },
    {
        "appVersion": "1.9",
        "at": "2023-03-25 18:44:38",
        "content": "Very nice",
        "repliedAt": null,
        "replyContent": null,
        "reviewCreatedVersion": "1.9",
        "reviewId": "0752960f-aaeb-40d7-962b-fcded091f24b",
        "score": 4,
        "thumbsUpCount": 0,
        "userImage": "https://play-lh.googleusercontent.com/a-/ALV-UjX2dIswqnlrd2tG5el9c5JMY5G9ihgLwSs0ZzpmCY-Dv_Q",
        "userName": "Grayl Collins"
    },
    {
        "appVersion": "1.9",
        "at": "2023-03-13 03:38:05",
        "content": "I really appreciate this app maker it's a very good app, and I like it,in this app there are much more hacks which is very helpful, install this application and enjoy it...",
        "repliedAt": null,
        "replyContent": null,
        "reviewCreatedVersion": "1.9",
        "reviewId": "a595b089-544f-4a57-95be-ccce19283a57",
        "score": 5,
        "thumbsUpCount": 1,
        "userImage": "https://play-lh.googleusercontent.com/a/ACg8ocJtZPB26KJ-FNMTCPvIVAa1e6AAfJKYTXBhUGTsBjdy=mo",
        "userName": "Youtube Network"
    },
    {
        "appVersion": null,
        "at": "2023-03-06 18:47:32",
        "content": "Entertaining, though not completely useful. A fair amount of unverifiable stuff, some 'hacks' are repeated, a link to a website is NOT a hack BUT there is entertainment value to be had.",
        "repliedAt": null,
        "replyContent": null,
        "reviewCreatedVersion": null,
        "reviewId": "a720dba2-a8b5-4d5c-9a9f-4961b9be0c7a",
        "score": 3,
        "thumbsUpCount": 0,
        "userImage": "https://play-lh.googleusercontent.com/a-/ALV-UjWsECgBCv2LhfbC5On3d3TpBp25MJnlGNaRIGLiq4eheNA",
        "userName": "Joseph Doherty"
    },
    {
        "appVersion": "1.9",
        "at": "2023-02-25 07:37:38",
        "content": "Awesome\u2764\ufe0f",
        "repliedAt": null,
        "replyContent": null,
        "reviewCreatedVersion": "1.9",
        "reviewId": "0182d5ea-3c9a-4fed-a63f-f306bb4168bf",
        "score": 4,
        "thumbsUpCount": 0,
        "userImage": "https://play-lh.googleusercontent.com/a-/ALV-UjVY4G9n4fYRsLkPvyhRRRH4FiXP2YZd5xmvqGDLaKXtzw",
        "userName": "Md Shahariar Khan"
    },
    {
        "appVersion": "1.9",
        "at": "2023-02-23 17:00:49",
        "content": "Really good",
        "repliedAt": null,
        "replyContent": null,
        "reviewCreatedVersion": "1.9",
        "reviewId": "4ca906e1-bd95-4f5b-95e1-40428ed23105",
        "score": 5,
        "thumbsUpCount": 0,
        "userImage": "https://play-lh.googleusercontent.com/a/ACg8ocIIQuK_ayCzEoHfdiFJltNHpmC1WKPbgVQlb1UzgQxkQw=mo",
        "userName": "Michael Harfield"
    },
    {
        "appVersion": "1.9",
        "at": "2023-01-23 01:04:00",
        "content": "I always find these hacks interesting and very useful .",
        "repliedAt": null,
        "replyContent": null,
        "reviewCreatedVersion": "1.9",
        "reviewId": "7a31c7d3-696d-4ffe-82bf-200640cae098",
        "score": 5,
        "thumbsUpCount": 1,
        "userImage": "https://play-lh.googleusercontent.com/a-/ALV-UjUU3Ekiz2jYEYQnX-AP8CLykX5xfspvR7Du7ioKr2d36FM",
        "userName": "Peter Toffey"
    },
    {
        "appVersion": "1.9",
        "at": "2022-12-24 18:15:09",
        "content": "Best",
        "repliedAt": null,
        "replyContent": null,
        "reviewCreatedVersion": "1.9",
        "reviewId": "7f229228-0351-4846-a4ae-6f217ff12735",
        "score": 5,
        "thumbsUpCount": 0,
        "userImage": "https://play-lh.googleusercontent.com/a/ACg8ocJBasDhcWEyQtpK8zNUFJdO6fikD8Ec8VYRnpg5TdKc=mo",
        "userName": "Satya Kumar"
    },
    {
        "appVersion": "1.7",
        "at": "2022-10-20 19:03:31",
        "content": "Interesting",
        "repliedAt": null,
        "replyContent": null,
        "reviewCreatedVersion": "1.7",
        "reviewId": "61810172-a575-4a48-9d9f-b3f773f4ec8b",
        "score": 5,
        "thumbsUpCount": 0,
        "userImage": "https://play-lh.googleusercontent.com/a-/ALV-UjU0TSLCTU7YXqtPVD8-o-h808m5BnuluSBM5sayGmageQA",
        "userName": "Heidi Lynn"
    },
    {
        "appVersion": "1.7",
        "at": "2022-08-26 21:41:44",
        "content": "It was awesome",
        "repliedAt": null,
        "replyContent": null,
        "reviewCreatedVersion": "1.7",
        "reviewId": "e26bed5f-f7dd-4901-b6df-f8345e3ccbf5",
        "score": 5,
        "thumbsUpCount": 0,
        "userImage": "https://play-lh.googleusercontent.com/a/ACg8ocKxFcQhxVULNMdKeIMv2WKJogjNYBZ5GjJhHnyY-1wV=mo",
        "userName": "Donna Asplund"
    },
    {
        "appVersion": "1.7",
        "at": "2022-07-15 18:06:42",
        "content": "Overall dig the tips only thing that I think could make it better would be to CATEGORIZE the tips like into sub-genres depending on what type of thing they have to do with instead of just being numbered",
        "repliedAt": null,
        "replyContent": null,
        "reviewCreatedVersion": "1.7",
        "reviewId": "d55ecb8a-d657-4e95-ac59-68ff0314fd06",
        "score": 3,
        "thumbsUpCount": 1,
        "userImage": "https://play-lh.googleusercontent.com/a-/ALV-UjWiFBOxzaS5wJHFFG9v_oExPc0fw7MFOt8fvV_y5hYV1w",
        "userName": "Breezy Jallo"
    },
    {
        "appVersion": "1.7",
        "at": "2022-06-11 22:00:42",
        "content": "Very helpful tips. Would have given 5 stars if they could be categorized. Nice app though",
        "repliedAt": null,
        "replyContent": null,
        "reviewCreatedVersion": "1.7",
        "reviewId": "06b2e1c7-6990-4c51-867e-f0c5ca74f050",
        "score": 4,
        "thumbsUpCount": 0,
        "userImage": "https://play-lh.googleusercontent.com/a/ACg8ocLV7JxDIh0OmWknv2wDGWn5ko0FQ3gZqMpGFwPPPthN=mo",
        "userName": "Will Holt"
    },
    {
        "appVersion": "1.7",
        "at": "2022-05-31 13:54:26",
        "content": "I think it's an app well designed, full of interesting words and somehow motivation too, to excell in our everyday lives.\ud83d\udc4d",
        "repliedAt": null,
        "replyContent": null,
        "reviewCreatedVersion": "1.7",
        "reviewId": "ffedd46f-c376-4497-951a-6ac10d910565",
        "score": 5,
        "thumbsUpCount": 1,
        "userImage": "https://play-lh.googleusercontent.com/a-/ALV-UjXTtuElnhL8gxpLPlM1UfUK3xJXs1m8O4ug9uEhleK_WOQ",
        "userName": "Stallion"
    },
    {
        "appVersion": "1.7",
        "at": "2022-05-21 10:33:01",
        "content": "Excellent",
        "repliedAt": null,
        "replyContent": null,
        "reviewCreatedVersion": "1.7",
        "reviewId": "aaaea030-6fd7-44f3-af03-031097d5d745",
        "score": 5,
        "thumbsUpCount": 0,
        "userImage": "https://play-lh.googleusercontent.com/a-/ALV-UjW37RLjcBmudEpAUSqsuRYMbxqeEnaHG6EtjV7gdOOKoKMt",
        "userName": "King Suryanto"
    },
    {
        "appVersion": "1.7",
        "at": "2022-05-16 06:01:34",
        "content": "Great",
        "repliedAt": null,
        "replyContent": null,
        "reviewCreatedVersion": "1.7",
        "reviewId": "05bde1ac-f62f-416e-bf27-82fab23c8e11",
        "score": 5,
        "thumbsUpCount": 0,
        "userImage": "https://play-lh.googleusercontent.com/a-/ALV-UjVoiJ1hcAn5bkbCpZbVfk1eviUHVIp4Bj_Kitua2JbFepM",
        "userName": "Randall Banfield"
    },
    {
        "appVersion": "1.7",
        "at": "2022-04-09 02:12:01",
        "content": "It's great app love some the hacks",
        "repliedAt": null,
        "replyContent": null,
        "reviewCreatedVersion": "1.7",
        "reviewId": "a2d093ab-dc8a-4b4c-9bb5-d7a8479e5052",
        "score": 4,
        "thumbsUpCount": 0,
        "userImage": "https://play-lh.googleusercontent.com/a/ACg8ocKgS_fMYrE4e7aSgHEZCA8SBXzixqbwq67vB_kY-Bt5=mo",
        "userName": "bug White"
    },
    {
        "appVersion": null,
        "at": "2022-03-12 19:12:33",
        "content": "great app!!!",
        "repliedAt": null,
        "replyContent": null,
        "reviewCreatedVersion": null,
        "reviewId": "1d2b791d-b33b-43e7-b16c-f48392920518",
        "score": 5,
        "thumbsUpCount": 0,
        "userImage": "https://play-lh.googleusercontent.com/a-/ALV-UjWXRoquDOefvorf0m_5_HBgjBCG_ylclyKaWSv8RVMnFzQ",
        "userName": "Jean McCammond"
    },
    {
        "appVersion": "1.7",
        "at": "2022-02-06 04:59:26",
        "content": "I think it's very helpful and I think it's very encouraging and it's a good thing for people thank you so much have a nice day and a nice afternoon and a nice evening and sleep well at night thank you and I hope the Corona virus is not bothering your families maybe richly blessed and God bless you",
        "repliedAt": null,
        "replyContent": null,
        "reviewCreatedVersion": "1.7",
        "reviewId": "c36bdcc9-3259-4944-a5d1-bb5b074e32b2",
        "score": 4,
        "thumbsUpCount": 0,
        "userImage": "https://play-lh.googleusercontent.com/a/ACg8ocJmFH3iI2UqD65rt_vabrY6QlkxrFjGWDiyD2QD2Qv8=mo",
        "userName": "Cameo Swansonn Swansonn"
    },
    {
        "appVersion": "1.7",
        "at": "2022-01-17 17:41:55",
        "content": "Would have gave a five star but there was a lot of repeat life hacks",
        "repliedAt": null,
        "replyContent": null,
        "reviewCreatedVersion": "1.7",
        "reviewId": "4f6101e4-3d09-4b9e-b7ba-dde1384b84f0",
        "score": 4,
        "thumbsUpCount": 0,
        "userImage": "https://play-lh.googleusercontent.com/a-/ALV-UjWcqVljAswxesO-iPRpXhSvBPQmxDfU_NDGuEtU2qxibUQ",
        "userName": "Samantha Titus"
    },
    {
        "appVersion": "1.7",
        "at": "2022-01-05 03:23:13",
        "content": "Fun! I hope these work as good as they sound.",
        "repliedAt": null,
        "replyContent": null,
        "reviewCreatedVersion": "1.7",
        "reviewId": "7eb9d144-e279-4268-a8d1-6a55e85ef244",
        "score": 5,
        "thumbsUpCount": 0,
        "userImage": "https://play-lh.googleusercontent.com/a-/ALV-UjWJTZTvIzR8udYJtwMgBjBgKL96TamEksAGWW4JDE6pbhM",
        "userName": "Joe Curto"
    },
    {
        "appVersion": "1.7",
        "at": "2021-10-30 14:45:16",
        "content": "I love this App",
        "repliedAt": null,
        "replyContent": null,
        "reviewCreatedVersion": "1.7",
        "reviewId": "89feb21c-baf0-4f77-ab72-04dd3e863dcc",
        "score": 5,
        "thumbsUpCount": 0,
        "userImage": "https://play-lh.googleusercontent.com/a-/ALV-UjVmXKNOztZSKcWxXzMIH_RaHOvptTbd_qUVzQgf5HlwURQ",
        "userName": "Camille Hale"
    },
    {
        "appVersion": "1.7",
        "at": "2021-10-17 16:35:03",
        "content": "Brilliant",
        "repliedAt": null,
        "replyContent": null,
        "reviewCreatedVersion": "1.7",
        "reviewId": "62e2305b-27ae-4731-8443-f2bfec304507",
        "score": 5,
        "thumbsUpCount": 1,
        "userImage": "https://play-lh.googleusercontent.com/a/ACg8ocIIRt6yUJl-x_kuJyGo1zT9ggAXMfDtQj6u3FnDKrrb=mo",
        "userName": "Liz Disco"
    },
    {
        "appVersion": "1.7",
        "at": "2021-10-16 02:17:44",
        "content": "They are really smart",
        "repliedAt": null,
        "replyContent": null,
        "reviewCreatedVersion": "1.7",
        "reviewId": "73d03f22-4bde-4ed1-bfc9-c26214ada9cb",
        "score": 5,
        "thumbsUpCount": 0,
        "userImage": "https://play-lh.googleusercontent.com/a-/ALV-UjWFDgFcvQv-FVaGItXQE9uLzbIVgbJQaVoBFIP-AuYt4uU",
        "userName": "Seipati Mathule"
    },
    {
        "appVersion": "1.7",
        "at": "2021-10-04 16:28:53",
        "content": "I enjoy reading these tips and love the sense of humour with many of the tips, some of them made me laugh out loud....But it is an American app so doesn't apply to many things in England..but it's still a good read and I've picked up a few tips I'm going to try out.Thanks for the tips and thanks for the laughs.",
        "repliedAt": null,
        "replyContent": null,
        "reviewCreatedVersion": "1.7",
        "reviewId": "b8216f5b-3627-49d7-9521-c97ca17f8c7a",
        "score": 5,
        "thumbsUpCount": 10,
        "userImage": "https://play-lh.googleusercontent.com/a/ACg8ocJiPn3KOaXDSRp14fFQpNPEd8HpdKpo_BS1MRWrEQ88ijs=mo",
        "userName": "Sandra Eyre"
    },
    {
        "appVersion": "1.7",
        "at": "2021-09-24 00:57:32",
        "content": "best app ever i have seen no issues of lacking and ads",
        "repliedAt": null,
        "replyContent": null,
        "reviewCreatedVersion": "1.7",
        "reviewId": "8a03d846-a1db-44cf-95b0-ff1765b5f797",
        "score": 5,
        "thumbsUpCount": 1,
        "userImage": "https://play-lh.googleusercontent.com/a-/ALV-UjWTbbE75rpp0Wx4nSD5Zamhb1sZnFeya5lz0Rd8zleUaX8",
        "userName": "YUSUF CHHARCHHODA"
    },
    {
        "appVersion": null,
        "at": "2021-07-29 05:20:09",
        "content": "Off your wifi to not get adds. Tip",
        "repliedAt": null,
        "replyContent": null,
        "reviewCreatedVersion": null,
        "reviewId": "95130c98-d06b-46e3-ab91-678f7c511893",
        "score": 5,
        "thumbsUpCount": 1,
        "userImage": "https://play-lh.googleusercontent.com/a/ACg8ocKNH8eKHihTjowcjc2ulPsjk0Yg93FnVlNk19ZF3CZg=mo",
        "userName": "Jacob Wang"
    },
    {
        "appVersion": "1.7",
        "at": "2021-07-27 01:25:30",
        "content": "Very helpful",
        "repliedAt": null,
        "replyContent": null,
        "reviewCreatedVersion": "1.7",
        "reviewId": "77029800-0d47-483f-82c4-9370c3a5698a",
        "score": 5,
        "thumbsUpCount": 0,
        "userImage": "https://play-lh.googleusercontent.com/a-/ALV-UjU32pM-ouy1L2xA01WizmtjXLUOaXcK52VYpgUcHZUQNA",
        "userName": "Lion Gaming"
    },
    {
        "appVersion": null,
        "at": "2021-07-11 00:34:33",
        "content": "\ud83d\udc4d\ud83d\udc4d\ud83d\udc4d",
        "repliedAt": null,
        "replyContent": null,
        "reviewCreatedVersion": null,
        "reviewId": "ee0749f7-d9c2-4fe4-8258-ab68ea55c5f2",
        "score": 5,
        "thumbsUpCount": 0,
        "userImage": "https://play-lh.googleusercontent.com/a/ACg8ocIFlXduOqKman_g2gvqEENObNO7LwZmWgxSO7EgQRCS=mo",
        "userName": "mm 09"
    },
    {
        "appVersion": "1.7",
        "at": "2021-06-19 00:10:56",
        "content": "I'm amazed",
        "repliedAt": null,
        "replyContent": null,
        "reviewCreatedVersion": "1.7",
        "reviewId": "9ffea553-718c-46bd-8929-16f97e9a1df1",
        "score": 5,
        "thumbsUpCount": 0,
        "userImage": "https://play-lh.googleusercontent.com/a/ACg8ocKqBedJgJiM1xJ5hemeVSAhd2xm8h3KMUR6IguVa10C=mo",
        "userName": "Beaver Conan"
    },
    {
        "appVersion": "1.7",
        "at": "2021-05-25 19:48:19",
        "content": "Edutainment.",
        "repliedAt": null,
        "replyContent": null,
        "reviewCreatedVersion": "1.7",
        "reviewId": "9110d3ef-c703-4abf-9d86-64370216a1bf",
        "score": 5,
        "thumbsUpCount": 0,
        "userImage": "https://play-lh.googleusercontent.com/a/ACg8ocKz6A90BWLOJc2bOtzkUpDkg2klzTuF9liB4tZH9bvZ=mo",
        "userName": "J.F Hernandez"
    },
    {
        "appVersion": "1.7",
        "at": "2021-05-12 13:54:41",
        "content": "Ok",
        "repliedAt": null,
        "replyContent": null,
        "reviewCreatedVersion": "1.7",
        "reviewId": "d1018e60-68dc-4f9a-b265-ca913d207423",
        "score": 5,
        "thumbsUpCount": 0,
        "userImage": "https://play-lh.googleusercontent.com/a/ACg8ocKZH_Q_uwvIDkVQcZIaMmHv7NXN94lUMrns6E7Y7KEa=mo",
        "userName": "Bertin Rioux"
    },
    {
        "appVersion": "1.7",
        "at": "2021-04-19 00:31:52",
        "content": "Lame Not True",
        "repliedAt": null,
        "replyContent": null,
        "reviewCreatedVersion": "1.7",
        "reviewId": "16d46374-a19b-4f3e-9dea-1ed99a8bbe4c",
        "score": 1,
        "thumbsUpCount": 0,
        "userImage": "https://play-lh.googleusercontent.com/a/ACg8ocKA1_3V9kukRDFFSo3UDy20uUnciGVfdAAYr-Ktbjjr=mo",
        "userName": "Kevon Kelso"
    },
    {
        "appVersion": "1.7",
        "at": "2021-02-07 09:14:42",
        "content": "Awesome insights...n some quite hilarious!! Kudos",
        "repliedAt": null,
        "replyContent": null,
        "reviewCreatedVersion": "1.7",
        "reviewId": "77b5fce1-968f-4a39-9331-040dd95667ee",
        "score": 5,
        "thumbsUpCount": 0,
        "userImage": "https://play-lh.googleusercontent.com/a/ACg8ocJ_RbsBNso4uUlgTsNy3BknSz5Wle-D6giScInKonVv=mo",
        "userName": "Joyce Maina"
    },
    {
        "appVersion": null,
        "at": "2021-01-16 14:08:58",
        "content": "Love the great hacks",
        "repliedAt": null,
        "replyContent": null,
        "reviewCreatedVersion": null,
        "reviewId": "73394ba7-4376-4e95-91c9-29a273a9d02d",
        "score": 5,
        "thumbsUpCount": 1,
        "userImage": "https://play-lh.googleusercontent.com/a-/ALV-UjVaimfFkEociRRWUVbRXB4wJ8DH3ByLPvQRpAgQc25HKSM",
        "userName": "Theresa Fyffe"
    },
    {
        "appVersion": "1.7",
        "at": "2021-01-15 01:07:26",
        "content": "Helpfull and nice app\ud83d\ude0d",
        "repliedAt": null,
        "replyContent": null,
        "reviewCreatedVersion": "1.7",
        "reviewId": "7c9c7513-82db-4e03-92b9-f45d61b22d3f",
        "score": 5,
        "thumbsUpCount": 0,
        "userImage": "https://play-lh.googleusercontent.com/a-/ALV-UjVT7WWOzl5TG51BB3-0cZgWhfqOvQOVMoWDfLlLzJ9pAA",
        "userName": "Sundas Niazi"
    },
    {
        "appVersion": "1.7",
        "at": "2020-12-30 06:50:16",
        "content": "Very usefull",
        "repliedAt": null,
        "replyContent": null,
        "reviewCreatedVersion": "1.7",
        "reviewId": "756d394e-211e-405f-accf-a8326018d827",
        "score": 5,
        "thumbsUpCount": 0,
        "userImage": "https://play-lh.googleusercontent.com/a/ACg8ocJotxjttTYou9sFeOxaHeHli5H8IdYpnstub5dpinN0=mo",
        "userName": "Ken Davis"
    },
    {
        "appVersion": "1.7",
        "at": "2020-12-27 04:01:06",
        "content": "Everything in this app is copy pasted from another app. Terrible.",
        "repliedAt": null,
        "replyContent": null,
        "reviewCreatedVersion": "1.7",
        "reviewId": "71258d4f-17eb-4d63-9063-de904f241228",
        "score": 1,
        "thumbsUpCount": 1,
        "userImage": "https://play-lh.googleusercontent.com/a/ACg8ocIelWHrJNd-Yv5oFVfCQQWt4XBXcn85u1nFgwZ51x8d=mo",
        "userName": "Lunin V"
    },
    {
        "appVersion": null,
        "at": "2020-12-20 15:56:34",
        "content": "Outstanding app is it you make a best app",
        "repliedAt": null,
        "replyContent": null,
        "reviewCreatedVersion": null,
        "reviewId": "d062a5b9-682d-4244-826e-f8cab127f1c5",
        "score": 5,
        "thumbsUpCount": 0,
        "userImage": "https://play-lh.googleusercontent.com/a/ACg8ocIY4EodYbSRnyqYmFwI29uS7R9A0HHKUF392NSPUaOB=mo",
        "userName": "Gurdeep Kaur"
    },
    {
        "appVersion": "1.7",
        "at": "2020-12-20 12:48:15",
        "content": "Brilliant! I love it so useful!",
        "repliedAt": null,
        "replyContent": null,
        "reviewCreatedVersion": "1.7",
        "reviewId": "20f4852c-9e3f-43d7-a817-6b0cc5a1e6ea",
        "score": 5,
        "thumbsUpCount": 1,
        "userImage": "https://play-lh.googleusercontent.com/a-/ALV-UjUukreunBiQgGAusKs92NweJ6f7lP7ZzFIS-6-btyd8",
        "userName": "George Day"
    },
    {
        "appVersion": "1.7",
        "at": "2020-12-10 23:43:33",
        "content": "It is okay. Some hacks are not accurate. No search option. Some are useful. YMMV.",
        "repliedAt": null,
        "replyContent": null,
        "reviewCreatedVersion": "1.7",
        "reviewId": "7c4f2620-503c-4278-8bcf-1f64c096f5f3",
        "score": 3,
        "thumbsUpCount": 4,
        "userImage": "https://play-lh.googleusercontent.com/a-/ALV-UjXxFGxWoXofrRKlF6EG57TZWbor08l3q9yQIpD134JAvDU",
        "userName": "Mark Pescatrice"
    },
    {
        "appVersion": "1.7",
        "at": "2020-10-19 12:54:17",
        "content": "It's good although some seem fake \ud83d\ude05",
        "repliedAt": null,
        "replyContent": null,
        "reviewCreatedVersion": "1.7",
        "reviewId": "5fc5bab3-ed7c-47fa-a22e-70dcf38aa5ce",
        "score": 3,
        "thumbsUpCount": 0,
        "userImage": "https://play-lh.googleusercontent.com/a-/ALV-UjWdY8aYFv6_nc0wy-i9PGB__nqG_o9EunaghLUiBXM1ig",
        "userName": "Kundai Chiweshe"
    },
    {
        "appVersion": "1.7",
        "at": "2020-09-15 09:17:43",
        "content": "Most of things really work if not all.",
        "repliedAt": null,
        "replyContent": null,
        "reviewCreatedVersion": "1.7",
        "reviewId": "d24d6799-7d26-4109-b5ff-6d02b7c76cb3",
        "score": 5,
        "thumbsUpCount": 0,
        "userImage": "https://play-lh.googleusercontent.com/a-/ALV-UjVyJJTwtNMRsdkMCyfLqAyGQbVGuxVjCWt6CEb0ElI43Pc",
        "userName": "Bonnie Stanford"
    },
    {
        "appVersion": "1.7",
        "at": "2020-09-09 14:01:11",
        "content": "Niy",
        "repliedAt": null,
        "replyContent": null,
        "reviewCreatedVersion": "1.7",
        "reviewId": "3a68cbc0-3fea-40f3-bacd-57ee7783f38e",
        "score": 5,
        "thumbsUpCount": 0,
        "userImage": "https://play-lh.googleusercontent.com/a-/ALV-UjUhTc9siBUeyIz_rEsq8i8G7kvxZZE7j4VDALQLfyIhwQ",
        "userName": "Gulfam Ali"
    },
    {
        "appVersion": "1.7",
        "at": "2020-09-09 02:04:09",
        "content": "Good and best tips app but you have to give more tips.",
        "repliedAt": null,
        "replyContent": null,
        "reviewCreatedVersion": "1.7",
        "reviewId": "a5721c0d-525b-4567-bbb2-6ba57f505b28",
        "score": 4,
        "thumbsUpCount": 0,
        "userImage": "https://play-lh.googleusercontent.com/a-/ALV-UjXMpKquOuFeBpp5xwfJsRPMXkvzTIUdCXEzoZ9azpyzBw",
        "userName": "Ashalatha 39"
    },
    {
        "appVersion": "1.7",
        "at": "2020-09-09 01:01:00",
        "content": "I love this app it has everything i need its really helpful.",
        "repliedAt": null,
        "replyContent": null,
        "reviewCreatedVersion": "1.7",
        "reviewId": "07246b26-63c0-4561-82f0-ae3d2a45059e",
        "score": 5,
        "thumbsUpCount": 1,
        "userImage": "https://play-lh.googleusercontent.com/a-/ALV-UjWcfx8EKY5AociwRtiYeR84b2RW5QFwj0742rEixKn0N2xr",
        "userName": "jaim maquiling"
    },
    {
        "appVersion": "1.7",
        "at": "2020-09-07 15:03:32",
        "content": "Love the app great facts to try",
        "repliedAt": null,
        "replyContent": null,
        "reviewCreatedVersion": "1.7",
        "reviewId": "68df711a-b0a0-484c-b370-078077b7019f",
        "score": 4,
        "thumbsUpCount": 0,
        "userImage": "https://play-lh.googleusercontent.com/a-/ALV-UjXj6Kl-147TCybAQG26IFtF914U-bKwkE1VE5ZL7082q4g",
        "userName": "Brian Gardner"
    },
    {
        "appVersion": "1.7",
        "at": "2020-09-02 00:16:19",
        "content": "This app is very good for us because its give some tips for our life and change our habits. This app company is a very good and respectable company",
        "repliedAt": null,
        "replyContent": null,
        "reviewCreatedVersion": "1.7",
        "reviewId": "024ed72e-7875-43b1-bc52-749d3a4cf65f",
        "score": 5,
        "thumbsUpCount": 9,
        "userImage": "https://play-lh.googleusercontent.com/a/ACg8ocLOQD0V1ZMeAfFYJ7HA0ivfJoOgtkSqqiLM_vYTM07A=mo",
        "userName": "Muzammil Khan"
    },
    {
        "appVersion": "1.7",
        "at": "2020-08-30 03:18:04",
        "content": "Great",
        "repliedAt": null,
        "replyContent": null,
        "reviewCreatedVersion": "1.7",
        "reviewId": "e990793a-867e-496b-92ad-5b97a2cc3ffd",
        "score": 3,
        "thumbsUpCount": 0,
        "userImage": "https://play-lh.googleusercontent.com/a/ACg8ocL7pfGL2y4vt6-iYTd5JYI0skGUPESEypnu2TQmPOxt=mo",
        "userName": "Markhill Fuente"
    },
    {
        "appVersion": "1.7",
        "at": "2020-08-23 00:55:32",
        "content": "USA focused not UK sadly. I do wonder how many of these are true but there's a few I'd used prior to looking at this app and I know they work...these have got to be worth a go!",
        "repliedAt": null,
        "replyContent": null,
        "reviewCreatedVersion": "1.7",
        "reviewId": "057bad96-99cc-436e-b929-129473494748",
        "score": 4,
        "thumbsUpCount": 4,
        "userImage": "https://play-lh.googleusercontent.com/a/ACg8ocKpbpTiUIG_DGqj-vCLj1Hd8FWzXu0kQRxWjvHmTASk=mo",
        "userName": "C L"
    },
    {
        "appVersion": "1.7",
        "at": "2020-08-22 21:29:24",
        "content": "Not too bad",
        "repliedAt": null,
        "replyContent": null,
        "reviewCreatedVersion": "1.7",
        "reviewId": "ef015f89-afe5-444f-9578-877d14524be3",
        "score": 3,
        "thumbsUpCount": 0,
        "userImage": "https://play-lh.googleusercontent.com/a/ACg8ocLeq_p1KW6eZz3vw6Ok33G0NUBYK7Yt3T-V8oOUf_ft=mo",
        "userName": "Gabriel Odunayo"
    },
    {
        "appVersion": "1.7",
        "at": "2020-08-21 01:09:53",
        "content": "I love dis app. \ud83d\ude00\ud83d\ude0e\ud83d\udc9e\ud83d\udc4d",
        "repliedAt": null,
        "replyContent": null,
        "reviewCreatedVersion": "1.7",
        "reviewId": "3aa14086-a1f9-474d-b161-9b1f4bbb62b9",
        "score": 5,
        "thumbsUpCount": 0,
        "userImage": "https://play-lh.googleusercontent.com/a-/ALV-UjXb6lfIaPF1eUPcYpzI85ojTeb80I-Pz5zw0eBiZkdt9w",
        "userName": "ESTHER OTABIL"
    },
    {
        "appVersion": "1.7",
        "at": "2020-08-18 19:52:12",
        "content": "It has some great ideas and some not so great ideas",
        "repliedAt": null,
        "replyContent": null,
        "reviewCreatedVersion": "1.7",
        "reviewId": "d42cda67-b3c7-4def-be46-7507bea1256d",
        "score": 3,
        "thumbsUpCount": 0,
        "userImage": "https://play-lh.googleusercontent.com/a-/ALV-UjVYmokWl9nfjrCpsTgZwwd-VRHky65mKgBPFSOcsxcAyFQ",
        "userName": "Leiaaaxo"
    },
    {
        "appVersion": "1.7",
        "at": "2020-08-05 11:08:41",
        "content": "It thought me many hacks but they must change its background and add some sections , features \u2764\ufe0f but its a cool app",
        "repliedAt": null,
        "replyContent": null,
        "reviewCreatedVersion": "1.7",
        "reviewId": "af8751d9-8301-429e-806e-d02dabf1bcc8",
        "score": 5,
        "thumbsUpCount": 0,
        "userImage": "https://play-lh.googleusercontent.com/a-/ALV-UjWE41SotNNq-HGkZy-ic8WzOWhJIlnl-_fJTBpaIulbcw",
        "userName": "Lil Th 467"
    },
    {
        "appVersion": "1.7",
        "at": "2020-06-26 00:08:48",
        "content": "Itz nice",
        "repliedAt": null,
        "replyContent": null,
        "reviewCreatedVersion": "1.7",
        "reviewId": "865f1cf4-469d-4b78-b565-af857bebf140",
        "score": 3,
        "thumbsUpCount": 0,
        "userImage": "https://play-lh.googleusercontent.com/a-/ALV-UjUagE6Ko8nnfIyNyumUscQ0uWYV3DT0tNCfJHtkBflLTgc",
        "userName": "Flexy Fusions"
    },
    {
        "appVersion": "1.7",
        "at": "2020-06-19 06:01:32",
        "content": "Very good",
        "repliedAt": null,
        "replyContent": null,
        "reviewCreatedVersion": "1.7",
        "reviewId": "d528fded-125d-4f0e-b322-dfe0358a5635",
        "score": 5,
        "thumbsUpCount": 0,
        "userImage": "https://play-lh.googleusercontent.com/a/ACg8ocLliyaiPD-23C41IiTjiUAW0ZEvLBjWHjudSryyafP_=mo",
        "userName": "Charmel Yosores"
    },
    {
        "appVersion": "1.7",
        "at": "2020-06-13 23:29:32",
        "content": "Great ideas!",
        "repliedAt": null,
        "replyContent": null,
        "reviewCreatedVersion": "1.7",
        "reviewId": "c609804a-d16c-4d31-9d83-a8a79d289a0f",
        "score": 5,
        "thumbsUpCount": 0,
        "userImage": "https://play-lh.googleusercontent.com/a/ACg8ocJjPyi-fgAa91cd-RUaVfXnPphhlGRrbGmg93xp7TcW=mo",
        "userName": "Katrina Becker"
    },
    {
        "appVersion": "1.7",
        "at": "2020-05-30 11:42:56",
        "content": "Love it! A great app in my opinion.",
        "repliedAt": null,
        "replyContent": null,
        "reviewCreatedVersion": "1.7",
        "reviewId": "eecccd75-d531-486a-a5e1-f59311b3890b",
        "score": 5,
        "thumbsUpCount": 0,
        "userImage": "https://play-lh.googleusercontent.com/a/ACg8ocIjnPPC-UVRY4ZPAzfjSw9xD3EPdKFAJvcPafznkCCY=mo",
        "userName": "Geoffrey Jonathan Wilson"
    },
    {
        "appVersion": "1.7",
        "at": "2020-05-19 03:58:33",
        "content": "Amazing awesome app I LOVE IT!!",
        "repliedAt": null,
        "replyContent": null,
        "reviewCreatedVersion": "1.7",
        "reviewId": "4ef85d72-f4bc-46ba-9334-0cba257319a4",
        "score": 5,
        "thumbsUpCount": 0,
        "userImage": "https://play-lh.googleusercontent.com/a/ACg8ocJlt-xjaS_a02bmjFJuq0bHorKcHJzhDHmuJh33hnl0=mo",
        "userName": "Ralf A"
    },
    {
        "appVersion": "1.7",
        "at": "2020-05-18 01:03:28",
        "content": "It is seaching where you let off, when i go to it, i have to start from the beginning. That frustrate me.",
        "repliedAt": null,
        "replyContent": null,
        "reviewCreatedVersion": "1.7",
        "reviewId": "59bf45ea-ccf1-4b69-9786-3871a5af5eb4",
        "score": 3,
        "thumbsUpCount": 7,
        "userImage": "https://play-lh.googleusercontent.com/a/ACg8ocI3QO2HAqu_JWEZ6FF8urPlc1WuAU5kW8fYl0uU3do=mo",
        "userName": "Paul Rodan"
    },
    {
        "appVersion": "1.7",
        "at": "2020-05-16 09:03:45",
        "content": "I love it. there are very few ads. I recommend this app.",
        "repliedAt": null,
        "replyContent": null,
        "reviewCreatedVersion": "1.7",
        "reviewId": "8f80d563-09e3-4432-98fb-eeca3469999d",
        "score": 5,
        "thumbsUpCount": 0,
        "userImage": "https://play-lh.googleusercontent.com/a-/ALV-UjVnSkfFmiYrudwAXAyAsZHNZ_rEfIjGoHVrJsxEJEY0ZQ",
        "userName": "Biruk Amha"
    },
    {
        "appVersion": "1.7",
        "at": "2020-05-03 11:24:19",
        "content": "This app change my life",
        "repliedAt": null,
        "replyContent": null,
        "reviewCreatedVersion": "1.7",
        "reviewId": "550de4ea-98a5-48db-bf65-af7eec352542",
        "score": 5,
        "thumbsUpCount": 0,
        "userImage": "https://play-lh.googleusercontent.com/a/ACg8ocIVV3yWVMw34wk9YCk6HtxnEF1A5385GJSlOiOGXPj6=mo",
        "userName": "Anjna Pal"
    },
    {
        "appVersion": null,
        "at": "2020-04-29 13:13:04",
        "content": "Its a nyc app I learn many new things frm here.",
        "repliedAt": null,
        "replyContent": null,
        "reviewCreatedVersion": null,
        "reviewId": "d6d06f2b-04c9-4221-ada7-df5abfcdae16",
        "score": 3,
        "thumbsUpCount": 0,
        "userImage": "https://play-lh.googleusercontent.com/a-/ALV-UjXlczzeB9rgMX_FMkQSg6Cd9olBZZcWU-Hh9FqR__GyblY",
        "userName": "\u1d0d\u1d05 \ua731\u1d00\u1d0b\u026a\u029f \u1d00\u1d0b\u029c\u1d1b\u1d00\u0280"
    },
    {
        "appVersion": "1.7",
        "at": "2020-04-26 04:03:08",
        "content": "It is informative...",
        "repliedAt": null,
        "replyContent": null,
        "reviewCreatedVersion": "1.7",
        "reviewId": "6d435453-f13e-4ac4-bbeb-746197cee8bf",
        "score": 5,
        "thumbsUpCount": 0,
        "userImage": "https://play-lh.googleusercontent.com/EGemoI2NTXmTsBVtJqk8jxF9rh8ApRWfsIMQSt2uE4OcpQqbFu7f7NbTK05lx80nuSijCz7sc3a277R67g",
        "userName": "A Google user"
    },
    {
        "appVersion": "1.7",
        "at": "2020-04-23 10:43:20",
        "content": "Incredible",
        "repliedAt": null,
        "replyContent": null,
        "reviewCreatedVersion": "1.7",
        "reviewId": "8cedfc56-bde7-4c39-a4ac-14861b728659",
        "score": 3,
        "thumbsUpCount": 0,
        "userImage": "https://play-lh.googleusercontent.com/EGemoI2NTXmTsBVtJqk8jxF9rh8ApRWfsIMQSt2uE4OcpQqbFu7f7NbTK05lx80nuSijCz7sc3a277R67g",
        "userName": "A Google user"
    },
    {
        "appVersion": "1.7",
        "at": "2020-04-09 10:08:46",
        "content": "It has really helped me a lot",
        "repliedAt": null,
        "replyContent": null,
        "reviewCreatedVersion": "1.7",
        "reviewId": "ce3954d0-b58a-4feb-991a-83d2abe9746a",
        "score": 5,
        "thumbsUpCount": 1,
        "userImage": "https://play-lh.googleusercontent.com/EGemoI2NTXmTsBVtJqk8jxF9rh8ApRWfsIMQSt2uE4OcpQqbFu7f7NbTK05lx80nuSijCz7sc3a277R67g",
        "userName": "A Google user"
    },
    {
        "appVersion": "1.7",
        "at": "2020-03-16 13:31:55",
        "content": "I\ud83d\ude0d this app. It teaches lessons on ur day to day experience",
        "repliedAt": null,
        "replyContent": null,
        "reviewCreatedVersion": "1.7",
        "reviewId": "c55a3a35-20af-46ac-a88b-0b3c5ba3824e",
        "score": 1,
        "thumbsUpCount": 0,
        "userImage": "https://play-lh.googleusercontent.com/EGemoI2NTXmTsBVtJqk8jxF9rh8ApRWfsIMQSt2uE4OcpQqbFu7f7NbTK05lx80nuSijCz7sc3a277R67g",
        "userName": "A Google user"
    },
    {
        "appVersion": "1.7",
        "at": "2020-03-16 09:05:29",
        "content": "I thought this was another little lie but it wasnt",
        "repliedAt": null,
        "replyContent": null,
        "reviewCreatedVersion": "1.7",
        "reviewId": "9510e8c7-6ae2-4b3d-9d74-f1758c82f9c2",
        "score": 5,
        "thumbsUpCount": 0,
        "userImage": "https://play-lh.googleusercontent.com/EGemoI2NTXmTsBVtJqk8jxF9rh8ApRWfsIMQSt2uE4OcpQqbFu7f7NbTK05lx80nuSijCz7sc3a277R67g",
        "userName": "A Google user"
    },
    {
        "appVersion": "1.7",
        "at": "2020-03-14 13:30:31",
        "content": "Great",
        "repliedAt": null,
        "replyContent": null,
        "reviewCreatedVersion": "1.7",
        "reviewId": "efa7a73d-0d9a-4ae2-8073-7fc0110e2a3f",
        "score": 5,
        "thumbsUpCount": 0,
        "userImage": "https://play-lh.googleusercontent.com/EGemoI2NTXmTsBVtJqk8jxF9rh8ApRWfsIMQSt2uE4OcpQqbFu7f7NbTK05lx80nuSijCz7sc3a277R67g",
        "userName": "A Google user"
    },
    {
        "appVersion": "1.7",
        "at": "2020-03-05 23:58:14",
        "content": "Very resorcefull",
        "repliedAt": null,
        "replyContent": null,
        "reviewCreatedVersion": "1.7",
        "reviewId": "50ccc156-f31b-4616-bd57-a9016ec07dbf",
        "score": 5,
        "thumbsUpCount": 0,
        "userImage": "https://play-lh.googleusercontent.com/EGemoI2NTXmTsBVtJqk8jxF9rh8ApRWfsIMQSt2uE4OcpQqbFu7f7NbTK05lx80nuSijCz7sc3a277R67g",
        "userName": "A Google user"
    },
    {
        "appVersion": "1.7",
        "at": "2020-02-28 15:20:21",
        "content": "Some of tips are very awesome for me not only use to myself but also sharing to other people's and I've got the lot of knowledge in this app so love it keep it real",
        "repliedAt": null,
        "replyContent": null,
        "reviewCreatedVersion": "1.7",
        "reviewId": "ddb91cdb-affd-4d9f-b25f-a98d1d9b93d9",
        "score": 3,
        "thumbsUpCount": 11,
        "userImage": "https://play-lh.googleusercontent.com/EGemoI2NTXmTsBVtJqk8jxF9rh8ApRWfsIMQSt2uE4OcpQqbFu7f7NbTK05lx80nuSijCz7sc3a277R67g",
        "userName": "A Google user"
    },
    {
        "appVersion": "1.7",
        "at": "2020-02-22 10:24:27",
        "content": "Cool little app, has a few nifty hacks inside",
        "repliedAt": null,
        "replyContent": null,
        "reviewCreatedVersion": "1.7",
        "reviewId": "8a758e54-492a-4b05-a83d-de4bfb000a85",
        "score": 4,
        "thumbsUpCount": 1,
        "userImage": "https://play-lh.googleusercontent.com/EGemoI2NTXmTsBVtJqk8jxF9rh8ApRWfsIMQSt2uE4OcpQqbFu7f7NbTK05lx80nuSijCz7sc3a277R67g",
        "userName": "A Google user"
    },
    {
        "appVersion": "1.7",
        "at": "2020-02-13 01:58:25",
        "content": "Nice.. And useful\ud83d\ude04",
        "repliedAt": null,
        "replyContent": null,
        "reviewCreatedVersion": "1.7",
        "reviewId": "44e5e662-8b74-43c6-b580-1706b8c8ddd1",
        "score": 3,
        "thumbsUpCount": 0,
        "userImage": "https://play-lh.googleusercontent.com/EGemoI2NTXmTsBVtJqk8jxF9rh8ApRWfsIMQSt2uE4OcpQqbFu7f7NbTK05lx80nuSijCz7sc3a277R67g",
        "userName": "A Google user"
    },
    {
        "appVersion": "1.7",
        "at": "2020-01-29 21:01:11",
        "content": "Very interesting tidbits",
        "repliedAt": null,
        "replyContent": null,
        "reviewCreatedVersion": "1.7",
        "reviewId": "5691cbb7-4393-471e-98db-21eca2ce5ce4",
        "score": 5,
        "thumbsUpCount": 0,
        "userImage": "https://play-lh.googleusercontent.com/EGemoI2NTXmTsBVtJqk8jxF9rh8ApRWfsIMQSt2uE4OcpQqbFu7f7NbTK05lx80nuSijCz7sc3a277R67g",
        "userName": "A Google user"
    },
    {
        "appVersion": "1.7",
        "at": "2020-01-22 20:57:37",
        "content": "Some of the tips are just amazing! Very few ads. Favourites can be saved. (This is literally the first time I've loved an app so much I've given an immediate review!)",
        "repliedAt": null,
        "replyContent": null,
        "reviewCreatedVersion": "1.7",
        "reviewId": "3ba36c2b-8f6c-4c58-835d-7f9a4f314162",
        "score": 5,
        "thumbsUpCount": 45,
        "userImage": "https://play-lh.googleusercontent.com/EGemoI2NTXmTsBVtJqk8jxF9rh8ApRWfsIMQSt2uE4OcpQqbFu7f7NbTK05lx80nuSijCz7sc3a277R67g",
        "userName": "A Google user"
    },
    {
        "appVersion": "1.7",
        "at": "2020-01-20 21:10:13",
        "content": "Something you would never think",
        "repliedAt": null,
        "replyContent": null,
        "reviewCreatedVersion": "1.7",
        "reviewId": "d21c2a82-147b-4c31-bbab-2b6bc0557d61",
        "score": 5,
        "thumbsUpCount": 0,
        "userImage": "https://play-lh.googleusercontent.com/EGemoI2NTXmTsBVtJqk8jxF9rh8ApRWfsIMQSt2uE4OcpQqbFu7f7NbTK05lx80nuSijCz7sc3a277R67g",
        "userName": "A Google user"
    },
    {
        "appVersion": "1.7",
        "at": "2020-01-14 02:02:54",
        "content": "There is some pretty cool life hacks here.",
        "repliedAt": null,
        "replyContent": null,
        "reviewCreatedVersion": "1.7",
        "reviewId": "5b3bc6a6-0e33-4b17-9fe4-11ff9a87f5ab",
        "score": 5,
        "thumbsUpCount": 0,
        "userImage": "https://play-lh.googleusercontent.com/EGemoI2NTXmTsBVtJqk8jxF9rh8ApRWfsIMQSt2uE4OcpQqbFu7f7NbTK05lx80nuSijCz7sc3a277R67g",
        "userName": "A Google user"
    },
    {
        "appVersion": "1.7",
        "at": "2020-01-12 23:02:46",
        "content": "Runs out of new hacks too soon. K",
        "repliedAt": null,
        "replyContent": null,
        "reviewCreatedVersion": "1.7",
        "reviewId": "3b0519b4-f508-4e87-9f8e-2581c2f080f0",
        "score": 3,
        "thumbsUpCount": 0,
        "userImage": "https://play-lh.googleusercontent.com/EGemoI2NTXmTsBVtJqk8jxF9rh8ApRWfsIMQSt2uE4OcpQqbFu7f7NbTK05lx80nuSijCz7sc3a277R67g",
        "userName": "A Google user"
    },
    {
        "appVersion": "1.7",
        "at": "2019-12-08 05:10:04",
        "content": "Great",
        "repliedAt": null,
        "replyContent": null,
        "reviewCreatedVersion": "1.7",
        "reviewId": "9a7ef213-63e9-4354-8a53-6ce657c261d0",
        "score": 5,
        "thumbsUpCount": 0,
        "userImage": "https://play-lh.googleusercontent.com/EGemoI2NTXmTsBVtJqk8jxF9rh8ApRWfsIMQSt2uE4OcpQqbFu7f7NbTK05lx80nuSijCz7sc3a277R67g",
        "userName": "A Google user"
    },
    {
        "appVersion": "1.7",
        "at": "2019-11-08 22:18:30",
        "content": "This app more burst then another apps",
        "repliedAt": null,
        "replyContent": null,
        "reviewCreatedVersion": "1.7",
        "reviewId": "4a301a74-35a6-4d8d-990e-024c5216f933",
        "score": 5,
        "thumbsUpCount": 1,
        "userImage": "https://play-lh.googleusercontent.com/EGemoI2NTXmTsBVtJqk8jxF9rh8ApRWfsIMQSt2uE4OcpQqbFu7f7NbTK05lx80nuSijCz7sc3a277R67g",
        "userName": "A Google user"
    },
    {
        "appVersion": "1.7",
        "at": "2019-10-10 01:34:46",
        "content": "Awesome learned lots!!",
        "repliedAt": null,
        "replyContent": null,
        "reviewCreatedVersion": "1.7",
        "reviewId": "514fe8cc-976b-4f51-a2d2-d73474352344",
        "score": 4,
        "thumbsUpCount": 0,
        "userImage": "https://play-lh.googleusercontent.com/EGemoI2NTXmTsBVtJqk8jxF9rh8ApRWfsIMQSt2uE4OcpQqbFu7f7NbTK05lx80nuSijCz7sc3a277R67g",
        "userName": "A Google user"
    },
    {
        "appVersion": "1.7",
        "at": "2019-10-02 10:45:49",
        "content": "Love it.",
        "repliedAt": null,
        "replyContent": null,
        "reviewCreatedVersion": "1.7",
        "reviewId": "f962267a-248b-4950-ba9d-6d57df8f7ec5",
        "score": 5,
        "thumbsUpCount": 0,
        "userImage": "https://play-lh.googleusercontent.com/EGemoI2NTXmTsBVtJqk8jxF9rh8ApRWfsIMQSt2uE4OcpQqbFu7f7NbTK05lx80nuSijCz7sc3a277R67g",
        "userName": "A Google user"
    },
    {
        "appVersion": "1.7",
        "at": "2019-09-26 05:49:52",
        "content": "Its great.",
        "repliedAt": null,
        "replyContent": null,
        "reviewCreatedVersion": "1.7",
        "reviewId": "fe9417bf-d9db-4b3e-b8cb-030a6975932a",
        "score": 5,
        "thumbsUpCount": 0,
        "userImage": "https://play-lh.googleusercontent.com/EGemoI2NTXmTsBVtJqk8jxF9rh8ApRWfsIMQSt2uE4OcpQqbFu7f7NbTK05lx80nuSijCz7sc3a277R67g",
        "userName": "A Google user"
    },
    {
        "appVersion": "1.7",
        "at": "2019-08-07 03:13:44",
        "content": "ridiculous - you have to see an ad in order to finish EVERY SINGLE HACK as if thats not enough after you read the hack you hit back button and yet another! bs waaay to many ads shoved down your throat",
        "repliedAt": null,
        "replyContent": null,
        "reviewCreatedVersion": "1.7",
        "reviewId": "957ae807-1f5f-480f-9894-bc72ce3705d4",
        "score": 1,
        "thumbsUpCount": 20,
        "userImage": "https://play-lh.googleusercontent.com/EGemoI2NTXmTsBVtJqk8jxF9rh8ApRWfsIMQSt2uE4OcpQqbFu7f7NbTK05lx80nuSijCz7sc3a277R67g",
        "userName": "A Google user"
    },
    {
        "appVersion": "1.6",
        "at": "2019-05-28 17:04:46",
        "content": "Good",
        "repliedAt": null,
        "replyContent": null,
        "reviewCreatedVersion": "1.6",
        "reviewId": "380f188e-3be7-44bd-be0c-00d4272a90af",
        "score": 5,
        "thumbsUpCount": 0,
        "userImage": "https://play-lh.googleusercontent.com/EGemoI2NTXmTsBVtJqk8jxF9rh8ApRWfsIMQSt2uE4OcpQqbFu7f7NbTK05lx80nuSijCz7sc3a277R67g",
        "userName": "A Google user"
    },
    {
        "appVersion": null,
        "at": "2019-05-25 16:18:52",
        "content": "great stuff to learn",
        "repliedAt": null,
        "replyContent": null,
        "reviewCreatedVersion": null,
        "reviewId": "fca7b861-9e40-4cea-86b0-d6fa28023052",
        "score": 5,
        "thumbsUpCount": 0,
        "userImage": "https://play-lh.googleusercontent.com/EGemoI2NTXmTsBVtJqk8jxF9rh8ApRWfsIMQSt2uE4OcpQqbFu7f7NbTK05lx80nuSijCz7sc3a277R67g",
        "userName": "A Google user"
    },
    {
        "appVersion": "1.6",
        "at": "2019-04-22 00:28:22",
        "content": "learned some verry usefull things",
        "repliedAt": null,
        "replyContent": null,
        "reviewCreatedVersion": "1.6",
        "reviewId": "e922d6fd-897e-4bd3-bc59-a917d4ed5fb4",
        "score": 4,
        "thumbsUpCount": 0,
        "userImage": "https://play-lh.googleusercontent.com/EGemoI2NTXmTsBVtJqk8jxF9rh8ApRWfsIMQSt2uE4OcpQqbFu7f7NbTK05lx80nuSijCz7sc3a277R67g",
        "userName": "A Google user"
    },
    {
        "appVersion": "1.6",
        "at": "2019-04-03 11:05:31",
        "content": "good app",
        "repliedAt": null,
        "replyContent": null,
        "reviewCreatedVersion": "1.6",
        "reviewId": "ca47fe22-9dfa-4c89-8d32-d90ee2ccd4fb",
        "score": 3,
        "thumbsUpCount": 0,
        "userImage": "https://play-lh.googleusercontent.com/EGemoI2NTXmTsBVtJqk8jxF9rh8ApRWfsIMQSt2uE4OcpQqbFu7f7NbTK05lx80nuSijCz7sc3a277R67g",
        "userName": "A Google user"
    },
    {
        "appVersion": "1.5",
        "at": "2019-03-23 07:38:19",
        "content": "I have a suggestion to make, though It is a great app, and I like the contents it has. the suggestion is that an app like this should have daily reminder or notification option. daily reminder option will keep users in touch with learning, and consistent. please do consider adding this feature to your educational and informative apps. regards.",
        "repliedAt": null,
        "replyContent": null,
        "reviewCreatedVersion": "1.5",
        "reviewId": "80bb93e1-76a7-4f8b-a928-6bf7e84507d9",
        "score": 4,
        "thumbsUpCount": 73,
        "userImage": "https://play-lh.googleusercontent.com/EGemoI2NTXmTsBVtJqk8jxF9rh8ApRWfsIMQSt2uE4OcpQqbFu7f7NbTK05lx80nuSijCz7sc3a277R67g",
        "userName": "A Google user"
    },
    {
        "appVersion": "1.5",
        "at": "2019-03-13 12:49:40",
        "content": "Amazing and interesting life hacks!",
        "repliedAt": null,
        "replyContent": null,
        "reviewCreatedVersion": "1.5",
        "reviewId": "88c7ab59-6b70-41fa-bcc8-5cafa2824e2d",
        "score": 5,
        "thumbsUpCount": 0,
        "userImage": "https://play-lh.googleusercontent.com/EGemoI2NTXmTsBVtJqk8jxF9rh8ApRWfsIMQSt2uE4OcpQqbFu7f7NbTK05lx80nuSijCz7sc3a277R67g",
        "userName": "A Google user"
    },
    {
        "appVersion": "1.5",
        "at": "2019-03-01 23:55:11",
        "content": "I'm not any dumber. I'm glad to know all that i can. Alot of good stuff in this app.",
        "repliedAt": null,
        "replyContent": null,
        "reviewCreatedVersion": "1.5",
        "reviewId": "84f8f1c7-f127-41d9-8756-312ca8116462",
        "score": 5,
        "thumbsUpCount": 2,
        "userImage": "https://play-lh.googleusercontent.com/EGemoI2NTXmTsBVtJqk8jxF9rh8ApRWfsIMQSt2uE4OcpQqbFu7f7NbTK05lx80nuSijCz7sc3a277R67g",
        "userName": "A Google user"
    },
    {
        "appVersion": null,
        "at": "2019-02-23 12:03:48",
        "content": "it is dope especially the hack about technology",
        "repliedAt": null,
        "replyContent": null,
        "reviewCreatedVersion": null,
        "reviewId": "222cd10d-e1ae-4bfc-b1a1-b06f8017ff46",
        "score": 3,
        "thumbsUpCount": 0,
        "userImage": "https://play-lh.googleusercontent.com/EGemoI2NTXmTsBVtJqk8jxF9rh8ApRWfsIMQSt2uE4OcpQqbFu7f7NbTK05lx80nuSijCz7sc3a277R67g",
        "userName": "A Google user"
    },
    {
        "appVersion": "1.5",
        "at": "2019-02-17 08:21:34",
        "content": "Cool!",
        "repliedAt": null,
        "replyContent": null,
        "reviewCreatedVersion": "1.5",
        "reviewId": "acdabcc0-1115-4e1b-8c1e-fd471b4b2c34",
        "score": 4,
        "thumbsUpCount": 1,
        "userImage": "https://play-lh.googleusercontent.com/EGemoI2NTXmTsBVtJqk8jxF9rh8ApRWfsIMQSt2uE4OcpQqbFu7f7NbTK05lx80nuSijCz7sc3a277R67g",
        "userName": "A Google user"
    },
    {
        "appVersion": "1.5",
        "at": "2019-02-15 23:26:22",
        "content": "dreadful load of ads",
        "repliedAt": null,
        "replyContent": null,
        "reviewCreatedVersion": "1.5",
        "reviewId": "3a5a5eaa-d7c0-4d3d-9982-b11272f8b247",
        "score": 1,
        "thumbsUpCount": 5,
        "userImage": "https://play-lh.googleusercontent.com/EGemoI2NTXmTsBVtJqk8jxF9rh8ApRWfsIMQSt2uE4OcpQqbFu7f7NbTK05lx80nuSijCz7sc3a277R67g",
        "userName": "A Google user"
    },
    {
        "appVersion": null,
        "at": "2019-02-10 16:44:17",
        "content": "it great hate the ads tho get rid of them please",
        "repliedAt": null,
        "replyContent": null,
        "reviewCreatedVersion": null,
        "reviewId": "d958b39d-cd8b-45c4-af61-bdaddbc2ef5b",
        "score": 5,
        "thumbsUpCount": 0,
        "userImage": "https://play-lh.googleusercontent.com/EGemoI2NTXmTsBVtJqk8jxF9rh8ApRWfsIMQSt2uE4OcpQqbFu7f7NbTK05lx80nuSijCz7sc3a277R67g",
        "userName": "A Google user"
    },
    {
        "appVersion": "1.5",
        "at": "2019-02-09 09:48:14",
        "content": "neat stuff",
        "repliedAt": null,
        "replyContent": null,
        "reviewCreatedVersion": "1.5",
        "reviewId": "4d88a606-0ded-4f04-bcd8-0ce916b911e6",
        "score": 4,
        "thumbsUpCount": 0,
        "userImage": "https://play-lh.googleusercontent.com/EGemoI2NTXmTsBVtJqk8jxF9rh8ApRWfsIMQSt2uE4OcpQqbFu7f7NbTK05lx80nuSijCz7sc3a277R67g",
        "userName": "A Google user"
    },
    {
        "appVersion": "1.5",
        "at": "2019-01-26 06:48:17",
        "content": "i got to 65 when it asked me to rate...i wasnt going to spend this much time on it. now im late. thanx, good job guys.",
        "repliedAt": null,
        "replyContent": null,
        "reviewCreatedVersion": "1.5",
        "reviewId": "7110ebac-36ed-443c-81da-591aa4a9b7a2",
        "score": 4,
        "thumbsUpCount": 2,
        "userImage": "https://play-lh.googleusercontent.com/EGemoI2NTXmTsBVtJqk8jxF9rh8ApRWfsIMQSt2uE4OcpQqbFu7f7NbTK05lx80nuSijCz7sc3a277R67g",
        "userName": "A Google user"
    },
    {
        "appVersion": "1.5",
        "at": "2019-01-09 20:04:13",
        "content": "Interesting stuff",
        "repliedAt": null,
        "replyContent": null,
        "reviewCreatedVersion": "1.5",
        "reviewId": "2631e642-6433-4348-8374-b47df1ef1b3f",
        "score": 5,
        "thumbsUpCount": 1,
        "userImage": "https://play-lh.googleusercontent.com/EGemoI2NTXmTsBVtJqk8jxF9rh8ApRWfsIMQSt2uE4OcpQqbFu7f7NbTK05lx80nuSijCz7sc3a277R67g",
        "userName": "A Google user"
    },
    {
        "appVersion": "1.5",
        "at": "2019-01-02 21:07:49",
        "content": "fine",
        "repliedAt": null,
        "replyContent": null,
        "reviewCreatedVersion": "1.5",
        "reviewId": "b370e7ae-0981-471c-a629-1bb3674cc2ed",
        "score": 4,
        "thumbsUpCount": 0,
        "userImage": "https://play-lh.googleusercontent.com/EGemoI2NTXmTsBVtJqk8jxF9rh8ApRWfsIMQSt2uE4OcpQqbFu7f7NbTK05lx80nuSijCz7sc3a277R67g",
        "userName": "A Google user"
    },
    {
        "appVersion": "1.5",
        "at": "2018-12-31 12:58:44",
        "content": "love this app",
        "repliedAt": null,
        "replyContent": null,
        "reviewCreatedVersion": "1.5",
        "reviewId": "674e2c7e-5494-4a8a-bb11-6c3b9c869087",
        "score": 5,
        "thumbsUpCount": 2,
        "userImage": "https://play-lh.googleusercontent.com/EGemoI2NTXmTsBVtJqk8jxF9rh8ApRWfsIMQSt2uE4OcpQqbFu7f7NbTK05lx80nuSijCz7sc3a277R67g",
        "userName": "A Google user"
    },
    {
        "appVersion": "1.2",
        "at": "2018-12-14 23:18:37",
        "content": "Very good make you feel good learning all about oyea Thanks",
        "repliedAt": "2018-12-21 14:58:47",
        "replyContent": "Jose Haig, Thank you for taking the time to leave us such a nice review.\nWe are incredibly grateful that you took the time out to leave us this note.",
        "reviewCreatedVersion": "1.2",
        "reviewId": "65be0692-0c87-4e24-9fcc-b9a04024d1f0",
        "score": 5,
        "thumbsUpCount": 0,
        "userImage": "https://play-lh.googleusercontent.com/EGemoI2NTXmTsBVtJqk8jxF9rh8ApRWfsIMQSt2uE4OcpQqbFu7f7NbTK05lx80nuSijCz7sc3a277R67g",
        "userName": "A Google user"
    },
    {
        "appVersion": "1.2",
        "at": "2018-12-11 22:17:03",
        "content": "Quite a few hacks I haven't heard yet.",
        "repliedAt": "2018-12-21 14:56:52",
        "replyContent": "Sharon Wolfe, thank you so much for taking the time to leave this excellent review.  We really appreciate your review.",
        "reviewCreatedVersion": "1.2",
        "reviewId": "4de23cf5-133f-4fc2-a53d-205c02a792ba",
        "score": 4,
        "thumbsUpCount": 1,
        "userImage": "https://play-lh.googleusercontent.com/EGemoI2NTXmTsBVtJqk8jxF9rh8ApRWfsIMQSt2uE4OcpQqbFu7f7NbTK05lx80nuSijCz7sc3a277R67g",
        "userName": "A Google user"
    },
    {
        "appVersion": "1.2",
        "at": "2018-12-09 23:37:12",
        "content": "A lot of great hints!",
        "repliedAt": "2018-12-21 14:56:14",
        "replyContent": "Bruce Young, thank you so much for taking the time to leave this excellent review.  We really appreciate your review.",
        "reviewCreatedVersion": "1.2",
        "reviewId": "f50e75ff-eaff-42dd-964b-2ec54413c947",
        "score": 5,
        "thumbsUpCount": 0,
        "userImage": "https://play-lh.googleusercontent.com/EGemoI2NTXmTsBVtJqk8jxF9rh8ApRWfsIMQSt2uE4OcpQqbFu7f7NbTK05lx80nuSijCz7sc3a277R67g",
        "userName": "A Google user"
    },
    {
        "appVersion": "1.2",
        "at": "2018-12-06 12:42:14",
        "content": "Add small pic to better understanding.",
        "repliedAt": "2018-12-21 15:00:33",
        "replyContent": "Thank you so much for your feedback.\nWe will consider your suggestion and will try to include the feature in coming updates.",
        "reviewCreatedVersion": "1.2",
        "reviewId": "e98df2eb-ce1c-405b-9391-e84b455cdb49",
        "score": 3,
        "thumbsUpCount": 0,
        "userImage": "https://play-lh.googleusercontent.com/EGemoI2NTXmTsBVtJqk8jxF9rh8ApRWfsIMQSt2uE4OcpQqbFu7f7NbTK05lx80nuSijCz7sc3a277R67g",
        "userName": "A Google user"
    },
    {
        "appVersion": "1.2",
        "at": "2018-12-03 05:50:51",
        "content": "So far so good",
        "repliedAt": "2018-12-04 11:19:57",
        "replyContent": "Julia Asheim, thank you so much for taking the time to leave this excellent review.  We really appreciate your review.",
        "reviewCreatedVersion": "1.2",
        "reviewId": "f3138890-b5ed-4f1e-b403-0fce989a613f",
        "score": 5,
        "thumbsUpCount": 0,
        "userImage": "https://play-lh.googleusercontent.com/EGemoI2NTXmTsBVtJqk8jxF9rh8ApRWfsIMQSt2uE4OcpQqbFu7f7NbTK05lx80nuSijCz7sc3a277R67g",
        "userName": "A Google user"
    },
    {
        "appVersion": null,
        "at": "2018-12-03 02:17:23",
        "content": "Just downloading and hope it would be good",
        "repliedAt": "2018-12-04 11:27:07",
        "replyContent": "Thank you so much for review. We hope you will be satisfied by our app. \nThank you",
        "reviewCreatedVersion": null,
        "reviewId": "f16db302-8612-4691-9518-d1346943e741",
        "score": 5,
        "thumbsUpCount": 0,
        "userImage": "https://play-lh.googleusercontent.com/EGemoI2NTXmTsBVtJqk8jxF9rh8ApRWfsIMQSt2uE4OcpQqbFu7f7NbTK05lx80nuSijCz7sc3a277R67g",
        "userName": "A Google user"
    },
    {
        "appVersion": null,
        "at": "2018-11-27 05:59:46",
        "content": "Some goods and this application",
        "repliedAt": "2018-12-04 11:32:33",
        "replyContent": "Thank you so much for your kind words, MD Fawad. We really appreciate you taking the time out to share your experience with us",
        "reviewCreatedVersion": null,
        "reviewId": "08f130e0-4ca8-41a4-82b2-972daca5c8a1",
        "score": 5,
        "thumbsUpCount": 0,
        "userImage": "https://play-lh.googleusercontent.com/EGemoI2NTXmTsBVtJqk8jxF9rh8ApRWfsIMQSt2uE4OcpQqbFu7f7NbTK05lx80nuSijCz7sc3a277R67g",
        "userName": "A Google user"
    },
    {
        "appVersion": "1.2",
        "at": "2018-11-23 22:12:58",
        "content": "Keep up the great work.",
        "repliedAt": "2018-12-04 11:34:30",
        "replyContent": "Thanks for the awesome review, James And Roberta Garcia! We work hard to meet expectations like yours, and we\u2019re happy to hear we hit the mark for you.",
        "reviewCreatedVersion": "1.2",
        "reviewId": "834197f7-ba26-4f70-a8b4-6ac5467b861b",
        "score": 5,
        "thumbsUpCount": 1,
        "userImage": "https://play-lh.googleusercontent.com/EGemoI2NTXmTsBVtJqk8jxF9rh8ApRWfsIMQSt2uE4OcpQqbFu7f7NbTK05lx80nuSijCz7sc3a277R67g",
        "userName": "A Google user"
    },
    {
        "appVersion": "1.2",
        "at": "2018-11-21 09:40:12",
        "content": "Information declassified wonderful",
        "repliedAt": "2018-12-04 11:39:19",
        "replyContent": "Thank you for your lovely note. I so appreciate you taking the time to share your experience of our app.",
        "reviewCreatedVersion": "1.2",
        "reviewId": "c208bbe8-9c07-4359-8289-df60af51ace4",
        "score": 4,
        "thumbsUpCount": 0,
        "userImage": "https://play-lh.googleusercontent.com/EGemoI2NTXmTsBVtJqk8jxF9rh8ApRWfsIMQSt2uE4OcpQqbFu7f7NbTK05lx80nuSijCz7sc3a277R67g",
        "userName": "A Google user"
    },
    {
        "appVersion": "1.2",
        "at": "2018-11-16 16:52:37",
        "content": "Love it",
        "repliedAt": "2018-12-04 11:36:30",
        "replyContent": "Karen Brown, thank you for the great review! We\u2019re so happy you love our app.",
        "reviewCreatedVersion": "1.2",
        "reviewId": "42f5afad-7886-49a6-b3aa-953993dbe153",
        "score": 5,
        "thumbsUpCount": 0,
        "userImage": "https://play-lh.googleusercontent.com/EGemoI2NTXmTsBVtJqk8jxF9rh8ApRWfsIMQSt2uE4OcpQqbFu7f7NbTK05lx80nuSijCz7sc3a277R67g",
        "userName": "A Google user"
    },
    {
        "appVersion": "1.2",
        "at": "2018-11-16 04:11:19",
        "content": "It's fun and helpful",
        "repliedAt": "2018-11-20 12:39:08",
        "replyContent": "Thank you Josh Cooper for your feedback \nWe\u2019re happy to see you like our app\u2764\ufe0f\nThank you",
        "reviewCreatedVersion": "1.2",
        "reviewId": "e6ae2b55-246a-4504-8446-db4cfc545886",
        "score": 3,
        "thumbsUpCount": 3,
        "userImage": "https://play-lh.googleusercontent.com/EGemoI2NTXmTsBVtJqk8jxF9rh8ApRWfsIMQSt2uE4OcpQqbFu7f7NbTK05lx80nuSijCz7sc3a277R67g",
        "userName": "A Google user"
    },
    {
        "appVersion": "1.2",
        "at": "2018-11-10 04:04:15",
        "content": "AWESOME",
        "repliedAt": "2018-12-04 11:41:09",
        "replyContent": "Donna Thoms, thank you so much for taking the time to leave this excellent review.  We really appreciate your review.",
        "reviewCreatedVersion": "1.2",
        "reviewId": "0fe0f057-3244-4e77-b3b4-fcf485e36985",
        "score": 5,
        "thumbsUpCount": 0,
        "userImage": "https://play-lh.googleusercontent.com/EGemoI2NTXmTsBVtJqk8jxF9rh8ApRWfsIMQSt2uE4OcpQqbFu7f7NbTK05lx80nuSijCz7sc3a277R67g",
        "userName": "A Google user"
    },
    {
        "appVersion": "1.2",
        "at": "2018-11-07 00:13:09",
        "content": "Love it need new hacks",
        "repliedAt": "2018-11-20 12:36:08",
        "replyContent": "Thank you so much for your feedback.\nWe will add more hacks in new update.",
        "reviewCreatedVersion": "1.2",
        "reviewId": "4fbcd63d-0065-4222-9a16-cc95f925b027",
        "score": 4,
        "thumbsUpCount": 4,
        "userImage": "https://play-lh.googleusercontent.com/EGemoI2NTXmTsBVtJqk8jxF9rh8ApRWfsIMQSt2uE4OcpQqbFu7f7NbTK05lx80nuSijCz7sc3a277R67g",
        "userName": "A Google user"
    },
    {
        "appVersion": null,
        "at": "2018-11-02 16:50:59",
        "content": "Using this app for a while very interesting and useful life hacks and tricks to know new ways of doing things better. Love it",
        "repliedAt": null,
        "replyContent": null,
        "reviewCreatedVersion": null,
        "reviewId": "8ca9f6d6-05b6-48dc-8137-813b56fb413c",
        "score": 5,
        "thumbsUpCount": 0,
        "userImage": "https://play-lh.googleusercontent.com/EGemoI2NTXmTsBVtJqk8jxF9rh8ApRWfsIMQSt2uE4OcpQqbFu7f7NbTK05lx80nuSijCz7sc3a277R67g",
        "userName": "A Google user"
    },
    {
        "appVersion": "1.1",
        "at": "2018-11-01 08:24:58",
        "content": "Very nice application. Layout is so nice. All life hacks are well explained. deserve 5 stars.",
        "repliedAt": "2018-11-09 10:57:04",
        "replyContent": "Thank you Imran Adeel for feedback \nWe\u2019re happy to see you like our app\u2764\ufe0f\nWe\u2019ll keep working hard to bring better user experience.\nThank you",
        "reviewCreatedVersion": "1.1",
        "reviewId": "b4a3f8b3-6309-4a41-98f3-39b673e2b235",
        "score": 5,
        "thumbsUpCount": 3,
        "userImage": "https://play-lh.googleusercontent.com/EGemoI2NTXmTsBVtJqk8jxF9rh8ApRWfsIMQSt2uE4OcpQqbFu7f7NbTK05lx80nuSijCz7sc3a277R67g",
        "userName": "A Google user"
    },
    {
        "appVersion": "1.1",
        "at": "2018-11-01 08:23:16",
        "content": "Amazing hacks, love it, very useful in routine daily life,",
        "repliedAt": "2018-11-09 10:57:44",
        "replyContent": "Thank you Muhtashim Tahir for feedback\nWe\u2019re happy to see you love our app\u2764\ufe0f\nWe\u2019ll keep working hard to bring better user experience.\nThank you",
        "reviewCreatedVersion": "1.1",
        "reviewId": "319482af-0220-4d50-9c1e-0b059e97c8fb",
        "score": 5,
        "thumbsUpCount": 2,
        "userImage": "https://play-lh.googleusercontent.com/EGemoI2NTXmTsBVtJqk8jxF9rh8ApRWfsIMQSt2uE4OcpQqbFu7f7NbTK05lx80nuSijCz7sc3a277R67g",
        "userName": "A Google user"
    },
    {
        "appVersion": null,
        "at": "2018-10-22 17:53:16",
        "content": "Awesomeness abounds",
        "repliedAt": "2018-10-24 10:37:51",
        "replyContent": "Thank you so much Marie Dewsnup for Feedback!\nWe are glad to know you like our app.",
        "reviewCreatedVersion": null,
        "reviewId": "de0ddd91-622a-4c10-b171-651de4adbbb8",
        "score": 4,
        "thumbsUpCount": 2,
        "userImage": "https://play-lh.googleusercontent.com/EGemoI2NTXmTsBVtJqk8jxF9rh8ApRWfsIMQSt2uE4OcpQqbFu7f7NbTK05lx80nuSijCz7sc3a277R67g",
        "userName": "A Google user"
    },
    {
        "appVersion": null,
        "at": "2018-10-22 04:21:24",
        "content": "Ok",
        "repliedAt": "2018-10-24 10:38:39",
        "replyContent": "Thank you for your feedback \ud83d\ude0d\ud83d\ude0d\ud83d\ude0d",
        "reviewCreatedVersion": null,
        "reviewId": "ee0b8629-e9a9-4e1f-a571-6d8b66d69c3a",
        "score": 3,
        "thumbsUpCount": 1,
        "userImage": "https://play-lh.googleusercontent.com/EGemoI2NTXmTsBVtJqk8jxF9rh8ApRWfsIMQSt2uE4OcpQqbFu7f7NbTK05lx80nuSijCz7sc3a277R67g",
        "userName": "A Google user"
    },
    {
        "appVersion": "1.1",
        "at": "2018-10-17 01:15:29",
        "content": "I love it!!!",
        "repliedAt": "2018-10-17 11:02:47",
        "replyContent": "Thank you Daniela E for your feedback \nWe\u2019re happy to see you love our app\u2764\ufe0f\nWe\u2019ll keep working hard to bring better user experience.\nThank you",
        "reviewCreatedVersion": "1.1",
        "reviewId": "9926c41c-464b-4c22-913e-e15acee9e286",
        "score": 5,
        "thumbsUpCount": 3,
        "userImage": "https://play-lh.googleusercontent.com/EGemoI2NTXmTsBVtJqk8jxF9rh8ApRWfsIMQSt2uE4OcpQqbFu7f7NbTK05lx80nuSijCz7sc3a277R67g",
        "userName": "A Google user"
    },
    {
        "appVersion": "1.1",
        "at": "2018-10-16 05:55:54",
        "content": "Too many ads",
        "repliedAt": "2018-10-16 11:11:45",
        "replyContent": "Dear Rhiannon Carlson\nThank you for your feedback \nWe are sorry that you face inconvenience, \nDear ads helps us to bring you the content users love and useful for users. In next update we will reduce the ads frequency in our app. \nThanks again",
        "reviewCreatedVersion": "1.1",
        "reviewId": "14ed6ad9-2385-47eb-96b7-b3b82cbe7117",
        "score": 3,
        "thumbsUpCount": 4,
        "userImage": "https://play-lh.googleusercontent.com/EGemoI2NTXmTsBVtJqk8jxF9rh8ApRWfsIMQSt2uE4OcpQqbFu7f7NbTK05lx80nuSijCz7sc3a277R67g",
        "userName": "A Google user"
    },
    {
        "appVersion": "1.1",
        "at": "2018-10-15 08:11:28",
        "content": "An ad before hack. Time waste. Any ebook on life hack seems better alternative to avoid ads.",
        "repliedAt": "2018-10-24 10:36:05",
        "replyContent": "Dear Sameer Soddhanti\nThank you for your feedback \nWe are sorry that you face inconvenience, In next update we will reduce the ads frequency in our app. \nThanks again",
        "reviewCreatedVersion": "1.1",
        "reviewId": "f39a9731-d742-4d6d-a767-16bb4b8dfa69",
        "score": 1,
        "thumbsUpCount": 3,
        "userImage": "https://play-lh.googleusercontent.com/EGemoI2NTXmTsBVtJqk8jxF9rh8ApRWfsIMQSt2uE4OcpQqbFu7f7NbTK05lx80nuSijCz7sc3a277R67g",
        "userName": "A Google user"
    },
    {
        "appVersion": "1.0",
        "at": "2018-10-11 16:39:17",
        "content": "Its ok",
        "repliedAt": "2018-10-16 11:12:20",
        "replyContent": "Thank you so much for your valuable feedback",
        "reviewCreatedVersion": "1.0",
        "reviewId": "4f36702b-b4b4-4f59-a3d6-23e7d0716b14",
        "score": 5,
        "thumbsUpCount": 0,
        "userImage": "https://play-lh.googleusercontent.com/EGemoI2NTXmTsBVtJqk8jxF9rh8ApRWfsIMQSt2uE4OcpQqbFu7f7NbTK05lx80nuSijCz7sc3a277R67g",
        "userName": "A Google user"
    },
    {
        "appVersion": "1.0",
        "at": "2018-10-06 16:49:56",
        "content": "Supposed to watch an ad before every hack and trick you open. Timewasters.",
        "repliedAt": "2018-10-24 10:35:43",
        "replyContent": "Dear Carey Christie\nThank you for your feedback \nWe are sorry that you face inconvenience, In next update we will reduce the ads frequency in our app. \nThanks again",
        "reviewCreatedVersion": "1.0",
        "reviewId": "fcf84f6d-fbb8-4d5d-9242-d63bc997efd6",
        "score": 1,
        "thumbsUpCount": 0,
        "userImage": "https://play-lh.googleusercontent.com/EGemoI2NTXmTsBVtJqk8jxF9rh8ApRWfsIMQSt2uE4OcpQqbFu7f7NbTK05lx80nuSijCz7sc3a277R67g",
        "userName": "A Google user"
    },
    {
        "appVersion": "1.0",
        "at": "2018-10-05 18:32:54",
        "content": "Very good app",
        "repliedAt": "2018-10-16 11:17:49",
        "replyContent": "We\u2019re happy to see you love our app\u2764\ufe0f\nWe\u2019ll keep working hard to bring better user experience.\nThank you",
        "reviewCreatedVersion": "1.0",
        "reviewId": "ac89e1b1-7d0c-41ff-bcbf-4154034f24a3",
        "score": 5,
        "thumbsUpCount": 3,
        "userImage": "https://play-lh.googleusercontent.com/EGemoI2NTXmTsBVtJqk8jxF9rh8ApRWfsIMQSt2uE4OcpQqbFu7f7NbTK05lx80nuSijCz7sc3a277R67g",
        "userName": "A Google user"
    },
    {
        "appVersion": "1.0",
        "at": "2018-10-05 05:13:33",
        "content": "Likes",
        "repliedAt": "2018-10-16 11:20:38",
        "replyContent": "It\u2019s glad to see your support for our app",
        "reviewCreatedVersion": "1.0",
        "reviewId": "83b9c102-178f-4b46-b014-31a0fd5d0a47",
        "score": 4,
        "thumbsUpCount": 1,
        "userImage": "https://play-lh.googleusercontent.com/EGemoI2NTXmTsBVtJqk8jxF9rh8ApRWfsIMQSt2uE4OcpQqbFu7f7NbTK05lx80nuSijCz7sc3a277R67g",
        "userName": "A Google user"
    },
    {
        "appVersion": "1.0",
        "at": "2018-10-02 20:34:11",
        "content": "Just download will get back",
        "repliedAt": null,
        "replyContent": null,
        "reviewCreatedVersion": "1.0",
        "reviewId": "7ad120a6-dcd1-45f4-b356-3e093e2e44f1",
        "score": 4,
        "thumbsUpCount": 2,
        "userImage": "https://play-lh.googleusercontent.com/EGemoI2NTXmTsBVtJqk8jxF9rh8ApRWfsIMQSt2uE4OcpQqbFu7f7NbTK05lx80nuSijCz7sc3a277R67g",
        "userName": "A Google user"
    },
    {
        "appVersion": "1.0",
        "at": "2018-10-02 10:30:09",
        "content": "It is a great app for everything.",
        "repliedAt": "2018-10-16 11:19:10",
        "replyContent": "Thank you so much for support:)\nWe truly appreciate your comment!",
        "reviewCreatedVersion": "1.0",
        "reviewId": "d3f66692-5cf3-44d8-90d4-56ed6b006505",
        "score": 5,
        "thumbsUpCount": 0,
        "userImage": "https://play-lh.googleusercontent.com/EGemoI2NTXmTsBVtJqk8jxF9rh8ApRWfsIMQSt2uE4OcpQqbFu7f7NbTK05lx80nuSijCz7sc3a277R67g",
        "userName": "A Google user"
    },
    {
        "appVersion": "1.0",
        "at": "2018-09-26 03:42:56",
        "content": "Very Interesting hacks",
        "repliedAt": null,
        "replyContent": null,
        "reviewCreatedVersion": "1.0",
        "reviewId": "3e5b8b3b-0685-43e6-8bd9-d456cda8ba89",
        "score": 5,
        "thumbsUpCount": 2,
        "userImage": "https://play-lh.googleusercontent.com/EGemoI2NTXmTsBVtJqk8jxF9rh8ApRWfsIMQSt2uE4OcpQqbFu7f7NbTK05lx80nuSijCz7sc3a277R67g",
        "userName": "A Google user"
    },
    {
        "appVersion": "1.0",
        "at": "2018-08-29 05:03:14",
        "content": "Nice",
        "repliedAt": null,
        "replyContent": null,
        "reviewCreatedVersion": "1.0",
        "reviewId": "9872047c-3af5-4a03-8cf3-b9a76cfe1e52",
        "score": 5,
        "thumbsUpCount": 1,
        "userImage": "https://play-lh.googleusercontent.com/EGemoI2NTXmTsBVtJqk8jxF9rh8ApRWfsIMQSt2uE4OcpQqbFu7f7NbTK05lx80nuSijCz7sc3a277R67g",
        "userName": "A Google user"
    },
    {
        "appVersion": "1.0",
        "at": "2018-08-04 05:19:41",
        "content": "Lifestyle and More Amazing Features ! Love it !",
        "repliedAt": null,
        "replyContent": null,
        "reviewCreatedVersion": "1.0",
        "reviewId": "abb248c6-5ea3-44b2-8ce8-8e6b8979e22f",
        "score": 5,
        "thumbsUpCount": 3,
        "userImage": "https://play-lh.googleusercontent.com/EGemoI2NTXmTsBVtJqk8jxF9rh8ApRWfsIMQSt2uE4OcpQqbFu7f7NbTK05lx80nuSijCz7sc3a277R67g",
        "userName": "A Google user"
    },
    {
        "appVersion": "1.0",
        "at": "2018-07-22 09:47:36",
        "content": "Nice app",
        "repliedAt": null,
        "replyContent": null,
        "reviewCreatedVersion": "1.0",
        "reviewId": "570806c9-9f43-449f-a3d8-94338ed02770",
        "score": 5,
        "thumbsUpCount": 0,
        "userImage": "https://play-lh.googleusercontent.com/EGemoI2NTXmTsBVtJqk8jxF9rh8ApRWfsIMQSt2uE4OcpQqbFu7f7NbTK05lx80nuSijCz7sc3a277R67g",
        "userName": "A Google user"
    }
]