[
    {
        "appVersion": "1.3.13",
        "at": "2023-11-14 07:38:45",
        "content": "That is benefit to me",
        "repliedAt": null,
        "replyContent": null,
        "reviewCreatedVersion": "1.3.13",
        "reviewId": "81222e62-a526-4fdd-a99e-a4dae326d77f",
        "score": 1,
        "thumbsUpCount": 0,
        "userImage": "https://play-lh.googleusercontent.com/a/ACg8ocJPGlPUQ-2zhHwb46lf9BP3BSAorR4_8UjM6NhF1wht=mo",
        "userName": "In Gyin"
    },
    {
        "appVersion": "1.3.13",
        "at": "2023-11-09 04:19:12",
        "content": "good app",
        "repliedAt": null,
        "replyContent": null,
        "reviewCreatedVersion": "1.3.13",
        "reviewId": "e647eec3-ba50-4aab-a110-9bd00524a875",
        "score": 5,
        "thumbsUpCount": 0,
        "userImage": "https://play-lh.googleusercontent.com/a-/ALV-UjXPvbI44kQNPZDzkNzpcDPTXykygyGjiCfMeNQVaQrNSzQ",
        "userName": "SANN THIT AUNG"
    },
    {
        "appVersion": "1.3.13",
        "at": "2023-11-08 09:39:16",
        "content": "like",
        "repliedAt": null,
        "replyContent": null,
        "reviewCreatedVersion": "1.3.13",
        "reviewId": "cfe09daf-8f5b-4da4-a9e2-a15694fb7ef9",
        "score": 5,
        "thumbsUpCount": 0,
        "userImage": "https://play-lh.googleusercontent.com/a/ACg8ocJ594pBcS_FBZtcqVrkolex8yoGFaec9d56P7ZFDbK3=mo",
        "userName": "Hein Htat"
    },
    {
        "appVersion": "1.3.13",
        "at": "2023-11-08 09:03:21",
        "content": "nice",
        "repliedAt": null,
        "replyContent": null,
        "reviewCreatedVersion": "1.3.13",
        "reviewId": "bb50ad38-97b6-47eb-9e76-02be5758532c",
        "score": 4,
        "thumbsUpCount": 0,
        "userImage": "https://play-lh.googleusercontent.com/a-/ALV-UjWlHl-yOAa8VtDWU3IFrCq2w7GX9_K468RNKoq-PmL2Zg",
        "userName": "Shoon Thiri"
    },
    {
        "appVersion": "1.3.13",
        "at": "2023-11-07 08:51:05",
        "content": "\u0997\u09c1\u09a1",
        "repliedAt": null,
        "replyContent": null,
        "reviewCreatedVersion": "1.3.13",
        "reviewId": "34d2f1ba-0536-48d9-b2e1-83be2c2d0b6f",
        "score": 5,
        "thumbsUpCount": 0,
        "userImage": "https://play-lh.googleusercontent.com/a/ACg8ocKOfENBNl_ZB_wvmiv_7-zDtFwF7jW5WEW2Lvd-twE=mo",
        "userName": "Sirajul Islam"
    },
    {
        "appVersion": "1.3.13",
        "at": "2023-11-01 23:33:53",
        "content": "bello monsurat ola mummy",
        "repliedAt": "2023-11-06 23:50:38",
        "replyContent": "If you like the app, please give us more stars. Also, let us know if you have any suggestions for improvement at vorevo.apps@gmail.com.",
        "reviewCreatedVersion": "1.3.13",
        "reviewId": "394be848-1abd-47ce-b8be-7b29ccf2c56e",
        "score": 2,
        "thumbsUpCount": 0,
        "userImage": "https://play-lh.googleusercontent.com/a/ACg8ocJm0RdwPWAZmyDnoQiPVnMU0r94lnFQ7BZwo6a2rsM=mo",
        "userName": "Augustina Omolara idogbo"
    },
    {
        "appVersion": "1.3.13",
        "at": "2023-10-31 04:51:05",
        "content": "whahoo",
        "repliedAt": "2023-11-06 23:51:40",
        "replyContent": "Thanks for the 5 star rating. Hope you continue to use our app. If you have any feedback or suggestions, please write to us at vorevo.apps@gmail.com. We would love to hear from you!",
        "reviewCreatedVersion": "1.3.13",
        "reviewId": "de39d172-6f58-48d8-ab04-0247deae126e",
        "score": 5,
        "thumbsUpCount": 0,
        "userImage": "https://play-lh.googleusercontent.com/a/ACg8ocIHuF3lZ_5xEwpYOxv17NhK8AU4YRh1kKIRl03fHMdW=mo",
        "userName": "Safari Andrew"
    },
    {
        "appVersion": "1.3.13",
        "at": "2023-10-27 09:28:43",
        "content": "j aime",
        "repliedAt": "2023-11-06 23:50:21",
        "replyContent": "If you like the app, please give us more stars. Also, let us know if you have any suggestions for improvement at vorevo.apps@gmail.com.",
        "reviewCreatedVersion": "1.3.13",
        "reviewId": "94db6b95-f39b-452c-8106-2e3d4b105dcc",
        "score": 1,
        "thumbsUpCount": 0,
        "userImage": "https://play-lh.googleusercontent.com/a/ACg8ocLruQYSSU4tNgkueowTYEToOf4q5Ce8oWRIPa9So4j0=mo",
        "userName": "Fran\u00e7ois Elouisilia"
    },
    {
        "appVersion": "1.3.10",
        "at": "2023-10-06 14:56:15",
        "content": "this is a good app its so helpful and understandable",
        "repliedAt": "2023-10-23 07:03:51",
        "replyContent": "If you like the app, please give us more stars. Also, let us know if you have any suggestions for improvement at vorevo.apps@gmail.com.",
        "reviewCreatedVersion": "1.3.10",
        "reviewId": "8fd19b5a-6c52-4936-8192-c1c808ee9103",
        "score": 3,
        "thumbsUpCount": 0,
        "userImage": "https://play-lh.googleusercontent.com/a/ACg8ocIybPgCi-wAZZJ00wNnZP3riQy1hyp0DqbNq8IYHEEL=mo",
        "userName": "Rosemary Mawanza"
    },
    {
        "appVersion": "1.3.10",
        "at": "2023-10-04 03:47:14",
        "content": "I like",
        "repliedAt": "2023-10-23 07:04:29",
        "replyContent": "Thanks for the 5 star rating. Hope you continue to use our app. If you have any feedback or suggestions, please write to us at vorevo.apps@gmail.com. We would love to hear from you!",
        "reviewCreatedVersion": "1.3.10",
        "reviewId": "27d719d6-c206-47c3-aa24-5304eaaa1511",
        "score": 5,
        "thumbsUpCount": 0,
        "userImage": "https://play-lh.googleusercontent.com/a/ACg8ocKhAYM8WdvmMke2rNEnaOycvxK0foZvZZLJgQXZTmZV=mo",
        "userName": "Mee Na"
    },
    {
        "appVersion": "1.3.10",
        "at": "2023-10-01 10:36:06",
        "content": "thank you you help my child to desing dress",
        "repliedAt": "2023-10-03 12:19:32",
        "replyContent": "Thanks for taking out time to rate us. It really helps us to keep going and delivering the best :)",
        "reviewCreatedVersion": "1.3.10",
        "reviewId": "01c23e9a-2b4d-466a-9073-b07eef20559d",
        "score": 5,
        "thumbsUpCount": 1,
        "userImage": "https://play-lh.googleusercontent.com/a/ACg8ocJ2FiNU4bYfQUPaCo0QrStGd_mROcRc0QM883n_MfmP=mo",
        "userName": "Girma mengistu Girmsh"
    },
    {
        "appVersion": "1.3.10",
        "at": "2023-09-29 02:25:12",
        "content": "awesome",
        "repliedAt": "2023-10-03 12:19:53",
        "replyContent": "Thank you! If you enjoy using the app, please rate us 5 stars. It would encourage us to continue improving the app!",
        "reviewCreatedVersion": "1.3.10",
        "reviewId": "ab841078-9879-4e5f-9fca-970a4fb3e4b5",
        "score": 4,
        "thumbsUpCount": 0,
        "userImage": "https://play-lh.googleusercontent.com/a/ACg8ocJcH26a4Dfww7qFLTc2cz7Qp8EJmiqnr_sD5nddMLAi=mo",
        "userName": "emeka nwobodo"
    },
    {
        "appVersion": "1.3.10",
        "at": "2023-09-22 14:52:01",
        "content": "I love it",
        "repliedAt": "2023-09-26 07:11:25",
        "replyContent": "Dear friend, we are really glad that you like our app. Your support and voice are very important to us.",
        "reviewCreatedVersion": "1.3.10",
        "reviewId": "ab7a8a52-ff89-45ad-8a7b-95c2e063a4af",
        "score": 5,
        "thumbsUpCount": 0,
        "userImage": "https://play-lh.googleusercontent.com/a/ACg8ocKf0OBORkJWi7dG6oEj88wDt8n1KwSU--u6cgKifvs=mo",
        "userName": "Ibrahim Suallah"
    },
    {
        "appVersion": null,
        "at": "2023-09-12 17:07:47",
        "content": "Impossible to download app",
        "repliedAt": "2023-09-18 18:50:40",
        "replyContent": "Hi, if you can't download the app, please contact us at vorevo.apps@gmail.com. We will help you resolve the issue. Thank you!",
        "reviewCreatedVersion": null,
        "reviewId": "6a935506-125d-4191-a09b-fa2485376dc0",
        "score": 2,
        "thumbsUpCount": 0,
        "userImage": "https://play-lh.googleusercontent.com/a/ACg8ocLfjdW2Tkki9Grfh2DaqhZX2UVuRBC5XG7ARkgAOX-A=mo",
        "userName": "irapada grace"
    },
    {
        "appVersion": "1.3.10",
        "at": "2023-08-30 15:12:05",
        "content": "wow",
        "repliedAt": "2023-09-05 18:50:47",
        "replyContent": "Thanks for taking out time to rate us. It really helps us to keep going and delivering the best :)",
        "reviewCreatedVersion": "1.3.10",
        "reviewId": "a9c62ee2-d9f1-40d2-ade9-bef32a8e4409",
        "score": 5,
        "thumbsUpCount": 0,
        "userImage": "https://play-lh.googleusercontent.com/a/ACg8ocK2XCHLbzy_O7nHgof-q-fvVr885sDlWqA992l9pJvJ=mo",
        "userName": "Eslam Abdo"
    },
    {
        "appVersion": "1.3.10",
        "at": "2023-08-20 04:15:06",
        "content": "great",
        "repliedAt": "2023-08-27 04:08:01",
        "replyContent": "Thank you for your review. Enjoy the app & keep supporting us :)\nIf you have any feedback or suggestion, you could write to us at vorevo.apps@gmail.com. We would love to hear from you!",
        "reviewCreatedVersion": "1.3.10",
        "reviewId": "dd57eb21-bbd9-4911-89f9-57a589f16062",
        "score": 5,
        "thumbsUpCount": 1,
        "userImage": "https://play-lh.googleusercontent.com/a/ACg8ocJQ8aDlR2t_9RbiFHRtZERqB0qZSDp2KeKFePZySD4b=mo",
        "userName": "Hekmat Ullah"
    },
    {
        "appVersion": "1.3.10",
        "at": "2023-08-04 06:28:08",
        "content": "Good",
        "repliedAt": "2023-08-05 18:19:27",
        "replyContent": "Thanks for your review! Please recommend our app to your friends, and don\u2019t hesitate to shoot us a note at vorevo.apps@gmail.com if you have any questions.",
        "reviewCreatedVersion": "1.3.10",
        "reviewId": "b2cdb613-26a6-4f98-90b7-cedc6e4f95e6",
        "score": 5,
        "thumbsUpCount": 0,
        "userImage": "https://play-lh.googleusercontent.com/a/ACg8ocIbxSWfWNxxtZov98a852lnplySZjye7RBLWhjPC6gG=mo",
        "userName": "firoza khatun"
    },
    {
        "appVersion": "1.3.10",
        "at": "2023-08-03 14:24:28",
        "content": "\u2764\ufe0f \u2764\ufe0f \u2764\ufe0f",
        "repliedAt": "2023-08-05 18:19:34",
        "replyContent": "Thanks for your review! Please recommend our app to your friends, and don\u2019t hesitate to shoot us a note at vorevo.apps@gmail.com if you have any questions.",
        "reviewCreatedVersion": "1.3.10",
        "reviewId": "8b3d544d-4f9e-4d03-a419-b5434d12da29",
        "score": 5,
        "thumbsUpCount": 0,
        "userImage": "https://play-lh.googleusercontent.com/a/ACg8ocJpLvEZSMv_1k1zCE8V9rH9FaK8hShlxSFCGbjRWnAU=mo",
        "userName": "Ihssan El"
    },
    {
        "appVersion": "1.3.10",
        "at": "2023-08-03 12:25:54",
        "content": "nice",
        "repliedAt": "2023-08-05 18:19:41",
        "replyContent": "Thanks for your review! Please recommend our app to your friends, and don\u2019t hesitate to shoot us a note at vorevo.apps@gmail.com if you have any questions.",
        "reviewCreatedVersion": "1.3.10",
        "reviewId": "b511423a-7f0a-4cfb-a758-f3d710d18a27",
        "score": 5,
        "thumbsUpCount": 0,
        "userImage": "https://play-lh.googleusercontent.com/a/ACg8ocLjKdLssTdQVKfo4CrI8tPNtXCBBvFEkRJU14szZRro=mo",
        "userName": "Kanak Das"
    },
    {
        "appVersion": "1.3.10",
        "at": "2023-07-30 10:18:38",
        "content": "wow",
        "repliedAt": "2023-08-05 18:21:10",
        "replyContent": "Thanks for your review! Please recommend our app to your friends, and don\u2019t hesitate to shoot us a note at vorevo.apps@gmail.com if you have any questions.",
        "reviewCreatedVersion": "1.3.10",
        "reviewId": "afca1211-4ca9-44ab-a626-183c5126a7fc",
        "score": 5,
        "thumbsUpCount": 0,
        "userImage": "https://play-lh.googleusercontent.com/a/ACg8ocLzKETh0fJJMmb8-Fi4HxB93IoxqjZB0t22aX2QLDd-=mo",
        "userName": "Abraham AbPlus"
    },
    {
        "appVersion": "1.3.10",
        "at": "2023-07-27 17:53:04",
        "content": "better",
        "repliedAt": "2023-07-28 01:45:35",
        "replyContent": "Thanks for the 5 star rating. Hope you continue to use our app. If you have any feedback or suggestions, please write to us at vorevo.apps@gmail.com. We would love to hear from you!",
        "reviewCreatedVersion": "1.3.10",
        "reviewId": "0152c504-16de-4829-997d-8b2d43a3ac18",
        "score": 5,
        "thumbsUpCount": 0,
        "userImage": "https://play-lh.googleusercontent.com/a-/ALV-UjWCRYRwJ22BaWog_H78NPEqne1Ju76BydTpsrw-KofUpw",
        "userName": "G. James Royal. Juker jr"
    },
    {
        "appVersion": "1.3.10",
        "at": "2023-07-27 04:12:57",
        "content": "Zeeshan",
        "repliedAt": "2023-07-27 11:10:53",
        "replyContent": "Thanks for your review. Please rate us 5 stars if you feel this app is awesome. If you have encountered any problems, please contact us at vorevo.apps@gmail.com.",
        "reviewCreatedVersion": "1.3.10",
        "reviewId": "d4dd9ecf-e50f-49b3-ac00-5b5eb2ae9b0e",
        "score": 1,
        "thumbsUpCount": 0,
        "userImage": "https://play-lh.googleusercontent.com/a/ACg8ocJuc-eH8A-DeYAvOW155gXxmUoTFRuJ90cF2-R66kKn=mo",
        "userName": "Shani ansari"
    },
    {
        "appVersion": "1.3.10",
        "at": "2023-07-25 16:40:39",
        "content": "\ud83e\udd29\ud83e\udd29\ud83e\udd29\ud83e\udd29",
        "repliedAt": "2023-07-27 11:11:19",
        "replyContent": "Thanks for your love. If you have any questions, please contact us at vorevo.apps@gmail.com.",
        "reviewCreatedVersion": "1.3.10",
        "reviewId": "24c1a731-e457-46ab-8eb5-22cd34872ca5",
        "score": 5,
        "thumbsUpCount": 0,
        "userImage": "https://play-lh.googleusercontent.com/a-/ALV-UjWR2E6suS9JPcCKfo37RqIhozomfxap7s4rqvnGrcN3Lg",
        "userName": "Roh Assil"
    },
    {
        "appVersion": null,
        "at": "2023-07-22 16:19:59",
        "content": "Lot of ads. Some pictures are good, others have no info.",
        "repliedAt": "2023-07-22 19:40:25",
        "replyContent": "Dear User, we are sorry for the inconvenience. We want to give you better user experience. Could you give us the screenshots of Ads that disturb you most? You can email us at vorevo.apps@gmail.com.",
        "reviewCreatedVersion": null,
        "reviewId": "650553bd-2e9a-45ef-9bc4-5ba0a70833ee",
        "score": 1,
        "thumbsUpCount": 4,
        "userImage": "https://play-lh.googleusercontent.com/a-/ALV-UjXQINxFyQWzII2f7Uv8lQfk1ZnG2mvELvuBzL_oUo180vn0",
        "userName": "Shelley A."
    },
    {
        "appVersion": "1.3.10",
        "at": "2023-07-19 21:23:00",
        "content": "good app",
        "repliedAt": "2023-07-19 22:24:04",
        "replyContent": "Dear User, we are happy to know that you found our app useful. Please help us by spreading the word amongst your friends. If you have any feedback or suggestions, please write to us at vorevo.apps@gmail.com. We would love to hear from you!",
        "reviewCreatedVersion": "1.3.10",
        "reviewId": "34d54e91-bc78-47c1-8ad6-e64918a7ccdc",
        "score": 5,
        "thumbsUpCount": 0,
        "userImage": "https://play-lh.googleusercontent.com/a/ACg8ocJaQ4OyFvAlDmJR-OUPvNRpL-3Wblk1wfy-Mgpc6wv3=mo",
        "userName": "Mayowa Ronke"
    },
    {
        "appVersion": "1.3.9",
        "at": "2023-07-19 06:05:43",
        "content": "6l",
        "repliedAt": "2023-07-19 18:46:03",
        "replyContent": "Hi, if you have any problem with the application feel free to contact us at vorevo.apps@gmail.com.\nThank you!",
        "reviewCreatedVersion": "1.3.9",
        "reviewId": "b851d152-ac8a-4de3-b64c-e1e6da2e175d",
        "score": 2,
        "thumbsUpCount": 0,
        "userImage": "https://play-lh.googleusercontent.com/a/ACg8ocKrpSOWLv8hLs9LAA0p8wYS_5YqNTACIgJC8BmJXOs_=mo",
        "userName": "Mujahid Hussain"
    },
    {
        "appVersion": null,
        "at": "2023-07-18 05:47:55",
        "content": "Good ap",
        "repliedAt": "2023-07-18 10:01:11",
        "replyContent": "Dear User, we are happy to know that you found our app useful. Please help us by spreading the word amongst your friends. If you have any feedback or suggestions, please write to us at vorevo.apps@gmail.com. We would love to hear from you!",
        "reviewCreatedVersion": null,
        "reviewId": "94c57530-0e4b-47e5-a1c4-c41875c6aa09",
        "score": 5,
        "thumbsUpCount": 0,
        "userImage": "https://play-lh.googleusercontent.com/a/ACg8ocLr3NrZXXdSLvrsy0MYkZMJZA3EM0ervWaS3RJafOqI=mo",
        "userName": "Asif Cheema"
    },
    {
        "appVersion": "1.3.9",
        "at": "2023-07-17 03:09:06",
        "content": "Too many ads",
        "repliedAt": "2023-07-18 10:01:41",
        "replyContent": "Dear User, we are sorry for the inconvenience. We want to give you better user experience. Could you give us the screenshots of Ads that disturb you most? You can email us at vorevo.apps@gmail.com.",
        "reviewCreatedVersion": "1.3.9",
        "reviewId": "351186cf-d0a8-44fb-98cb-fc2906ec5adb",
        "score": 1,
        "thumbsUpCount": 12,
        "userImage": "https://play-lh.googleusercontent.com/a-/ALV-UjUF2RvP_NdDCf6BHP7_43yKnhGvy1uiK_V6_CAfP9SKXts",
        "userName": "Irish Antabo-Nogot"
    },
    {
        "appVersion": null,
        "at": "2023-07-13 17:30:30",
        "content": "Omo this one no even make sence",
        "repliedAt": "2023-07-13 19:33:06",
        "replyContent": "We'd love to understand what went wrong with the application. Please email us at vorevo.apps@gmail.com so that we can try to fix it for you.",
        "reviewCreatedVersion": null,
        "reviewId": "83f674c7-cb1d-4221-8f52-853df6a15cc7",
        "score": 1,
        "thumbsUpCount": 0,
        "userImage": "https://play-lh.googleusercontent.com/a-/ALV-UjUwer9MbzSiZ2rN_B2yrcPzQIQ4G0dcTVeGjruOJ7hTXA",
        "userName": "ALBARKA BUSINESS"
    },
    {
        "appVersion": "1.3.9",
        "at": "2023-07-11 21:23:47",
        "content": "Nice apk",
        "repliedAt": "2023-07-12 12:01:21",
        "replyContent": "Dear User, we are glad you liked the app. We request you to give us a 5-star rating as it is the best encouragement for our team.",
        "reviewCreatedVersion": "1.3.9",
        "reviewId": "5d295bd0-619b-4c57-a2e0-30e05d01f5a8",
        "score": 4,
        "thumbsUpCount": 0,
        "userImage": "https://play-lh.googleusercontent.com/a/ACg8ocIuvvG1Ov9DIP3j_Jj0YSVsyMGfMaXxSyOoNLH1UdHi=mo",
        "userName": "Getachu 09"
    },
    {
        "appVersion": null,
        "at": "2023-07-03 23:32:50",
        "content": "very good",
        "repliedAt": "2023-07-05 10:34:12",
        "replyContent": "Thank you for your review. Enjoy the app & keep supporting us :)\nIf you have any feedback or suggestion, you could write to us at vorevo.apps@gmail.com. We would love to hear from you!",
        "reviewCreatedVersion": null,
        "reviewId": "8c509eae-9bd5-43d4-9a49-c761785e7763",
        "score": 5,
        "thumbsUpCount": 0,
        "userImage": "https://play-lh.googleusercontent.com/a-/ALV-UjWCK7cw0OATAsrTZprOWpTAUxX7CTFPTNRSHIB3ov5Vhg",
        "userName": "Chit Hnin Wai"
    },
    {
        "appVersion": "1.3.5",
        "at": "2023-06-25 19:56:38",
        "content": "je tiens \u00e0 vous remercier pour cet appli, car cet appli est vraiment g\u00e9nial l.",
        "repliedAt": "2023-06-26 18:07:33",
        "replyContent": "Thanks for the 5 star rating. Hope you continue to using our app. If you have any feedback or suggestions, please write to us at vorevo.apps@gmail.com. We would love to hear from you!",
        "reviewCreatedVersion": "1.3.5",
        "reviewId": "26710dac-8cef-4e0e-8733-77366137760b",
        "score": 5,
        "thumbsUpCount": 0,
        "userImage": "https://play-lh.googleusercontent.com/a-/ALV-UjVD6-aVM-K7AGy-Or5nNUW-1SBlhM9GRKYdaSvoaVJIis0",
        "userName": "Jeanclaude Mahatma Weptune"
    },
    {
        "appVersion": "1.3.5",
        "at": "2023-06-21 17:08:52",
        "content": "good",
        "repliedAt": "2023-06-21 20:41:27",
        "replyContent": "Thanks for the 5 star rating. Hope you continue to enjoy our app. If you have any feedback or suggestions, please write to us at vorevo.apps@gmail.com. We would love to hear from you!",
        "reviewCreatedVersion": "1.3.5",
        "reviewId": "9ef83772-737f-47a4-8e66-a22f313f6a50",
        "score": 5,
        "thumbsUpCount": 0,
        "userImage": "https://play-lh.googleusercontent.com/a/ACg8ocIlo5kmn3Z6q6-3_z_gfHXCaijbR0W6lGfCTXZ8T5At=mo",
        "userName": "Mohammed Shakil Hossin (Babu)"
    },
    {
        "appVersion": "1.3.5",
        "at": "2023-05-13 10:08:18",
        "content": "good",
        "repliedAt": "2023-05-15 04:48:44",
        "replyContent": "Hi,\nHappy to hear that you find the app good :)\nPlease let us know the reason behind this low rating at vorevo.apps@gmail.com. We'd be happy to improve our app based on your suggestions.\nThanks!",
        "reviewCreatedVersion": "1.3.5",
        "reviewId": "e0fcd659-6049-4386-bf64-4a8bd65457b3",
        "score": 1,
        "thumbsUpCount": 0,
        "userImage": "https://play-lh.googleusercontent.com/a/ACg8ocLNDXvjQCDw4Gj7jKeaDTEiRaLE1D0yN6hZllq3LnvU=mo",
        "userName": "Snodia Gotera"
    },
    {
        "appVersion": "1.3.5",
        "at": "2023-05-06 08:30:14",
        "content": "nice app for us",
        "repliedAt": "2023-05-10 19:38:27",
        "replyContent": "Hi, if you like the app, could you please give us more stars?",
        "reviewCreatedVersion": "1.3.5",
        "reviewId": "65050778-bc45-4c84-a835-660799040d90",
        "score": 4,
        "thumbsUpCount": 0,
        "userImage": "https://play-lh.googleusercontent.com/a/ACg8ocL-bSX_zVFF4VguqRbxGtc0mGt5Eo2XyktE2sUw2E7a=mo",
        "userName": "Najjuuko Salima"
    },
    {
        "appVersion": "1.3.5",
        "at": "2023-05-02 20:36:32",
        "content": "it really helps me and I love this app... really appreciate it.. thank you..",
        "repliedAt": "2023-05-10 19:37:13",
        "replyContent": "Thanks for your review! Please recommend our app to your friends, and don\u2019t hesitate to shoot us a note at vorevo.apps@gmail.com if you have any questions.",
        "reviewCreatedVersion": "1.3.5",
        "reviewId": "eac385ad-6a99-4c07-a0aa-64255d1e0711",
        "score": 5,
        "thumbsUpCount": 6,
        "userImage": "https://play-lh.googleusercontent.com/a/ACg8ocKR0i8mBgF_h4lgEteQCo6zY_bvnHAx0KD9ZqvtJv2N=mo",
        "userName": "Samentha DOMINIQUE"
    },
    {
        "appVersion": "1.3.5",
        "at": "2023-04-23 05:03:49",
        "content": "it's ok",
        "repliedAt": "2023-04-23 07:10:40",
        "replyContent": "Thanks for taking out time to rate us. It really helps us to keep going and delivering the best :)",
        "reviewCreatedVersion": "1.3.5",
        "reviewId": "6c76b0ea-b6cb-4daf-ac02-390a314d9ea0",
        "score": 5,
        "thumbsUpCount": 0,
        "userImage": "https://play-lh.googleusercontent.com/a-/ALV-UjVxtX7hExcQlKEY_MHBWOp-GJl7-MpcIdIcNy3g2rIiBg",
        "userName": "Ruxshona Ismatova"
    },
    {
        "appVersion": "1.3.5",
        "at": "2023-04-22 17:21:59",
        "content": "it's a nice app , I love it \ud83d\udcaf",
        "repliedAt": "2023-04-23 03:14:18",
        "replyContent": "We care about your feelings and every little encouragement makes us better :) So, if you like this app, please consider giving us a 5-star rating. If you have any suggestions, please let us know at vorevo.apps@gmail.com.",
        "reviewCreatedVersion": "1.3.5",
        "reviewId": "3543e9ca-c231-4b87-b2ef-e1bd39c3d940",
        "score": 3,
        "thumbsUpCount": 2,
        "userImage": "https://play-lh.googleusercontent.com/a/ACg8ocIoy5OzHq5UW8b8vfkzxmzlNoVacwzqZN9ji6My3n73=mo",
        "userName": "Oluwatimileyin Deborah"
    },
    {
        "appVersion": "1.3.5",
        "at": "2023-04-20 20:19:48",
        "content": "really nice \ud83d\udc4d",
        "repliedAt": "2023-04-21 01:32:45",
        "replyContent": "Thank you for your review. Enjoy the app :)\nIf you have any feedback or suggestion, you could write to us at vorevo.apps@gmail.com. We would love to hear from you!",
        "reviewCreatedVersion": "1.3.5",
        "reviewId": "1689904a-58e0-42a0-be2a-9976226c65e8",
        "score": 5,
        "thumbsUpCount": 0,
        "userImage": "https://play-lh.googleusercontent.com/a/ACg8ocJxjsmgcSuLbEYyAlzck7NLEiQ5low0iaG1aPt57yso=mo",
        "userName": "Hellen Hellen Dege"
    },
    {
        "appVersion": "1.3.5",
        "at": "2023-03-22 04:03:02",
        "content": "Wrong missing Patterns for designs",
        "repliedAt": "2023-03-23 02:32:32",
        "replyContent": "Dear User, really appreciate your suggestion. We will consider it and improve our app in the new version. If you have questions or suggestions please contact us at vorevo.apps@gmail.com.",
        "reviewCreatedVersion": "1.3.5",
        "reviewId": "f1168124-ed49-491b-8650-739210af34cb",
        "score": 1,
        "thumbsUpCount": 9,
        "userImage": "https://play-lh.googleusercontent.com/a-/ALV-UjVvoh1Jdux1DVN8alfYeCdzkFV6vQhvZMmONxHdNuu1wbE",
        "userName": "Mimi Grb"
    },
    {
        "appVersion": "1.3.5",
        "at": "2023-03-20 14:19:04",
        "content": "Good",
        "repliedAt": "2023-03-23 02:32:50",
        "replyContent": "Thanks for the 5 star rating. Hope you continue to enjoy reading news on our app. If you have any feedback or suggestions, please write to us at vorevo.apps@gmail.com. We would love to hear from you!",
        "reviewCreatedVersion": "1.3.5",
        "reviewId": "683a1966-9584-43a0-9af4-37474cf9d202",
        "score": 5,
        "thumbsUpCount": 1,
        "userImage": "https://play-lh.googleusercontent.com/a-/ALV-UjUpzw6_bFLhMnXNRYFOY4t-X55sD0mOYUful0yIXQVsmA",
        "userName": "Zacharybenedic Cajalne"
    },
    {
        "appVersion": "1.3.5",
        "at": "2023-03-16 18:56:08",
        "content": "good",
        "repliedAt": "2023-03-31 04:58:25",
        "replyContent": "Hi, if you like the app, could you please give us more stars?",
        "reviewCreatedVersion": "1.3.5",
        "reviewId": "ce7bebc3-fd8b-4e57-aabd-6a74b57e82e4",
        "score": 1,
        "thumbsUpCount": 0,
        "userImage": "https://play-lh.googleusercontent.com/a-/ALV-UjUHvaweVkwybIzasG0ens1CQ0HvN83TDLiTNDNKjlOJUsc",
        "userName": "Joseph Donkeys"
    },
    {
        "appVersion": "1.3.5",
        "at": "2023-03-05 13:46:16",
        "content": "it is a nice app,I love it If the app can give instructions on how to draft it in English language,i would have given it 5 star",
        "repliedAt": "2023-03-04 18:53:21",
        "replyContent": "Thank you for downloading our app. We'd love to earn 5 stars, so please write to us at vorevo.apps@gmail.com suggesting what we can do to improve.",
        "reviewCreatedVersion": "1.3.5",
        "reviewId": "3f5467d2-80fe-4627-9498-902448d79d03",
        "score": 4,
        "thumbsUpCount": 22,
        "userImage": "https://play-lh.googleusercontent.com/a/ACg8ocI7Vbd7EVjsQ77H7IU73cbC5UUYTyZ-4jJJThJQn2rR=mo",
        "userName": "Adisa Taiwo"
    },
    {
        "appVersion": "1.3.5",
        "at": "2023-02-25 14:41:15",
        "content": "best",
        "repliedAt": "2023-02-26 00:14:13",
        "replyContent": "Thank you for your review. Enjoy the app & keep supporting us :)\nIf you have any feedback or suggestion, you could write to us at vorevo.apps@gmail.com. We would love to hear from you!",
        "reviewCreatedVersion": "1.3.5",
        "reviewId": "2779486c-fa5b-4100-bd8a-ed09807f9ec6",
        "score": 5,
        "thumbsUpCount": 1,
        "userImage": "https://play-lh.googleusercontent.com/a/ACg8ocJCmmI9AZvoqHafhOZXtez8BPSBQhga1nfhbqb4f7Ul=mo",
        "userName": "A.wasie Sied"
    },
    {
        "appVersion": "1.3.5",
        "at": "2023-01-20 11:34:23",
        "content": "good",
        "repliedAt": "2023-01-20 18:17:08",
        "replyContent": "Thank you for the 5 stars rating. We'll do the best for developing the app and will add more dress pattern in the next app update.",
        "reviewCreatedVersion": "1.3.5",
        "reviewId": "1255eb1c-176c-4b3e-a9d4-8888291cd4bf",
        "score": 5,
        "thumbsUpCount": 0,
        "userImage": "https://play-lh.googleusercontent.com/a/ACg8ocJWT44ZwVmcm9PWHj02kChtyRuNZW6YPMFipgANCxiu=mo",
        "userName": "\u1021 \u101c\u1004\u1039\u1038\u1031\u101b\u102c\u1004\u1039"
    },
    {
        "appVersion": "1.3.5",
        "at": "2023-01-07 18:10:16",
        "content": "nice app so far",
        "repliedAt": "2023-01-07 23:23:18",
        "replyContent": "If you like the app, please give us more stars. Also, let us know if you have any suggestions for improvement at vorevo.apps@gmail.com.",
        "reviewCreatedVersion": "1.3.5",
        "reviewId": "dd104687-517f-4251-9aa0-ce27e2b601e9",
        "score": 1,
        "thumbsUpCount": 5,
        "userImage": "https://play-lh.googleusercontent.com/a/ACg8ocJUdjXnyV1Ob8aQ3WfUjBBGQL-lthOaPApia0wwiUp_=mo",
        "userName": "Blessing Ogechi"
    },
    {
        "appVersion": "1.3.2",
        "at": "2022-12-31 07:05:30",
        "content": "yes its good",
        "repliedAt": null,
        "replyContent": null,
        "reviewCreatedVersion": "1.3.2",
        "reviewId": "b9c66331-327b-4436-b311-ccef7d443c6b",
        "score": 5,
        "thumbsUpCount": 4,
        "userImage": "https://play-lh.googleusercontent.com/a-/ALV-UjWoJv3vUFQBNpOazSH0hwMORVaqojOxnhoZQfc9dqlvQEY",
        "userName": "Shaminah Namukasa"
    },
    {
        "appVersion": "1.3.2",
        "at": "2022-12-30 07:50:20",
        "content": "Worst app ever",
        "repliedAt": "2022-12-30 10:55:03",
        "replyContent": "Dear User, would you please tell us why did you feel the app is unhelpful at vorevo.apps@gmail.com? We're trying to improve the app quality, and your advice would be very useful. Thank you!",
        "reviewCreatedVersion": "1.3.2",
        "reviewId": "8d168681-b74c-43d2-9c2f-0951628c9c50",
        "score": 1,
        "thumbsUpCount": 0,
        "userImage": "https://play-lh.googleusercontent.com/a/ACg8ocJVy99I8oSlWypUmqO8ElAZAk8TWoJpCu7g0bH_Z9Cq=mo",
        "userName": "mutete sapezo"
    }
]