[
    {
        "appVersion": "1.3.2",
        "at": "2023-05-26 08:29:12",
        "content": "wow",
        "repliedAt": "2023-06-03 19:51:35",
        "replyContent": "Thanks for the 5 star rating. Hope you continue to use our app. If you have any feedback or suggestions, please write to us at vorevo.apps@gmail.com. We would love to hear from you!",
        "reviewCreatedVersion": "1.3.2",
        "reviewId": "97b0c56d-862f-4644-a2d3-042b1e2fce47",
        "score": 5,
        "thumbsUpCount": 1,
        "userImage": "https://play-lh.googleusercontent.com/a/ACg8ocJ8KJdi4EqNV1q9N5zTBCVZ9yPQVNDdb-blqR1HzqVi=mo",
        "userName": "Nesriya Nuruu"
    }
]