[
    {
        "appVersion": null,
        "at": "2022-12-08 03:55:26",
        "content": "Useless, main reason i installed this widget is for the hotspot feature but its not supported.",
        "repliedAt": null,
        "replyContent": null,
        "reviewCreatedVersion": null,
        "reviewId": "89186796-961c-423f-b90e-91e4e4e9c90e",
        "score": 1,
        "thumbsUpCount": 0,
        "userImage": "https://play-lh.googleusercontent.com/a-/ALV-UjWIXfL4FYn1VcLC1BcmZFa8wHInl386eVw3DBr4V-lXzA",
        "userName": "Brett H"
    },
    {
        "appVersion": "1.7",
        "at": "2022-09-03 22:52:30",
        "content": "It appears to be a nice app/widget however it tells me that it can't access my hotspot on a Surface Duo which makes it literally worthless for my application",
        "repliedAt": null,
        "replyContent": null,
        "reviewCreatedVersion": "1.7",
        "reviewId": "7630cc25-3822-4134-a6b4-56ee48c3da4e",
        "score": 2,
        "thumbsUpCount": 0,
        "userImage": "https://play-lh.googleusercontent.com/a-/ALV-UjXR265ixG4FhXxk2yiSif2pcKGMGCRdpgv7HJq7bhYUEw",
        "userName": "Jason Williams"
    },
    {
        "appVersion": "1.7",
        "at": "2021-11-26 08:46:41",
        "content": "Cannot start WiFi hotspot",
        "repliedAt": null,
        "replyContent": null,
        "reviewCreatedVersion": "1.7",
        "reviewId": "b1f01615-28a2-4f9f-970f-026a054b2a78",
        "score": 1,
        "thumbsUpCount": 0,
        "userImage": "https://play-lh.googleusercontent.com/a-/ALV-UjXmzuHidN3evw5C5XHoFd9pkB9kiVzQy6AEl_gJth6cIf0",
        "userName": "C C"
    },
    {
        "appVersion": "1.7",
        "at": "2021-06-20 15:55:50",
        "content": "Brinyjoseph",
        "repliedAt": null,
        "replyContent": null,
        "reviewCreatedVersion": "1.7",
        "reviewId": "8f224144-b5b6-458f-adde-4aa4cac1cd2e",
        "score": 5,
        "thumbsUpCount": 0,
        "userImage": "https://play-lh.googleusercontent.com/a/ACg8ocL3nMIKwz5piiHH9LqBoob423iuJY6E4GwD0ZOu_MY1=mo",
        "userName": "Briny Joseph"
    },
    {
        "appVersion": "1.7",
        "at": "2020-09-14 00:09:39",
        "content": "Good",
        "repliedAt": null,
        "replyContent": null,
        "reviewCreatedVersion": "1.7",
        "reviewId": "b876b9de-dce6-4097-880f-5965f9ac7fb7",
        "score": 1,
        "thumbsUpCount": 0,
        "userImage": "https://play-lh.googleusercontent.com/a-/ALV-UjWrbYSdd8Rd6Lpv8P3-cvuaRVhpFo7_LyRVQzIBepbQ",
        "userName": "JAGRAM KUMAR"
    },
    {
        "appVersion": null,
        "at": "2020-07-08 10:57:59",
        "content": "Very bad app",
        "repliedAt": null,
        "replyContent": null,
        "reviewCreatedVersion": null,
        "reviewId": "cc393d0f-e7cc-41f2-8cb5-911ae2435dee",
        "score": 1,
        "thumbsUpCount": 0,
        "userImage": "https://play-lh.googleusercontent.com/a/ACg8ocIoDRMYOCb8wyRYJ4xoSyUpHegr2LwR1tjigdtwXyFf=mo",
        "userName": "Jasbir Singh"
    },
    {
        "appVersion": "1.7",
        "at": "2020-03-24 17:51:58",
        "content": "Awsome app",
        "repliedAt": null,
        "replyContent": null,
        "reviewCreatedVersion": "1.7",
        "reviewId": "7f276e7f-8159-4bba-86fc-0c20970b1c10",
        "score": 5,
        "thumbsUpCount": 0,
        "userImage": "https://play-lh.googleusercontent.com/EGemoI2NTXmTsBVtJqk8jxF9rh8ApRWfsIMQSt2uE4OcpQqbFu7f7NbTK05lx80nuSijCz7sc3a277R67g",
        "userName": "A Google user"
    },
    {
        "appVersion": null,
        "at": "2020-03-08 17:41:07",
        "content": "Doesnt save me any steps turning on wifi hot spot. Whats the point?!",
        "repliedAt": null,
        "replyContent": null,
        "reviewCreatedVersion": null,
        "reviewId": "2e006a82-b2fb-44ec-ae66-fe2c7f639f0d",
        "score": 1,
        "thumbsUpCount": 5,
        "userImage": "https://play-lh.googleusercontent.com/EGemoI2NTXmTsBVtJqk8jxF9rh8ApRWfsIMQSt2uE4OcpQqbFu7f7NbTK05lx80nuSijCz7sc3a277R67g",
        "userName": "A Google user"
    },
    {
        "appVersion": null,
        "at": "2020-01-08 06:42:13",
        "content": "Does not work on lg g6",
        "repliedAt": null,
        "replyContent": null,
        "reviewCreatedVersion": null,
        "reviewId": "271a5b90-d3f1-4feb-bb1c-ea150d56bf2c",
        "score": 1,
        "thumbsUpCount": 0,
        "userImage": "https://play-lh.googleusercontent.com/EGemoI2NTXmTsBVtJqk8jxF9rh8ApRWfsIMQSt2uE4OcpQqbFu7f7NbTK05lx80nuSijCz7sc3a277R67g",
        "userName": "A Google user"
    },
    {
        "appVersion": "1.7",
        "at": "2019-12-31 07:32:52",
        "content": "Sad dont work for t mobile joy tablet \ud83d\ude2d",
        "repliedAt": null,
        "replyContent": null,
        "reviewCreatedVersion": "1.7",
        "reviewId": "9d3ea598-6e5f-4133-b458-7a25a10fc035",
        "score": 1,
        "thumbsUpCount": 0,
        "userImage": "https://play-lh.googleusercontent.com/EGemoI2NTXmTsBVtJqk8jxF9rh8ApRWfsIMQSt2uE4OcpQqbFu7f7NbTK05lx80nuSijCz7sc3a277R67g",
        "userName": "A Google user"
    },
    {
        "appVersion": "1.7",
        "at": "2019-12-24 10:16:56",
        "content": "The more you know",
        "repliedAt": null,
        "replyContent": null,
        "reviewCreatedVersion": "1.7",
        "reviewId": "24b6fb9f-1102-403e-ac09-69f59b75c6ee",
        "score": 5,
        "thumbsUpCount": 0,
        "userImage": "https://play-lh.googleusercontent.com/EGemoI2NTXmTsBVtJqk8jxF9rh8ApRWfsIMQSt2uE4OcpQqbFu7f7NbTK05lx80nuSijCz7sc3a277R67g",
        "userName": "A Google user"
    },
    {
        "appVersion": "1.7",
        "at": "2019-10-08 11:55:45",
        "content": "Does not work on motorola one",
        "repliedAt": null,
        "replyContent": null,
        "reviewCreatedVersion": "1.7",
        "reviewId": "daef4fa5-075c-416f-9f40-4a71d1db8517",
        "score": 1,
        "thumbsUpCount": 0,
        "userImage": "https://play-lh.googleusercontent.com/EGemoI2NTXmTsBVtJqk8jxF9rh8ApRWfsIMQSt2uE4OcpQqbFu7f7NbTK05lx80nuSijCz7sc3a277R67g",
        "userName": "A Google user"
    },
    {
        "appVersion": "1.7",
        "at": "2019-10-03 23:37:41",
        "content": "Simple enough. Actually works (Samsung S8)",
        "repliedAt": null,
        "replyContent": null,
        "reviewCreatedVersion": "1.7",
        "reviewId": "17d4ce10-4d80-41be-a3fc-c6531696f073",
        "score": 5,
        "thumbsUpCount": 3,
        "userImage": "https://play-lh.googleusercontent.com/EGemoI2NTXmTsBVtJqk8jxF9rh8ApRWfsIMQSt2uE4OcpQqbFu7f7NbTK05lx80nuSijCz7sc3a277R67g",
        "userName": "A Google user"
    },
    {
        "appVersion": null,
        "at": "2018-12-21 11:46:14",
        "content": "Does do anything over and above what's in android",
        "repliedAt": null,
        "replyContent": null,
        "reviewCreatedVersion": null,
        "reviewId": "e6aad650-1a00-4910-90d6-44614b17bd69",
        "score": 1,
        "thumbsUpCount": 0,
        "userImage": "https://play-lh.googleusercontent.com/EGemoI2NTXmTsBVtJqk8jxF9rh8ApRWfsIMQSt2uE4OcpQqbFu7f7NbTK05lx80nuSijCz7sc3a277R67g",
        "userName": "A Google user"
    },
    {
        "appVersion": "1.7",
        "at": "2018-10-19 05:54:39",
        "content": "Unfortunately it says not supported. Pixel.",
        "repliedAt": null,
        "replyContent": null,
        "reviewCreatedVersion": "1.7",
        "reviewId": "681d4ecd-a91b-4542-8b7c-e41fcc5152ad",
        "score": 3,
        "thumbsUpCount": 6,
        "userImage": "https://play-lh.googleusercontent.com/EGemoI2NTXmTsBVtJqk8jxF9rh8ApRWfsIMQSt2uE4OcpQqbFu7f7NbTK05lx80nuSijCz7sc3a277R67g",
        "userName": "A Google user"
    },
    {
        "appVersion": "1.7",
        "at": "2018-08-11 05:10:11",
        "content": "Not bad at all... Does what it's made for. But my download doesn't exhibit \nall other features that come with it like, BACKGROUND COLOUR INSTALLING and \nCHANGING, and others.",
        "repliedAt": null,
        "replyContent": null,
        "reviewCreatedVersion": "1.7",
        "reviewId": "7cde0986-ccd1-407a-b573-b8e2de8a7744",
        "score": 3,
        "thumbsUpCount": 0,
        "userImage": "https://play-lh.googleusercontent.com/EGemoI2NTXmTsBVtJqk8jxF9rh8ApRWfsIMQSt2uE4OcpQqbFu7f7NbTK05lx80nuSijCz7sc3a277R67g",
        "userName": "A Google user"
    },
    {
        "appVersion": null,
        "at": "2018-07-13 03:28:37",
        "content": "Not working. At all",
        "repliedAt": null,
        "replyContent": null,
        "reviewCreatedVersion": null,
        "reviewId": "d4000155-50eb-4a67-b790-10dff7ed5def",
        "score": 1,
        "thumbsUpCount": 0,
        "userImage": "https://play-lh.googleusercontent.com/EGemoI2NTXmTsBVtJqk8jxF9rh8ApRWfsIMQSt2uE4OcpQqbFu7f7NbTK05lx80nuSijCz7sc3a277R67g",
        "userName": "A Google user"
    },
    {
        "appVersion": "1.7",
        "at": "2018-05-02 18:42:06",
        "content": "Works awesome on an LG V20 with AT&T!",
        "repliedAt": null,
        "replyContent": null,
        "reviewCreatedVersion": "1.7",
        "reviewId": "8241e81c-cd78-45f3-922e-6de8f1e0db7e",
        "score": 5,
        "thumbsUpCount": 0,
        "userImage": "https://play-lh.googleusercontent.com/EGemoI2NTXmTsBVtJqk8jxF9rh8ApRWfsIMQSt2uE4OcpQqbFu7f7NbTK05lx80nuSijCz7sc3a277R67g",
        "userName": "A Google user"
    },
    {
        "appVersion": "1.7",
        "at": "2018-04-25 11:52:37",
        "content": "It used to work really well. But no since the latest Android update to 8.0.0",
        "repliedAt": null,
        "replyContent": null,
        "reviewCreatedVersion": "1.7",
        "reviewId": "bbb70489-2606-4a3e-aa58-93b9948c10f0",
        "score": 1,
        "thumbsUpCount": 0,
        "userImage": "https://play-lh.googleusercontent.com/EGemoI2NTXmTsBVtJqk8jxF9rh8ApRWfsIMQSt2uE4OcpQqbFu7f7NbTK05lx80nuSijCz7sc3a277R67g",
        "userName": "A Google user"
    },
    {
        "appVersion": "1.7",
        "at": "2018-01-09 12:34:49",
        "content": "Doesn't work on Galaxy S8+ on Verizon.  It will show you when it's on and turn it off by hitting the WiFi button but that's all.",
        "repliedAt": null,
        "replyContent": null,
        "reviewCreatedVersion": "1.7",
        "reviewId": "58583d16-1c75-4b9e-bd0c-576ecfa6df30",
        "score": 2,
        "thumbsUpCount": 2,
        "userImage": "https://play-lh.googleusercontent.com/EGemoI2NTXmTsBVtJqk8jxF9rh8ApRWfsIMQSt2uE4OcpQqbFu7f7NbTK05lx80nuSijCz7sc3a277R67g",
        "userName": "A Google user"
    },
    {
        "appVersion": "1.7",
        "at": "2017-10-26 14:41:21",
        "content": "Useless",
        "repliedAt": null,
        "replyContent": null,
        "reviewCreatedVersion": "1.7",
        "reviewId": "2ddd1efc-f861-47a3-afec-4d43d79fe9b3",
        "score": 1,
        "thumbsUpCount": 0,
        "userImage": "https://play-lh.googleusercontent.com/EGemoI2NTXmTsBVtJqk8jxF9rh8ApRWfsIMQSt2uE4OcpQqbFu7f7NbTK05lx80nuSijCz7sc3a277R67g",
        "userName": "A Google user"
    },
    {
        "appVersion": "1.7",
        "at": "2017-10-20 07:18:42",
        "content": "It works. Once you activate the switch it takes a few seconds for the actual hotspot to turn on. The background display setting doesn't seem to control anything but that is not why I downloaded this app.",
        "repliedAt": null,
        "replyContent": null,
        "reviewCreatedVersion": "1.7",
        "reviewId": "cad3b211-32c0-4851-b3d7-eddd6fc5e838",
        "score": 5,
        "thumbsUpCount": 7,
        "userImage": "https://play-lh.googleusercontent.com/EGemoI2NTXmTsBVtJqk8jxF9rh8ApRWfsIMQSt2uE4OcpQqbFu7f7NbTK05lx80nuSijCz7sc3a277R67g",
        "userName": "A Google user"
    },
    {
        "appVersion": "1.7",
        "at": "2017-08-05 01:53:46",
        "content": "Another stupid hotspot app. Does not turn on my hotspot",
        "repliedAt": null,
        "replyContent": null,
        "reviewCreatedVersion": "1.7",
        "reviewId": "0ac0bbeb-d33d-438e-ad0d-09bd2a12d650",
        "score": 1,
        "thumbsUpCount": 4,
        "userImage": "https://play-lh.googleusercontent.com/EGemoI2NTXmTsBVtJqk8jxF9rh8ApRWfsIMQSt2uE4OcpQqbFu7f7NbTK05lx80nuSijCz7sc3a277R67g",
        "userName": "A Google user"
    },
    {
        "appVersion": "1.7",
        "at": "2017-06-03 23:02:31",
        "content": "Another useless app",
        "repliedAt": null,
        "replyContent": null,
        "reviewCreatedVersion": "1.7",
        "reviewId": "b423b13e-b82c-4abc-8eed-86f712986876",
        "score": 1,
        "thumbsUpCount": 4,
        "userImage": "https://play-lh.googleusercontent.com/EGemoI2NTXmTsBVtJqk8jxF9rh8ApRWfsIMQSt2uE4OcpQqbFu7f7NbTK05lx80nuSijCz7sc3a277R67g",
        "userName": "A Google user"
    },
    {
        "appVersion": "1.6",
        "at": "2017-04-21 06:06:44",
        "content": "Simply works and not festered with adverts",
        "repliedAt": "2017-04-23 12:13:07",
        "replyContent": "Thanks",
        "reviewCreatedVersion": "1.6",
        "reviewId": "d8bbd83a-1a8e-45a7-b5d8-9d002c505c4a",
        "score": 5,
        "thumbsUpCount": 2,
        "userImage": "https://play-lh.googleusercontent.com/EGemoI2NTXmTsBVtJqk8jxF9rh8ApRWfsIMQSt2uE4OcpQqbFu7f7NbTK05lx80nuSijCz7sc3a277R67g",
        "userName": "A Google user"
    },
    {
        "appVersion": "1.6",
        "at": "2017-04-21 05:40:04",
        "content": "Bv5000 worked",
        "repliedAt": "2017-04-23 12:13:20",
        "replyContent": "Thanks",
        "reviewCreatedVersion": "1.6",
        "reviewId": "f07ec6e0-f5bf-4e2e-93fb-2eb4777c60e6",
        "score": 5,
        "thumbsUpCount": 0,
        "userImage": "https://play-lh.googleusercontent.com/EGemoI2NTXmTsBVtJqk8jxF9rh8ApRWfsIMQSt2uE4OcpQqbFu7f7NbTK05lx80nuSijCz7sc3a277R67g",
        "userName": "A Google user"
    },
    {
        "appVersion": "1.6",
        "at": "2017-03-18 14:09:49",
        "content": "It doesn't work on the SGS7",
        "repliedAt": null,
        "replyContent": null,
        "reviewCreatedVersion": "1.6",
        "reviewId": "7eccee1c-40c3-4d57-9180-a5119a15f8fc",
        "score": 2,
        "thumbsUpCount": 5,
        "userImage": "https://play-lh.googleusercontent.com/EGemoI2NTXmTsBVtJqk8jxF9rh8ApRWfsIMQSt2uE4OcpQqbFu7f7NbTK05lx80nuSijCz7sc3a277R67g",
        "userName": "A Google user"
    },
    {
        "appVersion": null,
        "at": "2017-03-18 11:55:59",
        "content": "Doesn't work",
        "repliedAt": null,
        "replyContent": null,
        "reviewCreatedVersion": null,
        "reviewId": "f1ea3d77-1c8c-4f56-8277-fcea303ea67a",
        "score": 1,
        "thumbsUpCount": 0,
        "userImage": "https://play-lh.googleusercontent.com/EGemoI2NTXmTsBVtJqk8jxF9rh8ApRWfsIMQSt2uE4OcpQqbFu7f7NbTK05lx80nuSijCz7sc3a277R67g",
        "userName": "A Google user"
    },
    {
        "appVersion": "1.6",
        "at": "2017-02-06 03:00:52",
        "content": "Great app Thanks for making it available for free.",
        "repliedAt": "2017-04-23 12:16:20",
        "replyContent": "Thanks for your feedback.",
        "reviewCreatedVersion": "1.6",
        "reviewId": "941ce662-ae03-4811-b861-b6aa106decbd",
        "score": 5,
        "thumbsUpCount": 10,
        "userImage": "https://play-lh.googleusercontent.com/EGemoI2NTXmTsBVtJqk8jxF9rh8ApRWfsIMQSt2uE4OcpQqbFu7f7NbTK05lx80nuSijCz7sc3a277R67g",
        "userName": "A Google user"
    },
    {
        "appVersion": "1.6",
        "at": "2016-10-08 18:30:29",
        "content": "Good app",
        "repliedAt": "2017-04-23 12:19:37",
        "replyContent": "Thanks",
        "reviewCreatedVersion": "1.6",
        "reviewId": "d564d609-1fe2-45ef-99f5-54c4fa9a9ad1",
        "score": 5,
        "thumbsUpCount": 3,
        "userImage": "https://play-lh.googleusercontent.com/EGemoI2NTXmTsBVtJqk8jxF9rh8ApRWfsIMQSt2uE4OcpQqbFu7f7NbTK05lx80nuSijCz7sc3a277R67g",
        "userName": "A Google user"
    }
]