[
    {
        "appVersion": "1.2",
        "at": "2023-05-07 08:24:02",
        "content": "Utterly rubbish don't work..",
        "repliedAt": null,
        "replyContent": null,
        "reviewCreatedVersion": "1.2",
        "reviewId": "856c26b6-4c7c-4555-9a7b-4aa6d637b286",
        "score": 1,
        "thumbsUpCount": 0,
        "userImage": "https://play-lh.googleusercontent.com/a-/ALV-UjWNaxPsbSOKnzSNGLRTcXkaq0kYo7P0V-wHCjcOXuydRp_-",
        "userName": "Peter Voice"
    },
    {
        "appVersion": "1.2",
        "at": "2023-04-25 07:57:34",
        "content": "Dear funny face team this app one time open do not working please bug issue fix problems ok thanks",
        "repliedAt": null,
        "replyContent": null,
        "reviewCreatedVersion": "1.2",
        "reviewId": "072d101b-5c3b-4f41-bb02-0c4e466cc35e",
        "score": 1,
        "thumbsUpCount": 0,
        "userImage": "https://play-lh.googleusercontent.com/a/ACg8ocJAdF1uw1WKm34rH6W3RAkVEAWXLcvP7tFXLXLKZw00=mo",
        "userName": "Subhash Sahu"
    }
]