[
    {
        "appVersion": "1.3",
        "at": "2023-11-16 02:22:23",
        "content": "Waste",
        "repliedAt": null,
        "replyContent": null,
        "reviewCreatedVersion": "1.3",
        "reviewId": "ce6e5158-d48e-48e6-8745-0bc575cb073a",
        "score": 1,
        "thumbsUpCount": 1,
        "userImage": "https://play-lh.googleusercontent.com/a/ACg8ocKxoXLdwu4tdkSryg5uNFwlrNwXJyv3dT9qQKNsp97K=mo",
        "userName": "Anandhi Amulraj"
    },
    {
        "appVersion": null,
        "at": "2023-10-11 13:07:36",
        "content": "Simple",
        "repliedAt": null,
        "replyContent": null,
        "reviewCreatedVersion": null,
        "reviewId": "95db5fe2-b1b1-486b-be60-475a6c775a8f",
        "score": 5,
        "thumbsUpCount": 0,
        "userImage": "https://play-lh.googleusercontent.com/a/ACg8ocJ0Fe7a1jzZS8hON37VQ96DPnsR16wBqZ5URM0gjZuf=mo",
        "userName": "Silvestar"
    },
    {
        "appVersion": null,
        "at": "2023-10-06 11:20:26",
        "content": "I love Jesus",
        "repliedAt": null,
        "replyContent": null,
        "reviewCreatedVersion": null,
        "reviewId": "d2942fdd-137f-40d0-b4af-cfb1b25c4508",
        "score": 5,
        "thumbsUpCount": 16,
        "userImage": "https://play-lh.googleusercontent.com/a/ACg8ocKLu_o9KcbQ04bULpwYch7o0JoiqAnIeMh7wczkuMxn=mo",
        "userName": "Ravi Ebi"
    },
    {
        "appVersion": null,
        "at": "2023-07-29 12:03:59",
        "content": "Good app",
        "repliedAt": null,
        "replyContent": null,
        "reviewCreatedVersion": null,
        "reviewId": "2af61970-3c97-4c6d-9270-040154e1b5c1",
        "score": 4,
        "thumbsUpCount": 1,
        "userImage": "https://play-lh.googleusercontent.com/a-/ALV-UjUp9DTPlhB4B8f2SU6wb8r8SYZmXL18HjcIFe05nUarmMg",
        "userName": "Ashok Grs"
    },
    {
        "appVersion": null,
        "at": "2023-07-15 08:29:30",
        "content": "Hahahahaja",
        "repliedAt": null,
        "replyContent": null,
        "reviewCreatedVersion": null,
        "reviewId": "29d62fc1-e167-462f-8d39-fb68f4aaee8a",
        "score": 5,
        "thumbsUpCount": 2,
        "userImage": "https://play-lh.googleusercontent.com/a/ACg8ocKpmBRbgvY8erMATx3rlych2aelc1vcfW9Kua9DRKs=mo",
        "userName": "Madhu Kumar"
    },
    {
        "appVersion": null,
        "at": "2023-06-07 00:02:24",
        "content": "shiva",
        "repliedAt": null,
        "replyContent": null,
        "reviewCreatedVersion": null,
        "reviewId": "48461877-aba8-4124-9c50-88068b9fe6ac",
        "score": 1,
        "thumbsUpCount": 0,
        "userImage": "https://play-lh.googleusercontent.com/a/ACg8ocID08A5pO8--DVSiC1rszUAwJQRW2bqnK5Xsrw8i11U=mo",
        "userName": "\u0915\u093e\u092e\u093f\u0928\u0940 \u0938\u093f\u0902\u0939"
    },
    {
        "appVersion": null,
        "at": "2023-05-12 05:24:06",
        "content": "Good",
        "repliedAt": null,
        "replyContent": null,
        "reviewCreatedVersion": null,
        "reviewId": "62790c59-dd50-4a4a-b4ca-fb0156ec265f",
        "score": 5,
        "thumbsUpCount": 2,
        "userImage": "https://play-lh.googleusercontent.com/a/ACg8ocKnl5tvD-fHzyiiiXUaKpRWnIFiG9D7VfJm0w0BZjaf=mo",
        "userName": "Reet Sahotra"
    },
    {
        "appVersion": null,
        "at": "2023-04-30 02:14:44",
        "content": "Good working",
        "repliedAt": null,
        "replyContent": null,
        "reviewCreatedVersion": null,
        "reviewId": "f9c6d644-1af3-4c99-9a64-64244f24f526",
        "score": 5,
        "thumbsUpCount": 2,
        "userImage": "https://play-lh.googleusercontent.com/a/ACg8ocK42fxyDqVTr0Q3SDTbVGJllnrz_dVW2a_m26q-37A=mo",
        "userName": "Rajan Crgill"
    },
    {
        "appVersion": null,
        "at": "2023-04-20 08:22:20",
        "content": "Because I love \ud83d\udc95 Jesus",
        "repliedAt": null,
        "replyContent": null,
        "reviewCreatedVersion": null,
        "reviewId": "ec01622e-a2e1-4cdd-b50d-070ab69682f1",
        "score": 5,
        "thumbsUpCount": 72,
        "userImage": "https://play-lh.googleusercontent.com/a/ACg8ocL6Ms_AMzy_r1syn8fWpLMANEoMeSTRrLkZ9jkYwpFy=mo",
        "userName": "Parvati Alice"
    },
    {
        "appVersion": "1.3",
        "at": "2023-03-15 13:33:40",
        "content": "Tarun",
        "repliedAt": null,
        "replyContent": null,
        "reviewCreatedVersion": "1.3",
        "reviewId": "aff54abd-0c6f-400f-a475-a8ef81d195cc",
        "score": 5,
        "thumbsUpCount": 32,
        "userImage": "https://play-lh.googleusercontent.com/a/ACg8ocIUbCcaKRKz4TeYhd4r-rYCczpT3CIjF5IC_XaWTiR3=mo",
        "userName": "\u0905\u0930\u0942\u0928 \u091a\u094c\u0939\u093e\u0928"
    },
    {
        "appVersion": "1.3",
        "at": "2023-02-21 12:05:10",
        "content": "\u0c38\u0c3e\u0c02\u0c17\u0c4d",
        "repliedAt": null,
        "replyContent": null,
        "reviewCreatedVersion": "1.3",
        "reviewId": "88f03b83-2aca-4f07-9f46-3a3203618c41",
        "score": 5,
        "thumbsUpCount": 43,
        "userImage": "https://play-lh.googleusercontent.com/a/ACg8ocJhxbN5Zuq61E72EeoQTVFPwnRv39nrmfLrxKjLdYeu=mo",
        "userName": "Anitha Rani"
    },
    {
        "appVersion": null,
        "at": "2023-02-16 15:31:54",
        "content": "Very bad\ud83d\ude20\ud83d\ude20\ud83d\ude20",
        "repliedAt": null,
        "replyContent": null,
        "reviewCreatedVersion": null,
        "reviewId": "1bbea2f6-f8bc-4abc-8230-be0ee7b13c51",
        "score": 1,
        "thumbsUpCount": 7,
        "userImage": "https://play-lh.googleusercontent.com/a/ACg8ocJOjpQb7BiC3W5_B7QcCzDMnUDlsHY7nLXijiWYiHDV=mo",
        "userName": "SADU BABA GAMING"
    },
    {
        "appVersion": null,
        "at": "2022-11-29 08:25:31",
        "content": "No bad",
        "repliedAt": null,
        "replyContent": null,
        "reviewCreatedVersion": null,
        "reviewId": "23930088-50a9-492d-a529-741b5b82cfa3",
        "score": 4,
        "thumbsUpCount": 9,
        "userImage": "https://play-lh.googleusercontent.com/a/ACg8ocI3mGzucXl0QszbsI16NZiiprwwgosQtuPWVh_-vKqC=mo",
        "userName": "Titha Joseph"
    }
]