[
    {
        "appVersion": null,
        "at": "2023-11-20 00:08:01",
        "content": "lukeson",
        "repliedAt": null,
        "replyContent": null,
        "reviewCreatedVersion": null,
        "reviewId": "3578604d-3707-4b2b-b878-65578892f959",
        "score": 5,
        "thumbsUpCount": 0,
        "userImage": "https://play-lh.googleusercontent.com/a-/ALV-UjUUXtINIFYYHBcHAqvVWvGP9A-fBQnBpEDGKU5XJk71kA",
        "userName": "noyan miah"
    },
    {
        "appVersion": "1.1",
        "at": "2023-11-02 02:09:08",
        "content": "Very bad time waste",
        "repliedAt": null,
        "replyContent": null,
        "reviewCreatedVersion": "1.1",
        "reviewId": "7bc50620-294d-483c-8cce-375e55eb5293",
        "score": 1,
        "thumbsUpCount": 0,
        "userImage": "https://play-lh.googleusercontent.com/a/ACg8ocLFucdcpUdeguVNwv7tHe-uydZOLTdt7f-ZVQ_ZWbS2=mo",
        "userName": "Mehar Abubakar"
    },
    {
        "appVersion": "1.1",
        "at": "2023-10-29 17:17:40",
        "content": "fek app",
        "repliedAt": null,
        "replyContent": null,
        "reviewCreatedVersion": "1.1",
        "reviewId": "477f4798-308b-498f-9df9-7350fca3cf03",
        "score": 5,
        "thumbsUpCount": 0,
        "userImage": "https://play-lh.googleusercontent.com/a/ACg8ocL7un7VDiy_SWtJGmzuN1wfKzn1dxmoyfMI9SkYTK7Y=mo",
        "userName": "Agatu Denis"
    },
    {
        "appVersion": "1.1",
        "at": "2023-10-28 10:00:14",
        "content": "This app is very poor",
        "repliedAt": null,
        "replyContent": null,
        "reviewCreatedVersion": "1.1",
        "reviewId": "dca2680e-6342-4514-8781-22abae2f7332",
        "score": 1,
        "thumbsUpCount": 0,
        "userImage": "https://play-lh.googleusercontent.com/a-/ALV-UjXwihhBzwS_MZrGiyPd5i6ZJr54yLFy89n1RPp6TzQBCA",
        "userName": "PRINCE SAHU"
    },
    {
        "appVersion": "1.1",
        "at": "2023-10-22 07:25:38",
        "content": "Good",
        "repliedAt": null,
        "replyContent": null,
        "reviewCreatedVersion": "1.1",
        "reviewId": "019374b2-1fff-4eb8-b162-1e8a7cd9a0be",
        "score": 5,
        "thumbsUpCount": 0,
        "userImage": "https://play-lh.googleusercontent.com/a/ACg8ocJfVSbikJpH30qjGC7mcnwEezaAdx_0Sn5wdbmD-nEy=mo",
        "userName": "Yeshey Dendup"
    },
    {
        "appVersion": "1.1",
        "at": "2023-10-14 12:26:06",
        "content": "Fake h",
        "repliedAt": null,
        "replyContent": null,
        "reviewCreatedVersion": "1.1",
        "reviewId": "2d1fd883-4c33-449c-8594-073988914a31",
        "score": 1,
        "thumbsUpCount": 0,
        "userImage": "https://play-lh.googleusercontent.com/a-/ALV-UjXze33NmXAWcwRTJXvchc4Kjq272Or316hTqXq2dIdypE2R",
        "userName": "Mian Raheem Shahbaz"
    },
    {
        "appVersion": "1.1",
        "at": "2023-10-10 14:05:37",
        "content": "good",
        "repliedAt": null,
        "replyContent": null,
        "reviewCreatedVersion": "1.1",
        "reviewId": "d07ab156-2f73-411d-bcdc-4cdfac013dce",
        "score": 1,
        "thumbsUpCount": 0,
        "userImage": "https://play-lh.googleusercontent.com/a-/ALV-UjWS-jtIIg82ZNLxUyQo19kmMjIVu6PQwfGqVb5GI98xc8s",
        "userName": "james jonnel talabong (tamboks_29)"
    },
    {
        "appVersion": "1.1",
        "at": "2023-10-07 12:16:31",
        "content": "Love it",
        "repliedAt": null,
        "replyContent": null,
        "reviewCreatedVersion": "1.1",
        "reviewId": "f78e85c8-95d4-474f-beda-d56f18a47b39",
        "score": 5,
        "thumbsUpCount": 0,
        "userImage": "https://play-lh.googleusercontent.com/a/ACg8ocKUi44c0RNqa_IwVl0aGMMNijGg4ZoPvJ2lrKMR7bbb=mo",
        "userName": "Chirath Perera"
    },
    {
        "appVersion": null,
        "at": "2023-09-23 02:24:21",
        "content": "Nice",
        "repliedAt": null,
        "replyContent": null,
        "reviewCreatedVersion": null,
        "reviewId": "600ab9b5-c7f3-4cfe-83cd-1e8487bb4841",
        "score": 5,
        "thumbsUpCount": 0,
        "userImage": "https://play-lh.googleusercontent.com/a/ACg8ocJfsgyqb5TDsY6rVtciPPKnFgaPIqQYJy5x2lB1aG3l=mo",
        "userName": "abbas"
    },
    {
        "appVersion": "1.1",
        "at": "2023-09-21 10:29:32",
        "content": "Very good",
        "repliedAt": null,
        "replyContent": null,
        "reviewCreatedVersion": "1.1",
        "reviewId": "a6736332-4fee-4672-8b3b-755da13a7b49",
        "score": 5,
        "thumbsUpCount": 0,
        "userImage": "https://play-lh.googleusercontent.com/a-/ALV-UjWCH-HCimr8LooSi7kfNsrkLpXdE5taC0PRLibm6hGHkzw",
        "userName": "Kajal Kumarikajal"
    },
    {
        "appVersion": "1.1",
        "at": "2023-09-21 08:47:31",
        "content": "Trying to look up a number, but this app wants to ask me trivia questions",
        "repliedAt": null,
        "replyContent": null,
        "reviewCreatedVersion": "1.1",
        "reviewId": "1d7e434c-5c7d-4c21-a5b7-284515fda136",
        "score": 1,
        "thumbsUpCount": 4,
        "userImage": "https://play-lh.googleusercontent.com/a-/ALV-UjWus-wxabf61bokIf0v3rA5CkeP7NC552ykvwk4mwmiwbE",
        "userName": "Stephen Hernandez"
    },
    {
        "appVersion": "1.1",
        "at": "2023-09-21 03:45:19",
        "content": "I love it",
        "repliedAt": null,
        "replyContent": null,
        "reviewCreatedVersion": "1.1",
        "reviewId": "bb22b7ad-6c24-4673-b9df-11e8e36b2002",
        "score": 5,
        "thumbsUpCount": 0,
        "userImage": "https://play-lh.googleusercontent.com/a/ACg8ocJcp3gYs0-HMebGsRJwJroPMsyd_gbsWu0FCzVsNU2Y=mo",
        "userName": "Amarachi Jenny"
    },
    {
        "appVersion": null,
        "at": "2023-09-20 15:09:26",
        "content": "This is very different app..name is another and work is different",
        "repliedAt": null,
        "replyContent": null,
        "reviewCreatedVersion": null,
        "reviewId": "d4bbd32b-728e-4da6-b2b9-7cd23daf07c5",
        "score": 1,
        "thumbsUpCount": 4,
        "userImage": "https://play-lh.googleusercontent.com/a/ACg8ocIfCZ4AHVP55qXbvu3xAgzLTnUV3KGIVby4ljl_SbS0=mo",
        "userName": "Niyati Jambhulkar"
    },
    {
        "appVersion": "1.1",
        "at": "2023-09-20 09:25:57",
        "content": "I dont like it",
        "repliedAt": null,
        "replyContent": null,
        "reviewCreatedVersion": "1.1",
        "reviewId": "a1c0d829-c0e1-43e2-a879-c4c6ce48b8ab",
        "score": 1,
        "thumbsUpCount": 2,
        "userImage": "https://play-lh.googleusercontent.com/a-/ALV-UjVlLAzGxRyQLGAWqdEDgypCiuM7tcnbAuNPQ-iEJ-mWeA",
        "userName": "Anishka Sagar"
    },
    {
        "appVersion": "1.1",
        "at": "2023-09-19 14:12:46",
        "content": "Very bad",
        "repliedAt": null,
        "replyContent": null,
        "reviewCreatedVersion": "1.1",
        "reviewId": "08a0f5d5-f651-4c21-a9d3-dcc023815548",
        "score": 1,
        "thumbsUpCount": 0,
        "userImage": "https://play-lh.googleusercontent.com/a/ACg8ocKg72EggdP4KVb5cb7SEDCe0KZlw4n-4Cc8GBjEWig=mo",
        "userName": "Malik Usman"
    },
    {
        "appVersion": "1.1",
        "at": "2023-09-19 12:17:14",
        "content": "Vogus App.",
        "repliedAt": null,
        "replyContent": null,
        "reviewCreatedVersion": "1.1",
        "reviewId": "0267cca5-10a5-48e3-bfe6-3b34615edaa5",
        "score": 1,
        "thumbsUpCount": 0,
        "userImage": "https://play-lh.googleusercontent.com/a/ACg8ocIavKwNkVH_Fuh6e4LOLaRANkOmg00zX_eflhc9Kno-=mo",
        "userName": "Manjunath Shetty"
    },
    {
        "appVersion": "1.1",
        "at": "2023-09-19 01:18:19",
        "content": "Disgusting",
        "repliedAt": null,
        "replyContent": null,
        "reviewCreatedVersion": "1.1",
        "reviewId": "ecab5a36-97ab-42e2-9b8d-e07aad153dce",
        "score": 1,
        "thumbsUpCount": 0,
        "userImage": "https://play-lh.googleusercontent.com/a-/ALV-UjUJEar6Os3hvWHXJ_Gyn6tK5cJefLczyDDMhe_uNfO2GZI",
        "userName": "Saher Shuaib"
    },
    {
        "appVersion": "1.1",
        "at": "2023-09-17 17:13:42",
        "content": "Fake",
        "repliedAt": null,
        "replyContent": null,
        "reviewCreatedVersion": "1.1",
        "reviewId": "3c8fd001-7051-4642-a4da-abe4ddce74ed",
        "score": 1,
        "thumbsUpCount": 0,
        "userImage": "https://play-lh.googleusercontent.com/a/ACg8ocJ0IdJXOoLzp5Sm27rfQJvEjQQ0r8tFKRgThbY6g2tj=mo",
        "userName": "zain Amanat"
    },
    {
        "appVersion": null,
        "at": "2023-09-17 13:14:25",
        "content": "Etni bkvas app aaj tk nhi dekhi mene",
        "repliedAt": null,
        "replyContent": null,
        "reviewCreatedVersion": null,
        "reviewId": "b992ca2d-5df1-4993-af3e-a71f29721052",
        "score": 1,
        "thumbsUpCount": 1,
        "userImage": "https://play-lh.googleusercontent.com/a-/ALV-UjUwAX6GuYy2AKviFf_rwsZjlRpXSnSgiyUcfoOwOWtC6bo",
        "userName": "Pooja Panwar"
    },
    {
        "appVersion": "1.1",
        "at": "2023-09-17 11:56:58",
        "content": "Its shows so many add. I don't like It.",
        "repliedAt": null,
        "replyContent": null,
        "reviewCreatedVersion": "1.1",
        "reviewId": "e1e46189-4738-47e3-963b-08a5f0223dca",
        "score": 1,
        "thumbsUpCount": 10,
        "userImage": "https://play-lh.googleusercontent.com/a-/ALV-UjUKIh1bCwP75zzFMuIVI9vKakXVmWhDxRyCKaQoXoBbIR4",
        "userName": "Shankari Das"
    },
    {
        "appVersion": null,
        "at": "2023-09-17 10:47:57",
        "content": "\ud83d\udc4e\ud83d\udc4e\ud83d\udc4e",
        "repliedAt": null,
        "replyContent": null,
        "reviewCreatedVersion": null,
        "reviewId": "b3eacc5d-20e1-4d1e-989c-497e41a6446d",
        "score": 1,
        "thumbsUpCount": 0,
        "userImage": "https://play-lh.googleusercontent.com/a/ACg8ocLIQUC8-KjzK2Za5QCyqsciaH4fJBdX59vaO3QvqnxM=mo",
        "userName": "Muhammad Humzakhan"
    },
    {
        "appVersion": "1.1",
        "at": "2023-09-17 10:02:12",
        "content": "Don't waste your time",
        "repliedAt": null,
        "replyContent": null,
        "reviewCreatedVersion": "1.1",
        "reviewId": "477c6265-88d9-469c-9c48-8f873b321752",
        "score": 1,
        "thumbsUpCount": 4,
        "userImage": "https://play-lh.googleusercontent.com/a-/ALV-UjXUkpwMeBoTr8LHPzui5NQ2kYQdVbwud84pCVBUDVhEhAcM",
        "userName": "Akash Sharma"
    },
    {
        "appVersion": null,
        "at": "2023-09-17 09:27:27",
        "content": "Fake \ud83d\ude21\ud83d\ude21\ud83d\ude21\ud83d\ude21\ud83d\ude21\ud83d\ude21\ud83d\ude21\ud83d\ude21 don't deserve star",
        "repliedAt": null,
        "replyContent": null,
        "reviewCreatedVersion": null,
        "reviewId": "c7c7a458-2c2e-4e99-9ef0-06f540a66ac8",
        "score": 1,
        "thumbsUpCount": 6,
        "userImage": "https://play-lh.googleusercontent.com/a-/ALV-UjVjws4jopbnY39FRf5T2Zm548oCuw4ZD2YE-bQwHEY44Q",
        "userName": "Muhammad Ashraf"
    },
    {
        "appVersion": null,
        "at": "2023-09-15 00:57:54",
        "content": "Kuch kaam ka nahi hai time west hai",
        "repliedAt": null,
        "replyContent": null,
        "reviewCreatedVersion": null,
        "reviewId": "59c0c381-5387-4ff8-894a-6a50b3290ddf",
        "score": 1,
        "thumbsUpCount": 8,
        "userImage": "https://play-lh.googleusercontent.com/a/ACg8ocLMGe4BkQcmbtYR1oKACfELngSvxzfi2Jw24M1s9On4Qw=mo",
        "userName": "Ayesha Sarfaraz Pathan"
    }
]