[
    {
        "appVersion": "1.2",
        "at": "2023-10-27 03:14:28",
        "content": "doesn't even open",
        "repliedAt": null,
        "replyContent": null,
        "reviewCreatedVersion": "1.2",
        "reviewId": "5374a8fb-11ff-4771-abe9-a6fc1cc9e829",
        "score": 1,
        "thumbsUpCount": 0,
        "userImage": "https://play-lh.googleusercontent.com/a-/ALV-UjXOQDzbUDJlbqOkfgFyJifhdyaHwMBWJ7Pq-GX6J0ol-n8",
        "userName": "Tetrahydrocannabinol"
    },
    {
        "appVersion": "1.2",
        "at": "2023-09-30 12:49:08",
        "content": "100% fake app Better to remove from Play Store",
        "repliedAt": null,
        "replyContent": null,
        "reviewCreatedVersion": "1.2",
        "reviewId": "e863c32b-14a4-44e0-82ab-2cdc29e07001",
        "score": 1,
        "thumbsUpCount": 1,
        "userImage": "https://play-lh.googleusercontent.com/a-/ALV-UjUfdikPiaiOuml3Pxd06hbE72pd7apZ7ktZf_bMYBQHqIs",
        "userName": "Maina Das"
    },
    {
        "appVersion": "1.2",
        "at": "2023-09-03 11:17:09",
        "content": "\ud83d\ude0e",
        "repliedAt": null,
        "replyContent": null,
        "reviewCreatedVersion": "1.2",
        "reviewId": "4db2a83f-ec4e-4297-b88b-75d1203c3a47",
        "score": 4,
        "thumbsUpCount": 0,
        "userImage": "https://play-lh.googleusercontent.com/a/ACg8ocIhxh02biit_RXQLlOyDFXWeIylJiiehGWyvNH-7HsF=mo",
        "userName": "Abhishek Kashyap"
    },
    {
        "appVersion": "1.2",
        "at": "2023-08-11 23:35:03",
        "content": "Niced",
        "repliedAt": null,
        "replyContent": null,
        "reviewCreatedVersion": "1.2",
        "reviewId": "e519ae80-8fd0-4b8e-bc80-f21a931087e9",
        "score": 5,
        "thumbsUpCount": 0,
        "userImage": "https://play-lh.googleusercontent.com/a-/ALV-UjWTt6fncIGnvqetmbLRORCAoANzB5-S128-VW7XFL_0Zg",
        "userName": "Mohsin king Syco boy"
    },
    {
        "appVersion": "1.2",
        "at": "2023-08-02 06:56:53",
        "content": "\ud83d\udc4d good",
        "repliedAt": null,
        "replyContent": null,
        "reviewCreatedVersion": "1.2",
        "reviewId": "bec6442f-3ce9-44ed-adc9-8475408c083c",
        "score": 5,
        "thumbsUpCount": 2,
        "userImage": "https://play-lh.googleusercontent.com/a-/ALV-UjXjf9aGxXnMXtVnwePKmRVCkUuIkrsJsFwh_Ew2bE1BSKQ",
        "userName": "Shripraksh Awasthi"
    },
    {
        "appVersion": "1.2",
        "at": "2023-07-25 11:53:07",
        "content": "It sucks. Useless",
        "repliedAt": null,
        "replyContent": null,
        "reviewCreatedVersion": "1.2",
        "reviewId": "97d2ca59-0d6f-4301-a572-d78d44617a31",
        "score": 1,
        "thumbsUpCount": 2,
        "userImage": "https://play-lh.googleusercontent.com/a/ACg8ocKhPkNKukA9r-ZppKmmkGth2YayP68nZjF-ehst9QQg=mo",
        "userName": "Rafeeq Al-Omary"
    },
    {
        "appVersion": "1.2",
        "at": "2023-07-15 14:38:14",
        "content": "Good app",
        "repliedAt": null,
        "replyContent": null,
        "reviewCreatedVersion": "1.2",
        "reviewId": "209ecef5-2e7a-4d5d-beb9-a407c37b47dd",
        "score": 5,
        "thumbsUpCount": 0,
        "userImage": "https://play-lh.googleusercontent.com/a/ACg8ocLjqyB3y9cF0TVRu4XqlBty9cngQv2VwsMxk9Yd7OiW=mo",
        "userName": "Monie Dae"
    },
    {
        "appVersion": "1.1",
        "at": "2023-03-18 21:53:26",
        "content": "This app is not open",
        "repliedAt": null,
        "replyContent": null,
        "reviewCreatedVersion": "1.1",
        "reviewId": "762f33f5-7c76-4c0a-a146-a11cfb756dde",
        "score": 1,
        "thumbsUpCount": 25,
        "userImage": "https://play-lh.googleusercontent.com/a-/ALV-UjWLrpuUsg0x-Aovvvm6BeyTZAUYJmh7RWbE2mTvSUma_w",
        "userName": "Vishal Saran"
    }
]