[
    {
        "appVersion": null,
        "at": "2023-11-18 12:11:38",
        "content": "Nice game",
        "repliedAt": null,
        "replyContent": null,
        "reviewCreatedVersion": null,
        "reviewId": "00610462-715a-4f0b-804f-ab35670e075c",
        "score": 5,
        "thumbsUpCount": 1,
        "userImage": "https://play-lh.googleusercontent.com/a/ACg8ocIDmijq3jWn_dh9nc_QRHyfMo4RRErcRa-Olu2WoAoG=mo",
        "userName": "Shehan Rathnayaka"
    },
    {
        "appVersion": "0.5",
        "at": "2023-10-28 13:23:43",
        "content": "Very interesting Game I enjoy Alot Game Maker \u2764\ufe0f\ud83d\udc48",
        "repliedAt": null,
        "replyContent": null,
        "reviewCreatedVersion": "0.5",
        "reviewId": "f3066163-883b-4854-a568-4540aded3244",
        "score": 5,
        "thumbsUpCount": 0,
        "userImage": "https://play-lh.googleusercontent.com/a-/ALV-UjWm7St4IKOXNLI1JpDxGHou7gcZ1R9ufGUsA8UeDl9vnw",
        "userName": "Ahmad Malik"
    },
    {
        "appVersion": "0.3",
        "at": "2023-10-28 03:06:36",
        "content": "TRAASSSHHHH!!!",
        "repliedAt": null,
        "replyContent": null,
        "reviewCreatedVersion": "0.3",
        "reviewId": "eed88a32-c7e8-48d7-849a-8c3dd856fb17",
        "score": 1,
        "thumbsUpCount": 0,
        "userImage": "https://play-lh.googleusercontent.com/a/ACg8ocIgnU1HIjzdX1aFwezxEB7xzCZfuxsFb8B0ce22Yn4U=mo",
        "userName": "Adel Gabriel"
    },
    {
        "appVersion": "0.3",
        "at": "2023-08-06 04:10:34",
        "content": "Too much ads",
        "repliedAt": null,
        "replyContent": null,
        "reviewCreatedVersion": "0.3",
        "reviewId": "38c2ca57-e2c7-4c74-9ccb-0e12af0d25fb",
        "score": 1,
        "thumbsUpCount": 3,
        "userImage": "https://play-lh.googleusercontent.com/a-/ALV-UjWnxnIUFfX8VrZMv1siMMjqfRoJbwFaKFiDooo9rm8Uww",
        "userName": "Sohaib Malick"
    }
]