[
    {
        "appVersion": null,
        "at": "2023-08-03 07:16:48",
        "content": "Very very bad\ud83e\udd2e\ud83e\udd22",
        "repliedAt": null,
        "replyContent": null,
        "reviewCreatedVersion": null,
        "reviewId": "57d3a35b-175c-46e0-b5ac-f5cbbd2767ea",
        "score": 1,
        "thumbsUpCount": 2,
        "userImage": "https://play-lh.googleusercontent.com/a/ACg8ocJ28jVFOAHlwAcTQo67IXJ9Qg34FDqDlBWm8yXNQvv6=mo",
        "userName": "Subramanyan Kuttan"
    },
    {
        "appVersion": null,
        "at": "2023-07-21 01:58:36",
        "content": "Very good",
        "repliedAt": null,
        "replyContent": null,
        "reviewCreatedVersion": null,
        "reviewId": "f586729c-8470-4f79-b91e-6482dcfe902e",
        "score": 5,
        "thumbsUpCount": 3,
        "userImage": "https://play-lh.googleusercontent.com/a/ACg8ocKwVjcnzvoXuTmNWwrMXXdMWKjFKKzbaKDYNNdKa9zG=mo",
        "userName": "masti babu"
    },
    {
        "appVersion": "1.1",
        "at": "2023-06-28 17:29:52",
        "content": "too many advertisements!",
        "repliedAt": null,
        "replyContent": null,
        "reviewCreatedVersion": "1.1",
        "reviewId": "3454a138-e3a8-4db0-b68a-964bdd02341a",
        "score": 2,
        "thumbsUpCount": 1,
        "userImage": "https://play-lh.googleusercontent.com/a-/ALV-UjVwVvKexOQOhHr94gULWzU47GpIbiZ7A6M0U__f8s6A2lI",
        "userName": "Andy A."
    },
    {
        "appVersion": "1.1",
        "at": "2023-06-17 07:23:53",
        "content": "Good game",
        "repliedAt": null,
        "replyContent": null,
        "reviewCreatedVersion": "1.1",
        "reviewId": "7602d7c2-e1d7-487c-8719-44de0a980af7",
        "score": 5,
        "thumbsUpCount": 7,
        "userImage": "https://play-lh.googleusercontent.com/a-/ALV-UjWoSf4i1KTqeNGXD6KHZWspFaXU-A9yIrS032PwT0V2-g",
        "userName": "Mausam Bhagat"
    },
    {
        "appVersion": null,
        "at": "2023-06-12 06:17:09",
        "content": "very bad",
        "repliedAt": null,
        "replyContent": null,
        "reviewCreatedVersion": null,
        "reviewId": "521634c4-699c-4373-9d0f-e1417a49e15d",
        "score": 1,
        "thumbsUpCount": 7,
        "userImage": "https://play-lh.googleusercontent.com/a/ACg8ocI7ec7gzn02hDWcNYjGR3h3KI-mNp0Ln9oHbpxF52_T=mo",
        "userName": "Monalisha Borah"
    },
    {
        "appVersion": null,
        "at": "2023-02-10 13:17:24",
        "content": "Super",
        "repliedAt": null,
        "replyContent": null,
        "reviewCreatedVersion": null,
        "reviewId": "debc9613-b740-409a-b280-2447237a40e8",
        "score": 5,
        "thumbsUpCount": 11,
        "userImage": "https://play-lh.googleusercontent.com/a/ACg8ocKl4Jm5NaGLuZD7AJEO3Ka0ud0CljfknvVUgCqjCpmE=mo",
        "userName": "Keerthana D"
    }
]