[
    {
        "appVersion": null,
        "at": "2023-10-31 08:09:20",
        "content": "As",
        "repliedAt": null,
        "replyContent": null,
        "reviewCreatedVersion": null,
        "reviewId": "995ae7c3-dc98-48a3-88d8-f82b9bb40bf5",
        "score": 5,
        "thumbsUpCount": 0,
        "userImage": "https://play-lh.googleusercontent.com/a-/ALV-UjWCAM9Z1-Wz3WuZSgNBKtQjuQLuemd56sGu-atFfVEGv_c",
        "userName": "Rashid Abrar ANSARI"
    },
    {
        "appVersion": "1.8",
        "at": "2023-08-25 23:40:41",
        "content": "dep",
        "repliedAt": null,
        "replyContent": null,
        "reviewCreatedVersion": "1.8",
        "reviewId": "1872b4d2-e6bc-4456-a30d-aed53a4912f3",
        "score": 5,
        "thumbsUpCount": 0,
        "userImage": "https://play-lh.googleusercontent.com/a/ACg8ocLY6xVopt0DsZvY2b3fRHrLG1HyDepFT3dAl8IZywsQ=mo",
        "userName": "Jal Jal"
    },
    {
        "appVersion": "1.7",
        "at": "2023-08-19 07:23:29",
        "content": "good",
        "repliedAt": null,
        "replyContent": null,
        "reviewCreatedVersion": "1.7",
        "reviewId": "130429cf-c2f5-42c4-aeb6-9336323dcdcc",
        "score": 5,
        "thumbsUpCount": 0,
        "userImage": "https://play-lh.googleusercontent.com/a-/ALV-UjWwAk6JPgFIsVJF0BXRIkk-d4eOigGjCs8AGL9G6-GDxxM",
        "userName": "Mohammed Jameel"
    },
    {
        "appVersion": "1.6",
        "at": "2023-08-12 04:09:53",
        "content": "Imagine",
        "repliedAt": null,
        "replyContent": null,
        "reviewCreatedVersion": "1.6",
        "reviewId": "fa1bbca9-f188-4f2e-98ed-3aa8cdb67d7b",
        "score": 5,
        "thumbsUpCount": 0,
        "userImage": "https://play-lh.googleusercontent.com/a-/ALV-UjWbK_INEzxIjnf-0FB7ab10GVFo0iHem3PHC7YllM0r",
        "userName": "JASIM UDDIN"
    },
    {
        "appVersion": "1.6",
        "at": "2023-07-29 09:28:13",
        "content": "this is Amazing,it an app everyone should have, it easy to calculate",
        "repliedAt": null,
        "replyContent": null,
        "reviewCreatedVersion": "1.6",
        "reviewId": "5892f492-3f75-4406-9a4e-ceed977e2309",
        "score": 5,
        "thumbsUpCount": 1,
        "userImage": "https://play-lh.googleusercontent.com/a-/ALV-UjUy-SO9zbsB84_XLrl-X7-Pvyll1hhGfTbuji0d27N2Dw",
        "userName": "Stephen Patrick"
    },
    {
        "appVersion": "1.6",
        "at": "2023-07-16 07:03:11",
        "content": "Excellent",
        "repliedAt": null,
        "replyContent": null,
        "reviewCreatedVersion": "1.6",
        "reviewId": "22979795-ad13-493b-81be-46e54b8c09ab",
        "score": 5,
        "thumbsUpCount": 3,
        "userImage": "https://play-lh.googleusercontent.com/a/ACg8ocIf5DNQLcmvkRNN2ZdXSfEtbQXEkp31Jsybsy2OXegL=mo",
        "userName": "Benjamin Lewis"
    },
    {
        "appVersion": "1.6",
        "at": "2023-07-04 19:41:47",
        "content": "Never fuction",
        "repliedAt": null,
        "replyContent": null,
        "reviewCreatedVersion": "1.6",
        "reviewId": "b65b808e-4861-46e2-86e2-54c03b50fd31",
        "score": 1,
        "thumbsUpCount": 3,
        "userImage": "https://play-lh.googleusercontent.com/a/ACg8ocIklg8_ca8o-5oEFS05Mg2s_pNbsyttmbjmIisZZnIP=mo",
        "userName": "Bankole Taiwo"
    },
    {
        "appVersion": "1.6",
        "at": "2023-06-20 00:36:43",
        "content": "worsted. only advancement.....",
        "repliedAt": null,
        "replyContent": null,
        "reviewCreatedVersion": "1.6",
        "reviewId": "b00990dd-a892-4af6-af61-74d0b54f3f25",
        "score": 1,
        "thumbsUpCount": 4,
        "userImage": "https://play-lh.googleusercontent.com/a-/ALV-UjV0YZc6lpq-IaQUGYphTryhQu7WLKTP5ZoT5gzihbw68v8",
        "userName": "Omkumar A V"
    },
    {
        "appVersion": "1.0",
        "at": "2023-06-10 03:40:18",
        "content": "It's so nice",
        "repliedAt": null,
        "replyContent": null,
        "reviewCreatedVersion": "1.0",
        "reviewId": "8f4b7ab7-8f24-4100-bf6a-70b59991fec1",
        "score": 5,
        "thumbsUpCount": 3,
        "userImage": "https://play-lh.googleusercontent.com/a/ACg8ocLbJ9N_RmzXI0GIQ3AnVpxuEZ2HTx0jsu6WI1_eSuw=mo",
        "userName": "Muzaale Muhammad"
    }
]