[
    {
        "appVersion": "1.1",
        "at": "2019-05-12 07:10:40",
        "content": "i love it, very good for the health",
        "repliedAt": null,
        "replyContent": null,
        "reviewCreatedVersion": "1.1",
        "reviewId": "accf043f-c01b-44eb-8d48-8f74aaf1f5f0",
        "score": 5,
        "thumbsUpCount": 9,
        "userImage": "https://play-lh.googleusercontent.com/EGemoI2NTXmTsBVtJqk8jxF9rh8ApRWfsIMQSt2uE4OcpQqbFu7f7NbTK05lx80nuSijCz7sc3a277R67g",
        "userName": "A Google user"
    },
    {
        "appVersion": "1.1",
        "at": "2019-02-16 13:49:36",
        "content": "\u0622\u062e\u0647 \u0686\u0631\u0627 \u0645\u0646 \u0686\u0631\u0627 \u0641\u0642\u0637 \u0628\u0631\u0627\u06cc \u0645\u0646 \u0646\u0645\u06cc\u0627\u0627\u0627\u0627\u0627\u0627\u0627\u0627\u0627\u0627\u062f?????",
        "repliedAt": null,
        "replyContent": null,
        "reviewCreatedVersion": "1.1",
        "reviewId": "a03d9cb9-42ba-4e58-9cd8-36b5c8e0d09b",
        "score": 5,
        "thumbsUpCount": 7,
        "userImage": "https://play-lh.googleusercontent.com/EGemoI2NTXmTsBVtJqk8jxF9rh8ApRWfsIMQSt2uE4OcpQqbFu7f7NbTK05lx80nuSijCz7sc3a277R67g",
        "userName": "A Google user"
    }
]