[
    {
        "appVersion": null,
        "at": "2023-04-18 10:26:41",
        "content": "Niku",
        "repliedAt": null,
        "replyContent": null,
        "reviewCreatedVersion": null,
        "reviewId": "a073969e-1735-4e84-b2ad-21df0a60425c",
        "score": 5,
        "thumbsUpCount": 0,
        "userImage": "https://play-lh.googleusercontent.com/a-/ALV-UjUJZ_hXRXkMZQYyDC4EhnZ7hyFmCYa1K3nLijw6lrm0mBk",
        "userName": "Nitish Kumar"
    },
    {
        "appVersion": "1.1.2",
        "at": "2023-03-11 15:41:27",
        "content": "ATA",
        "repliedAt": null,
        "replyContent": null,
        "reviewCreatedVersion": "1.1.2",
        "reviewId": "aea960fc-042b-4ecc-979b-53fc056a719e",
        "score": 3,
        "thumbsUpCount": 0,
        "userImage": "https://play-lh.googleusercontent.com/a/ACg8ocLpFXRtULT_3wemo-prLs7VOEPx3uvcAdD9LwVx5Akw=mo",
        "userName": "Debora Mtega"
    },
    {
        "appVersion": "1.1.2",
        "at": "2023-02-10 07:32:29",
        "content": "bangladesh",
        "repliedAt": null,
        "replyContent": null,
        "reviewCreatedVersion": "1.1.2",
        "reviewId": "716245ec-3816-4a8c-8bbe-82d3c44b8111",
        "score": 5,
        "thumbsUpCount": 0,
        "userImage": "https://play-lh.googleusercontent.com/a-/ALV-UjXFTB7XkRH9nmJgbLcep3QFQF4TvXf_zALhLYOOhQiVEA",
        "userName": "sk shohel"
    },
    {
        "appVersion": "1.1.1",
        "at": "2022-04-13 07:47:39",
        "content": "Best best best best app \ud83d\udd25\ud83d\udd25\ud83d\udd25\ud83d\udd25\ud83d\ude0a\ud83d\ude0a\ud83d\ude0a\ud83d\ude0a\ud83d\ude0a\ud83d\ude0a\ud83d\ude0a\u2764\ufe0f\u2764\ufe0f\u2764\ufe0f\u2764\ufe0f\u2764\ufe0f\u2764\ufe0f\u2764\ufe0f\u2764\ufe0f\u2764\ufe0f\u2764\ufe0f\u2764\ufe0f\u2764\ufe0f\u2764\ufe0f\u2764\ufe0f\u2764\ufe0f\u2764\ufe0f\u2764\ufe0f\u2764\ufe0f\u2764\ufe0f\u2764\ufe0f\u2764\ufe0f\u2764\ufe0f\u2764\ufe0f",
        "repliedAt": null,
        "replyContent": null,
        "reviewCreatedVersion": "1.1.1",
        "reviewId": "c158da43-2fdb-4c71-a725-f328f3616b23",
        "score": 5,
        "thumbsUpCount": 0,
        "userImage": "https://play-lh.googleusercontent.com/a-/ALV-UjWYxx_i_QHBLJKa3UT9Eto7__Utu4BIOMlJ7_61UBur_OH0",
        "userName": "Zafarullah Khan"
    },
    {
        "appVersion": null,
        "at": "2022-02-12 00:09:07",
        "content": "Proma cb",
        "repliedAt": null,
        "replyContent": null,
        "reviewCreatedVersion": null,
        "reviewId": "09116c70-2e25-497f-94f5-8266dddf472e",
        "score": 5,
        "thumbsUpCount": 0,
        "userImage": "https://play-lh.googleusercontent.com/a/ACg8ocI1vw1I__n4CRp2eCw6RdlOS-pyfv9kMVcx8jJpJUhs=mo",
        "userName": "oppo Na"
    },
    {
        "appVersion": "1.0.9",
        "at": "2022-01-24 20:40:38",
        "content": "Fake App, it doesn't crop videos.",
        "repliedAt": null,
        "replyContent": null,
        "reviewCreatedVersion": "1.0.9",
        "reviewId": "360c53c9-6d14-4af6-8994-551b46f47a45",
        "score": 1,
        "thumbsUpCount": 2,
        "userImage": "https://play-lh.googleusercontent.com/a-/ALV-UjUuMFZ9bMQhjV-rVD7D94uiTUMY6CDCJnY5rU8Nq1KkDmI",
        "userName": "Abdullahi Kabri"
    },
    {
        "appVersion": "1.0.9",
        "at": "2022-01-23 16:56:01",
        "content": "OK. Good job. Thanks.",
        "repliedAt": null,
        "replyContent": null,
        "reviewCreatedVersion": "1.0.9",
        "reviewId": "940f1201-fbe9-40fa-b476-469ba5281d50",
        "score": 5,
        "thumbsUpCount": 0,
        "userImage": "https://play-lh.googleusercontent.com/a-/ALV-UjWRFqfpiup1SKF9u2VgLHYjeXO65DFV2Smeg22lfiEIvw",
        "userName": "G. Lakshmi Narayanan"
    },
    {
        "appVersion": null,
        "at": "2022-01-05 12:36:03",
        "content": "Good",
        "repliedAt": null,
        "replyContent": null,
        "reviewCreatedVersion": null,
        "reviewId": "ca1480e3-b6e3-462f-9ea9-145119d38709",
        "score": 5,
        "thumbsUpCount": 0,
        "userImage": "https://play-lh.googleusercontent.com/a-/ALV-UjXNf30wqS71kZOBYkTbgh8tcrxyCgL_MAbn9EhH6n9Y3A",
        "userName": "Jay Prada"
    },
    {
        "appVersion": "1.0.8",
        "at": "2022-01-05 00:15:03",
        "content": "Good app\ud83d\ude0d\ud83d\ude0d\ud83d\ude0e\ud83d\ude0d",
        "repliedAt": null,
        "replyContent": null,
        "reviewCreatedVersion": "1.0.8",
        "reviewId": "720d1c3b-e76b-46e9-9f10-c86ccebc8c5a",
        "score": 3,
        "thumbsUpCount": 0,
        "userImage": "https://play-lh.googleusercontent.com/a/ACg8ocKLGaOmAJzFCZx-_WHOVGPowr4XRtqqcoFwxKrLAmCo=mo",
        "userName": "Momin Abbasi"
    },
    {
        "appVersion": "1.0.8",
        "at": "2022-01-02 16:20:03",
        "content": "Terrible doesn't even crop",
        "repliedAt": "2022-01-18 07:18:17",
        "replyContent": "Hey Mootez,\nWe are really sorry that you did not enjoy the app as much. Will try to resolve the issue as soon as possible by forwarding it to the developers. Keep in touch with us and let us know that your problem is solved or not. Have a great day! :)",
        "reviewCreatedVersion": "1.0.8",
        "reviewId": "6fca3fe6-aa9e-4408-839e-42d2c649d398",
        "score": 1,
        "thumbsUpCount": 2,
        "userImage": "https://play-lh.googleusercontent.com/a/ACg8ocL9Chwg6JZuxhF71vYmJxWy3INUc5NmxPHWWNtHzauM=mo",
        "userName": "Mootez Lissir"
    },
    {
        "appVersion": "1.0.8",
        "at": "2021-12-26 05:17:53",
        "content": "Very smooth at mixing video and audio.",
        "repliedAt": "2022-01-18 07:20:07",
        "replyContent": "Thanks for taking out time to rate us. It really helps us to keep going and delivering the best. Stay blessed :)",
        "reviewCreatedVersion": "1.0.8",
        "reviewId": "faad1388-8a9f-4947-8b5d-a5e1a2063c16",
        "score": 5,
        "thumbsUpCount": 2,
        "userImage": "https://play-lh.googleusercontent.com/a/ACg8ocIHBG7VFwi0TucN-u0PXWkS2rqZBgmMsPulhedftopq=mo",
        "userName": "Michael Moles"
    },
    {
        "appVersion": "1.0.8",
        "at": "2021-12-25 01:34:26",
        "content": "Very bad",
        "repliedAt": "2022-01-18 07:25:20",
        "replyContent": "Dear Mayank,\nWe apologize for the difficulties you are facing. Could you please tell us why you don't like the video editor app so that we can improve it. Thank you, have a nice day! ;)",
        "reviewCreatedVersion": "1.0.8",
        "reviewId": "1936e113-4a0d-47d2-96da-d45ac975c18d",
        "score": 1,
        "thumbsUpCount": 0,
        "userImage": "https://play-lh.googleusercontent.com/a/ACg8ocJu-qx7Oy0LpECxb96SDonBcldsinkS2a_hV6pdS9X7=mo",
        "userName": "Mayank Thakur"
    },
    {
        "appVersion": "1.0.8",
        "at": "2021-12-04 12:26:10",
        "content": "Very. Nice.",
        "repliedAt": null,
        "replyContent": null,
        "reviewCreatedVersion": "1.0.8",
        "reviewId": "41241974-b1ba-4697-95d4-bd74e3ed23f9",
        "score": 5,
        "thumbsUpCount": 0,
        "userImage": "https://play-lh.googleusercontent.com/a-/ALV-UjWjnNXiRB2ejqTMou8GbJsH16dvY4jPVJnFJ70dUEJ3CVM",
        "userName": "Vanitha Murugan"
    },
    {
        "appVersion": "1.0.8",
        "at": "2021-11-30 23:05:41",
        "content": "Nice",
        "repliedAt": "2022-01-18 07:26:05",
        "replyContent": "Thank you for your support. Stay happy :)",
        "reviewCreatedVersion": "1.0.8",
        "reviewId": "d476b55a-a68c-40c5-9455-89132101b93f",
        "score": 5,
        "thumbsUpCount": 0,
        "userImage": "https://play-lh.googleusercontent.com/a/ACg8ocJqohsyIKQRksqJZw21IYSpmLz6xmiOCklSo7UqZbIkcQ=mo",
        "userName": "Hrdoy Hossain"
    },
    {
        "appVersion": "1.0.8",
        "at": "2021-11-19 09:04:55",
        "content": "Very bad application",
        "repliedAt": "2022-01-18 07:44:36",
        "replyContent": "Hello Muhammad,\nWe apologize for whatever the trouble is but we can't identify exactly what went wrong. Please write to us about the issue on sdroid55@gmail.com so that we would be able to resolve your issue. Thank you dear!",
        "reviewCreatedVersion": "1.0.8",
        "reviewId": "900da78a-2e36-4ca4-9be5-b57cf9b8fef7",
        "score": 1,
        "thumbsUpCount": 0,
        "userImage": "https://play-lh.googleusercontent.com/a-/ALV-UjUfZhN2aG_zShbtOT_2yveNlNY4BOCMYwAbvWy9vAaWwA",
        "userName": "MUHAMMAD ADNAN"
    },
    {
        "appVersion": null,
        "at": "2021-10-18 15:42:29",
        "content": "Free awesome video cutting app.",
        "repliedAt": "2022-01-18 07:51:42",
        "replyContent": "Thank you very much. Keep using our app. Have a great day :)",
        "reviewCreatedVersion": null,
        "reviewId": "641f66cc-3852-4e22-a502-54ed9fc44e81",
        "score": 5,
        "thumbsUpCount": 0,
        "userImage": "https://play-lh.googleusercontent.com/a/ACg8ocK85QLXjYqYq2VeK75teu3t-byDmH5FakycMuVEAlei=mo",
        "userName": "Muhammad Umer MU9"
    },
    {
        "appVersion": null,
        "at": "2021-10-18 14:39:14",
        "content": "superb vedio editor app",
        "repliedAt": "2022-01-18 07:52:27",
        "replyContent": "Thank you very much. Keep using our FrameCut- video editor app :)",
        "reviewCreatedVersion": null,
        "reviewId": "3c98be0c-ab63-45bd-82bb-19a3b4a05ee1",
        "score": 5,
        "thumbsUpCount": 0,
        "userImage": "https://play-lh.googleusercontent.com/a/ACg8ocJWLt8ImCjtjizayjLUqyXwDSLmUvMCHGon-jiEm1Xj=mo",
        "userName": "AkHaram FatimaAk"
    },
    {
        "appVersion": null,
        "at": "2021-10-18 10:24:04",
        "content": "It is fabulous and fantastic app",
        "repliedAt": "2022-01-18 07:51:13",
        "replyContent": "Dear friend, we are really glad that you like our product. Your support and voice are very important to us.",
        "reviewCreatedVersion": null,
        "reviewId": "39d902ca-d33e-42ca-8ac3-c4e1604f281c",
        "score": 5,
        "thumbsUpCount": 0,
        "userImage": "https://play-lh.googleusercontent.com/a/ACg8ocL-LBlkZSk--7toV_iKEdoih3B86lOWQlGKd1ayZOZB=mo",
        "userName": "BINNAT E WAQAR Gee"
    },
    {
        "appVersion": null,
        "at": "2021-10-18 05:14:15",
        "content": "Wonderful app this is to make cut videos with frames.",
        "repliedAt": "2022-01-18 07:54:24",
        "replyContent": "Dear,\nThanks for your kind feedback. We will keep working on it so keep using our app. Keep smiling ;)",
        "reviewCreatedVersion": null,
        "reviewId": "794d82a5-4ed5-4c2b-8e73-c22f9a42363e",
        "score": 5,
        "thumbsUpCount": 0,
        "userImage": "https://play-lh.googleusercontent.com/a-/ALV-UjXEhtu_n7eVm7gR_dGl1QwjbI6cmoiakBKMq1vvUPGraQ",
        "userName": "Taylor King As"
    },
    {
        "appVersion": null,
        "at": "2021-10-17 13:08:09",
        "content": "Frame Cut vido app is perfect app",
        "repliedAt": "2022-01-18 07:54:49",
        "replyContent": "Thank you for downloading our app! We will keep working on it!",
        "reviewCreatedVersion": null,
        "reviewId": "fb74f5b4-0078-4d50-9ac8-8bd01264c426",
        "score": 5,
        "thumbsUpCount": 0,
        "userImage": "https://play-lh.googleusercontent.com/a/ACg8ocKamVZtAiGHIJG4FaEMZ422OImToiuksJ2vH1J1RYg=mo",
        "userName": "Shazia Muzamil Gee"
    },
    {
        "appVersion": null,
        "at": "2021-10-17 07:08:17",
        "content": "good app for vedio edit",
        "repliedAt": null,
        "replyContent": null,
        "reviewCreatedVersion": null,
        "reviewId": "3a976111-a8ed-4f7d-8a80-445e566700c2",
        "score": 5,
        "thumbsUpCount": 0,
        "userImage": "https://play-lh.googleusercontent.com/a/ACg8ocK2KhOVPoprg-KO_QpUDc-VFNSnfNkVwtNUBs2IWeBE=mo",
        "userName": "AkToba KhanAk"
    },
    {
        "appVersion": null,
        "at": "2021-10-16 14:07:46",
        "content": "superb vedio adit application easy to use",
        "repliedAt": null,
        "replyContent": null,
        "reviewCreatedVersion": null,
        "reviewId": "6acda9d5-ed4c-4abb-9caa-1a08d85284b1",
        "score": 5,
        "thumbsUpCount": 0,
        "userImage": "https://play-lh.googleusercontent.com/a/ACg8ocLcCiIgn782-w5An4_XFuHVMjM4wQ1D58WHvHwNl7C2=mo",
        "userName": "AkMalik HananAk"
    },
    {
        "appVersion": null,
        "at": "2021-10-15 12:31:35",
        "content": "Cutiepie Cool Mind-blowing Irresistible! Impressive Energetic",
        "repliedAt": "2022-01-18 07:55:54",
        "replyContent": "Thanks for taking out time to rate us. It really helps us to keep going and delivering the best. Have a great day! :)",
        "reviewCreatedVersion": null,
        "reviewId": "cc8dc668-b03f-43ab-9b06-62afa7e523a0",
        "score": 5,
        "thumbsUpCount": 0,
        "userImage": "https://play-lh.googleusercontent.com/a/ACg8ocJRb6Yy-AfP8TMZKpgyGRjxK0NprkfBy9GZ3iJ1AWyZ=mo",
        "userName": "Muhmood Khalid"
    },
    {
        "appVersion": null,
        "at": "2021-10-15 11:37:27",
        "content": "supereb for editing",
        "repliedAt": null,
        "replyContent": null,
        "reviewCreatedVersion": null,
        "reviewId": "a8121b71-e086-41e4-b491-c874d212d903",
        "score": 5,
        "thumbsUpCount": 0,
        "userImage": "https://play-lh.googleusercontent.com/a/ACg8ocKalxSmYgxjM9Qi0d4poOKcZbU0Qy2kG1WcaK-zi3I=mo",
        "userName": "AkAbdul BariAk"
    },
    {
        "appVersion": null,
        "at": "2021-10-15 04:40:09",
        "content": "Best video editor app i found on the internet",
        "repliedAt": "2022-01-19 02:34:50",
        "replyContent": "Dear friend, we are really glad that you like our product. Your support and encouraging words are very important to us. Keep smiling ;)",
        "reviewCreatedVersion": null,
        "reviewId": "7cb8a2ae-02f4-4481-a04a-ab6ac6e2d8cf",
        "score": 5,
        "thumbsUpCount": 0,
        "userImage": "https://play-lh.googleusercontent.com/a/ACg8ocLEEJsZjdmPEDRtzyQBX3Hef48Q_xsmwFKNZseXL6eK=mo",
        "userName": "Candy Tom"
    },
    {
        "appVersion": "1.0.7",
        "at": "2021-10-14 06:21:43",
        "content": "Frame cut video editor application is very amazing",
        "repliedAt": "2022-01-19 02:14:03",
        "replyContent": "Thank you very much. Keep using our app. Have a great day! :)",
        "reviewCreatedVersion": "1.0.7",
        "reviewId": "518d94f9-533d-4f4e-8236-e3507b8d4e04",
        "score": 5,
        "thumbsUpCount": 0,
        "userImage": "https://play-lh.googleusercontent.com/a/ACg8ocIpHhMBdHFvmhxmLtB0f8FBa-45_IZfYmeNvscya-MY=mo",
        "userName": "Muhammad sajid yaseen 330"
    },
    {
        "appVersion": null,
        "at": "2021-10-12 12:21:29",
        "content": "Frame cut is a very attractive and outstanding application",
        "repliedAt": "2022-01-18 08:00:25",
        "replyContent": "Thank you for your encouraging words. It means a lot. Stay blessed ;)",
        "reviewCreatedVersion": null,
        "reviewId": "f4ed4635-0f2a-40ce-9b5d-66e70018a532",
        "score": 5,
        "thumbsUpCount": 2,
        "userImage": "https://play-lh.googleusercontent.com/a/ACg8ocJ7zP7tiYVsXpDFgz10mDIW0hjCy8Xxqv0PbBo2pJ1e=mo",
        "userName": "Alia Alia"
    },
    {
        "appVersion": null,
        "at": "2021-10-12 08:31:51",
        "content": "Frame Cut vido app is perfect app",
        "repliedAt": "2022-01-19 02:28:32",
        "replyContent": "Dear friend, we are really glad that you like our Video editor app. Your support and feedback are very important to us. Have a great day :)",
        "reviewCreatedVersion": null,
        "reviewId": "34147612-b6e4-49e0-8ca6-5f85c3d10efa",
        "score": 5,
        "thumbsUpCount": 0,
        "userImage": "https://play-lh.googleusercontent.com/a/ACg8ocL_XMlnQb_qObFz3_-c3VyrC_SIfke1hHezZGmv4sNm=mo",
        "userName": "Lisa Mickel Gee"
    },
    {
        "appVersion": null,
        "at": "2021-10-11 13:43:31",
        "content": "Wow ! FrameCut is sych a fantastic app I ever seen before.",
        "repliedAt": "2022-01-19 02:14:32",
        "replyContent": "Thank you for your encouraging words. It means a lot ;)",
        "reviewCreatedVersion": null,
        "reviewId": "8c099e39-9de2-49d6-a79d-b0abea4f2209",
        "score": 5,
        "thumbsUpCount": 1,
        "userImage": "https://play-lh.googleusercontent.com/a-/ALV-UjVIZqcs8uUz_NIXQxogcdo_JOH2tHFbflissIOpKfeIaQ",
        "userName": "Awan Amber Khan"
    },
    {
        "appVersion": null,
        "at": "2021-10-10 14:22:01",
        "content": "Good editor",
        "repliedAt": "2022-01-19 02:28:59",
        "replyContent": "Thank you so much for your review. Stay blessed ;)",
        "reviewCreatedVersion": null,
        "reviewId": "61e446d3-59ce-4eec-95fe-751c735fa8a6",
        "score": 5,
        "thumbsUpCount": 0,
        "userImage": "https://play-lh.googleusercontent.com/a-/ALV-UjUSQ7S0bVo1mmJlA2tAs88QY3rXWVzNJ1HGMrSt7rloPw",
        "userName": "Matthew EVA"
    },
    {
        "appVersion": null,
        "at": "2021-10-10 13:59:24",
        "content": "best app foe editing easy to use i like it very much",
        "repliedAt": "2022-01-19 02:23:56",
        "replyContent": "Thank you for downloading our Framecut app. We will keep working on it. Keep in touch with us and do support us! Have a great day :)",
        "reviewCreatedVersion": null,
        "reviewId": "a865bb60-ce52-4585-ac10-6d6f6c79f612",
        "score": 5,
        "thumbsUpCount": 0,
        "userImage": "https://play-lh.googleusercontent.com/a/ACg8ocLpqK104LloxrfVJNoE0bvgZkKecKEUjDJoqlAWXWCO=mo",
        "userName": "amna khalid"
    },
    {
        "appVersion": null,
        "at": "2021-10-10 09:17:16",
        "content": "It is fabulous and wonderful app",
        "repliedAt": "2022-01-19 02:35:02",
        "replyContent": "Thank you very much. Keep using our app :)",
        "reviewCreatedVersion": null,
        "reviewId": "de76e06d-edc1-490d-8693-7d996765283c",
        "score": 5,
        "thumbsUpCount": 0,
        "userImage": "https://play-lh.googleusercontent.com/a-/ALV-UjXNBqgaIPJpJaB_d82L82YWU-NILyLWNWYE9uaea4QVgA",
        "userName": "Yalla nayab Had"
    },
    {
        "appVersion": null,
        "at": "2021-10-09 12:01:22",
        "content": "You can easily crop,edit and blur your photo by using this application features. It's much secure application and I am sure you liked it very much",
        "repliedAt": "2022-01-19 02:16:03",
        "replyContent": "Hey Mansoor,\nWe are glad that you like our video player app. Keep supporting us we need that. Stay blessed dear :)",
        "reviewCreatedVersion": null,
        "reviewId": "45450dac-46ef-4a0d-b93f-770f6270cfdb",
        "score": 5,
        "thumbsUpCount": 1,
        "userImage": "https://play-lh.googleusercontent.com/a/ACg8ocJE7BW5AKaONxJow7YsIIVryXlhjyb4t7cpL4Ai9N6s=mo",
        "userName": "Mansoor Ali SI"
    },
    {
        "appVersion": null,
        "at": "2021-10-09 02:22:49",
        "content": "This is very interesting app",
        "repliedAt": "2022-01-19 02:22:18",
        "replyContent": "Thank you very much. Keep using our app :)",
        "reviewCreatedVersion": null,
        "reviewId": "c74e653d-ee0b-467d-a360-5320d35e92b6",
        "score": 5,
        "thumbsUpCount": 0,
        "userImage": "https://play-lh.googleusercontent.com/a-/ALV-UjVGsezbppgwQvKmDjAkyNPrmT_HWPtIeV7MlcgtEUPhnA",
        "userName": "Wicky lala Had"
    },
    {
        "appVersion": null,
        "at": "2021-10-08 15:10:09",
        "content": "Amazing app for edit the video",
        "repliedAt": null,
        "replyContent": null,
        "reviewCreatedVersion": null,
        "reviewId": "7f7b94a2-a018-40d5-aa1d-d8dbfcba148a",
        "score": 5,
        "thumbsUpCount": 0,
        "userImage": "https://play-lh.googleusercontent.com/a/ACg8ocLeP2P8Gr9yqGurWiKlYC1Wt6lCujg_gnhDE0mV4lR4=mo",
        "userName": "Allen jones Sam"
    },
    {
        "appVersion": "1.0.7",
        "at": "2021-10-08 14:27:58",
        "content": "Very supportive to edit all types of vedio.",
        "repliedAt": null,
        "replyContent": null,
        "reviewCreatedVersion": "1.0.7",
        "reviewId": "a3753d21-4adf-4d36-83e1-e7114ee198d3",
        "score": 5,
        "thumbsUpCount": 3,
        "userImage": "https://play-lh.googleusercontent.com/a/ACg8ocIcbulaeTWWd1SWv34g2BgmREFqkZjRVwVUc0KxuDdb=mo",
        "userName": "Muhammad Umar MU8"
    },
    {
        "appVersion": "1.0.7",
        "at": "2021-10-08 12:53:12",
        "content": "It is fabulous and fantastic app and I like it very much",
        "repliedAt": null,
        "replyContent": null,
        "reviewCreatedVersion": "1.0.7",
        "reviewId": "1fef1fd8-d941-49c5-ad3d-4fdede86a0e4",
        "score": 5,
        "thumbsUpCount": 6,
        "userImage": "https://play-lh.googleusercontent.com/a/ACg8ocIygHV4N9kSqt7Wl4oM4FobXBURuSfmKI8FvmdvZSS1=mo",
        "userName": "Sadi Ahmad"
    },
    {
        "appVersion": "1.0.7",
        "at": "2021-10-08 08:23:22",
        "content": "Frame Cut vido app is perfect app \u2764",
        "repliedAt": null,
        "replyContent": null,
        "reviewCreatedVersion": "1.0.7",
        "reviewId": "9968866e-99ab-4eee-9f7e-fca5863633b7",
        "score": 5,
        "thumbsUpCount": 5,
        "userImage": "https://play-lh.googleusercontent.com/a/ACg8ocIXULUgbo5hwZQRrqkdAzNVvRtl0ibTo3HnSIcyXqcX=mo",
        "userName": "Janifer Telgaram"
    },
    {
        "appVersion": null,
        "at": "2021-10-08 06:48:57",
        "content": "Best quality application",
        "repliedAt": null,
        "replyContent": null,
        "reviewCreatedVersion": null,
        "reviewId": "1363d495-f840-4ead-9da0-61ee0ff53bd2",
        "score": 5,
        "thumbsUpCount": 0,
        "userImage": "https://play-lh.googleusercontent.com/a/ACg8ocJ_D-zSqhR8pYm4_8KsZE5jc_8Bqz8au0edja53o91c=mo",
        "userName": "Eamana Sabir"
    }
]