[
    {
        "appVersion": "1.3.2",
        "at": "2023-02-26 00:43:15",
        "content": "I have hand model's ready on hand by Shorthand (great).",
        "repliedAt": "2023-02-26 18:24:00",
        "replyContent": "Thank you for downloading our app. We'd love to earn 5 stars, so please write to us at vorevo.apps@gmail.com suggesting what we can do to improve.",
        "reviewCreatedVersion": "1.3.2",
        "reviewId": "a0cb3603-5253-4d84-bc47-c137e2c49c1c",
        "score": 1,
        "thumbsUpCount": 0,
        "userImage": "https://play-lh.googleusercontent.com/a-/ALV-UjUykf351GG29f7mnmeyTqGWnPmhdzEUlxgJLAptVTbnVr0",
        "userName": "Richard Smith"
    }
]