[
    {
        "appVersion": "1.2",
        "at": "2023-01-19 10:26:07",
        "content": "This is the best app \ud83c\udf1f \ud83e\udd29 \u2b50\ufe0f",
        "repliedAt": null,
        "replyContent": null,
        "reviewCreatedVersion": "1.2",
        "reviewId": "aa7dd4bf-0c0a-4619-934b-314780c9dcfc",
        "score": 5,
        "thumbsUpCount": 0,
        "userImage": "https://play-lh.googleusercontent.com/a/ACg8ocKfY1n902us1t7vDd9CzhURFhn5oFlXOn-TqO88cvRE=mo",
        "userName": "Ridhisha Garg"
    }
]