[
    {
        "appVersion": "1.1",
        "at": "2020-06-10 13:33:10",
        "content": "It helps A lot.",
        "repliedAt": null,
        "replyContent": null,
        "reviewCreatedVersion": "1.1",
        "reviewId": "5f3ffc9d-c13f-4870-ba13-e4126a5c613e",
        "score": 4,
        "thumbsUpCount": 4,
        "userImage": "https://play-lh.googleusercontent.com/a/ACg8ocIQcXAovgaxyYO6yqy0cSLJX5upe5-Vty0ljwbcF0Uh=mo",
        "userName": "S L"
    },
    {
        "appVersion": "1.1",
        "at": "2020-02-09 01:14:32",
        "content": "I like",
        "repliedAt": null,
        "replyContent": null,
        "reviewCreatedVersion": "1.1",
        "reviewId": "9443b879-f2f2-459c-b1d2-a672e31387ab",
        "score": 5,
        "thumbsUpCount": 1,
        "userImage": "https://play-lh.googleusercontent.com/EGemoI2NTXmTsBVtJqk8jxF9rh8ApRWfsIMQSt2uE4OcpQqbFu7f7NbTK05lx80nuSijCz7sc3a277R67g",
        "userName": "A Google user"
    },
    {
        "appVersion": null,
        "at": "2019-06-25 08:13:30",
        "content": "educative",
        "repliedAt": null,
        "replyContent": null,
        "reviewCreatedVersion": null,
        "reviewId": "a6df0278-4257-4b8b-b0ad-a3c3c45ecfda",
        "score": 1,
        "thumbsUpCount": 1,
        "userImage": "https://play-lh.googleusercontent.com/EGemoI2NTXmTsBVtJqk8jxF9rh8ApRWfsIMQSt2uE4OcpQqbFu7f7NbTK05lx80nuSijCz7sc3a277R67g",
        "userName": "A Google user"
    },
    {
        "appVersion": null,
        "at": "2019-02-21 20:43:20",
        "content": "very good app",
        "repliedAt": null,
        "replyContent": null,
        "reviewCreatedVersion": null,
        "reviewId": "6d1e19e6-5233-40e1-917f-76550a8bea27",
        "score": 5,
        "thumbsUpCount": 9,
        "userImage": "https://play-lh.googleusercontent.com/EGemoI2NTXmTsBVtJqk8jxF9rh8ApRWfsIMQSt2uE4OcpQqbFu7f7NbTK05lx80nuSijCz7sc3a277R67g",
        "userName": "A Google user"
    },
    {
        "appVersion": null,
        "at": "2018-11-18 05:55:17",
        "content": "Mst",
        "repliedAt": null,
        "replyContent": null,
        "reviewCreatedVersion": null,
        "reviewId": "ad0de10c-01c9-4bc8-bd8d-cfd84d7392c4",
        "score": 5,
        "thumbsUpCount": 3,
        "userImage": "https://play-lh.googleusercontent.com/EGemoI2NTXmTsBVtJqk8jxF9rh8ApRWfsIMQSt2uE4OcpQqbFu7f7NbTK05lx80nuSijCz7sc3a277R67g",
        "userName": "A Google user"
    },
    {
        "appVersion": "1.1",
        "at": "2018-09-24 11:11:38",
        "content": "Images aren't loading but otherwise it's pretty handy! I've only just started practicing capoeira :)",
        "repliedAt": null,
        "replyContent": null,
        "reviewCreatedVersion": "1.1",
        "reviewId": "f9fb756e-e68f-482a-8cba-9f31efa05a07",
        "score": 4,
        "thumbsUpCount": 16,
        "userImage": "https://play-lh.googleusercontent.com/EGemoI2NTXmTsBVtJqk8jxF9rh8ApRWfsIMQSt2uE4OcpQqbFu7f7NbTK05lx80nuSijCz7sc3a277R67g",
        "userName": "A Google user"
    },
    {
        "appVersion": "1.1",
        "at": "2018-09-08 00:28:08",
        "content": "This. Apps is very helpful",
        "repliedAt": null,
        "replyContent": null,
        "reviewCreatedVersion": "1.1",
        "reviewId": "5c9cc1fe-e48f-453b-a9f0-7da2985caf60",
        "score": 5,
        "thumbsUpCount": 9,
        "userImage": "https://play-lh.googleusercontent.com/EGemoI2NTXmTsBVtJqk8jxF9rh8ApRWfsIMQSt2uE4OcpQqbFu7f7NbTK05lx80nuSijCz7sc3a277R67g",
        "userName": "A Google user"
    }
]