[
    {
        "appVersion": "1.0.4",
        "at": "2023-11-20 10:13:07",
        "content": "best among all. keep up",
        "repliedAt": null,
        "replyContent": null,
        "reviewCreatedVersion": "1.0.4",
        "reviewId": "c23606e3-5c4a-4f17-baa6-0639a36c30c4",
        "score": 5,
        "thumbsUpCount": 0,
        "userImage": "https://play-lh.googleusercontent.com/a-/ALV-UjXupmQiA4EU5e2tvY3ijlEjMll7tSfIWvOofnQ23COC3Q",
        "userName": "Nawaz Atik"
    },
    {
        "appVersion": "1.0.4",
        "at": "2023-11-20 00:58:30",
        "content": "this is good app",
        "repliedAt": null,
        "replyContent": null,
        "reviewCreatedVersion": "1.0.4",
        "reviewId": "18018275-06c8-4b83-885f-514b52ffac2f",
        "score": 5,
        "thumbsUpCount": 0,
        "userImage": "https://play-lh.googleusercontent.com/a-/ALV-UjWiodFMO47MC1cbCD0MlOZT9Of-_hsTIVa2PAn786xHHsc",
        "userName": "Usman Nizami"
    },
    {
        "appVersion": "1.0.4",
        "at": "2023-11-19 11:47:50",
        "content": "nice bnb faucet app",
        "repliedAt": null,
        "replyContent": null,
        "reviewCreatedVersion": "1.0.4",
        "reviewId": "dbeeed7f-30cf-4a87-b455-940fa51627e9",
        "score": 3,
        "thumbsUpCount": 0,
        "userImage": "https://play-lh.googleusercontent.com/a-/ALV-UjV0O8aDJnn6h9OBv_QUUpHH84Awie8NWj6my01r35n4fw",
        "userName": "K.A. BABU"
    },
    {
        "appVersion": "1.0.4",
        "at": "2023-11-19 07:50:18",
        "content": "Good app n fast earn",
        "repliedAt": null,
        "replyContent": null,
        "reviewCreatedVersion": "1.0.4",
        "reviewId": "2043e3cd-9faf-4281-87a2-60f0b0cb5778",
        "score": 5,
        "thumbsUpCount": 0,
        "userImage": "https://play-lh.googleusercontent.com/a-/ALV-UjV6EqQikMlyknK-FHuzHFZQXxorNmDhvc82G8Q_0oyq8MA",
        "userName": "Muhammad Imran"
    },
    {
        "appVersion": "1.0.4",
        "at": "2023-11-18 18:29:45",
        "content": "This app is legit \ud83d\udc4c\ud83c\udffc",
        "repliedAt": null,
        "replyContent": null,
        "reviewCreatedVersion": "1.0.4",
        "reviewId": "52eab1ff-1718-4533-b90f-800754a74b29",
        "score": 5,
        "thumbsUpCount": 0,
        "userImage": "https://play-lh.googleusercontent.com/a-/ALV-UjX-TmO-hPtk9nKXL-XWKrEOXhIYEZWfy0GnyHusa5e-530",
        "userName": "DJ FreshM_ZA"
    },
    {
        "appVersion": "1.0.4",
        "at": "2023-11-18 07:19:28",
        "content": "Great app",
        "repliedAt": null,
        "replyContent": null,
        "reviewCreatedVersion": "1.0.4",
        "reviewId": "c2965e43-0317-44aa-87aa-3d9b5a4f56bf",
        "score": 5,
        "thumbsUpCount": 0,
        "userImage": "https://play-lh.googleusercontent.com/a-/ALV-UjVOfhHlYvcT8vljZF17RKCIqC1cISkL1rHKIW8OF7XGY-w",
        "userName": "Lucky Okosun"
    },
    {
        "appVersion": "1.0.4",
        "at": "2023-11-17 13:08:01",
        "content": "Very good apps instant payment",
        "repliedAt": null,
        "replyContent": null,
        "reviewCreatedVersion": "1.0.4",
        "reviewId": "afdca388-cb7d-4f12-a56b-c77e27f178ff",
        "score": 5,
        "thumbsUpCount": 0,
        "userImage": "https://play-lh.googleusercontent.com/a/ACg8ocK3E04OKEosehhLGs8RMVJ4A_anecE_7ndw7DLCHje_=mo",
        "userName": "Forhad Hossan"
    },
    {
        "appVersion": "1.0.4",
        "at": "2023-11-17 06:34:36",
        "content": "Nice This app",
        "repliedAt": null,
        "replyContent": null,
        "reviewCreatedVersion": "1.0.4",
        "reviewId": "d8ad197e-3b09-41d4-86f8-f2a986883aff",
        "score": 5,
        "thumbsUpCount": 0,
        "userImage": "https://play-lh.googleusercontent.com/a/ACg8ocK0j-ffWsSazdDROEvuFoGBxrTnp4uqNrP5eY5wqYDa=mo",
        "userName": "Yamin Sorker"
    },
    {
        "appVersion": "1.0.4",
        "at": "2023-11-17 00:44:23",
        "content": "Best make extra income app. That's legit and only for binance user!",
        "repliedAt": null,
        "replyContent": null,
        "reviewCreatedVersion": "1.0.4",
        "reviewId": "edfd67e8-b6dd-40d5-a19b-32f7fcfd9494",
        "score": 5,
        "thumbsUpCount": 0,
        "userImage": "https://play-lh.googleusercontent.com/a-/ALV-UjWyIRgP8NPsEssI8fHKAANuEywfIjkevCQ4j3RcHmsP1g",
        "userName": "Mg Kyaw Zay Latt"
    },
    {
        "appVersion": "1.0.4",
        "at": "2023-11-15 19:33:16",
        "content": "Nice app love \ud83d\ude18\ud83d\ude18",
        "repliedAt": null,
        "replyContent": null,
        "reviewCreatedVersion": "1.0.4",
        "reviewId": "8b00f5ed-4202-487b-ab4f-f96d1cab0c82",
        "score": 5,
        "thumbsUpCount": 0,
        "userImage": "https://play-lh.googleusercontent.com/a-/ALV-UjUUiTJ42QdGCcM-T74V-KefvAljXT-wGgCEyCfCKr25viE",
        "userName": "Prince Chimezie"
    },
    {
        "appVersion": "1.0.4",
        "at": "2023-11-15 09:30:05",
        "content": "Ok good",
        "repliedAt": null,
        "replyContent": null,
        "reviewCreatedVersion": "1.0.4",
        "reviewId": "867da40e-1a1a-45e9-be34-d60b557c45dc",
        "score": 5,
        "thumbsUpCount": 0,
        "userImage": "https://play-lh.googleusercontent.com/a/ACg8ocKxox1xPKBIlvVwh-RdXgvdERkgIXpkmdLmQCEeW8z_=mo",
        "userName": "Jamshaid Khan"
    },
    {
        "appVersion": "1.0.4",
        "at": "2023-11-14 17:57:10",
        "content": "It is a good and profitable app",
        "repliedAt": null,
        "replyContent": null,
        "reviewCreatedVersion": "1.0.4",
        "reviewId": "7e26bdef-2e7f-471f-b54d-2583876a09de",
        "score": 5,
        "thumbsUpCount": 0,
        "userImage": "https://play-lh.googleusercontent.com/a-/ALV-UjUxAT1DHG8M1HAd6TPs7qpk8ofCSSD87DrorXv2QWmG4w",
        "userName": "Nazif Mohammed"
    },
    {
        "appVersion": "1.0.4",
        "at": "2023-11-14 17:11:21",
        "content": "confirm faucet, but please release the pending withdraw",
        "repliedAt": null,
        "replyContent": null,
        "reviewCreatedVersion": "1.0.4",
        "reviewId": "dd44f9a5-886f-4512-b599-782217ce9921",
        "score": 3,
        "thumbsUpCount": 0,
        "userImage": "https://play-lh.googleusercontent.com/a/ACg8ocK6huP_6HaJg-3NyuE1fgj6QQ2R98DyuXHPbmSTCSGA=mo",
        "userName": "Johnny Happy"
    },
    {
        "appVersion": "1.0.4",
        "at": "2023-11-14 14:53:04",
        "content": "I love this app",
        "repliedAt": null,
        "replyContent": null,
        "reviewCreatedVersion": "1.0.4",
        "reviewId": "8b58f796-a986-41a6-8150-4efac81db850",
        "score": 2,
        "thumbsUpCount": 0,
        "userImage": "https://play-lh.googleusercontent.com/a-/ALV-UjVKEcXs6MZxQ70dqD1Dp-bCFG2hG8cLDYRHYyMitkvCtfw",
        "userName": "Oluchi Jombo"
    },
    {
        "appVersion": "1.0.4",
        "at": "2023-11-14 12:24:00",
        "content": "Not working",
        "repliedAt": null,
        "replyContent": null,
        "reviewCreatedVersion": "1.0.4",
        "reviewId": "9a881036-d439-42bd-8337-c2460ec8f871",
        "score": 1,
        "thumbsUpCount": 0,
        "userImage": "https://play-lh.googleusercontent.com/a-/ALV-UjXbTu2X59V5Zq0ZJim2D2xObf8UAgE_sdFpE7pEgqQVKQ",
        "userName": "Mohammad Raju"
    },
    {
        "appVersion": "1.0.4",
        "at": "2023-11-14 03:42:35",
        "content": "Is good",
        "repliedAt": null,
        "replyContent": null,
        "reviewCreatedVersion": "1.0.4",
        "reviewId": "5a262e59-d68b-40ef-b0fb-8f8529e7c65f",
        "score": 3,
        "thumbsUpCount": 0,
        "userImage": "https://play-lh.googleusercontent.com/a-/ALV-UjUnMVXguIpExx3-oY6rJ2JI3oL_Y4rQ_kWZ_iQDLhu-bSE",
        "userName": "NGUAFAC FLAVOUR"
    },
    {
        "appVersion": "1.0.4",
        "at": "2023-11-13 03:16:09",
        "content": "I don't know what happened but I withdrawn 2 times but still it showing pending but not received anything... Can you tell me what happened?",
        "repliedAt": null,
        "replyContent": null,
        "reviewCreatedVersion": "1.0.4",
        "reviewId": "ddf64ca9-d210-4062-b2fa-19bc227737d0",
        "score": 1,
        "thumbsUpCount": 0,
        "userImage": "https://play-lh.googleusercontent.com/a-/ALV-UjU65v-NX0xRCSA5Uvq3P76d2EtdvZJl5Z7WEsY0zYCAxbw",
        "userName": "hridoy sarker"
    },
    {
        "appVersion": "1.0.4",
        "at": "2023-11-12 13:32:55",
        "content": "Good app",
        "repliedAt": null,
        "replyContent": null,
        "reviewCreatedVersion": "1.0.4",
        "reviewId": "61487bda-de0e-4add-9cc4-b29bdbdafc71",
        "score": 5,
        "thumbsUpCount": 0,
        "userImage": "https://play-lh.googleusercontent.com/a/ACg8ocJD1luwFy4iVSW91RaVa84D6y4MfESSh_3D6UIhl9UG=mo",
        "userName": "Mahadid Mahi"
    },
    {
        "appVersion": "1.0.4",
        "at": "2023-11-12 09:58:50",
        "content": "Rating 5 ***** App is easy I am enjoying but withdraw not working \ud83d\ude14 please all withdraw I am withdraw recieved 1month late recieved bnb but ok thanks",
        "repliedAt": null,
        "replyContent": null,
        "reviewCreatedVersion": "1.0.4",
        "reviewId": "b29e11ca-61ba-49f8-bd2d-e5617b8464f0",
        "score": 5,
        "thumbsUpCount": 0,
        "userImage": "https://play-lh.googleusercontent.com/a-/ALV-UjUq3haDc1BltNTWlf5NtFv1LMHRJVJgmPgkiL4eZeljudI",
        "userName": "Faizu and you"
    },
    {
        "appVersion": "1.0.4",
        "at": "2023-11-12 02:26:38",
        "content": "My withdraw are painding my BNB coins are painding 0.00038580 Date: 31/10/2023",
        "repliedAt": null,
        "replyContent": null,
        "reviewCreatedVersion": "1.0.4",
        "reviewId": "618e4578-daf9-4100-92e9-48215f65e10e",
        "score": 1,
        "thumbsUpCount": 0,
        "userImage": "https://play-lh.googleusercontent.com/a-/ALV-UjXr-4KBmIoMNgyDXUXNjud4lfg1gw__517zmxYs8t8Frg",
        "userName": "BUDHCHARAN JAGTAP"
    },
    {
        "appVersion": "1.0.4",
        "at": "2023-11-11 07:37:50",
        "content": "Good gamin and earnings",
        "repliedAt": null,
        "replyContent": null,
        "reviewCreatedVersion": "1.0.4",
        "reviewId": "0204f2b6-0d34-4d1f-bf22-34fb7d3ef5b4",
        "score": 5,
        "thumbsUpCount": 0,
        "userImage": "https://play-lh.googleusercontent.com/a/ACg8ocJWtMLm_sOg7B8jW-e2KhNB9L9zJIPDgiAjTjy42iF5GQ=mo",
        "userName": "Janith Gunarathne"
    },
    {
        "appVersion": "1.0.4",
        "at": "2023-11-10 22:36:31",
        "content": "It's nice app",
        "repliedAt": null,
        "replyContent": null,
        "reviewCreatedVersion": "1.0.4",
        "reviewId": "9b3f379b-bb16-4720-8b4d-ba1d7ed7cdd0",
        "score": 5,
        "thumbsUpCount": 0,
        "userImage": "https://play-lh.googleusercontent.com/a-/ALV-UjUsxLLu_owGjPy62FiM5jvN86Ap2J2QN4VscDMa8opEFi4",
        "userName": "Albert Azmat"
    },
    {
        "appVersion": "1.0.4",
        "at": "2023-11-10 18:10:42",
        "content": "wonderful",
        "repliedAt": null,
        "replyContent": null,
        "reviewCreatedVersion": "1.0.4",
        "reviewId": "cb143f84-a4ab-405d-a292-12cac728d8d7",
        "score": 5,
        "thumbsUpCount": 0,
        "userImage": "https://play-lh.googleusercontent.com/a/ACg8ocKAY_xAHjAeEtBstqtdIxB5sYZsZtyiut7OoEt0IJzC=mo",
        "userName": "Diana Stemile"
    },
    {
        "appVersion": "1.0.4",
        "at": "2023-11-10 11:46:34",
        "content": "Nice app instant withdraw",
        "repliedAt": null,
        "replyContent": null,
        "reviewCreatedVersion": "1.0.4",
        "reviewId": "3da3cc90-bdc6-4f79-835d-ce31caef3018",
        "score": 5,
        "thumbsUpCount": 0,
        "userImage": "https://play-lh.googleusercontent.com/a-/ALV-UjWiTJBqmO9P4RhJSocnBGrpzZZvb7OlCFIuQ5SJNV5UTeE",
        "userName": "M Furqan Free earning"
    },
    {
        "appVersion": "1.0.4",
        "at": "2023-11-10 07:57:38",
        "content": "good",
        "repliedAt": null,
        "replyContent": null,
        "reviewCreatedVersion": "1.0.4",
        "reviewId": "4b5ae5a5-e75b-4f87-baa9-47d978cc44b8",
        "score": 5,
        "thumbsUpCount": 0,
        "userImage": "https://play-lh.googleusercontent.com/a/ACg8ocKtgb4XLyiNmfrfZ-O9K6e-WjE47pBbxC2A4dhRcHxA=mo",
        "userName": "Obani Bashir"
    },
    {
        "appVersion": "1.0.4",
        "at": "2023-11-10 07:23:15",
        "content": "True application, and payment is giving",
        "repliedAt": null,
        "replyContent": null,
        "reviewCreatedVersion": "1.0.4",
        "reviewId": "b920b418-84d1-4b06-9eba-17a4d19b3db1",
        "score": 4,
        "thumbsUpCount": 0,
        "userImage": "https://play-lh.googleusercontent.com/a-/ALV-UjVeGXVPQtkkrvZ2E7b12NZSnB6Qmah0SVZcN2JmowVZoxA",
        "userName": "Isuru Deshan"
    },
    {
        "appVersion": null,
        "at": "2023-11-10 01:55:48",
        "content": "Wow it really working nice",
        "repliedAt": null,
        "replyContent": null,
        "reviewCreatedVersion": null,
        "reviewId": "38028b18-01a1-4ac5-985e-9aa2178069ff",
        "score": 5,
        "thumbsUpCount": 0,
        "userImage": "https://play-lh.googleusercontent.com/a/ACg8ocLjBQoJNNm4pevamU7lM2Fu8CtBpfmcQJ9yyhwsmvCQ=mo",
        "userName": "gimba alhaji alfa"
    },
    {
        "appVersion": "1.0.4",
        "at": "2023-11-09 19:49:33",
        "content": "good",
        "repliedAt": null,
        "replyContent": null,
        "reviewCreatedVersion": "1.0.4",
        "reviewId": "69494f06-0fb2-499c-9509-311ced4db478",
        "score": 4,
        "thumbsUpCount": 0,
        "userImage": "https://play-lh.googleusercontent.com/a/ACg8ocLD99YHeD8suEd6Gbv_ybx0GUAFyfS-sHW3vxAZpljBSw=mo",
        "userName": "Soufiane Bakha"
    },
    {
        "appVersion": "1.0.4",
        "at": "2023-11-09 07:44:05",
        "content": "This is the Best mining site I have ever met in my life \ud83d\ude0dI love Bnb faucet",
        "repliedAt": null,
        "replyContent": null,
        "reviewCreatedVersion": "1.0.4",
        "reviewId": "3f6562c5-2a48-485d-82a1-b0d803151d55",
        "score": 5,
        "thumbsUpCount": 0,
        "userImage": "https://play-lh.googleusercontent.com/a/ACg8ocIgB_TNRnNJ4Glllr6YPmN8k1OU4Obgv7zEfnD1Sl7O=mo",
        "userName": "BRIAN KORIR"
    },
    {
        "appVersion": "1.0.4",
        "at": "2023-11-08 21:52:59",
        "content": "good",
        "repliedAt": null,
        "replyContent": null,
        "reviewCreatedVersion": "1.0.4",
        "reviewId": "2b43852d-d799-43b3-8300-760435147ebd",
        "score": 5,
        "thumbsUpCount": 0,
        "userImage": "https://play-lh.googleusercontent.com/a/ACg8ocLQZW7mlY_evDcFlBrzDGBqQceFZOAJR3W69Q4vwnph=mo",
        "userName": "Slimane Ezoiaoui"
    },
    {
        "appVersion": "1.0.4",
        "at": "2023-11-07 17:39:39",
        "content": "great website",
        "repliedAt": null,
        "replyContent": null,
        "reviewCreatedVersion": "1.0.4",
        "reviewId": "a249fd88-bc2d-4dec-911c-d120298f29d3",
        "score": 5,
        "thumbsUpCount": 0,
        "userImage": "https://play-lh.googleusercontent.com/a-/ALV-UjUMqLGzo4atGQrjMAPIoKKw0P99__xoO4FY3_CW-1uM4w",
        "userName": "Ahmad Hamza"
    },
    {
        "appVersion": "1.0.4",
        "at": "2023-11-07 08:02:32",
        "content": "wonderful project",
        "repliedAt": null,
        "replyContent": null,
        "reviewCreatedVersion": "1.0.4",
        "reviewId": "50f4f9cf-908b-40e7-9de8-4c0b0db91dee",
        "score": 4,
        "thumbsUpCount": 0,
        "userImage": "https://play-lh.googleusercontent.com/a/ACg8ocKV8TD6xtaviNmVZPEvUtD16S_Sq8HheWYhor8A2g88=mo",
        "userName": "Juliet Nwandu"
    },
    {
        "appVersion": "1.0.4",
        "at": "2023-11-07 04:07:09",
        "content": "very interesting app to use l can't wait for my first withdrawal from this app,",
        "repliedAt": null,
        "replyContent": null,
        "reviewCreatedVersion": "1.0.4",
        "reviewId": "34efa661-766a-4bd3-a23c-dee8d5b4436e",
        "score": 5,
        "thumbsUpCount": 0,
        "userImage": "https://play-lh.googleusercontent.com/a/ACg8ocJbgiGGVOuez_s6YXgbzes4dCZ5lPBPfkIhMgpj1jYT=mo",
        "userName": "Priscillar Nkala"
    },
    {
        "appVersion": "1.0.4",
        "at": "2023-11-06 20:19:38",
        "content": "Good app",
        "repliedAt": null,
        "replyContent": null,
        "reviewCreatedVersion": "1.0.4",
        "reviewId": "405763dd-1e84-4b11-a356-a78455617a0d",
        "score": 5,
        "thumbsUpCount": 0,
        "userImage": "https://play-lh.googleusercontent.com/a/ACg8ocLwTRkCBNbpYyRSNm3abK-9NOqiuQGXwqaFY9PPHmly=mo",
        "userName": "ahmad md"
    },
    {
        "appVersion": null,
        "at": "2023-11-05 20:31:01",
        "content": "I ask you to update the application because it carries a lot of advertisements and the earning percentage is very low. As for the withdrawal, it takes a long time to reach the platform.",
        "repliedAt": null,
        "replyContent": null,
        "reviewCreatedVersion": null,
        "reviewId": "2275ad90-fabd-4da2-805b-62d8eafbbf76",
        "score": 2,
        "thumbsUpCount": 0,
        "userImage": "https://play-lh.googleusercontent.com/a-/ALV-UjXQNgTY5SsshkMCiAia30yMoJtM-ZSPcUriDsfJs08uUck",
        "userName": "\u00d6zcan Zaruk"
    },
    {
        "appVersion": "1.0.4",
        "at": "2023-11-05 04:26:11",
        "content": "actually payed BNB very good",
        "repliedAt": null,
        "replyContent": null,
        "reviewCreatedVersion": "1.0.4",
        "reviewId": "3f6633b1-3320-41e8-ab98-a3253ffce2ad",
        "score": 5,
        "thumbsUpCount": 0,
        "userImage": "https://play-lh.googleusercontent.com/a-/ALV-UjX8QhxjNKgKaF-ftkH_bi8MoEyS0T2CVQzgJhI5LojlPlc",
        "userName": "Dushan T Jayasundara"
    },
    {
        "appVersion": "1.0.4",
        "at": "2023-11-04 01:02:24",
        "content": "I love game so much each to pay more u pay more u earn",
        "repliedAt": null,
        "replyContent": null,
        "reviewCreatedVersion": "1.0.4",
        "reviewId": "075ccd18-5d50-480c-bba4-5d313e51d788",
        "score": 4,
        "thumbsUpCount": 0,
        "userImage": "https://play-lh.googleusercontent.com/a-/ALV-UjUnwXXvLt3LrXkMZy1BhfPdW0kzZD8i2cQemugLWe0ifQ",
        "userName": "Seun James"
    },
    {
        "appVersion": "1.0.4",
        "at": "2023-11-03 17:16:50",
        "content": "Cool",
        "repliedAt": null,
        "replyContent": null,
        "reviewCreatedVersion": "1.0.4",
        "reviewId": "3102bcf4-d229-41c4-a84d-f215de3ec555",
        "score": 4,
        "thumbsUpCount": 0,
        "userImage": "https://play-lh.googleusercontent.com/a-/ALV-UjWrypwphWX6uOOxlta8khNXyW43-HAyxAIOTlwGHT1dzA",
        "userName": "Eneyo Emmanuel"
    },
    {
        "appVersion": "1.0.4",
        "at": "2023-11-02 18:12:57",
        "content": "This is the best app that I have ever used thank you so much \ud83d\udc93",
        "repliedAt": null,
        "replyContent": null,
        "reviewCreatedVersion": "1.0.4",
        "reviewId": "ae50ef68-0d9a-49b8-9125-3bd8c670314d",
        "score": 5,
        "thumbsUpCount": 0,
        "userImage": "https://play-lh.googleusercontent.com/a/ACg8ocKavvQgxIxgKrfwU9eV3EcxjGLnzZSYrBugRS01Qf7-=mo",
        "userName": "Ahmed Raq"
    },
    {
        "appVersion": "1.0.4",
        "at": "2023-11-02 05:30:27",
        "content": "Nice legit paying app",
        "repliedAt": null,
        "replyContent": null,
        "reviewCreatedVersion": "1.0.4",
        "reviewId": "4729e8c8-81dd-4761-8132-a787f2f5584a",
        "score": 5,
        "thumbsUpCount": 0,
        "userImage": "https://play-lh.googleusercontent.com/a/ACg8ocJhv6vv5lalbIJkoU3M0fwYA5d1kBifxVJAulws_UMY=mo",
        "userName": "Consor Gulbin"
    },
    {
        "appVersion": "1.0.4",
        "at": "2023-11-02 02:32:24",
        "content": "\ud83d\udc4d",
        "repliedAt": null,
        "replyContent": null,
        "reviewCreatedVersion": "1.0.4",
        "reviewId": "3a4d36ee-9fab-403c-be19-b12cc282b3ea",
        "score": 5,
        "thumbsUpCount": 0,
        "userImage": "https://play-lh.googleusercontent.com/a-/ALV-UjUC-6kmkLLsyE-LhtmeizNjnmILJb2JbZj3CZ5o26VI4FY",
        "userName": "dilshan ekanayaka"
    },
    {
        "appVersion": "1.0.4",
        "at": "2023-11-01 14:17:42",
        "content": "l give them 4 star",
        "repliedAt": null,
        "replyContent": null,
        "reviewCreatedVersion": "1.0.4",
        "reviewId": "04974026-3ddf-4def-95b2-097efc8f9a95",
        "score": 4,
        "thumbsUpCount": 0,
        "userImage": "https://play-lh.googleusercontent.com/a/ACg8ocLLhFoQHD8cvWdwCZKXtkT0ikSvKOoGQj0sFvwrK7P3=mo",
        "userName": "ABDULRASHEED ABDULLAHI"
    },
    {
        "appVersion": "1.0.4",
        "at": "2023-11-01 02:55:59",
        "content": "Withdrawal says pending, since 36 hours ago.. Until i receive my BNB i won't rate it a 5 star just yet..",
        "repliedAt": null,
        "replyContent": null,
        "reviewCreatedVersion": "1.0.4",
        "reviewId": "6e12c5d4-1098-4294-beeb-3e88b99f00eb",
        "score": 1,
        "thumbsUpCount": 0,
        "userImage": "https://play-lh.googleusercontent.com/a-/ALV-UjX6x02vEQlN9v3wYyElFNo7yVhfS16V5F59qK1bfiLLSA",
        "userName": "Femi Beckley"
    },
    {
        "appVersion": "1.0.4",
        "at": "2023-10-31 08:51:39",
        "content": "legit app",
        "repliedAt": null,
        "replyContent": null,
        "reviewCreatedVersion": "1.0.4",
        "reviewId": "666517ac-2821-480b-94bc-22403d146ec4",
        "score": 5,
        "thumbsUpCount": 0,
        "userImage": "https://play-lh.googleusercontent.com/a/ACg8ocKq9rp5n5UqabyM4lDQ4f0A_2--2yNpwFz3L44uAvaT=mo",
        "userName": "Min lwin Oo"
    },
    {
        "appVersion": "1.0.4",
        "at": "2023-10-31 02:40:11",
        "content": "Very nice app.100% payment .",
        "repliedAt": null,
        "replyContent": null,
        "reviewCreatedVersion": "1.0.4",
        "reviewId": "49625c47-950d-4ced-9b62-0aa7df10a54c",
        "score": 5,
        "thumbsUpCount": 0,
        "userImage": "https://play-lh.googleusercontent.com/a/ACg8ocIbtJW0kwUWNpkxO4k__VH9cbHezaJJMvBfl46ZFp1m=mo",
        "userName": "Benjir Alam"
    },
    {
        "appVersion": "1.0.4",
        "at": "2023-10-30 14:51:05",
        "content": "It's so good app easy earning and easy withdraw",
        "repliedAt": null,
        "replyContent": null,
        "reviewCreatedVersion": "1.0.4",
        "reviewId": "f11dcdcc-bfc1-45f8-921a-512a4525e716",
        "score": 5,
        "thumbsUpCount": 0,
        "userImage": "https://play-lh.googleusercontent.com/a/ACg8ocLsZlGhI0p4hKgLRgUvcUXm9EMjExpb6rZaGFNRPnKd=mo",
        "userName": "khan anis"
    },
    {
        "appVersion": "1.0.4",
        "at": "2023-10-28 13:07:00",
        "content": "Good",
        "repliedAt": null,
        "replyContent": null,
        "reviewCreatedVersion": "1.0.4",
        "reviewId": "835e2076-b9d9-49d6-a5c0-0e3982a423a9",
        "score": 5,
        "thumbsUpCount": 0,
        "userImage": "https://play-lh.googleusercontent.com/a/ACg8ocLsRqgPTylOI-xCwHJVwm0OX2MeRwxRCP05AIKkxlIY=mo",
        "userName": "Noorazam Noori"
    },
    {
        "appVersion": "1.0.4",
        "at": "2023-10-28 04:05:24",
        "content": "\u0986\u09ae\u09bf \u0995\u09bf\u099b\u09c1 \u09ac\u09c1\u099d\u09a4\u09c7 \u09aa\u09be\u09b0\u099b\u09bf\u09a8\u09be",
        "repliedAt": null,
        "replyContent": null,
        "reviewCreatedVersion": "1.0.4",
        "reviewId": "952043bd-9a63-4bd6-8d64-4b5a9a538cca",
        "score": 4,
        "thumbsUpCount": 0,
        "userImage": "https://play-lh.googleusercontent.com/a/ACg8ocJTIZhZI48rRdkhyIOKHu1iiU-r1Hwfz0nmsZFVLBTY=mo",
        "userName": "Sebak Mukherjee"
    },
    {
        "appVersion": "1.0.4",
        "at": "2023-10-27 13:12:45",
        "content": "Awesome",
        "repliedAt": null,
        "replyContent": null,
        "reviewCreatedVersion": "1.0.4",
        "reviewId": "5da6c401-c29e-44e3-9e95-1972e1b8a73a",
        "score": 5,
        "thumbsUpCount": 0,
        "userImage": "https://play-lh.googleusercontent.com/a-/ALV-UjUo4eeaEHaqPkRe1TnzRT_aWyvi2cUs7Vgl4DSFKdl0cX8",
        "userName": "Shimul Kibria"
    },
    {
        "appVersion": "1.0.4",
        "at": "2023-10-27 11:57:28",
        "content": "App works great .... just too many ads ...",
        "repliedAt": null,
        "replyContent": null,
        "reviewCreatedVersion": "1.0.4",
        "reviewId": "bf62e5b0-97fe-4d13-b9c5-633d3f506603",
        "score": 5,
        "thumbsUpCount": 0,
        "userImage": "https://play-lh.googleusercontent.com/a-/ALV-UjV_H13Z09cBVsX3xe2_GjpEQh3FVEloY9_Zvy-zUW6k_g",
        "userName": "Aaron Seebran"
    },
    {
        "appVersion": "1.0.4",
        "at": "2023-10-27 00:17:26",
        "content": "LEGIT SITE. THANKS",
        "repliedAt": null,
        "replyContent": null,
        "reviewCreatedVersion": "1.0.4",
        "reviewId": "8c7377fc-4f7f-4f38-b5c7-cce19cbf2a96",
        "score": 5,
        "thumbsUpCount": 0,
        "userImage": "https://play-lh.googleusercontent.com/a/ACg8ocKbfLNNIHX6NcE0WTaBrjvgRZKHiCfqVqeC2W7vYu00=mo",
        "userName": "MOHAMAD shafiee"
    },
    {
        "appVersion": null,
        "at": "2023-10-26 09:10:38",
        "content": "Withdraw received after 2 month",
        "repliedAt": null,
        "replyContent": null,
        "reviewCreatedVersion": null,
        "reviewId": "d6cdaadd-6f83-42f7-a203-6f72dd60702b",
        "score": 5,
        "thumbsUpCount": 0,
        "userImage": "https://play-lh.googleusercontent.com/a-/ALV-UjVtBtWjqJSBqYeloN8z-yPxnBlggvqZqBh-mZ-I0QbZEw",
        "userName": "Rudeep Rangika"
    },
    {
        "appVersion": "1.0.4",
        "at": "2023-10-26 09:03:50",
        "content": "Very legit and paying faucet. My withdrawal was paid instantly.",
        "repliedAt": null,
        "replyContent": null,
        "reviewCreatedVersion": "1.0.4",
        "reviewId": "5f7adb4e-141e-4686-9752-f304208ea9c5",
        "score": 5,
        "thumbsUpCount": 0,
        "userImage": "https://play-lh.googleusercontent.com/a/ACg8ocJXkDEBfriXcmH6v3ytZYKARPyCzqpNTZ2WhhjebDkL=mo",
        "userName": "GOODLUCK U IRHIEMI"
    },
    {
        "appVersion": "1.0.4",
        "at": "2023-10-26 08:11:49",
        "content": "legit faucet",
        "repliedAt": null,
        "replyContent": null,
        "reviewCreatedVersion": "1.0.4",
        "reviewId": "a7f8c5eb-c7b4-4e2d-91d7-a773960b277f",
        "score": 5,
        "thumbsUpCount": 0,
        "userImage": "https://play-lh.googleusercontent.com/a-/ALV-UjUH96w28n07BA-nnYqAgWcmHNte8iIp2pf_F3JKnWHzyZc",
        "userName": "Josh Nderitu"
    },
    {
        "appVersion": "1.0.4",
        "at": "2023-10-26 07:16:40",
        "content": "good",
        "repliedAt": null,
        "replyContent": null,
        "reviewCreatedVersion": "1.0.4",
        "reviewId": "711c60e5-ae62-4e2c-a1e9-8e18fae7c521",
        "score": 5,
        "thumbsUpCount": 0,
        "userImage": "https://play-lh.googleusercontent.com/a-/ALV-UjUuK_12P0NkdO0Dr1UOKMvk69_wBr_UPDhtAkEDH8TkGw",
        "userName": "chauoibe djbabla"
    },
    {
        "appVersion": "1.0.4",
        "at": "2023-10-24 09:13:56",
        "content": "the initiative is good but need to up grade on status pending to make everything to be alright and to encourage the teaming followers this is to make BNB grate and bring about more people to subscribe to Binance in increasing the population the key area to work and develop is the pending status,that people can have trust as said processing is in 24hrs,not 3 or 4 days the status still pending Aside this the program and initiative is ok to assist people KUDOS TO BINANCE GOD BLESS THE COMPANY",
        "repliedAt": null,
        "replyContent": null,
        "reviewCreatedVersion": "1.0.4",
        "reviewId": "d3267c7a-1ed8-4c15-84e3-64e175dfc45f",
        "score": 4,
        "thumbsUpCount": 0,
        "userImage": "https://play-lh.googleusercontent.com/a/ACg8ocIX2tIh6uLtdnVCilb_k_lImTxgwqnMmEr02N40Jbjg=mo",
        "userName": "Abiodun Olarewaju"
    },
    {
        "appVersion": "1.0.4",
        "at": "2023-10-24 03:58:36",
        "content": "Good",
        "repliedAt": null,
        "replyContent": null,
        "reviewCreatedVersion": "1.0.4",
        "reviewId": "90c710fd-ae29-43cc-8ded-3aad2e0f4cb6",
        "score": 5,
        "thumbsUpCount": 0,
        "userImage": "https://play-lh.googleusercontent.com/a/ACg8ocLiF1-jTYlJSJFbIjz4cre6Zy6IEhbGkC9-IyQAglH4=mo",
        "userName": "Youcef BEKHEDDA"
    },
    {
        "appVersion": "1.0.4",
        "at": "2023-10-22 18:45:05",
        "content": "It is a very good app",
        "repliedAt": null,
        "replyContent": null,
        "reviewCreatedVersion": "1.0.4",
        "reviewId": "4eda8030-cd62-4ec6-bb56-6c22e03089d7",
        "score": 4,
        "thumbsUpCount": 0,
        "userImage": "https://play-lh.googleusercontent.com/a/ACg8ocI9DMjTR1aflIXQdpJtT4GQyKi7-HF-eSvCRwQZ7uzz=mo",
        "userName": "Paul Unuavboroh"
    },
    {
        "appVersion": "1.0.4",
        "at": "2023-10-22 15:50:31",
        "content": "What is going on, I have been withdrawing for some time now, none of them is going to my binance wallet more than 5 times now why?",
        "repliedAt": null,
        "replyContent": null,
        "reviewCreatedVersion": "1.0.4",
        "reviewId": "6d7339fb-d8af-4a6a-927d-2b461322436a",
        "score": 1,
        "thumbsUpCount": 0,
        "userImage": "https://play-lh.googleusercontent.com/a/ACg8ocKz9zmIrB_0E3rjLtWOz8EQmvn9XBgHxoqts4wU3375=mo",
        "userName": "chijioke ukaegbu"
    },
    {
        "appVersion": "1.0.4",
        "at": "2023-10-22 14:24:57",
        "content": "This app recommend for everyone it's really pay Don't be erected with ad there are alot of ad but it's really pay Thanks to app developer",
        "repliedAt": null,
        "replyContent": null,
        "reviewCreatedVersion": "1.0.4",
        "reviewId": "f8b7c864-56f9-40c8-9d43-4bc046a6789b",
        "score": 5,
        "thumbsUpCount": 0,
        "userImage": "https://play-lh.googleusercontent.com/a-/ALV-UjXZ7D1loYvPriAHWipm9EOxJqpIZnlGIYK1WHOjCtoBwag",
        "userName": "travel with kallu"
    },
    {
        "appVersion": "1.0.4",
        "at": "2023-10-22 07:24:22",
        "content": "Only panding pliz halp",
        "repliedAt": null,
        "replyContent": null,
        "reviewCreatedVersion": "1.0.4",
        "reviewId": "c17c2c42-61ee-4347-9c74-3960e63027e5",
        "score": 5,
        "thumbsUpCount": 0,
        "userImage": "https://play-lh.googleusercontent.com/a-/ALV-UjUqMNa3qGmi7myS1KoHH98cAdGjqBTPMm-uKyX1YmZFJA",
        "userName": "Seraz Tonmoy"
    },
    {
        "appVersion": "1.0.4",
        "at": "2023-10-21 23:20:59",
        "content": "this app not withdraw give please not install this app",
        "repliedAt": null,
        "replyContent": null,
        "reviewCreatedVersion": "1.0.4",
        "reviewId": "6e0778aa-aecc-4d03-afd9-43d370990e8d",
        "score": 5,
        "thumbsUpCount": 0,
        "userImage": "https://play-lh.googleusercontent.com/a-/ALV-UjX7noo4KTb_-zoIxG3o9719_8Vrh14Wb0GKd90NICNmAeM",
        "userName": "mdsumon mizi"
    },
    {
        "appVersion": "1.0.3",
        "at": "2023-10-20 17:41:29",
        "content": "\ud83e\udd72 why isn't difficult to withdraw, since like 5 days i make a withdraw and ever since since then am not yet received anything why,,\ud83e\udd37",
        "repliedAt": null,
        "replyContent": null,
        "reviewCreatedVersion": "1.0.3",
        "reviewId": "01133258-aaf4-4df6-b278-d131055456ed",
        "score": 2,
        "thumbsUpCount": 0,
        "userImage": "https://play-lh.googleusercontent.com/a-/ALV-UjWvm89vdzlLNY356XbjhTdpggo8IETpFLL_MyzSNNswmw",
        "userName": "Sordiq Olanite"
    },
    {
        "appVersion": "1.0.3",
        "at": "2023-10-20 13:28:12",
        "content": "nice",
        "repliedAt": null,
        "replyContent": null,
        "reviewCreatedVersion": "1.0.3",
        "reviewId": "17612990-d1fd-4719-90bd-5afb6219e17f",
        "score": 5,
        "thumbsUpCount": 0,
        "userImage": "https://play-lh.googleusercontent.com/a/ACg8ocKBi-39kJy01e_DejewXEjRNntFsQWDhXsP5ElNjVjW=mo",
        "userName": "idris abdullahi"
    },
    {
        "appVersion": "1.0.4",
        "at": "2023-10-20 02:36:37",
        "content": "I give 1 star because my all withdraw is pending if you release my withdrawal I give 5 stars . Please fix this issue.",
        "repliedAt": null,
        "replyContent": null,
        "reviewCreatedVersion": "1.0.4",
        "reviewId": "73f636ff-6c97-4b80-89f8-e47e456ec155",
        "score": 1,
        "thumbsUpCount": 1,
        "userImage": "https://play-lh.googleusercontent.com/a-/ALV-UjWAG3VzKV2h6M5S717_DhnFWbWEAMxjjsdNVrDwZKEVUw",
        "userName": "Waqar Ahmed8322"
    },
    {
        "appVersion": "1.0.4",
        "at": "2023-10-19 00:58:01",
        "content": "Best faucet to claim BNB ....you can get withdrawal hassle free.... No Tension at all",
        "repliedAt": null,
        "replyContent": null,
        "reviewCreatedVersion": "1.0.4",
        "reviewId": "72cc29a1-cf56-4c03-8fb7-d0146596092e",
        "score": 5,
        "thumbsUpCount": 0,
        "userImage": "https://play-lh.googleusercontent.com/a-/ALV-UjU9fhYEB4DPg4--lOcDmNfrbaL1SEA04af0oM7UkgL2PQmr",
        "userName": "Ravi Kumar Mungi"
    },
    {
        "appVersion": "1.0.4",
        "at": "2023-10-18 16:27:57",
        "content": "good",
        "repliedAt": null,
        "replyContent": null,
        "reviewCreatedVersion": "1.0.4",
        "reviewId": "8d08c1c7-7330-4115-a663-c7b31fd5a1f7",
        "score": 5,
        "thumbsUpCount": 0,
        "userImage": "https://play-lh.googleusercontent.com/a-/ALV-UjWF1YlJ77yEc2A_YYB2-_ptWQSd_lnuwoXEsf8jwLSQRg",
        "userName": "Anthony King"
    },
    {
        "appVersion": "1.0.4",
        "at": "2023-10-18 06:06:27",
        "content": "Very good project",
        "repliedAt": null,
        "replyContent": null,
        "reviewCreatedVersion": "1.0.4",
        "reviewId": "9710337b-cec4-4a62-b73b-1b6c238b8ea5",
        "score": 5,
        "thumbsUpCount": 0,
        "userImage": "https://play-lh.googleusercontent.com/a/ACg8ocKzIYuiVoudOXw4-u0Yp8-UuXmEEVrEd1SwF9nl-J9f=mo",
        "userName": "Folorunsho Martins"
    },
    {
        "appVersion": "1.0.4",
        "at": "2023-10-18 04:41:15",
        "content": "good app",
        "repliedAt": null,
        "replyContent": null,
        "reviewCreatedVersion": "1.0.4",
        "reviewId": "95752b33-0b46-4afa-9a76-95b1c1af4099",
        "score": 3,
        "thumbsUpCount": 0,
        "userImage": "https://play-lh.googleusercontent.com/a/ACg8ocIQS59sAVajcCGIbHdCVYyCdEDGH__1EUcdXR4z3NUX=mo",
        "userName": "Mathew Ambambi"
    },
    {
        "appVersion": "1.0.4",
        "at": "2023-10-18 00:28:20",
        "content": "trust and reliable",
        "repliedAt": null,
        "replyContent": null,
        "reviewCreatedVersion": "1.0.4",
        "reviewId": "219dbb02-3263-4626-a62f-2afa35ad28e2",
        "score": 5,
        "thumbsUpCount": 0,
        "userImage": "https://play-lh.googleusercontent.com/a-/ALV-UjVtqQZLKjP96rUWaj7JcuewTUiQdbncyiJtwX2fkM9kDg",
        "userName": "Habeeb Kehinde"
    },
    {
        "appVersion": "1.0.4",
        "at": "2023-10-17 16:18:39",
        "content": "Too many ads which makes whole thing irritating. Alt least there should be break in some step of the game",
        "repliedAt": null,
        "replyContent": null,
        "reviewCreatedVersion": "1.0.4",
        "reviewId": "98813469-0d90-450b-a6dc-c9b9b3bf482b",
        "score": 2,
        "thumbsUpCount": 2,
        "userImage": "https://play-lh.googleusercontent.com/a-/ALV-UjXV8_B1emm_Zked5zGfY8oSykVrKMN65yVBK4O2aMqW4pY",
        "userName": "Igber Emmanuel (Emperor Caesar)"
    },
    {
        "appVersion": "1.0.4",
        "at": "2023-10-17 14:46:23",
        "content": "is a great project",
        "repliedAt": null,
        "replyContent": null,
        "reviewCreatedVersion": "1.0.4",
        "reviewId": "90ed5c61-be9e-45b9-9304-46e538df3f83",
        "score": 5,
        "thumbsUpCount": 0,
        "userImage": "https://play-lh.googleusercontent.com/a-/ALV-UjWnm3IMKRZitydQPpnU4eWLE-pi_vOfiqDDq3Zs-kfC6ZQ",
        "userName": "Royal Anthony"
    },
    {
        "appVersion": "1.0.4",
        "at": "2023-10-17 12:23:28",
        "content": "good earning apps",
        "repliedAt": null,
        "replyContent": null,
        "reviewCreatedVersion": "1.0.4",
        "reviewId": "75ea1fd4-b917-4568-a64d-1163ea7647ec",
        "score": 5,
        "thumbsUpCount": 0,
        "userImage": "https://play-lh.googleusercontent.com/a-/ALV-UjWNAhRVFAC0h1GoxJF2nQQEt4YMTUitN-iJGUivLmMLKw",
        "userName": "Neharun Nesa"
    },
    {
        "appVersion": "1.0.3",
        "at": "2023-10-17 12:21:29",
        "content": "Great project",
        "repliedAt": null,
        "replyContent": null,
        "reviewCreatedVersion": "1.0.3",
        "reviewId": "75713e6b-6ac5-42f5-9963-f8ff004f5d7d",
        "score": 5,
        "thumbsUpCount": 0,
        "userImage": "https://play-lh.googleusercontent.com/a-/ALV-UjWJbrt7_Nk6Jm-9ygx-ADUgOFw4iYZCZ7Chc-OJOIi76g",
        "userName": "Edgar Martinez"
    },
    {
        "appVersion": "1.0.4",
        "at": "2023-10-17 12:11:29",
        "content": "good",
        "repliedAt": null,
        "replyContent": null,
        "reviewCreatedVersion": "1.0.4",
        "reviewId": "a48a8fb1-2860-4fdc-8e4a-62600e662f8c",
        "score": 5,
        "thumbsUpCount": 0,
        "userImage": "https://play-lh.googleusercontent.com/a/ACg8ocLjJEnzop305aK5kmwjlE_3n0mYP8uImajGOLKSbRef=mo",
        "userName": "Djwil Dz"
    },
    {
        "appVersion": "1.0.4",
        "at": "2023-10-17 10:20:37",
        "content": "Good app",
        "repliedAt": null,
        "replyContent": null,
        "reviewCreatedVersion": "1.0.4",
        "reviewId": "655d027c-f21f-445f-a15f-f133a8bea1a6",
        "score": 5,
        "thumbsUpCount": 0,
        "userImage": "https://play-lh.googleusercontent.com/a-/ALV-UjVvq8pCl8q2Qzm41vERgyxHDDI1hcMml6xPFf8eU8dtjg",
        "userName": "Anisul officialL"
    },
    {
        "appVersion": "1.0.4",
        "at": "2023-10-17 09:56:01",
        "content": "gooood",
        "repliedAt": null,
        "replyContent": null,
        "reviewCreatedVersion": "1.0.4",
        "reviewId": "a962ad73-0c78-4400-ba33-aee7b0fe4c44",
        "score": 5,
        "thumbsUpCount": 0,
        "userImage": "https://play-lh.googleusercontent.com/a-/ALV-UjXaW38ioRX1U3_795x9IXfe0pbAO-lF6kVORQ7USmCvThw",
        "userName": "Kamal Bedir"
    },
    {
        "appVersion": null,
        "at": "2023-10-16 22:52:04",
        "content": "Approved \ud83d\udc4d\ud83d\udc49\ud83d\udc49 red \u2665\ufe0f\u2665\ufe0f",
        "repliedAt": null,
        "replyContent": null,
        "reviewCreatedVersion": null,
        "reviewId": "d24d8b5f-7b5f-4bc6-bcff-687253796613",
        "score": 5,
        "thumbsUpCount": 0,
        "userImage": "https://play-lh.googleusercontent.com/a-/ALV-UjXBkNZDt4VG6bpf9jJsxH_TBNs9tVQSFbW_iP6oib_xzaY",
        "userName": "Yani Ardiyanto"
    },
    {
        "appVersion": "1.0.4",
        "at": "2023-10-16 11:03:32",
        "content": "why are bnbs pending? you are playing, you are tiring yourself at the end of the day,not going to the relevant place",
        "repliedAt": null,
        "replyContent": null,
        "reviewCreatedVersion": "1.0.4",
        "reviewId": "7ff5f3b1-2b4c-4ddf-9a22-a9c59791f511",
        "score": 1,
        "thumbsUpCount": 0,
        "userImage": "https://play-lh.googleusercontent.com/a-/ALV-UjUqsN1vzX4L0HDInW3e0qayAgv9QO7uv-CXXPlLBurHsE4",
        "userName": "Halid Hussein"
    },
    {
        "appVersion": "1.0.3",
        "at": "2023-10-16 06:22:20",
        "content": "Good app",
        "repliedAt": null,
        "replyContent": null,
        "reviewCreatedVersion": "1.0.3",
        "reviewId": "cf4e8a5a-993d-4f78-8eae-4f14d573e998",
        "score": 4,
        "thumbsUpCount": 0,
        "userImage": "https://play-lh.googleusercontent.com/a-/ALV-UjUsdvC_zG8pHUGli0VwMHlQe0e42HzAlzrP_KPBUbJrIaU",
        "userName": "Sujon 763"
    },
    {
        "appVersion": "1.0.3",
        "at": "2023-10-16 04:25:51",
        "content": "Good faucet legit",
        "repliedAt": null,
        "replyContent": null,
        "reviewCreatedVersion": "1.0.3",
        "reviewId": "c009dce2-84d3-4e1d-ae5a-7fdfbeed5125",
        "score": 5,
        "thumbsUpCount": 0,
        "userImage": "https://play-lh.googleusercontent.com/a/ACg8ocLlxR5twFtFPsB-8Pcwg0iOkODSv4YPa7fIjnu1slLo=mo",
        "userName": "Mussa Hamad"
    },
    {
        "appVersion": "1.0.3",
        "at": "2023-10-14 11:42:07",
        "content": "Assalam o alikum Mera 1 hi account ha blocked Kyu kr diya Mera account plz ye issue solve kr den",
        "repliedAt": null,
        "replyContent": null,
        "reviewCreatedVersion": "1.0.3",
        "reviewId": "8d000082-b7a3-4bc8-9a7b-d2debb2ab11f",
        "score": 1,
        "thumbsUpCount": 0,
        "userImage": "https://play-lh.googleusercontent.com/a-/ALV-UjU6x-LjjWtlH3_OH3l0hCPzA89R64cAH5pDm7xRHH5jhMU",
        "userName": "Raviha Ariqa"
    },
    {
        "appVersion": "1.0.3",
        "at": "2023-10-14 02:59:41",
        "content": "Not Give Withdraw My Withdraw In Process But Not Response",
        "repliedAt": null,
        "replyContent": null,
        "reviewCreatedVersion": "1.0.3",
        "reviewId": "afe8f263-0028-4135-9921-c61ffc0b0200",
        "score": 1,
        "thumbsUpCount": 0,
        "userImage": "https://play-lh.googleusercontent.com/a-/ALV-UjUci0xaXIdk3x-QqH020r_7gRZs0cFuTxhqk-uvhT6dURg",
        "userName": "Shorts Maker"
    },
    {
        "appVersion": "1.0.3",
        "at": "2023-10-14 01:32:27",
        "content": "Great app for free earning bnb token",
        "repliedAt": null,
        "replyContent": null,
        "reviewCreatedVersion": "1.0.3",
        "reviewId": "dc78e952-8c2f-42be-a607-bb9781ed58b4",
        "score": 5,
        "thumbsUpCount": 0,
        "userImage": "https://play-lh.googleusercontent.com/a-/ALV-UjUHwWk8oipPh1atDW6tmpTZgAoJYsX_jBKmtDOKUej33i8",
        "userName": "niaz sawand"
    },
    {
        "appVersion": "1.0.3",
        "at": "2023-10-13 02:36:16",
        "content": "Thanks For This Apps I have been waiting for this for so long",
        "repliedAt": null,
        "replyContent": null,
        "reviewCreatedVersion": "1.0.3",
        "reviewId": "14339422-f405-4493-859c-d6c1a35c3302",
        "score": 5,
        "thumbsUpCount": 0,
        "userImage": "https://play-lh.googleusercontent.com/a/ACg8ocJHH2k117PnHVdvr7Fg28WLrqaQGBfLySXZXQTdCsdK=mo",
        "userName": "Billal Mia"
    },
    {
        "appVersion": "1.0.3",
        "at": "2023-10-12 02:49:28",
        "content": "Update not good.....only made to watch ads...no withdrawal options..no details.. i also had a pending withdrawal on the old update...pls fix...",
        "repliedAt": null,
        "replyContent": null,
        "reviewCreatedVersion": "1.0.3",
        "reviewId": "c844d639-8d9e-4b05-b025-2806cd234d6c",
        "score": 1,
        "thumbsUpCount": 5,
        "userImage": "https://play-lh.googleusercontent.com/a/ACg8ocLBTH1MKUkXmQAT8jkUU6k4RYhPyBiPskD02gX01cFe=mo",
        "userName": "ken alcaraz"
    },
    {
        "appVersion": "1.0.3",
        "at": "2023-10-12 02:01:42",
        "content": "The parts of the game are not moving when pushed",
        "repliedAt": null,
        "replyContent": null,
        "reviewCreatedVersion": "1.0.3",
        "reviewId": "f771722e-bb7a-475e-9dba-39a2ed4974c4",
        "score": 3,
        "thumbsUpCount": 0,
        "userImage": "https://play-lh.googleusercontent.com/a-/ALV-UjUpPd2Ad0WPF6G1DOMAAL8HyvhftVhUj2uyQZa9BC_5CA",
        "userName": "Christopher Ejiogu"
    },
    {
        "appVersion": "1.0.2",
        "at": "2023-10-11 15:39:49",
        "content": "it's a scam",
        "repliedAt": null,
        "replyContent": null,
        "reviewCreatedVersion": "1.0.2",
        "reviewId": "12df4d9a-a159-4a5b-afca-d2b3c6dbd008",
        "score": 1,
        "thumbsUpCount": 0,
        "userImage": "https://play-lh.googleusercontent.com/a-/ALV-UjX1FnIgR6OX3YqlBfG1w77mopo4DTTvbU80DDqMIUACfqqp",
        "userName": "Ikram Gomri"
    },
    {
        "appVersion": "1.0.2",
        "at": "2023-10-09 00:15:54",
        "content": "Dear Sir/Ma PLEASE I don't mean that the app is FAKE or LEGIT, but I made withdrawal to my BINANCE account but haven't received it over 3 days now....I didn't receive the first payment thou the amount was much so I tried withdrawing less but haven't gotten any. I sent mail yet didn't get any responds till now. 5 STARS AS SOON I RECEIVE THE TOKEN",
        "repliedAt": null,
        "replyContent": null,
        "reviewCreatedVersion": "1.0.2",
        "reviewId": "5e1e00c0-ffce-46e1-ad44-d7080bf08f5d",
        "score": 2,
        "thumbsUpCount": 6,
        "userImage": "https://play-lh.googleusercontent.com/a/ACg8ocKc9y0aK4ZYs90Fbrjw9znFbEopgjhHDXtMGqEU5Vs=mo",
        "userName": "Faith"
    },
    {
        "appVersion": "1.0.2",
        "at": "2023-10-01 01:51:37",
        "content": "not received in my binance why pending my bnb",
        "repliedAt": null,
        "replyContent": null,
        "reviewCreatedVersion": "1.0.2",
        "reviewId": "d649ab5c-b458-4e6f-bd3c-003f5a45f83a",
        "score": 1,
        "thumbsUpCount": 0,
        "userImage": "https://play-lh.googleusercontent.com/a-/ALV-UjVWoQ7axIt53pGCOW4Gyy2EKD3xELlMtY9yU5S7o2XX_Q",
        "userName": "sandhya rani behera"
    },
    {
        "appVersion": "1.0.2",
        "at": "2023-09-27 04:01:17",
        "content": "Time waste no withdraw coin fake app",
        "repliedAt": null,
        "replyContent": null,
        "reviewCreatedVersion": "1.0.2",
        "reviewId": "8844c0e7-5bff-4e29-ac2e-863aa5bf7f34",
        "score": 1,
        "thumbsUpCount": 0,
        "userImage": "https://play-lh.googleusercontent.com/a/ACg8ocLP3prgGnMznZGxkmz_51l5nds85hw17G3UGhCSwZ02=mo",
        "userName": "JIGNESH HARMA"
    },
    {
        "appVersion": "1.0.2",
        "at": "2023-09-27 01:01:11",
        "content": "It's a wonderful app thanks \ud83d\ude0a",
        "repliedAt": null,
        "replyContent": null,
        "reviewCreatedVersion": "1.0.2",
        "reviewId": "db8e1a63-a238-460b-a044-9e3b7503170d",
        "score": 5,
        "thumbsUpCount": 0,
        "userImage": "https://play-lh.googleusercontent.com/a/ACg8ocLPN70Rcdk25L9n9_gtgExmDB829k3Jv47uEo37PIs2=mo",
        "userName": "cobra rak"
    },
    {
        "appVersion": "1.0.2",
        "at": "2023-09-26 05:56:09",
        "content": "Doesn't pay. Just usual scam",
        "repliedAt": null,
        "replyContent": null,
        "reviewCreatedVersion": "1.0.2",
        "reviewId": "c4b7e78e-5e64-486d-867d-8cc8c21a96cb",
        "score": 1,
        "thumbsUpCount": 0,
        "userImage": "https://play-lh.googleusercontent.com/a/ACg8ocKkjBkpiVs7TWxN1wrzizHRLXsuzxfEwf1fCJZjBs3m=mo",
        "userName": "Mariano Loka"
    },
    {
        "appVersion": null,
        "at": "2023-09-25 00:24:56",
        "content": "Not Good",
        "repliedAt": null,
        "replyContent": null,
        "reviewCreatedVersion": null,
        "reviewId": "9f79755e-70a3-4174-84e1-98b05770cdb2",
        "score": 1,
        "thumbsUpCount": 0,
        "userImage": "https://play-lh.googleusercontent.com/a-/ALV-UjXU8ATgcyzLRaaB97SDtuXcNlK9icy5BxYM0ij9pcudosP0",
        "userName": "Subodh Kumar Jaiswal"
    },
    {
        "appVersion": "1.0.2",
        "at": "2023-09-16 18:39:49",
        "content": "all my mined coin wasn't sent to my binance till now is still on pending",
        "repliedAt": null,
        "replyContent": null,
        "reviewCreatedVersion": "1.0.2",
        "reviewId": "8bbd1ff6-6aa5-4718-ae03-4afbce9060dc",
        "score": 1,
        "thumbsUpCount": 0,
        "userImage": "https://play-lh.googleusercontent.com/a-/ALV-UjUNzKHw5i4njcQneNlLlUfA85K3F5R80CIiAQRGjzIsh3c",
        "userName": "Precious Imohiosen"
    },
    {
        "appVersion": "1.0.2",
        "at": "2023-09-14 05:16:04",
        "content": "Scm app. Does not pay. Just waste of time. Very disappointed Moanungla company is scm",
        "repliedAt": null,
        "replyContent": null,
        "reviewCreatedVersion": "1.0.2",
        "reviewId": "ff620377-c8f2-4dd9-96bd-8f073983aabe",
        "score": 1,
        "thumbsUpCount": 0,
        "userImage": "https://play-lh.googleusercontent.com/a/ACg8ocJ0wgdMOVUfK1YpuvLIzucVamZTK381iek9hiiK1coW=mo",
        "userName": "shamim rahman"
    },
    {
        "appVersion": "1.0.2",
        "at": "2023-09-13 21:30:43",
        "content": "this app is so good",
        "repliedAt": null,
        "replyContent": null,
        "reviewCreatedVersion": "1.0.2",
        "reviewId": "f3b3df39-36cb-4a0d-84ef-42b3a9f9e127",
        "score": 3,
        "thumbsUpCount": 0,
        "userImage": "https://play-lh.googleusercontent.com/a/ACg8ocLfPnofY5fpRZfw_Md51pbe4Se9Mx7YOgO-jXIiWOQ4=mo",
        "userName": "joy bassey"
    },
    {
        "appVersion": "1.0.2",
        "at": "2023-09-12 23:14:30",
        "content": "very good",
        "repliedAt": null,
        "replyContent": null,
        "reviewCreatedVersion": "1.0.2",
        "reviewId": "56aeffd7-8b84-4104-9dfd-539203e1a89d",
        "score": 5,
        "thumbsUpCount": 0,
        "userImage": "https://play-lh.googleusercontent.com/a-/ALV-UjU1H_xLnZ3zb2xFtjRkawxVwydN8uIFbV1PXMM9aUZA8o0",
        "userName": "Suleiman Mukaila Adewumi"
    },
    {
        "appVersion": "1.0.2",
        "at": "2023-09-12 14:00:44",
        "content": "Great apps with great games to play. I would highly recommend...... UPDATE They no longer respond to you and take forever to payout, use with caution",
        "repliedAt": null,
        "replyContent": null,
        "reviewCreatedVersion": "1.0.2",
        "reviewId": "40091004-1ccc-48dc-ba3e-a6fb71573c64",
        "score": 1,
        "thumbsUpCount": 2,
        "userImage": "https://play-lh.googleusercontent.com/a/ACg8ocJCnzOentfki4pDp06q1E5I7LnJm5-tUa9LeI10LDPn=mo",
        "userName": "Michael Pritchard"
    },
    {
        "appVersion": "1.0.2",
        "at": "2023-09-12 06:54:05",
        "content": "good project",
        "repliedAt": null,
        "replyContent": null,
        "reviewCreatedVersion": "1.0.2",
        "reviewId": "e9142b38-515a-45bc-b4f1-e5c5ba6d38f1",
        "score": 5,
        "thumbsUpCount": 0,
        "userImage": "https://play-lh.googleusercontent.com/a/ACg8ocJOr5s247p9Wr8TP7SiTRWkYTTZRq0JLNcOCEv8d_Vhag=mo",
        "userName": "Aliyu Ibrahim B"
    },
    {
        "appVersion": "1.0.2",
        "at": "2023-09-11 13:53:16",
        "content": "Don't payment this app",
        "repliedAt": null,
        "replyContent": null,
        "reviewCreatedVersion": "1.0.2",
        "reviewId": "84e0ad9b-483b-476f-8b34-f23b5544c28e",
        "score": 5,
        "thumbsUpCount": 0,
        "userImage": "https://play-lh.googleusercontent.com/a-/ALV-UjUhiKlk3KTjrT7ZBRY4m35r4sC_u2WMunt5kG5kPaybFq4",
        "userName": "rEYAD- Ps Graphic Design"
    },
    {
        "appVersion": "1.0.2",
        "at": "2023-09-11 13:15:02",
        "content": "I made 3 withdrawal but still under pending please what going on ?",
        "repliedAt": null,
        "replyContent": null,
        "reviewCreatedVersion": "1.0.2",
        "reviewId": "c1313a99-4738-4e32-a6ac-d6c1691f4cf8",
        "score": 2,
        "thumbsUpCount": 0,
        "userImage": "https://play-lh.googleusercontent.com/a/ACg8ocK6Rb6mrF6IpP7v6WP4zz31FiC2wUgy624B7t03vZNX=mo",
        "userName": "ALHASSAN HASSAN ADAMU"
    },
    {
        "appVersion": "1.0.2",
        "at": "2023-09-11 12:48:00",
        "content": "this app is very good and I am looking forward to it",
        "repliedAt": null,
        "replyContent": null,
        "reviewCreatedVersion": "1.0.2",
        "reviewId": "8bcc3a2d-159d-4264-8e1b-1c2077551673",
        "score": 5,
        "thumbsUpCount": 0,
        "userImage": "https://play-lh.googleusercontent.com/a-/ALV-UjUtEd0lpSwIbiIK8lepqg8twSuMcAaNIoxPNBgNFE9On-Q",
        "userName": "Godspower Obakpolor"
    },
    {
        "appVersion": "1.0.2",
        "at": "2023-09-11 08:42:05",
        "content": "Nice app",
        "repliedAt": null,
        "replyContent": null,
        "reviewCreatedVersion": "1.0.2",
        "reviewId": "6a27d575-140c-4230-8454-c8451460e2bb",
        "score": 5,
        "thumbsUpCount": 0,
        "userImage": "https://play-lh.googleusercontent.com/a-/ALV-UjXdy8rkzKm46KM7DwnjK1utO6_HOMPI5D4wGGbNE_D01A",
        "userName": "Mubarak A jalingo"
    },
    {
        "appVersion": null,
        "at": "2023-09-10 17:18:28",
        "content": "Approved \ud83d\udc4d\ud83d\udc4d\ud83d\udc4d\ud83d\udc4d\ud83d\udc4d\ud83d\udc4d\ud83d\udc4d",
        "repliedAt": null,
        "replyContent": null,
        "reviewCreatedVersion": null,
        "reviewId": "8654b83f-b8d3-4818-8ba1-f3880b83dbdc",
        "score": 5,
        "thumbsUpCount": 0,
        "userImage": "https://play-lh.googleusercontent.com/a/ACg8ocJx5HtRQnmVDLrrlFtDdZ1ggwQMMW-pBTtByMwse0wR=mo",
        "userName": "Yani Ardiyanto"
    },
    {
        "appVersion": "1.0.2",
        "at": "2023-09-10 16:10:27",
        "content": "Time wasting and it's bait to lure crypto enthusists to down load the app just to be met with soo many annoying ads and the worst part is ,,,it's withdrawal time frame is a lie \ud83d\udcaf\ud83d\uddd1\ufe0fthey don't pay nothing..",
        "repliedAt": null,
        "replyContent": null,
        "reviewCreatedVersion": "1.0.2",
        "reviewId": "345b083f-7b72-413c-a8fd-eff7bb925ff5",
        "score": 1,
        "thumbsUpCount": 3,
        "userImage": "https://play-lh.googleusercontent.com/a/ACg8ocL1X3kGCSICeZlrlxQPMikAcpxstIt5cVFr0MGkgGA9=mo",
        "userName": "Neuville Graham"
    },
    {
        "appVersion": "1.0.2",
        "at": "2023-09-10 12:30:08",
        "content": "NOT PAID !! My PAYMENT only PENDING ... \ud83e\udd2c Time west \ud83e\udd22\ud83e\udd2c",
        "repliedAt": null,
        "replyContent": null,
        "reviewCreatedVersion": "1.0.2",
        "reviewId": "55ac1505-5370-4049-bc5a-dc024acba35e",
        "score": 1,
        "thumbsUpCount": 0,
        "userImage": "https://play-lh.googleusercontent.com/a-/ALV-UjWi0-ock_Gull3kkcoq7fDDNabyc_61Iheglm63f18xXtI",
        "userName": "Dilshan Dabarera"
    },
    {
        "appVersion": "1.0.2",
        "at": "2023-09-10 00:12:35",
        "content": "nice work",
        "repliedAt": null,
        "replyContent": null,
        "reviewCreatedVersion": "1.0.2",
        "reviewId": "5023c415-ea2c-4ffb-bd1b-510b08be41ef",
        "score": 5,
        "thumbsUpCount": 0,
        "userImage": "https://play-lh.googleusercontent.com/a/ACg8ocJN-fVGYUdVQSuvJdezQFzoC3Jhprp32jz1d5SJ2UeM=mo",
        "userName": "Zeshan Mehboob"
    },
    {
        "appVersion": "1.0.2",
        "at": "2023-09-09 18:41:09",
        "content": "nice",
        "repliedAt": null,
        "replyContent": null,
        "reviewCreatedVersion": "1.0.2",
        "reviewId": "d9685534-715a-457b-af27-c9481cca34e7",
        "score": 1,
        "thumbsUpCount": 0,
        "userImage": "https://play-lh.googleusercontent.com/a/ACg8ocKkHmXdoEICfff8FBKqpoMCUxY5dt_Q5c3AZMQawo7w=mo",
        "userName": "Waqar Rafi"
    },
    {
        "appVersion": "1.0.2",
        "at": "2023-09-08 22:05:51",
        "content": "all my withdraw still pending i change to 5 star once irecieved my withdraw",
        "repliedAt": null,
        "replyContent": null,
        "reviewCreatedVersion": "1.0.2",
        "reviewId": "b7c4a69a-269b-4778-bd5e-f45e7d4af092",
        "score": 2,
        "thumbsUpCount": 0,
        "userImage": "https://play-lh.googleusercontent.com/a/ACg8ocKwTLzAX3qgJljXNirkgO7G1O9dLLTPErrghw9L9Hzy=mo",
        "userName": "Johnver Luvindino"
    },
    {
        "appVersion": "1.0.2",
        "at": "2023-09-08 17:14:43",
        "content": "Appreciate for the work . But lot's of the ads make anger . And also low amount of BNB is like a joke in this economical situation .",
        "repliedAt": null,
        "replyContent": null,
        "reviewCreatedVersion": "1.0.2",
        "reviewId": "db0cbad0-60d2-4848-aa04-77753f6c9b7f",
        "score": 3,
        "thumbsUpCount": 0,
        "userImage": "https://play-lh.googleusercontent.com/a-/ALV-UjVpaTcnTfhu3PQoRx0Tu1RJRvntCLKEyAYliRcFEGW0wj8",
        "userName": "Faisal Amin"
    },
    {
        "appVersion": "1.0.2",
        "at": "2023-09-08 13:48:56",
        "content": "Wonderful Project \ud83d\udc4f\ud83d\udc4c\ud83d\udc4c\ud83d\udc4c",
        "repliedAt": null,
        "replyContent": null,
        "reviewCreatedVersion": "1.0.2",
        "reviewId": "afc03c43-32ce-4e0e-90bb-5fb90f6cd34d",
        "score": 5,
        "thumbsUpCount": 0,
        "userImage": "https://play-lh.googleusercontent.com/a/ACg8ocJvYjAglQeJpmJB8mqPZcOnShsLS084uLK1L7cVaX4F=mo",
        "userName": "Balaji Ingle"
    },
    {
        "appVersion": "1.0.2",
        "at": "2023-09-08 11:26:44",
        "content": "Didnt received my withdrawal",
        "repliedAt": null,
        "replyContent": null,
        "reviewCreatedVersion": "1.0.2",
        "reviewId": "68cbf037-1429-4da0-9219-794f8b82fca1",
        "score": 1,
        "thumbsUpCount": 0,
        "userImage": "https://play-lh.googleusercontent.com/a-/ALV-UjW9Kaf0JfUXuELLhtjqcWYiRsHtmqbIIIlcMAGUkpPt0gU",
        "userName": "Dennis Pamplona"
    },
    {
        "appVersion": "1.0.2",
        "at": "2023-09-08 01:01:51",
        "content": "App not paying my withdrawl still pending",
        "repliedAt": null,
        "replyContent": null,
        "reviewCreatedVersion": "1.0.2",
        "reviewId": "2f66d7f4-3c15-42f0-9739-cbfcdb0e5801",
        "score": 1,
        "thumbsUpCount": 1,
        "userImage": "https://play-lh.googleusercontent.com/a-/ALV-UjV3XB5vKsXtS3BZ7M70XWutw2_BfygX7Ry7w7taIdQ-uQ",
        "userName": "Lionel Letang"
    },
    {
        "appVersion": "1.0.2",
        "at": "2023-09-07 23:24:37",
        "content": "nice",
        "repliedAt": null,
        "replyContent": null,
        "reviewCreatedVersion": "1.0.2",
        "reviewId": "5f8975df-2d2f-4a7d-9d1e-919e7c34e49b",
        "score": 5,
        "thumbsUpCount": 0,
        "userImage": "https://play-lh.googleusercontent.com/a/ACg8ocLeWuB0h1KgGkoz-5jh1z-3AyhgPPhUGfH8cU5qRSNx=mo",
        "userName": "Uzzal Tudu"
    },
    {
        "appVersion": "1.0.2",
        "at": "2023-09-07 15:21:53",
        "content": "nice app to mine with",
        "repliedAt": null,
        "replyContent": null,
        "reviewCreatedVersion": "1.0.2",
        "reviewId": "486e8895-9427-44cb-b28b-2cc2f79c4991",
        "score": 5,
        "thumbsUpCount": 0,
        "userImage": "https://play-lh.googleusercontent.com/a/ACg8ocLe-vxnBMT09YU5eGmLVcD-XiPKyywxRBnCGJN6Sanv=mo",
        "userName": "Arji Chinwendu"
    },
    {
        "appVersion": "1.0.2",
        "at": "2023-09-07 12:14:42",
        "content": "Pls give me my payment",
        "repliedAt": null,
        "replyContent": null,
        "reviewCreatedVersion": "1.0.2",
        "reviewId": "93ae8339-06df-4dba-bc9d-aed1ca03fe5c",
        "score": 5,
        "thumbsUpCount": 0,
        "userImage": "https://play-lh.googleusercontent.com/a/ACg8ocIuVbAE_RYsXYiD-hoiSru5hPI56m5lfSNr6WQqQ0W5=mo",
        "userName": "Ammu Kutty"
    },
    {
        "appVersion": "1.0.2",
        "at": "2023-09-07 11:27:23",
        "content": "This app is not work",
        "repliedAt": null,
        "replyContent": null,
        "reviewCreatedVersion": "1.0.2",
        "reviewId": "3a3b9709-bbda-45f1-97f8-478c325c6876",
        "score": 2,
        "thumbsUpCount": 0,
        "userImage": "https://play-lh.googleusercontent.com/a-/ALV-UjUnlAfFnQt9wuz47vPJQf8TJ6ae1m8yTr_ml8f8Ij54UA",
        "userName": "Umar Techn"
    },
    {
        "appVersion": "1.0.2",
        "at": "2023-09-07 10:58:49",
        "content": "I really love the game",
        "repliedAt": null,
        "replyContent": null,
        "reviewCreatedVersion": "1.0.2",
        "reviewId": "6c43e307-8226-42a6-adaf-d1a6bfc60905",
        "score": 5,
        "thumbsUpCount": 0,
        "userImage": "https://play-lh.googleusercontent.com/a-/ALV-UjVSR3fNSaIRk2l6co-cuAsGxnGqm8opCsgM7vddQJx8uw",
        "userName": "Ernest Henry"
    },
    {
        "appVersion": "1.0.2",
        "at": "2023-09-07 08:28:09",
        "content": "Very good very nice \ud83d\udcaf original aap",
        "repliedAt": null,
        "replyContent": null,
        "reviewCreatedVersion": "1.0.2",
        "reviewId": "8e851395-b9cc-4f9a-bf3d-4d8a9c291e4d",
        "score": 5,
        "thumbsUpCount": 0,
        "userImage": "https://play-lh.googleusercontent.com/a-/ALV-UjW8UxstCBk7VolzCwnjS_aez9GEpYEnpJT2nbkwb1U8YvE",
        "userName": "MOIN CHISHTI"
    },
    {
        "appVersion": "1.0.2",
        "at": "2023-09-07 03:21:17",
        "content": "very good",
        "repliedAt": null,
        "replyContent": null,
        "reviewCreatedVersion": "1.0.2",
        "reviewId": "554d7a2b-9808-4685-95f3-33bee93486a6",
        "score": 3,
        "thumbsUpCount": 0,
        "userImage": "https://play-lh.googleusercontent.com/a/ACg8ocJU-jBYBofJYHMuGslmCiEoC9bxsrP2-PHTXVkTmQUa=mo",
        "userName": "olubiyi praise"
    },
    {
        "appVersion": "1.0.2",
        "at": "2023-09-07 03:05:50",
        "content": "pending parin payment ko",
        "repliedAt": null,
        "replyContent": null,
        "reviewCreatedVersion": "1.0.2",
        "reviewId": "344c529c-57e5-4db9-8591-c7d425d7b30d",
        "score": 5,
        "thumbsUpCount": 0,
        "userImage": "https://play-lh.googleusercontent.com/a-/ALV-UjWdM0_dwGKBpe0JaxWw3jWhzSFzeYZOaELsg3bsFPOP1A",
        "userName": "Merry Mae Caadan"
    },
    {
        "appVersion": "1.0.2",
        "at": "2023-09-06 17:43:09",
        "content": "good app\ud83d\udc4d\ud83d\udc4d\ud83d\udc4d",
        "repliedAt": null,
        "replyContent": null,
        "reviewCreatedVersion": "1.0.2",
        "reviewId": "eda3bd87-4e43-4724-8906-44a92b64e8a1",
        "score": 5,
        "thumbsUpCount": 0,
        "userImage": "https://play-lh.googleusercontent.com/a/ACg8ocKsCcL-XeE8L4rT8JAuc1PIBbLvxfISxIEnYJG_ul6A=mo",
        "userName": "Mark Donald"
    },
    {
        "appVersion": "1.0.2",
        "at": "2023-09-06 15:06:33",
        "content": "It's a good earning apps easy to use and smooth transaction \ud83d\ude42\ud83d\ude42",
        "repliedAt": null,
        "replyContent": null,
        "reviewCreatedVersion": "1.0.2",
        "reviewId": "53893e1a-aaa9-41a4-b6ad-c44f06e6d010",
        "score": 5,
        "thumbsUpCount": 0,
        "userImage": "https://play-lh.googleusercontent.com/a-/ALV-UjV9q7zPXtHZUpqSAV_lehYkqHyVvoOOX9A5PclsbkES0w",
        "userName": "allan lindero"
    },
    {
        "appVersion": "1.0.2",
        "at": "2023-09-06 14:14:01",
        "content": "Wow, this great app and simple, with a lot of benefit?I hope is real. Thank you. To the developer of this wonderful app",
        "repliedAt": null,
        "replyContent": null,
        "reviewCreatedVersion": "1.0.2",
        "reviewId": "92c5496d-a09c-484b-bcdb-88b7ea3b5eca",
        "score": 5,
        "thumbsUpCount": 0,
        "userImage": "https://play-lh.googleusercontent.com/a-/ALV-UjWG7pgSwvglpqx9taPlm9csR_PbAzoFWexsNoyKJpvrBQ8",
        "userName": "Ademola Oluwanifremi"
    },
    {
        "appVersion": null,
        "at": "2023-09-06 07:14:16",
        "content": "\ud83d\udc4eSCAAAAAM \u274c\ud83d\udc4e... He only pays small satoshi number, but if the satoshi numbers are large, he does not pay them\ud83d\udc4e SCAAAAM\ud83d\udc4e",
        "repliedAt": null,
        "replyContent": null,
        "reviewCreatedVersion": null,
        "reviewId": "22caed69-9a24-4cf1-8ea6-8963fff16e1e",
        "score": 1,
        "thumbsUpCount": 0,
        "userImage": "https://play-lh.googleusercontent.com/a-/ALV-UjUVNRUZ7rOeXDeY2zV1je4wUcYvcI5P8sh6UZA98xmZm00",
        "userName": "Ahmed Mido"
    },
    {
        "appVersion": "1.0.2",
        "at": "2023-09-05 12:18:12",
        "content": "It works and really pays but it take forever",
        "repliedAt": null,
        "replyContent": null,
        "reviewCreatedVersion": "1.0.2",
        "reviewId": "fd03ca38-21fb-4ddc-a947-014d1667737b",
        "score": 4,
        "thumbsUpCount": 0,
        "userImage": "https://play-lh.googleusercontent.com/a-/ALV-UjXb43xxXkCVWFKv8o9XIe6OynqFmgRU9VCZPZGbZVyrQ1k",
        "userName": "LifeTips Smilley"
    },
    {
        "appVersion": "1.0.2",
        "at": "2023-09-05 07:44:20",
        "content": "Nice",
        "repliedAt": null,
        "replyContent": null,
        "reviewCreatedVersion": "1.0.2",
        "reviewId": "63956926-8915-4cf3-85ca-e96a680497dd",
        "score": 5,
        "thumbsUpCount": 0,
        "userImage": "https://play-lh.googleusercontent.com/a-/ALV-UjUCamv2m4V6gB3WZSXyz_Z6FZjjYp19quYyMBXRcIuipQ",
        "userName": "Zakir Bappy"
    },
    {
        "appVersion": "1.0.2",
        "at": "2023-09-05 04:06:18",
        "content": "Didn't get paid. Last order is pending yet",
        "repliedAt": null,
        "replyContent": null,
        "reviewCreatedVersion": "1.0.2",
        "reviewId": "f836d77c-6039-4f6f-9d57-ee6ab59640ee",
        "score": 1,
        "thumbsUpCount": 0,
        "userImage": "https://play-lh.googleusercontent.com/a-/ALV-UjW8eFJDqQwvWvSbF8IKIMUF-weuT3nQIOq1lzAL1Ln8SOg",
        "userName": "ishratjahan proma"
    },
    {
        "appVersion": "1.0.2",
        "at": "2023-09-04 17:39:15",
        "content": "I recommend this app for every user and it is easy to use. But please why is the delay in the deposit of BNB please admin look in to that. I urge every one to use it",
        "repliedAt": null,
        "replyContent": null,
        "reviewCreatedVersion": "1.0.2",
        "reviewId": "4af74587-060d-4534-8dd1-a40fa8752f95",
        "score": 5,
        "thumbsUpCount": 1,
        "userImage": "https://play-lh.googleusercontent.com/a/ACg8ocKN6tbuZEHNDsXMyDp-Q3lmRk33aimNq8Re6Jbe2V_M=mo",
        "userName": "kator Richard"
    },
    {
        "appVersion": "1.0.2",
        "at": "2023-09-04 17:03:38",
        "content": "Approved \ud83d\udc4d\ud83d\udc4d\ud83d\udc4d\ud83d\udc4d\ud83d\udc4d\ud83d\udc4d",
        "repliedAt": null,
        "replyContent": null,
        "reviewCreatedVersion": "1.0.2",
        "reviewId": "34c4c7c2-95dd-4c9e-a16b-5343d5ee6ee5",
        "score": 5,
        "thumbsUpCount": 0,
        "userImage": "https://play-lh.googleusercontent.com/a-/ALV-UjXAOOtrD3-MC1O3CJebaAk5BDwKTJ_Ty2ZGjKUl4ma2uAY",
        "userName": "Yani Ardiyanto (Ya)"
    },
    {
        "appVersion": "1.0.2",
        "at": "2023-09-04 13:19:42",
        "content": "fun to play,easy to widraw with no charges",
        "repliedAt": null,
        "replyContent": null,
        "reviewCreatedVersion": "1.0.2",
        "reviewId": "c7e7cac5-7626-46ac-9009-8e1b9b45b2bb",
        "score": 5,
        "thumbsUpCount": 0,
        "userImage": "https://play-lh.googleusercontent.com/a/ACg8ocLGYKltDv0zV75tGxnR2xE52_eKpaReFYi6uIcaKIi_=mo",
        "userName": "Zaynab Danmole"
    },
    {
        "appVersion": "1.0.2",
        "at": "2023-09-04 12:14:31",
        "content": "Good project",
        "repliedAt": null,
        "replyContent": null,
        "reviewCreatedVersion": "1.0.2",
        "reviewId": "1dce1c64-6bec-48a4-a98f-53e6dcba2d13",
        "score": 5,
        "thumbsUpCount": 0,
        "userImage": "https://play-lh.googleusercontent.com/a-/ALV-UjVnylzDc_V69lnRBzoH7Ota-7Aq5el1ntjKwn2hfgxwmuA",
        "userName": "Rajput Fitness center CRPF FORCE"
    },
    {
        "appVersion": "1.0.2",
        "at": "2023-09-04 07:06:37",
        "content": "It's very good app download now guys don't miss it",
        "repliedAt": null,
        "replyContent": null,
        "reviewCreatedVersion": "1.0.2",
        "reviewId": "80a7c6a2-19b3-4d45-a6de-9f6fcd87c32a",
        "score": 5,
        "thumbsUpCount": 1,
        "userImage": "https://play-lh.googleusercontent.com/a/ACg8ocJHhHS-MzK0vhlIusWjng0woR-TbeR06nvgxErSW0Tz=mo",
        "userName": "Mushahid Hussain Nashir"
    },
    {
        "appVersion": "1.0.2",
        "at": "2023-09-03 16:25:14",
        "content": "Excellent",
        "repliedAt": null,
        "replyContent": null,
        "reviewCreatedVersion": "1.0.2",
        "reviewId": "138ffcc8-ebd9-425a-a033-c81af8ee7698",
        "score": 5,
        "thumbsUpCount": 0,
        "userImage": "https://play-lh.googleusercontent.com/a/ACg8ocLdiPLBq_fWwMenTvilerlURFqxrlmtOq8JW0jJN8Zz=mo",
        "userName": "Kwa Marcel"
    },
    {
        "appVersion": "1.0.2",
        "at": "2023-09-03 14:31:34",
        "content": "good application",
        "repliedAt": null,
        "replyContent": null,
        "reviewCreatedVersion": "1.0.2",
        "reviewId": "5c512292-9d8e-455c-9370-d6ea2b1f71d9",
        "score": 5,
        "thumbsUpCount": 0,
        "userImage": "https://play-lh.googleusercontent.com/a-/ALV-UjVcxvKOV82Eub3HayuIT6fMOv4dowWbtM7CPOcEx_Ze6hE",
        "userName": "Ahmed Ben Aoun"
    },
    {
        "appVersion": "1.0.2",
        "at": "2023-09-02 15:20:15",
        "content": "realy earn money",
        "repliedAt": null,
        "replyContent": null,
        "reviewCreatedVersion": "1.0.2",
        "reviewId": "50bdc03b-f4b6-462d-af2b-c8f93c7abaa5",
        "score": 5,
        "thumbsUpCount": 0,
        "userImage": "https://play-lh.googleusercontent.com/a/ACg8ocK3liydSDXvk5_TaIrHpgFRq_4WRm_lmaREb1BfQV4A=mo",
        "userName": "Wai Yan"
    },
    {
        "appVersion": "1.0.2",
        "at": "2023-09-01 21:40:41",
        "content": "Nice",
        "repliedAt": null,
        "replyContent": null,
        "reviewCreatedVersion": "1.0.2",
        "reviewId": "bb305b1e-f2af-4426-8d35-0654c7b1cfad",
        "score": 5,
        "thumbsUpCount": 0,
        "userImage": "https://play-lh.googleusercontent.com/a/ACg8ocKq0L6fO5SZqEjDfw49stco1T4P17dNSdeA6GrDRdD4=mo",
        "userName": "Zon Lay"
    },
    {
        "appVersion": "1.0.2",
        "at": "2023-08-31 13:14:36",
        "content": "Good",
        "repliedAt": null,
        "replyContent": null,
        "reviewCreatedVersion": "1.0.2",
        "reviewId": "0b3e7035-2d0b-4842-9de8-d2ff7ea2fe32",
        "score": 5,
        "thumbsUpCount": 0,
        "userImage": "https://play-lh.googleusercontent.com/a/ACg8ocIiS0nN8ZXPZHVnhRvRoRPFyzcgSXHqrXQ7TncbBaO3=mo",
        "userName": "Fig Fig"
    },
    {
        "appVersion": "1.0.1",
        "at": "2023-08-30 10:04:59",
        "content": "Nice app",
        "repliedAt": null,
        "replyContent": null,
        "reviewCreatedVersion": "1.0.1",
        "reviewId": "2ba81c57-f98c-4e14-a11c-7c2337a26577",
        "score": 2,
        "thumbsUpCount": 0,
        "userImage": "https://play-lh.googleusercontent.com/a-/ALV-UjWRGew0ZMnd_7aycqqC3C36AiicsUtPFq5P9T7B0YAEKA",
        "userName": "Druk Gyel"
    },
    {
        "appVersion": "1.0.1",
        "at": "2023-08-26 08:25:00",
        "content": "show the ads every click and get rewards time loading and nothing pay.",
        "repliedAt": null,
        "replyContent": null,
        "reviewCreatedVersion": "1.0.1",
        "reviewId": "88872e60-b28b-48bf-a536-09f37fe9906a",
        "score": 1,
        "thumbsUpCount": 1,
        "userImage": "https://play-lh.googleusercontent.com/a-/ALV-UjVc5mw6Ly5POdEql-rvK3ZWAZ7wkanmWddtJdY_-vjRUU4",
        "userName": "ANL Entertainment"
    },
    {
        "appVersion": "1.0.1",
        "at": "2023-08-22 07:29:17",
        "content": "Super legit apps so far...next btc app too",
        "repliedAt": null,
        "replyContent": null,
        "reviewCreatedVersion": "1.0.1",
        "reviewId": "7383d560-fce7-4f11-85dc-3044f6595a21",
        "score": 5,
        "thumbsUpCount": 0,
        "userImage": "https://play-lh.googleusercontent.com/a/ACg8ocLVPsmdZ_X1y3BjWbYa5S04Q59cF6axsR1oaKqR9c1U=mo",
        "userName": "Paan Babu"
    },
    {
        "appVersion": "1.0.1",
        "at": "2023-08-22 04:16:48",
        "content": "This app is awesome My binance gift card received instantly 100 legit and pays I used many faucet app But this app is number one",
        "repliedAt": null,
        "replyContent": null,
        "reviewCreatedVersion": "1.0.1",
        "reviewId": "9d6c927a-4b44-42f8-8b2e-0aa4442e840c",
        "score": 5,
        "thumbsUpCount": 1,
        "userImage": "https://play-lh.googleusercontent.com/a/ACg8ocJhYTPtRn5owZZ3TToyHrrXmOzhmWeY9TgLKpdKkUV1=mo",
        "userName": "Hari Hari"
    },
    {
        "appVersion": "1.0.1",
        "at": "2023-08-21 06:55:18",
        "content": "instant payment. Awesome. thank you.",
        "repliedAt": null,
        "replyContent": null,
        "reviewCreatedVersion": "1.0.1",
        "reviewId": "7ebf44f4-47ff-4e9a-97ce-2d95c1f9f6f6",
        "score": 5,
        "thumbsUpCount": 0,
        "userImage": "https://play-lh.googleusercontent.com/a/ACg8ocI09lyHiXuxPoRmjOrHMNnQNIsvD9wRBEPrhbRrzbhF=mo",
        "userName": "Chantal Boshoff"
    },
    {
        "appVersion": null,
        "at": "2023-08-19 13:33:21",
        "content": "100 percentage legit app but many minor bugs pls fix it",
        "repliedAt": null,
        "replyContent": null,
        "reviewCreatedVersion": null,
        "reviewId": "802beb5f-67da-4bc6-b33a-dda3654477cd",
        "score": 5,
        "thumbsUpCount": 0,
        "userImage": "https://play-lh.googleusercontent.com/a/ACg8ocIquUb0V-RiKFHNb8RAUwlo6_IgaaHzqLEoMMDYVaE9=mo",
        "userName": "Hari Haran"
    }
]