[
    {
        "appVersion": "1.0.0",
        "at": "2023-04-28 17:43:42",
        "content": "Helpful",
        "repliedAt": null,
        "replyContent": null,
        "reviewCreatedVersion": "1.0.0",
        "reviewId": "801d84df-dfdf-4ec5-a08d-4d1b13b655fe",
        "score": 5,
        "thumbsUpCount": 0,
        "userImage": "https://play-lh.googleusercontent.com/a/ACg8ocK_Kenitz6JU9_WUJg8kiuih49jk0OBCyC-pAFJz-Jj=mo",
        "userName": "Edwin Kirkland"
    },
    {
        "appVersion": "1.1",
        "at": "2023-02-06 02:22:22",
        "content": "Excellent content for free",
        "repliedAt": null,
        "replyContent": null,
        "reviewCreatedVersion": "1.1",
        "reviewId": "eaedea98-727c-4962-8d07-8fbc0a7bde3b",
        "score": 5,
        "thumbsUpCount": 2,
        "userImage": "https://play-lh.googleusercontent.com/a-/ALV-UjXMRjbUlixRriS6Vj-dKGA9G1bsjB5s6ihqfVr8mUpyUPU",
        "userName": "mchl schstr"
    },
    {
        "appVersion": "1.1",
        "at": "2022-09-29 02:57:27",
        "content": "yes ok",
        "repliedAt": null,
        "replyContent": null,
        "reviewCreatedVersion": "1.1",
        "reviewId": "17b8aa16-86f5-4f31-825d-3a3d9d9f1469",
        "score": 5,
        "thumbsUpCount": 0,
        "userImage": "https://play-lh.googleusercontent.com/a/ACg8ocKtaYa5PLrpf7-_FCr8QQu_pp7cWOE_YbPc7u7G8whT=mo",
        "userName": "win mya thaw"
    },
    {
        "appVersion": "1.1",
        "at": "2022-04-16 13:49:21",
        "content": "It is very good .",
        "repliedAt": null,
        "replyContent": null,
        "reviewCreatedVersion": "1.1",
        "reviewId": "e6955deb-7b02-4d5b-ae66-be07f09adfb1",
        "score": 5,
        "thumbsUpCount": 1,
        "userImage": "https://play-lh.googleusercontent.com/a-/ALV-UjUh5v2k4eBiFD7UCrGANDg08x2BZMJ_9HIv1fNuwJsONCE",
        "userName": "Eugene Dillon"
    },
    {
        "appVersion": "1.1",
        "at": "2022-01-30 00:51:28",
        "content": "Educational and simple",
        "repliedAt": null,
        "replyContent": null,
        "reviewCreatedVersion": "1.1",
        "reviewId": "d0d161b7-de3c-4293-b2c4-9b656fef9f31",
        "score": 5,
        "thumbsUpCount": 2,
        "userImage": "https://play-lh.googleusercontent.com/a/ACg8ocK1wcLxWlA3P4-EBscLKDWo4QNo2BXB2SRirzecb13H=mo",
        "userName": "Riyaad Kriel"
    },
    {
        "appVersion": "1.1",
        "at": "2021-09-14 07:38:15",
        "content": "Mind blowing app for technician learning",
        "repliedAt": null,
        "replyContent": null,
        "reviewCreatedVersion": "1.1",
        "reviewId": "688312f1-6b29-4718-8013-8a0b73818f41",
        "score": 5,
        "thumbsUpCount": 3,
        "userImage": "https://play-lh.googleusercontent.com/a/ACg8ocIhqn9f5n3UXM8PTXCnHIY1rg2krIzt60_qr2JMEav7=mo",
        "userName": "Brijesh Shukla"
    },
    {
        "appVersion": "1.1",
        "at": "2021-02-13 02:53:15",
        "content": "Super",
        "repliedAt": null,
        "replyContent": null,
        "reviewCreatedVersion": "1.1",
        "reviewId": "c6d6ebef-6c5c-46c2-a0b4-6d44c8f4a09a",
        "score": 5,
        "thumbsUpCount": 2,
        "userImage": "https://play-lh.googleusercontent.com/a-/ALV-UjVmhNyH0UvKGQbj21JiXdac3w6urorNAsYtRyxPXYW4gw",
        "userName": "M.kannan Mohan"
    },
    {
        "appVersion": "1.1",
        "at": "2020-12-07 11:29:03",
        "content": "GOOD",
        "repliedAt": null,
        "replyContent": null,
        "reviewCreatedVersion": "1.1",
        "reviewId": "34de23b9-1f6e-46b3-b078-b41c26ec9ac2",
        "score": 5,
        "thumbsUpCount": 0,
        "userImage": "https://play-lh.googleusercontent.com/a/ACg8ocKrp1zbHtbUe4qi1cwohbQCNQ2vt_0sewHzf0_YWjXd=mo",
        "userName": "thurein tin"
    },
    {
        "appVersion": "1.1",
        "at": "2020-08-11 04:21:26",
        "content": "Khara Ajay",
        "repliedAt": null,
        "replyContent": null,
        "reviewCreatedVersion": "1.1",
        "reviewId": "6ae316c6-e175-497e-b2b0-7dde3cef6b31",
        "score": 5,
        "thumbsUpCount": 2,
        "userImage": "https://play-lh.googleusercontent.com/a/ACg8ocJU6zzYCJHL89ZKnrJKEtgNq_QxugApSUrrqjW0MMo6=mo",
        "userName": "Aj Khara"
    },
    {
        "appVersion": "1.1",
        "at": "2020-01-02 13:59:09",
        "content": "super",
        "repliedAt": null,
        "replyContent": null,
        "reviewCreatedVersion": "1.1",
        "reviewId": "32dc506d-783a-47b2-94ff-4b403fe5daf6",
        "score": 2,
        "thumbsUpCount": 0,
        "userImage": "https://play-lh.googleusercontent.com/EGemoI2NTXmTsBVtJqk8jxF9rh8ApRWfsIMQSt2uE4OcpQqbFu7f7NbTK05lx80nuSijCz7sc3a277R67g",
        "userName": "A Google user"
    },
    {
        "appVersion": "1.1",
        "at": "2019-10-25 12:11:37",
        "content": "Bad app",
        "repliedAt": null,
        "replyContent": null,
        "reviewCreatedVersion": "1.1",
        "reviewId": "08e8ecde-4e8b-4df7-b0ed-f0191e6cd8fa",
        "score": 2,
        "thumbsUpCount": 0,
        "userImage": "https://play-lh.googleusercontent.com/EGemoI2NTXmTsBVtJqk8jxF9rh8ApRWfsIMQSt2uE4OcpQqbFu7f7NbTK05lx80nuSijCz7sc3a277R67g",
        "userName": "A Google user"
    },
    {
        "appVersion": "1.1",
        "at": "2019-01-09 03:18:19",
        "content": "good",
        "repliedAt": null,
        "replyContent": null,
        "reviewCreatedVersion": "1.1",
        "reviewId": "35271f37-85fe-4506-a311-d142e1c94a92",
        "score": 5,
        "thumbsUpCount": 3,
        "userImage": "https://play-lh.googleusercontent.com/EGemoI2NTXmTsBVtJqk8jxF9rh8ApRWfsIMQSt2uE4OcpQqbFu7f7NbTK05lx80nuSijCz7sc3a277R67g",
        "userName": "A Google user"
    }
]