[
    {
        "appVersion": null,
        "at": "2023-11-20 12:33:30",
        "content": "Bit guroo app is very useful app \ud83c\udf3b\ud83c\udf3b",
        "repliedAt": null,
        "replyContent": null,
        "reviewCreatedVersion": null,
        "reviewId": "b2bd24a8-7e8e-4bb1-89a1-4d136c2097bd",
        "score": 5,
        "thumbsUpCount": 0,
        "userImage": "https://play-lh.googleusercontent.com/a/ACg8ocIbXzmEasYgzBocQmYFgDvxOKJ_e4t1UaL0vXxKqayY=mo",
        "userName": "joli Joijeen"
    },
    {
        "appVersion": null,
        "at": "2023-11-20 09:31:33",
        "content": "BitGuroo -Cloud Mining (USDT) really a awesome cloud mining app very user friendly outstanding features \ud83d\udc4d\ud83d\udc4d",
        "repliedAt": null,
        "replyContent": null,
        "reviewCreatedVersion": null,
        "reviewId": "58580dde-4c3c-4b8d-8e63-7446a84ea8f3",
        "score": 5,
        "thumbsUpCount": 0,
        "userImage": "https://play-lh.googleusercontent.com/a/ACg8ocIzHubZQbBQQ888QM0SmpTnCn5bUOoLVpFQPAl7g3QK=mo",
        "userName": "Sarim Mk78"
    },
    {
        "appVersion": null,
        "at": "2023-11-19 17:01:39",
        "content": "BitGuroo Cloud mining is, popular platform for mining USDT hashrate and daily bonous. Use this app and mine digital crunccy\ud83d\ude0e",
        "repliedAt": null,
        "replyContent": null,
        "reviewCreatedVersion": null,
        "reviewId": "563198ec-20ad-475d-98c9-237ca5a30d1d",
        "score": 5,
        "thumbsUpCount": 0,
        "userImage": "https://play-lh.googleusercontent.com/a/ACg8ocIhTaq2zRJr2y-YYvaO_TNWs4_HKzMUn2icCYgkocLS=mo",
        "userName": "Zaini P.s"
    },
    {
        "appVersion": null,
        "at": "2023-11-19 12:06:46",
        "content": "Great application \ud83c\udf3b\ud83c\udf3b",
        "repliedAt": null,
        "replyContent": null,
        "reviewCreatedVersion": null,
        "reviewId": "7086363b-4e89-4ddf-abb1-378eabde0b82",
        "score": 5,
        "thumbsUpCount": 0,
        "userImage": "https://play-lh.googleusercontent.com/a/ACg8ocImjv968yUoaPFAB1Ko7dv8bfJa8Vz-_OtqO4o6RA7LPw=mo",
        "userName": "Adee 294h"
    },
    {
        "appVersion": null,
        "at": "2023-11-19 10:50:24",
        "content": "BitGuroo cloud mine usdt is great application fantastic easy to use i recommend to my all friends \ud83d\ude0e",
        "repliedAt": null,
        "replyContent": null,
        "reviewCreatedVersion": null,
        "reviewId": "b4aa1b52-68f7-4ffb-a0f5-7c245a431a70",
        "score": 5,
        "thumbsUpCount": 0,
        "userImage": "https://play-lh.googleusercontent.com/a/ACg8ocLFLR8uC7VyEjRR70zLZCJaF9oybhX9ILdMVcbInZqR=mo",
        "userName": "Jaleel Jalil"
    },
    {
        "appVersion": null,
        "at": "2023-11-19 06:07:08",
        "content": "Bit Guroo - Cloud Mining (USTD)brilliant and smoothly app\ud83d\ude0e",
        "repliedAt": null,
        "replyContent": null,
        "reviewCreatedVersion": null,
        "reviewId": "cce10a78-ff44-4ff2-98e2-631d00be6a85",
        "score": 5,
        "thumbsUpCount": 0,
        "userImage": "https://play-lh.googleusercontent.com/a/ACg8ocI-5NLnUexw6xIy4pjQgip-jeKXOY6ls0tMJswLepq3=mo",
        "userName": "Shahid Irshad"
    },
    {
        "appVersion": null,
        "at": "2023-11-19 01:41:32",
        "content": "BotGuroo Cloud mini (USTD) app.is excellent app outstanding work ..... brilliant design......and most smother app..\ud83d\ude0e",
        "repliedAt": null,
        "replyContent": null,
        "reviewCreatedVersion": null,
        "reviewId": "719b1368-99c9-4655-8e65-8c5515123ed8",
        "score": 1,
        "thumbsUpCount": 0,
        "userImage": "https://play-lh.googleusercontent.com/a/ACg8ocJoswF7JVoPlaf1rcECn6Gf3BbpmxqatdNe3_b8bQz4=mo",
        "userName": "Bakhshesh Ahmad"
    },
    {
        "appVersion": "1.2.31",
        "at": "2023-11-18 14:14:06",
        "content": "BitGuroo app is the bestest app.if you're financially not strong this app is very helpful to you.highly recommended install it \ud83d\ude37\ud83d\ude37",
        "repliedAt": null,
        "replyContent": null,
        "reviewCreatedVersion": "1.2.31",
        "reviewId": "2e268a58-bfe2-4227-85b3-27934810fb8f",
        "score": 5,
        "thumbsUpCount": 0,
        "userImage": "https://play-lh.googleusercontent.com/a/ACg8ocL5Oe8fm0MpN3hku13Pvo3A_qx7erY6F-Da8ihpOqFV=mo",
        "userName": "shifa Shaikh"
    },
    {
        "appVersion": null,
        "at": "2023-11-18 09:16:08",
        "content": "Bitguroo cloud mining application is really amazing application I really like this it has amazing graphics and has wonderful features I really like this application recommended \ud83d\ude37\ud83d\ude37",
        "repliedAt": null,
        "replyContent": null,
        "reviewCreatedVersion": null,
        "reviewId": "ea1f17e5-3700-4d17-abf9-5c7d82265bca",
        "score": 5,
        "thumbsUpCount": 0,
        "userImage": "https://play-lh.googleusercontent.com/a/ACg8ocJfkcE2GxDgvriTgFAaYWKR2JPowISGkOQAvuOdbkwt=mo",
        "userName": "Asma Shaheen"
    },
    {
        "appVersion": "1.2.31",
        "at": "2023-11-18 09:13:23",
        "content": "Bitguroo cloud minning app absolutely stunning app.its almost good.great app excellent.its fast working application.its helpful application I recommend to you.\ud83d\ude37\ud83d\ude37",
        "repliedAt": null,
        "replyContent": null,
        "reviewCreatedVersion": "1.2.31",
        "reviewId": "e4f18c58-9837-4c57-bd58-d073c60968cf",
        "score": 5,
        "thumbsUpCount": 1,
        "userImage": "https://play-lh.googleusercontent.com/a/ACg8ocJvxRmBZZR4gmivQppHFBFzdcGF6teZ9L3z-gffB9Tx=mo",
        "userName": "Qayyum Qayyum"
    },
    {
        "appVersion": "1.2.31",
        "at": "2023-11-18 09:04:20",
        "content": "Bitguroo cloud mining Usdt it is fantastic and intrasting app it is very easy to use Iam personally recommended \ud83d\ude37\ud83d\ude37",
        "repliedAt": null,
        "replyContent": null,
        "reviewCreatedVersion": "1.2.31",
        "reviewId": "bf97787b-5e82-4756-9f6e-58ed60214a46",
        "score": 5,
        "thumbsUpCount": 0,
        "userImage": "https://play-lh.googleusercontent.com/a/ACg8ocJoTb0wLsaxf3-Xrkl6gzTmiy-UVFVhxuoMgQTdV-v-=mo",
        "userName": "Hum Tum"
    },
    {
        "appVersion": null,
        "at": "2023-11-18 09:02:13",
        "content": "I like it very much application my best application my friend must create application\ud83d\udc4d\ud83d\udc4d",
        "repliedAt": null,
        "replyContent": null,
        "reviewCreatedVersion": null,
        "reviewId": "96df4f47-7039-4fac-8318-8d134107c964",
        "score": 5,
        "thumbsUpCount": 0,
        "userImage": "https://play-lh.googleusercontent.com/a-/ALV-UjX4WiNzCyGbWvPMss8OnSHigUqpG5umx1VrrWFABJbmzA",
        "userName": "T Curran PT"
    },
    {
        "appVersion": "1.2.31",
        "at": "2023-11-18 08:56:27",
        "content": "BitGuroo - Cloud Mining USDT is a popular crypto mining app and USDT that provides a specific plans and easy way to mine USDT on cloud\ud83d\ude37\ud83d\ude37",
        "repliedAt": null,
        "replyContent": null,
        "reviewCreatedVersion": "1.2.31",
        "reviewId": "2a868bcd-2b41-4ad3-a154-b7ae9113a29b",
        "score": 5,
        "thumbsUpCount": 0,
        "userImage": "https://play-lh.googleusercontent.com/a/ACg8ocKfoHA29r8HLgrFr8EYtuEu8v-Kaus0ZTF-YPMML9Lf=mo",
        "userName": "Mehak Memon"
    },
    {
        "appVersion": null,
        "at": "2023-11-18 06:21:23",
        "content": "Bitguroo cloud mining application is really amazing application it has very useful features and I really like this app recommended \ud83d\ude37\ud83d\ude37",
        "repliedAt": null,
        "replyContent": null,
        "reviewCreatedVersion": null,
        "reviewId": "58853ea2-33f7-43e7-b24f-78f4dd08c447",
        "score": 5,
        "thumbsUpCount": 0,
        "userImage": "https://play-lh.googleusercontent.com/a/ACg8ocLFON8wbAw7xK36HDfmvvdmhADBkLaUDxTyLgTtoTCK=mo",
        "userName": "Kunwar Malaika"
    },
    {
        "appVersion": null,
        "at": "2023-11-17 15:08:15",
        "content": "Bitguroo is well and good \ud83c\udf3b\ud83c\udf3b",
        "repliedAt": null,
        "replyContent": null,
        "reviewCreatedVersion": null,
        "reviewId": "2acc2a1f-a388-4df8-9550-2b269cd485b9",
        "score": 5,
        "thumbsUpCount": 0,
        "userImage": "https://play-lh.googleusercontent.com/a/ACg8ocI-8K_-5LkCxTp06QUuBMd0na95r9P4DR4QctwFkjq9=mo",
        "userName": "jita BHHGoq"
    },
    {
        "appVersion": "1.2.31",
        "at": "2023-11-17 14:17:09",
        "content": "Effortless USDT mining with bitguroo clound mining \ud83d\udc4d\ud83d\udc4d",
        "repliedAt": null,
        "replyContent": null,
        "reviewCreatedVersion": "1.2.31",
        "reviewId": "efaa9f16-27b4-4f1a-a872-8b01379d95dc",
        "score": 5,
        "thumbsUpCount": 0,
        "userImage": "https://play-lh.googleusercontent.com/a/ACg8ocKA9BHzAenrJTlpDdEAJrgjS0lz6wfoH8Rfc5DhRsyc=mo",
        "userName": "Freelance Service Hub"
    },
    {
        "appVersion": null,
        "at": "2023-11-17 12:58:15",
        "content": "BitGuroo - Cloud Mining it is fantastic applicition very uniqe and amazing app i like this app \ud83d\ude0e",
        "repliedAt": null,
        "replyContent": null,
        "reviewCreatedVersion": null,
        "reviewId": "0e631beb-7b1d-43c1-833f-7f9a92c472f6",
        "score": 5,
        "thumbsUpCount": 0,
        "userImage": "https://play-lh.googleusercontent.com/a/ACg8ocLAnP2hWDcFCQRY8Y1p11YREi7ejdhl8dzTkxn0J6lN=mo",
        "userName": "Maryaam Jaan"
    },
    {
        "appVersion": "1.2.31",
        "at": "2023-11-17 11:57:04",
        "content": "BitGuroo Cloud App is amazing app it's features so much good very easy to use highly recommend it \ud83d\ude37\ud83d\ude37",
        "repliedAt": null,
        "replyContent": null,
        "reviewCreatedVersion": "1.2.31",
        "reviewId": "e6f5e156-647d-4493-9f48-25514eb94387",
        "score": 5,
        "thumbsUpCount": 0,
        "userImage": "https://play-lh.googleusercontent.com/a-/ALV-UjVC-PG4de8p7gFqktqSdF_rNcBdSrorOEcQbRVsgHoXQw",
        "userName": "Muski Jii"
    },
    {
        "appVersion": null,
        "at": "2023-11-17 11:24:53",
        "content": "BitGuroo - Cloud Mining (USDT) great app and very wonderful app \ud83d\udc4d\ud83d\udc4d",
        "repliedAt": null,
        "replyContent": null,
        "reviewCreatedVersion": null,
        "reviewId": "9900ee96-c8a2-4f35-9d30-db02eb041be5",
        "score": 5,
        "thumbsUpCount": 0,
        "userImage": "https://play-lh.googleusercontent.com/a-/ALV-UjVLxlivmeuuhPZdm-8WxGn-Wi_ei7lOmqaQcRldAPyiGA",
        "userName": "Ryv Ys"
    },
    {
        "appVersion": "1.2.31",
        "at": "2023-11-17 10:16:55",
        "content": "bitguroo cloud mining app is very interesting app I like this app I highly recommended \ud83d\ude37\ud83d\ude37",
        "repliedAt": null,
        "replyContent": null,
        "reviewCreatedVersion": "1.2.31",
        "reviewId": "a08dd32c-a3f0-4805-8495-d849712662be",
        "score": 5,
        "thumbsUpCount": 0,
        "userImage": "https://play-lh.googleusercontent.com/a/ACg8ocLnb6UYcTWP3Vo8WhmxUUBU2O9Zk6cQFVsBULdctMFM=mo",
        "userName": "Meerab Baba"
    },
    {
        "appVersion": "1.2.31",
        "at": "2023-11-17 07:40:09",
        "content": "BitGuroo Cloud mini (USTD) app.is excellent app outstanding work ..... brilliant design......and most smother app..\ud83d\ude37\ud83d\ude37",
        "repliedAt": null,
        "replyContent": null,
        "reviewCreatedVersion": "1.2.31",
        "reviewId": "18c122c9-db52-4806-8eec-8d9c51305172",
        "score": 5,
        "thumbsUpCount": 1,
        "userImage": "https://play-lh.googleusercontent.com/a/ACg8ocKli1d0ciIRIIwutdf2wKFf_is8smnUm62VNLycWTax=mo",
        "userName": "Maan Ghoripathan"
    },
    {
        "appVersion": "1.2.31",
        "at": "2023-11-17 07:20:48",
        "content": "BitGuroo Cloud mining (USTD) vry unique and very excellent app I like it vry much \ud83d\ude37\ud83d\ude37",
        "repliedAt": null,
        "replyContent": null,
        "reviewCreatedVersion": "1.2.31",
        "reviewId": "73c561a1-14b6-413e-a250-4cfca4b44a83",
        "score": 5,
        "thumbsUpCount": 0,
        "userImage": "https://play-lh.googleusercontent.com/a/ACg8ocIG9Ci14l4hZ5pE5302NPeL_xmsNJNCmeRA8jBlGPW1=mo",
        "userName": "khan Zadi"
    },
    {
        "appVersion": "1.2.31",
        "at": "2023-11-17 06:41:01",
        "content": "BitGurio is an amazing and great application recently I tried \ud83d\ude37\ud83d\ude37",
        "repliedAt": null,
        "replyContent": null,
        "reviewCreatedVersion": "1.2.31",
        "reviewId": "ecf6c216-5917-45be-b426-bdc964450ead",
        "score": 5,
        "thumbsUpCount": 0,
        "userImage": "https://play-lh.googleusercontent.com/a/ACg8ocJgaVsnFwVOSU5OQsNh-8zDwALeC8QvMIJZOLpWptKU=mo",
        "userName": "Raess Sheikh"
    },
    {
        "appVersion": null,
        "at": "2023-11-17 06:29:07",
        "content": "Best application for the fun \ud83d\ude0e",
        "repliedAt": null,
        "replyContent": null,
        "reviewCreatedVersion": null,
        "reviewId": "921b7d70-54c5-4f3a-a7f5-bb889120561e",
        "score": 5,
        "thumbsUpCount": 0,
        "userImage": "https://play-lh.googleusercontent.com/a/ACg8ocJ8NkOLhGbNdtWYRKUxsB0rIh3fLnwo3cqZMdYr1bVo=mo",
        "userName": "mano ZNN"
    },
    {
        "appVersion": null,
        "at": "2023-11-17 02:59:16",
        "content": "BitGuroo - Cloud Mining (USDT) is a very fantastic application\ud83d\udc4d\ud83d\udc4d",
        "repliedAt": null,
        "replyContent": null,
        "reviewCreatedVersion": null,
        "reviewId": "ee2185e3-3624-4a40-a79f-fe3b85c406d2",
        "score": 5,
        "thumbsUpCount": 0,
        "userImage": "https://play-lh.googleusercontent.com/a/ACg8ocIbzgH1ovsFO3v4YTYPHTO11s8R2wF7rfYJTpZ7CYES=mo",
        "userName": "Sassie Pt"
    },
    {
        "appVersion": null,
        "at": "2023-11-16 11:47:25",
        "content": "BitGuroo - Cloud Mining (USDT) is a great mining app. simple and easy to use. finally found this working app \ud83d\udc4d\ud83d\udc4d",
        "repliedAt": null,
        "replyContent": null,
        "reviewCreatedVersion": null,
        "reviewId": "f80868a8-b483-4f21-ac59-4de70fddc787",
        "score": 5,
        "thumbsUpCount": 0,
        "userImage": "https://play-lh.googleusercontent.com/a/ACg8ocIat1wLlEds1Gmf5qb83yLFxVwin2zUe6zgl80f2wlc=mo",
        "userName": "Anwar khosso s7"
    },
    {
        "appVersion": null,
        "at": "2023-11-16 11:02:21",
        "content": "This is a very amazing and very great I love this very interesting \ud83d\udc4d\ud83d\udc4d",
        "repliedAt": null,
        "replyContent": null,
        "reviewCreatedVersion": null,
        "reviewId": "beda93f2-7813-45bd-85f6-1f65fe76b501",
        "score": 5,
        "thumbsUpCount": 0,
        "userImage": "https://play-lh.googleusercontent.com/a/ACg8ocJAqpJzuD9I2glXx-Yg9jWhSZYtv21h3htJs_UT9lfh=mo",
        "userName": "Mohsan ali srs"
    },
    {
        "appVersion": null,
        "at": "2023-11-16 08:29:41",
        "content": "BitGuroo - Cloud Mining (USDT) is the best greatest and fantastic app it's really impressive \ud83d\ude0e",
        "repliedAt": null,
        "replyContent": null,
        "reviewCreatedVersion": null,
        "reviewId": "428796b9-3537-4b3a-b13a-0ee95f0167ad",
        "score": 5,
        "thumbsUpCount": 0,
        "userImage": "https://play-lh.googleusercontent.com/a/ACg8ocL2TZPIWiIXo9vwEV9rE73Wq7o9hcpmZP1uBjCS0SXX=mo",
        "userName": "Nimra Jabbar"
    },
    {
        "appVersion": null,
        "at": "2023-11-16 05:13:07",
        "content": "I like it wonderful very excellent application\ud83d\udc4d\ud83d\udc4d",
        "repliedAt": null,
        "replyContent": null,
        "reviewCreatedVersion": null,
        "reviewId": "d1385665-654d-451d-ac20-3bf75d0410a3",
        "score": 5,
        "thumbsUpCount": 0,
        "userImage": "https://play-lh.googleusercontent.com/a/ACg8ocI6U8kecc7Jf1gB0tE47OnsHqITOFzv1y6VCr3555g-=mo",
        "userName": "Balistreri NA"
    },
    {
        "appVersion": null,
        "at": "2023-11-16 01:40:57",
        "content": "Bit guroo cloud mining App absolutely stunning app. it's almost is good. Great app excellent.it's fast working application. it's helpful application I recommend to you \ud83d\ude0e",
        "repliedAt": null,
        "replyContent": null,
        "reviewCreatedVersion": null,
        "reviewId": "d50b476d-0b4e-471e-bea1-8b3ec9b67aa4",
        "score": 5,
        "thumbsUpCount": 0,
        "userImage": "https://play-lh.googleusercontent.com/a-/ALV-UjXw6We2qqmcByiE00t5P7BzWt7foj5RVfLyJ-Qkgj5YNw",
        "userName": "Nasir Bro"
    },
    {
        "appVersion": null,
        "at": "2023-11-16 00:45:27",
        "content": "Bitguroo - cloud Mining (USDT) is very good and amazing application \ud83d\ude0e",
        "repliedAt": null,
        "replyContent": null,
        "reviewCreatedVersion": null,
        "reviewId": "d3c62f66-f7a2-4aa8-af71-39d4d415e10a",
        "score": 5,
        "thumbsUpCount": 0,
        "userImage": "https://play-lh.googleusercontent.com/a/ACg8ocJ2AnTf3Rd3t9DJ4Pv_w-bj4u1bE3H_1J0-rZmHr0R7=mo",
        "userName": "Zulkifal Khan"
    },
    {
        "appVersion": null,
        "at": "2023-11-15 11:56:34",
        "content": "BitGuroo cloud minnig this app was so entertaining and enjoye I like this app \ud83d\ude0e",
        "repliedAt": null,
        "replyContent": null,
        "reviewCreatedVersion": null,
        "reviewId": "8e2fbd36-d35c-4a14-952c-600800d02009",
        "score": 5,
        "thumbsUpCount": 0,
        "userImage": "https://play-lh.googleusercontent.com/a/ACg8ocKX0JU82vv6lnhxU-3BcQ9uZWd7sqltHGSOD7y_jTYP=mo",
        "userName": "Asif Ali"
    },
    {
        "appVersion": null,
        "at": "2023-11-15 10:29:08",
        "content": "Very interesting I love this very awesome and useful app \ud83d\udc4d\ud83d\udc4d",
        "repliedAt": null,
        "replyContent": null,
        "reviewCreatedVersion": null,
        "reviewId": "36987720-0b01-4234-86f0-fdbffc5d6900",
        "score": 5,
        "thumbsUpCount": 1,
        "userImage": "https://play-lh.googleusercontent.com/a/ACg8ocK9HrOtmXl_zZxEQxirfWJk8sqNPGKmCJHQ6YKsQBkQ=mo",
        "userName": "Brazil Srs"
    },
    {
        "appVersion": null,
        "at": "2023-11-15 09:38:58",
        "content": "I like your wonderful and very useful\ud83d\udc4d\ud83d\udc4d",
        "repliedAt": null,
        "replyContent": null,
        "reviewCreatedVersion": null,
        "reviewId": "f0388726-6b53-49ea-a42d-f8a85ad3f672",
        "score": 5,
        "thumbsUpCount": 1,
        "userImage": "https://play-lh.googleusercontent.com/a-/ALV-UjUGQFZZP-dN0TfPVx3vHO85rattnEqP9xpzCZBDnJxiVw",
        "userName": "Imad Waseem Spt"
    },
    {
        "appVersion": null,
        "at": "2023-11-15 09:37:01",
        "content": "BitGuroo Cloud Mining (USDT) very unique and very excellent app\ud83d\udc4d\ud83d\udc4d",
        "repliedAt": null,
        "replyContent": null,
        "reviewCreatedVersion": null,
        "reviewId": "10a95065-44c8-48c3-a082-915505e36bc7",
        "score": 5,
        "thumbsUpCount": 1,
        "userImage": "https://play-lh.googleusercontent.com/a/ACg8ocJUmdqmCyVDJ3N7QfejyR3K9UcPxLf8ZR8I2b15W_zi=mo",
        "userName": "Callaye Ffm"
    },
    {
        "appVersion": null,
        "at": "2023-11-15 05:30:42",
        "content": "It is excellent application. It is outstanding application. It is brilliant application \ud83c\udf3b\ud83c\udf3b",
        "repliedAt": null,
        "replyContent": null,
        "reviewCreatedVersion": null,
        "reviewId": "af1a3bd7-948f-4a87-a38b-b431a3f36a2d",
        "score": 5,
        "thumbsUpCount": 1,
        "userImage": "https://play-lh.googleusercontent.com/a-/ALV-UjXu-3Yjo3EiyWk87mK9rOf3yibjxlgk1YHi6XdYxrCpQw",
        "userName": "Ek Tha Tiger Zz"
    },
    {
        "appVersion": null,
        "at": "2023-11-15 04:37:57",
        "content": "BitGuroo - Cloud Mining is a popular crypto mining app that provides a specific plans and easy way to mine USDT on cloud.\ud83c\udf3b\ud83c\udf3b",
        "repliedAt": null,
        "replyContent": null,
        "reviewCreatedVersion": null,
        "reviewId": "b84f7043-0f1d-411c-9eea-ee68fedae0bb",
        "score": 5,
        "thumbsUpCount": 1,
        "userImage": "https://play-lh.googleusercontent.com/a-/ALV-UjWXmX4QHMvJVlrTWJfXXRzw0kl_bZyMG71jT2f6LoGJweA",
        "userName": "Dale Steyn MW"
    },
    {
        "appVersion": null,
        "at": "2023-11-14 19:25:54",
        "content": "This app is amazing \ud83d\ude0d\ud83d\ude0d",
        "repliedAt": null,
        "replyContent": null,
        "reviewCreatedVersion": null,
        "reviewId": "197612b7-613c-45b0-8cc2-7e955041d853",
        "score": 5,
        "thumbsUpCount": 0,
        "userImage": "https://play-lh.googleusercontent.com/a/ACg8ocJyqNh8l2QY3ECjHO2U42wvaTAsiPqR5LLr_Sjmjd9k=mo",
        "userName": "Harry Chattha"
    },
    {
        "appVersion": null,
        "at": "2023-11-14 15:43:35",
        "content": "I feel so satisfied after using them \ud83d\ude0e",
        "repliedAt": null,
        "replyContent": null,
        "reviewCreatedVersion": null,
        "reviewId": "091ad20c-1895-441c-bfa6-91c0675c8aa9",
        "score": 5,
        "thumbsUpCount": 0,
        "userImage": "https://play-lh.googleusercontent.com/a-/ALV-UjXjeu2TNt6c97pQ-5BtvpEc2uc9jSkZu_nFiAIJjvr5rrzt",
        "userName": "Saniah Saleem 2mh"
    }
]