[
    {
        "appVersion": "1.23.3004",
        "at": "2023-06-19 10:57:40",
        "content": "Stupid. I was trying to find a haircut for me. Not many options.",
        "repliedAt": null,
        "replyContent": null,
        "reviewCreatedVersion": "1.23.3004",
        "reviewId": "261c1cf4-aaa7-46e8-b9f6-e20eb63cd01b",
        "score": 2,
        "thumbsUpCount": 0,
        "userImage": "https://play-lh.googleusercontent.com/a-/ALV-UjVszhQv5GGc5tgfiDMEP_Sc7QE0724o2XO1YhRYanu0WNjR",
        "userName": "wendy stdennis"
    }
]