[
    {
        "appVersion": null,
        "at": "2023-04-08 10:32:42",
        "content": "Fake,no map",
        "repliedAt": null,
        "replyContent": null,
        "reviewCreatedVersion": null,
        "reviewId": "fae48103-dadc-4640-8c55-09908a3cec56",
        "score": 1,
        "thumbsUpCount": 0,
        "userImage": "https://play-lh.googleusercontent.com/a/ACg8ocI7LrRlm7J60sEsu8XxSaNWRtr01BTEDjCCjSDlc_CD=mo",
        "userName": "Alex Mwangi"
    },
    {
        "appVersion": null,
        "at": "2023-04-04 03:38:38",
        "content": "Berry nice",
        "repliedAt": null,
        "replyContent": null,
        "reviewCreatedVersion": null,
        "reviewId": "156f038a-6f43-4797-892c-b6fda5d0186d",
        "score": 5,
        "thumbsUpCount": 0,
        "userImage": "https://play-lh.googleusercontent.com/a/ACg8ocI2LWKwV2X0ROMM2-vW9BCtXtFWBVt4kGtcoqZ2aQKp=mo",
        "userName": "Stephen Tago"
    },
    {
        "appVersion": null,
        "at": "2023-04-01 02:21:29",
        "content": "Very very bad game",
        "repliedAt": null,
        "replyContent": null,
        "reviewCreatedVersion": null,
        "reviewId": "9b35d024-a819-49ba-b55f-2731d3ff0d01",
        "score": 2,
        "thumbsUpCount": 8,
        "userImage": "https://play-lh.googleusercontent.com/a-/ALV-UjWlwrEKdDFWYuwTr3Cv_mXCeKyaKXy1ZzIWw68wl5CPSLE",
        "userName": "Rekha Bhupathiraja"
    },
    {
        "appVersion": null,
        "at": "2023-03-23 05:07:48",
        "content": "\ud83e\udd19\ud83e\udd19\ud83d\udc4e\ud83d\udc4e\ud83d\udc4e\ud83e\udd1b\ud83e\udd1b\ud83e\udd1b",
        "repliedAt": null,
        "replyContent": null,
        "reviewCreatedVersion": null,
        "reviewId": "f2927536-91e0-462c-ac5d-6a2f48132fd1",
        "score": 1,
        "thumbsUpCount": 3,
        "userImage": "https://play-lh.googleusercontent.com/a/ACg8ocKM5qNy95xWBDKGwU4g-XGYBKHTufR-l8ZjNoLJT8sS=mo",
        "userName": "Ankit Vashishth"
    },
    {
        "appVersion": null,
        "at": "2023-03-01 15:09:56",
        "content": "Good",
        "repliedAt": null,
        "replyContent": null,
        "reviewCreatedVersion": null,
        "reviewId": "65ba1c8a-2ce7-4db3-a0e1-b5563762b6b9",
        "score": 5,
        "thumbsUpCount": 2,
        "userImage": "https://play-lh.googleusercontent.com/a/ACg8ocJoDL7UcWf4v8IGHS37FD0WM2eGNWXIrLcDjo4QKz5j=mo",
        "userName": "Tshepang Vincent"
    },
    {
        "appVersion": "1.1",
        "at": "2023-01-30 08:18:36",
        "content": "1 for the beautiful adds.",
        "repliedAt": null,
        "replyContent": null,
        "reviewCreatedVersion": "1.1",
        "reviewId": "38452611-0ca4-432c-a257-8f6252532188",
        "score": 1,
        "thumbsUpCount": 11,
        "userImage": "https://play-lh.googleusercontent.com/a-/ALV-UjXw-SKM5Cib50sxFaU3CVolcrwYzRgj6YzIBQuasBfltfxO",
        "userName": "Samuel Ungurean"
    },
    {
        "appVersion": null,
        "at": "2023-01-08 13:22:10",
        "content": "Very nice game.",
        "repliedAt": null,
        "replyContent": null,
        "reviewCreatedVersion": null,
        "reviewId": "8ab9e5d2-4add-4826-a49d-3ffeeebc4260",
        "score": 5,
        "thumbsUpCount": 11,
        "userImage": "https://play-lh.googleusercontent.com/a-/ALV-UjX7ohbnP_3JB5wnVv6ecYjeIhHf_Wzw1PcMIE_0TU9YrQ",
        "userName": "Shahwaiz Ali"
    }
]