[
    {
        "appVersion": "1",
        "at": "2023-08-23 03:24:21",
        "content": "Loading forever",
        "repliedAt": null,
        "replyContent": null,
        "reviewCreatedVersion": "1",
        "reviewId": "06006c74-71ff-4400-9d74-5e5d9c89e3e8",
        "score": 1,
        "thumbsUpCount": 0,
        "userImage": "https://play-lh.googleusercontent.com/a-/ALV-UjU9Vu9nGgBU236KIvqk3PW_k5Mqvn9Zk6ThEjg27_Ffpg4",
        "userName": "Hadiyah Fathimah"
    },
    {
        "appVersion": "1",
        "at": "2023-03-24 07:55:15",
        "content": "Too slow",
        "repliedAt": "2023-03-24 18:07:16",
        "replyContent": "We are sorry that you were not completely satisfied with our app. We greatly value your feedback and hope to work with you to address any issues you may have encountered. If you wish, please provide more details about the issues you encountered so we can help resolve them. Thank you.",
        "reviewCreatedVersion": "1",
        "reviewId": "e9120b60-10b0-4bf3-9688-e69359115061",
        "score": 1,
        "thumbsUpCount": 0,
        "userImage": "https://play-lh.googleusercontent.com/a-/ALV-UjVlVFp4syOy52TK-Ck-tWUXb2tjTZYY1uuvgvHvUVj1ofE",
        "userName": "MAX STUDIO"
    }
]