[
    {
        "appVersion": "1.3.2",
        "at": "2023-01-12 07:08:43",
        "content": "At first i really thought that i would learn to sketch but seeing the app really turned my thinking upside down i give my thanks to all of you stay strong \ud83d\udcaa\ud83d\ude18",
        "repliedAt": "2023-01-12 07:00:01",
        "replyContent": "Dear friend, we are really glad that you like our app. Your support and voice are very important to us.",
        "reviewCreatedVersion": "1.3.2",
        "reviewId": "8291e04a-6a8c-49e7-91d6-67eace72ffe2",
        "score": 5,
        "thumbsUpCount": 0,
        "userImage": "https://play-lh.googleusercontent.com/a/ACg8ocJr3idljt8JSyDFxUy2Jqp3Nktv6IxfrtLoFEyGa7Vd=mo",
        "userName": "ORISHABA SHALLOT"
    },
    {
        "appVersion": "1.3.1",
        "at": "2022-12-04 11:14:29",
        "content": "it is,\ud83e\udd14\ud83e\udd14\ud83e\udd14 \ud83e\udd17",
        "repliedAt": "2023-05-10 19:50:37",
        "replyContent": "Dear User,\nThank you for the rating us. Kindly let us know what updates or changes you would like to see in our app, in order to give us a 5 Star rating. You could write to us vorevo.apps@gmail.com.",
        "reviewCreatedVersion": "1.3.1",
        "reviewId": "bfe43842-2f3f-46d1-953a-137ab71504f3",
        "score": 3,
        "thumbsUpCount": 0,
        "userImage": "https://play-lh.googleusercontent.com/a/ACg8ocIFRQY5V2rsxPz8PQ1kx6yWKolNbi47iNCuq02at6DI=mo",
        "userName": "Tsehaye Zena"
    }
]