[
    {
        "appVersion": "2.0",
        "at": "2023-11-12 23:57:18",
        "content": "Trash",
        "repliedAt": null,
        "replyContent": null,
        "reviewCreatedVersion": "2.0",
        "reviewId": "0810ad8d-69e7-47e0-9669-f0d66408b1df",
        "score": 1,
        "thumbsUpCount": 0,
        "userImage": "https://play-lh.googleusercontent.com/a/ACg8ocIxmaF1OfUUqCP6vBVnq3bwTbK9plNhkV0bKIj07C22=mo",
        "userName": "Jon Gillis"
    },
    {
        "appVersion": "2.0",
        "at": "2023-11-02 17:10:48",
        "content": "Best App f\u00fcr alles Handy cooooo",
        "repliedAt": null,
        "replyContent": null,
        "reviewCreatedVersion": "2.0",
        "reviewId": "4e463cfe-9a86-4b2f-a886-669ddb4c1a67",
        "score": 5,
        "thumbsUpCount": 0,
        "userImage": "https://play-lh.googleusercontent.com/a-/ALV-UjXjZ9pQDpeVsGb0x68YhP3Vt4HVC03lQVVtfjt9G4J3WuM",
        "userName": "DEPO"
    },
    {
        "appVersion": "2.0",
        "at": "2023-10-30 00:59:56",
        "content": "Did not recognize IMEI",
        "repliedAt": null,
        "replyContent": null,
        "reviewCreatedVersion": "2.0",
        "reviewId": "dc6ce958-07bc-452d-b042-e19ea330df08",
        "score": 1,
        "thumbsUpCount": 0,
        "userImage": "https://play-lh.googleusercontent.com/a/ACg8ocIJLLuZUZ3ddWfdl6oxaP5rLgxZPgpdHe3MT6v-b_Z8VOQ=mo",
        "userName": "Agutu Willis"
    },
    {
        "appVersion": null,
        "at": "2023-10-16 23:14:38",
        "content": "Doesn't s work right",
        "repliedAt": null,
        "replyContent": null,
        "reviewCreatedVersion": null,
        "reviewId": "cf407809-cc41-4333-9f4b-1934d1917f4b",
        "score": 2,
        "thumbsUpCount": 0,
        "userImage": "https://play-lh.googleusercontent.com/a/ACg8ocL7ynI_y7SVOn8LhtWbfPPQJoyRgEBgwdHgy9Bddn6J=mo",
        "userName": "James"
    },
    {
        "appVersion": null,
        "at": "2023-10-12 13:14:13",
        "content": "Nothing is what rhis app is",
        "repliedAt": null,
        "replyContent": null,
        "reviewCreatedVersion": null,
        "reviewId": "df4482ec-53e8-4b14-a60d-16c489dd1533",
        "score": 1,
        "thumbsUpCount": 0,
        "userImage": "https://play-lh.googleusercontent.com/a-/ALV-UjXMf3r1a4L-15EzJSl-GqlMaEuxHTlGHtc6Y81D79cMQbE",
        "userName": "Jason Hughes"
    },
    {
        "appVersion": null,
        "at": "2023-10-05 19:23:32",
        "content": "Great unlock device app....",
        "repliedAt": null,
        "replyContent": null,
        "reviewCreatedVersion": null,
        "reviewId": "fff873e3-33b1-47d8-b174-dea27770cc4c",
        "score": 5,
        "thumbsUpCount": 0,
        "userImage": "https://play-lh.googleusercontent.com/a/ACg8ocKjNMj9V1bBgbNwUSNyeyCS60xzfx9dw1Eeew9MdtM3=mo",
        "userName": "Andrus Tanner"
    },
    {
        "appVersion": "2.0",
        "at": "2023-10-03 20:26:00",
        "content": "Does not work",
        "repliedAt": null,
        "replyContent": null,
        "reviewCreatedVersion": "2.0",
        "reviewId": "3a2226e3-a958-469f-a08e-db18992e494a",
        "score": 1,
        "thumbsUpCount": 0,
        "userImage": "https://play-lh.googleusercontent.com/a/ACg8ocLoQzqMR7FgaBHFZLcI6m4xrh4PMah2TgPWinf24f-k=mo",
        "userName": "thick boi extra"
    },
    {
        "appVersion": "1.9",
        "at": "2023-09-27 22:43:24",
        "content": "Cool codes",
        "repliedAt": null,
        "replyContent": null,
        "reviewCreatedVersion": "1.9",
        "reviewId": "c6d0749d-c341-4f94-bfdf-95eb2785505d",
        "score": 3,
        "thumbsUpCount": 0,
        "userImage": "https://play-lh.googleusercontent.com/a/ACg8ocIxQMsrlKyeFafp__cQZtwIKu8AJy58mlmjjXVinI0i=mo",
        "userName": "Sammy Spooklin"
    },
    {
        "appVersion": "2.0",
        "at": "2023-09-24 05:03:57",
        "content": "Just a sales channel for website",
        "repliedAt": null,
        "replyContent": null,
        "reviewCreatedVersion": "2.0",
        "reviewId": "e7509c5a-2f4e-4dc7-9ded-5b831c31beae",
        "score": 1,
        "thumbsUpCount": 0,
        "userImage": "https://play-lh.googleusercontent.com/a-/ALV-UjXC47rjxK_hcEV8UY8yags-n19KKDUbOwU6TU2YWobJ6x4S",
        "userName": "Michael Rifai"
    },
    {
        "appVersion": "2.0",
        "at": "2023-09-19 13:15:56",
        "content": "Lies",
        "repliedAt": null,
        "replyContent": null,
        "reviewCreatedVersion": "2.0",
        "reviewId": "f5a8d47c-e44b-401c-a2ae-072eb81061ac",
        "score": 1,
        "thumbsUpCount": 0,
        "userImage": "https://play-lh.googleusercontent.com/a/ACg8ocJ4MiPzK4gJhd7_FTqllQQRqj95SmNP_qgJ4w8pR6hH=mo",
        "userName": "Luciano Martinez"
    },
    {
        "appVersion": "2.0",
        "at": "2023-09-12 16:03:57",
        "content": "Charges you to unlock and too many ads",
        "repliedAt": null,
        "replyContent": null,
        "reviewCreatedVersion": "2.0",
        "reviewId": "9f835870-85aa-4ee6-bc4f-dcd5cabe6f70",
        "score": 1,
        "thumbsUpCount": 19,
        "userImage": "https://play-lh.googleusercontent.com/a/ACg8ocJuMTj3qRXFfx9DBjALA89BcQzbNs0-PAzGRwVJWWe7B2c=mo",
        "userName": "Graham Watts"
    },
    {
        "appVersion": null,
        "at": "2023-09-12 14:04:59",
        "content": "Helpful",
        "repliedAt": null,
        "replyContent": null,
        "reviewCreatedVersion": null,
        "reviewId": "e9d55cf0-ba8b-48fc-bc93-7be2a18e8271",
        "score": 5,
        "thumbsUpCount": 0,
        "userImage": "https://play-lh.googleusercontent.com/a/ACg8ocKUhP-DjgGdplsU1UnJxo338KrIcaXlanQStiS03i2T=mo",
        "userName": "Abongile Lungu"
    },
    {
        "appVersion": null,
        "at": "2023-09-10 21:28:58",
        "content": "The worse app ever, can't do anything because it just lets other apps do anything, uninstalled it right away \ud83d\udc4e",
        "repliedAt": null,
        "replyContent": null,
        "reviewCreatedVersion": null,
        "reviewId": "86cb91f0-9e00-4b2f-8e6c-da58c26e4a47",
        "score": 1,
        "thumbsUpCount": 1,
        "userImage": "https://play-lh.googleusercontent.com/a/ACg8ocJbpNwRvEiu0KKUIDdOZB0WKLSMI7as1iCbAKcLoY5t89w=mo",
        "userName": "Freddie Sepulveda"
    },
    {
        "appVersion": "1.4",
        "at": "2023-09-04 09:08:45",
        "content": "I didnt get this app , no hard feelings but the hacker that i have is very dangerous and stealing peoples identity is how she obtain credit cards and money and whatever she can get, she does not need this app, please help me stoo her",
        "repliedAt": null,
        "replyContent": null,
        "reviewCreatedVersion": "1.4",
        "reviewId": "6daa4509-1e7b-42d9-a35a-b42e1a0c1fae",
        "score": 4,
        "thumbsUpCount": 26,
        "userImage": "https://play-lh.googleusercontent.com/a-/ALV-UjURGRsHy6PRJo4QuZGE25MVxHUmMs0UE2uc9sa8Uhe9Hw",
        "userName": "Misty D Griffith"
    },
    {
        "appVersion": "1.7",
        "at": "2023-08-31 19:43:39",
        "content": "Tried to charge me almost $100 for a phone wich I paid 30",
        "repliedAt": null,
        "replyContent": null,
        "reviewCreatedVersion": "1.7",
        "reviewId": "30ce0c45-55db-4f66-a8e7-07e536edc6eb",
        "score": 1,
        "thumbsUpCount": 1,
        "userImage": "https://play-lh.googleusercontent.com/a-/ALV-UjVJZPg7vZWBpqigCI7ljeyVDQ0iCWLK0E1tNJ95WHc7UPk",
        "userName": "Nicoara Serghei"
    },
    {
        "appVersion": "1.7",
        "at": "2023-08-30 10:37:37",
        "content": "Tried it now phone is lock worser trying to give me grand daughter (4) for birthday now cant thank u!!!",
        "repliedAt": null,
        "replyContent": null,
        "reviewCreatedVersion": "1.7",
        "reviewId": "e5338f3a-8cac-48b6-88fe-8fed23d3b518",
        "score": 1,
        "thumbsUpCount": 6,
        "userImage": "https://play-lh.googleusercontent.com/a-/ALV-UjWX556jlch4gteOTkYOXPSEtZH0XeHHRib4UJeQ8nZB2DU",
        "userName": "Tony Staten"
    },
    {
        "appVersion": "1.4",
        "at": "2023-08-22 07:32:20",
        "content": "Shows too many ads, crashed three times after only showing ads before opening atlast after showing the 4th ad Contains useless and wrong information and is completely useless and serves no purpose",
        "repliedAt": null,
        "replyContent": null,
        "reviewCreatedVersion": "1.4",
        "reviewId": "7a3136f2-059e-4aa5-821a-df45bd2645a0",
        "score": 1,
        "thumbsUpCount": 25,
        "userImage": "https://play-lh.googleusercontent.com/a-/ALV-UjWnQLdXo4d42pkMvyed8b_T7pO3OkHWiYcA4n8TKkGaKuI",
        "userName": "Tuhin De"
    },
    {
        "appVersion": "1.4",
        "at": "2023-08-21 00:35:29",
        "content": "The app is a lie says unlock for free that's a joke",
        "repliedAt": null,
        "replyContent": null,
        "reviewCreatedVersion": "1.4",
        "reviewId": "472e5631-20ef-42e7-8dbc-2e0fa897501d",
        "score": 1,
        "thumbsUpCount": 2,
        "userImage": "https://play-lh.googleusercontent.com/a-/ALV-UjXcuIEJtkoCj55UpC1j9Goml2SACyTNz5tTBT4_y45Mkw",
        "userName": "Boobies Sick (Ass eater David)"
    },
    {
        "appVersion": null,
        "at": "2023-08-20 23:48:49",
        "content": "They want money for a free service",
        "repliedAt": null,
        "replyContent": null,
        "reviewCreatedVersion": null,
        "reviewId": "6050d776-4ce1-412b-9c63-3086fc4eb0ee",
        "score": 1,
        "thumbsUpCount": 1,
        "userImage": "https://play-lh.googleusercontent.com/a-/ALV-UjWSekma0n3NHUCRXOvlHV61QL103HRbGNOkSFmVQECD0xRP",
        "userName": "TJ Lockwood"
    },
    {
        "appVersion": "1.4",
        "at": "2023-08-15 18:58:35",
        "content": "This is nice app",
        "repliedAt": null,
        "replyContent": null,
        "reviewCreatedVersion": "1.4",
        "reviewId": "f1263741-8c6e-4fbc-afdb-7c42f84e3d4c",
        "score": 5,
        "thumbsUpCount": 0,
        "userImage": "https://play-lh.googleusercontent.com/a/ACg8ocJtgVu3IlMsipZhcHqJ4oNYHt_WAMRpsA_JfbPjAE99=mo",
        "userName": "Mary M."
    },
    {
        "appVersion": null,
        "at": "2023-08-14 15:42:43",
        "content": "Ok",
        "repliedAt": null,
        "replyContent": null,
        "reviewCreatedVersion": null,
        "reviewId": "80d25a95-2279-4eaa-894f-fdf7eb9413f7",
        "score": 5,
        "thumbsUpCount": 0,
        "userImage": "https://play-lh.googleusercontent.com/a/ACg8ocII9Jn_gDwaOvFRQJfC6h6qT2CM6m2DxQ-2vvaJfuad=mo",
        "userName": "Felecia Walker"
    },
    {
        "appVersion": "1.4",
        "at": "2023-08-11 01:12:32",
        "content": "I need my phone unlocked",
        "repliedAt": null,
        "replyContent": null,
        "reviewCreatedVersion": "1.4",
        "reviewId": "dfdd54eb-3c52-4806-b780-f1038c33cbc2",
        "score": 5,
        "thumbsUpCount": 0,
        "userImage": "https://play-lh.googleusercontent.com/a-/ALV-UjVkZmXSVH-m4E6edHXw30pvStV99ip_Odv2wVSIE8W9Bw",
        "userName": "Roman Ortega"
    },
    {
        "appVersion": "1.4",
        "at": "2023-08-03 18:36:30",
        "content": "Way too expensive",
        "repliedAt": null,
        "replyContent": null,
        "reviewCreatedVersion": "1.4",
        "reviewId": "5470043f-6963-4e4e-81cb-2c5e6cefdb95",
        "score": 1,
        "thumbsUpCount": 1,
        "userImage": "https://play-lh.googleusercontent.com/a/ACg8ocIIKKYnEt0NevLZTtx6vMgbA2hI3PoxnJaLWwOeuMV3=mo",
        "userName": "Violet Lovvorn"
    },
    {
        "appVersion": "1.2",
        "at": "2023-08-03 05:10:07",
        "content": "Hip day TV no",
        "repliedAt": null,
        "replyContent": null,
        "reviewCreatedVersion": "1.2",
        "reviewId": "3ddee91a-2ec3-4427-bee6-3ac5c554bbca",
        "score": 5,
        "thumbsUpCount": 2,
        "userImage": "https://play-lh.googleusercontent.com/a-/ALV-UjXL1lzwwo2xGlF6QvatCWMzJxBaHAUmU41JoEx4vZD21g",
        "userName": "Kevin Grimes"
    },
    {
        "appVersion": "1.4",
        "at": "2023-07-21 13:07:50",
        "content": "Good",
        "repliedAt": null,
        "replyContent": null,
        "reviewCreatedVersion": "1.4",
        "reviewId": "f3b21fd1-6baa-4414-afbf-97191af2523b",
        "score": 4,
        "thumbsUpCount": 0,
        "userImage": "https://play-lh.googleusercontent.com/a/ACg8ocICWtcErfaPckRob8jm1cKUi1Q_6XwofX7qBZ6CgK3sQw=mo",
        "userName": "Inavi Sumi"
    },
    {
        "appVersion": "1.4",
        "at": "2023-07-19 20:23:22",
        "content": "The best",
        "repliedAt": null,
        "replyContent": null,
        "reviewCreatedVersion": "1.4",
        "reviewId": "4fde51dd-acbb-4da2-92f2-f2d98aad1c8a",
        "score": 5,
        "thumbsUpCount": 1,
        "userImage": "https://play-lh.googleusercontent.com/a/ACg8ocLV3z0gn4tll429ftNqFAUN5Bxp8YP1BMnrRCTx2_4=mo",
        "userName": "Holmes gee"
    },
    {
        "appVersion": "1.4",
        "at": "2023-07-19 19:21:56",
        "content": "I Love this Appl.",
        "repliedAt": null,
        "replyContent": null,
        "reviewCreatedVersion": "1.4",
        "reviewId": "7d0c6db1-b08b-4b03-b739-feb3ca1c2142",
        "score": 5,
        "thumbsUpCount": 1,
        "userImage": "https://play-lh.googleusercontent.com/a-/ALV-UjX2ePFV9Nr4d9yuptDRUWRwFHDHhQ77YBMtjjx5idwR9u3o",
        "userName": "Tony Montiel"
    },
    {
        "appVersion": null,
        "at": "2023-07-11 21:28:00",
        "content": "Great service",
        "repliedAt": null,
        "replyContent": null,
        "reviewCreatedVersion": null,
        "reviewId": "bc6c2d3c-8aa5-4f05-b1b0-73b34f39c2c9",
        "score": 5,
        "thumbsUpCount": 0,
        "userImage": "https://play-lh.googleusercontent.com/a/ACg8ocJQZ-vlehTAhP7POByRgrFcvdAYKk6oExXrZFs2qLlW=mo",
        "userName": "Yvette Hernandez"
    },
    {
        "appVersion": "1.4",
        "at": "2023-07-10 11:35:44",
        "content": "Am good on phone service",
        "repliedAt": null,
        "replyContent": null,
        "reviewCreatedVersion": "1.4",
        "reviewId": "8a60df86-5000-43e6-9882-5dbe547a9a46",
        "score": 1,
        "thumbsUpCount": 5,
        "userImage": "https://play-lh.googleusercontent.com/a/ACg8ocLMM8myJ8XuWYinRzHZXmSbnoTvLNi223OzyZHtPohj=mo",
        "userName": "Mackford Mkandawire"
    },
    {
        "appVersion": null,
        "at": "2023-07-09 16:35:32",
        "content": "A++++",
        "repliedAt": null,
        "replyContent": null,
        "reviewCreatedVersion": null,
        "reviewId": "3744cdd0-c2e9-46ea-b6e7-0f30390637d5",
        "score": 5,
        "thumbsUpCount": 1,
        "userImage": "https://play-lh.googleusercontent.com/a-/ALV-UjVz6fMa8c94j9FMafMeSjoKrwfrRPWVbHpifySNK-5Grtk",
        "userName": "Monte Kimberling"
    },
    {
        "appVersion": "1.4",
        "at": "2023-07-09 05:19:49",
        "content": "Donr waste your time.. junk app",
        "repliedAt": null,
        "replyContent": null,
        "reviewCreatedVersion": "1.4",
        "reviewId": "872e134b-5ce0-4894-8e3f-68241a3a08e4",
        "score": 1,
        "thumbsUpCount": 2,
        "userImage": "https://play-lh.googleusercontent.com/a-/ALV-UjWgJapMdFtreTqIXDmjevX8oazv0GuH2HyNvizuUBqsib64",
        "userName": "Philips Marbun"
    },
    {
        "appVersion": "1.4",
        "at": "2023-07-07 03:35:45",
        "content": "Waste of time",
        "repliedAt": null,
        "replyContent": null,
        "reviewCreatedVersion": "1.4",
        "reviewId": "d31e71cd-768e-4dfc-8b21-574c985caf7e",
        "score": 1,
        "thumbsUpCount": 0,
        "userImage": "https://play-lh.googleusercontent.com/a/ACg8ocIZhEowUYZxrgDv6daDnbcOE8L1HV-rq5UPQb-sdf_4DQ=mo",
        "userName": "Khatib Nzito"
    },
    {
        "appVersion": null,
        "at": "2023-06-29 16:04:22",
        "content": "no later email probado",
        "repliedAt": null,
        "replyContent": null,
        "reviewCreatedVersion": null,
        "reviewId": "40e8b3f0-97e7-417b-b6bf-4d5cfef7433c",
        "score": 3,
        "thumbsUpCount": 0,
        "userImage": "https://play-lh.googleusercontent.com/a/ACg8ocIKrcQxYTwe22xiBpwGkH_mCb1YXLmXMP6T-BrhgBgo=mo",
        "userName": "juan roberto olguin"
    },
    {
        "appVersion": "1.4",
        "at": "2023-06-25 08:44:28",
        "content": "Appreciate",
        "repliedAt": null,
        "replyContent": null,
        "reviewCreatedVersion": "1.4",
        "reviewId": "571fd7db-8c1d-485d-aae5-ba421aad6858",
        "score": 5,
        "thumbsUpCount": 0,
        "userImage": "https://play-lh.googleusercontent.com/a-/ALV-UjUnHzlrwgqwNpIMDg0dFsGOZ5LG-HXvwNon8EdsPQBxyw",
        "userName": "Lisa Cooper"
    },
    {
        "appVersion": "1.4",
        "at": "2023-06-25 07:13:29",
        "content": "Do not download complete rubbish does not provide service as it says on description.",
        "repliedAt": null,
        "replyContent": null,
        "reviewCreatedVersion": "1.4",
        "reviewId": "7e5bea0f-d21f-4cb5-a536-a0bf9959abde",
        "score": 1,
        "thumbsUpCount": 4,
        "userImage": "https://play-lh.googleusercontent.com/a/ACg8ocKXRsB-9iW1sSqQ0Ocks23pxg1ANECZMIf3IlJKEfHq=mo",
        "userName": "Testing1234"
    },
    {
        "appVersion": null,
        "at": "2023-06-22 02:52:55",
        "content": "This app just stole 40 bucks from for nothing it said 0 charge just verification and then stole 40 from me I called them its wombat or something with a different company doing customer service I want charges pressed",
        "repliedAt": null,
        "replyContent": null,
        "reviewCreatedVersion": null,
        "reviewId": "98589807-3e48-4b73-80d2-dcdaa45d1e81",
        "score": 1,
        "thumbsUpCount": 1,
        "userImage": "https://play-lh.googleusercontent.com/a/ACg8ocLObZ8xWwXKkRJEx2-4Xza483-cDb7oOX-9N38rPhONfQ=mo",
        "userName": "Lenny Fenwick"
    },
    {
        "appVersion": null,
        "at": "2023-06-09 01:54:24",
        "content": "This app is bogus,all they do is recommend other companies and methods to do what they claim they actually have done for people. It's all a total scam!!!",
        "repliedAt": null,
        "replyContent": null,
        "reviewCreatedVersion": null,
        "reviewId": "698e7e4c-f471-4e9d-ab5d-d27e08300452",
        "score": 1,
        "thumbsUpCount": 6,
        "userImage": "https://play-lh.googleusercontent.com/a-/ALV-UjUUWUHU1WlB49r2J_KGBAKRIW5uGAMI8I5K8o4n_kid2bw",
        "userName": "Precious Martin"
    },
    {
        "appVersion": "1.4",
        "at": "2023-06-06 21:09:34",
        "content": "Great service",
        "repliedAt": null,
        "replyContent": null,
        "reviewCreatedVersion": "1.4",
        "reviewId": "129592cd-73d5-406e-8b64-1f8ecf0d65d9",
        "score": 5,
        "thumbsUpCount": 0,
        "userImage": "https://play-lh.googleusercontent.com/a-/ALV-UjX6w2AXh5n46P4TS5DACav4390CJvksq7PHlVqqFhGwyw",
        "userName": "David Sisneros"
    },
    {
        "appVersion": "1.2",
        "at": "2023-05-12 14:44:35",
        "content": "I'm not paying for a service if it won't work",
        "repliedAt": null,
        "replyContent": null,
        "reviewCreatedVersion": "1.2",
        "reviewId": "e22b2f4d-aeb8-492b-9662-485e522a649b",
        "score": 1,
        "thumbsUpCount": 1,
        "userImage": "https://play-lh.googleusercontent.com/a/ACg8ocL_eYedftriwGMJr_58UyUtUamaRGzbgndxX7_hGnsN=mo",
        "userName": "Jay Atwood"
    },
    {
        "appVersion": "1.2",
        "at": "2023-05-03 09:23:41",
        "content": "I don't pay for using my own damn property",
        "repliedAt": null,
        "replyContent": null,
        "reviewCreatedVersion": "1.2",
        "reviewId": "90990a3c-3c21-4ece-919f-98da15eafc0a",
        "score": 1,
        "thumbsUpCount": 2,
        "userImage": "https://play-lh.googleusercontent.com/a-/ALV-UjWP3XLC7AMnoRhuFoTwcbTd2q92Fer4Fb34zukAGcI2F5w",
        "userName": "Anonymous Monk"
    },
    {
        "appVersion": "1.2",
        "at": "2023-04-24 18:54:04",
        "content": "Sent me to a different page and it wanted to charge me. Doesn't unlock ur phone at all.",
        "repliedAt": null,
        "replyContent": null,
        "reviewCreatedVersion": "1.2",
        "reviewId": "a6c918f3-a089-4cd8-ae2c-211c5a2991c7",
        "score": 1,
        "thumbsUpCount": 16,
        "userImage": "https://play-lh.googleusercontent.com/a-/ALV-UjW7JPxESyf9CVS2AEbS1EoCRxM7xjXU_qVo8YWaQo7K9awR",
        "userName": "Laura Riggar"
    },
    {
        "appVersion": "1.2",
        "at": "2023-04-15 20:25:31",
        "content": "Yes looking",
        "repliedAt": null,
        "replyContent": null,
        "reviewCreatedVersion": "1.2",
        "reviewId": "13ac204e-ec7a-4eec-af70-adf9c6cc3b97",
        "score": 5,
        "thumbsUpCount": 0,
        "userImage": "https://play-lh.googleusercontent.com/a/ACg8ocJEyjc1AMscUhS-5_o1BxNxsvWksEGalVLgfHK9nFSD=mo",
        "userName": "Aswr Wb"
    },
    {
        "appVersion": null,
        "at": "2023-04-04 01:20:06",
        "content": "Nice",
        "repliedAt": null,
        "replyContent": null,
        "reviewCreatedVersion": null,
        "reviewId": "1e77e173-6b2e-404b-b118-0ed4afbf4dec",
        "score": 4,
        "thumbsUpCount": 2,
        "userImage": "https://play-lh.googleusercontent.com/a/ACg8ocKmgORQK67u2iBOT6paDgxAdDxXJ7C1qyk9zU6qZ_qC=mo",
        "userName": "Kanz Libradilla"
    },
    {
        "appVersion": null,
        "at": "2023-03-29 05:16:21",
        "content": "Is easy to use",
        "repliedAt": null,
        "replyContent": null,
        "reviewCreatedVersion": null,
        "reviewId": "5931d6e6-ffca-487e-b4ed-c70628af9f8b",
        "score": 4,
        "thumbsUpCount": 0,
        "userImage": "https://play-lh.googleusercontent.com/a/ACg8ocIair2koWj1sbLFcCU71hqQNumHrVDDPrdZbxP7buGh=mo",
        "userName": "Ketumile Mosiane"
    },
    {
        "appVersion": "1.2",
        "at": "2023-03-23 03:49:36",
        "content": "Waste of time adds and not getting to the point",
        "repliedAt": null,
        "replyContent": null,
        "reviewCreatedVersion": "1.2",
        "reviewId": "ee9b07a9-0bce-4772-8936-1e3080875541",
        "score": 1,
        "thumbsUpCount": 12,
        "userImage": "https://play-lh.googleusercontent.com/a-/ALV-UjXT9HdezLUpk5nMOB59TmbzThEGA8ptsMdXnIUiyN-6K-c_",
        "userName": "Coenie Van Greuning"
    },
    {
        "appVersion": "1.2",
        "at": "2023-03-20 17:12:51",
        "content": "Didn't unlock mine",
        "repliedAt": null,
        "replyContent": null,
        "reviewCreatedVersion": "1.2",
        "reviewId": "7854d584-9ccb-4de7-b2a2-d24a49e743a0",
        "score": 3,
        "thumbsUpCount": 1,
        "userImage": "https://play-lh.googleusercontent.com/a-/ALV-UjWflIrKczst28s4IjjTy2a2v-ptEq-g77uYF5UyInEo2Ck",
        "userName": "Cassie Wargo"
    },
    {
        "appVersion": "1.2",
        "at": "2023-03-19 23:17:49",
        "content": "The app is fake you have to pay then that's not garrentied.",
        "repliedAt": null,
        "replyContent": null,
        "reviewCreatedVersion": "1.2",
        "reviewId": "9b339e12-c254-4191-ba1b-7f2840d6301f",
        "score": 1,
        "thumbsUpCount": 3,
        "userImage": "https://play-lh.googleusercontent.com/a-/ALV-UjWWCLrN_A-C-SnPAIDsPcBl0lsYKeT37JYTcRGPNypr9Bk",
        "userName": "Teresa Carman"
    },
    {
        "appVersion": "1.2",
        "at": "2023-02-21 09:23:42",
        "content": "Good",
        "repliedAt": null,
        "replyContent": null,
        "reviewCreatedVersion": "1.2",
        "reviewId": "c891fb4f-17d1-48e9-b819-cdf2829edb2f",
        "score": 5,
        "thumbsUpCount": 2,
        "userImage": "https://play-lh.googleusercontent.com/a/ACg8ocIKX7Kyo6uoi6kzK-Tg_vjogNcsOy4PfbOpH9NmTmdB=mo",
        "userName": "Marie Lloyd"
    },
    {
        "appVersion": "1.2",
        "at": "2023-02-14 08:30:15",
        "content": "Unsatisfactory",
        "repliedAt": null,
        "replyContent": null,
        "reviewCreatedVersion": "1.2",
        "reviewId": "dc081fd6-8e8f-4bd1-9eb3-bdb9949c4bed",
        "score": 1,
        "thumbsUpCount": 1,
        "userImage": "https://play-lh.googleusercontent.com/a/ACg8ocJm3RarGhA1CjN1bR9rO120ArSAiYSk91fk0nP5UL2i=mo",
        "userName": "Mariah Rousseau"
    },
    {
        "appVersion": "1.2",
        "at": "2023-02-13 18:17:13",
        "content": "Doesn't work and wants to charge for everything",
        "repliedAt": null,
        "replyContent": null,
        "reviewCreatedVersion": "1.2",
        "reviewId": "97c02a99-39e8-49a5-98c1-e4dbbcb5dfcd",
        "score": 1,
        "thumbsUpCount": 14,
        "userImage": "https://play-lh.googleusercontent.com/a/ACg8ocIqTY7rlRaTXSD9h3vMJOIAYb0N5FnYU3OjiOod-cJ9=mo",
        "userName": "Jackson Gaines"
    }
]