[
    {
        "appVersion": null,
        "at": "2023-10-31 00:09:42",
        "content": "Greg and I were talking about this last night at work and we are planning on doing it on Monday night and will be in touch with you soon",
        "repliedAt": null,
        "replyContent": null,
        "reviewCreatedVersion": null,
        "reviewId": "5980fb1e-103d-482b-b408-699ae0d032c3",
        "score": 5,
        "thumbsUpCount": 0,
        "userImage": "https://play-lh.googleusercontent.com/a/ACg8ocKE8XgLTv9wNi9d-woApL7u99D-kEJBhRjMFKbI5_XV=mo",
        "userName": "Gregory Daniels"
    },
    {
        "appVersion": null,
        "at": "2023-05-11 23:28:22",
        "content": "Connect",
        "repliedAt": null,
        "replyContent": null,
        "reviewCreatedVersion": null,
        "reviewId": "76a67919-ce5b-4dce-a20a-ebc872e15ed6",
        "score": 5,
        "thumbsUpCount": 0,
        "userImage": "https://play-lh.googleusercontent.com/a-/ALV-UjWZj8uWL8jVv-LjUUUEN8vxbM1jj5bGKn1t-9E939REro0",
        "userName": "Press Drop"
    },
    {
        "appVersion": "2.1",
        "at": "2023-02-15 23:27:17",
        "content": "Easy to use, quick,",
        "repliedAt": null,
        "replyContent": null,
        "reviewCreatedVersion": "2.1",
        "reviewId": "8d7c6bf1-5d2d-4af3-9802-98539e4393dd",
        "score": 4,
        "thumbsUpCount": 0,
        "userImage": "https://play-lh.googleusercontent.com/a/ACg8ocKe2ecsgmDFQnfL_D4BXnlYWN1_LU8CbURMzVIQl-KA=mo",
        "userName": "John"
    },
    {
        "appVersion": null,
        "at": "2022-11-06 03:13:14",
        "content": "Hi naif yam",
        "repliedAt": null,
        "replyContent": null,
        "reviewCreatedVersion": null,
        "reviewId": "8375de45-a876-471b-917f-ff24b7bb2dc6",
        "score": 3,
        "thumbsUpCount": 0,
        "userImage": "https://play-lh.googleusercontent.com/a/ACg8ocKxmIy-H7jlLnLyiB951vqikqDozRYvZkVSI3C6Qxx9=mo",
        "userName": "Ali Shah"
    },
    {
        "appVersion": null,
        "at": "2022-09-22 22:37:55",
        "content": "Love",
        "repliedAt": null,
        "replyContent": null,
        "reviewCreatedVersion": null,
        "reviewId": "114ea446-f8d6-4997-ae1c-3b463174f85e",
        "score": 4,
        "thumbsUpCount": 0,
        "userImage": "https://play-lh.googleusercontent.com/a-/ALV-UjWFrUBqrzx1SyJIjQ7cpqB1zLM-08TQmqgHRg8aMVMu5A",
        "userName": "MOEUNG KHNY"
    },
    {
        "appVersion": "1.4",
        "at": "2022-07-23 20:42:27",
        "content": "Not sure why but I got a message saying \"Congratulations Unsuccessfully Paired\" It couldn't connect. Thanks to everyone on the team anyway, I appreciate the work you do. I'm sure the bugs will be worked out soon!",
        "repliedAt": null,
        "replyContent": null,
        "reviewCreatedVersion": "1.4",
        "reviewId": "7e99e68a-0e60-4999-a45d-3f774de473e2",
        "score": 3,
        "thumbsUpCount": 4,
        "userImage": "https://play-lh.googleusercontent.com/a-/ALV-UjVg4lQBGWeTuS43Tvh8-Psz9TZdy8BG-aW7MbhQz3JQRwU",
        "userName": "Tonya Decaney"
    },
    {
        "appVersion": "1.4",
        "at": "2022-07-17 12:00:10",
        "content": "This found my sense Fitbit initially but then no more. Another app helped me to find it and this one still can't find it right in top of it.",
        "repliedAt": null,
        "replyContent": null,
        "reviewCreatedVersion": "1.4",
        "reviewId": "397504b3-1039-40fd-93ce-2a6c53fed30c",
        "score": 2,
        "thumbsUpCount": 4,
        "userImage": "https://play-lh.googleusercontent.com/a-/ALV-UjVsJxWpvYeisMgai1ANxubc1kvp7Xr_4KvNRrbapzNaCcZt",
        "userName": "Paula S"
    },
    {
        "appVersion": null,
        "at": "2022-07-09 12:05:26",
        "content": "Unfortunately it kept crashing anytime I touched a soft button in the app. Galaxy Note 10+, OS updated.",
        "repliedAt": null,
        "replyContent": null,
        "reviewCreatedVersion": null,
        "reviewId": "f97ee5cf-8319-48e0-9571-fb3999d455b1",
        "score": 1,
        "thumbsUpCount": 3,
        "userImage": "https://play-lh.googleusercontent.com/a/ACg8ocJp8EDnzcmrcayo5kgdJCsH2eSbxxY6_rK8eRAAoPFQ=mo",
        "userName": "robert goode"
    }
]