[
    {
        "appVersion": "1.3.6",
        "at": "2023-11-12 21:45:38",
        "content": "l get extra knowledge by this app to draw vehicles\ud83d\udc4d\u2764\ufe0f\ud83d\udcaf\ud83e\udd20",
        "repliedAt": null,
        "replyContent": null,
        "reviewCreatedVersion": "1.3.6",
        "reviewId": "d06b27ae-cc0c-4b3a-8ab9-0c54464bf6fe",
        "score": 5,
        "thumbsUpCount": 0,
        "userImage": "https://play-lh.googleusercontent.com/a/ACg8ocJJiWqdJGWE8TvEaoxmnnOcX8vfnO_eadWEz-yX5EjY=mo",
        "userName": "Dishan Indika"
    },
    {
        "appVersion": "1.3.7",
        "at": "2023-10-24 14:44:23",
        "content": "can u put gtr mclaren",
        "repliedAt": "2023-11-07 00:06:04",
        "replyContent": "Dear User, really appreciate your suggestion. We will consider it and improve our app in the new version. If you have questions or suggestions please contact us at vorevo.apps@gmail.com.",
        "reviewCreatedVersion": "1.3.7",
        "reviewId": "90926c1b-4750-428e-a267-d60737892381",
        "score": 5,
        "thumbsUpCount": 1,
        "userImage": "https://play-lh.googleusercontent.com/a/ACg8ocL38aYVuupEb-Nd7xptsOEqQUs4zLwCzv7sfmJXTPCz=mo",
        "userName": "Dayang Senandung Abang Rahmat"
    },
    {
        "appVersion": null,
        "at": "2023-10-13 14:45:38",
        "content": "cool app",
        "repliedAt": "2023-10-23 07:21:58",
        "replyContent": "Thanks for the review. If you like our app, would you mind rating us 5 stars? That would be very encouraging for us.",
        "reviewCreatedVersion": null,
        "reviewId": "4a4a64d8-01a2-44e0-8c85-e91c958d4333",
        "score": 4,
        "thumbsUpCount": 0,
        "userImage": "https://play-lh.googleusercontent.com/a-/ALV-UjVXKGZCWBoWlds3bAoShTqu0nKGp1V5s7IJOTQyPmEMxGc",
        "userName": "Star Boy"
    },
    {
        "appVersion": "1.3.6",
        "at": "2023-09-20 04:05:31",
        "content": "Nice app ever",
        "repliedAt": "2023-09-26 07:12:26",
        "replyContent": "Hi,\nHappy to hear that you find the app good :)\nPlease let us know the reason behind this low rating at vorevo.apps@gmail.com. We'd be happy to improve our app based on your suggestions.\nThanks!",
        "reviewCreatedVersion": "1.3.6",
        "reviewId": "f5ec2922-edb0-4e9f-9c52-faf6bda8eabb",
        "score": 1,
        "thumbsUpCount": 0,
        "userImage": "https://play-lh.googleusercontent.com/a-/ALV-UjXCK31MPXUw95xswW7bbUrqLJDrrsnLuwTHVc9TgVDv5Q",
        "userName": "Frazer Chinkondenji (Eftee Designer)"
    },
    {
        "appVersion": "1.3.6",
        "at": "2023-09-11 05:22:22",
        "content": "nc",
        "repliedAt": "2023-09-18 19:56:41",
        "replyContent": "Thanks for the 5 star rating. Hope you continue to use our app. If you have any feedback or suggestions, please write to us at vorevo.apps@gmail.com. We would love to hear from you!",
        "reviewCreatedVersion": "1.3.6",
        "reviewId": "b5007cba-fdb4-411e-a9f6-bac5534c2390",
        "score": 5,
        "thumbsUpCount": 0,
        "userImage": "https://play-lh.googleusercontent.com/a/ACg8ocKp3-O7aTs9bLRfoGbxRQIr8NVahi0CrjIYPRfj-CQn=mo",
        "userName": "Shamim Bokth"
    },
    {
        "appVersion": null,
        "at": "2023-09-09 21:04:07",
        "content": "Very good",
        "repliedAt": "2023-09-18 19:56:47",
        "replyContent": "Thanks for the 5 star rating. Hope you continue to use our app. If you have any feedback or suggestions, please write to us at vorevo.apps@gmail.com. We would love to hear from you!",
        "reviewCreatedVersion": null,
        "reviewId": "587290f5-0eb4-4496-b7cd-5b53e63d5bac",
        "score": 5,
        "thumbsUpCount": 0,
        "userImage": "https://play-lh.googleusercontent.com/a/ACg8ocKvKSABRzCjTLJJm0GkFxkw7ki5x48LFFTLYED59j2z=mo",
        "userName": "Nkt Tshuma"
    },
    {
        "appVersion": null,
        "at": "2023-08-21 19:34:47",
        "content": "Excellent",
        "repliedAt": "2023-08-27 04:17:03",
        "replyContent": "Thanks for the 5 star rating. Hope you continue to use our app. If you have any feedback or suggestions, please write to us at vorevo.apps@gmail.com. We would love to hear from you!",
        "reviewCreatedVersion": null,
        "reviewId": "441049ba-2cd7-46fe-9d30-202d76ffdadd",
        "score": 5,
        "thumbsUpCount": 0,
        "userImage": "https://play-lh.googleusercontent.com/a/ACg8ocLW6GavyXoSRu-kMYAhpf9neVPTbWHpPudpRFVHpqqh=mo",
        "userName": "Adamu Kamba"
    },
    {
        "appVersion": "1.3.6",
        "at": "2023-08-21 09:43:48",
        "content": "Nice app ever",
        "repliedAt": "2023-08-27 04:17:33",
        "replyContent": "Thank you! If you enjoy using the app, please rate us 5 stars. It would encourage us to continue improving the app!",
        "reviewCreatedVersion": "1.3.6",
        "reviewId": "0c3e12fb-6610-4196-85ce-1138146c9ed4",
        "score": 4,
        "thumbsUpCount": 2,
        "userImage": "https://play-lh.googleusercontent.com/a/ACg8ocLd8ac4fucaGVHHrGp9Xj8NILKje5_wRFEstS9yc6IH=mo",
        "userName": "Abou Souleymane"
    },
    {
        "appVersion": "1.3.6",
        "at": "2023-08-13 21:07:37",
        "content": "It's dumb. Don't waste your time.",
        "repliedAt": "2023-08-15 09:40:26",
        "replyContent": "We'd love to understand what went wrong with the application. Please email us at vorevo.apps@gmail.com so that we can try to fix it for you.",
        "reviewCreatedVersion": "1.3.6",
        "reviewId": "7ba9c464-d395-4235-9e7c-64dfcf3123f8",
        "score": 1,
        "thumbsUpCount": 0,
        "userImage": "https://play-lh.googleusercontent.com/a/ACg8ocKL_9RMjp9y_6MW8SqhghIGCZtf2F3uONcyTV3sjewA=mo",
        "userName": "Tim Tyler"
    },
    {
        "appVersion": "1.3.6",
        "at": "2023-08-07 19:56:32",
        "content": "it goo",
        "repliedAt": "2023-08-15 09:40:39",
        "replyContent": "Thank you for your support",
        "reviewCreatedVersion": "1.3.6",
        "reviewId": "b532bd20-093d-4b0d-8a89-902482851b59",
        "score": 5,
        "thumbsUpCount": 0,
        "userImage": "https://play-lh.googleusercontent.com/a/ACg8ocKOzF52Bj-5ydJWgh6qjK1FziUVZ0bAP-dE2QSxUrTM=mo",
        "userName": "Mohammed Haddir Suleiman"
    },
    {
        "appVersion": "1.3.6",
        "at": "2023-08-04 08:52:51",
        "content": "Very bad \ud83d\udc4e",
        "repliedAt": "2023-08-05 18:28:51",
        "replyContent": "Sorry to hear this. Is there anything specific we can do to improve? Please write to us at vorevo.apps@gmail.com.",
        "reviewCreatedVersion": "1.3.6",
        "reviewId": "0a62d92b-4e77-4f28-a6a8-3acf6e8e5fe3",
        "score": 1,
        "thumbsUpCount": 0,
        "userImage": "https://play-lh.googleusercontent.com/a/ACg8ocJYPgdOfB-9WvGyCuaqYlB1SiJ1JEdIar3ilfGyAmnl=mo",
        "userName": "Giag King"
    },
    {
        "appVersion": null,
        "at": "2023-08-01 14:43:08",
        "content": "Nice work",
        "repliedAt": "2023-08-05 18:29:05",
        "replyContent": "Dear User, we are happy to know that you found our app useful. Please help us by spreading the word amongst your friends. If you have any feedback or suggestions, please write to us at vorevo.apps@gmail.com. We would love to hear from you!",
        "reviewCreatedVersion": null,
        "reviewId": "822dbade-5593-456f-ba48-95a546b5f1bf",
        "score": 5,
        "thumbsUpCount": 0,
        "userImage": "https://play-lh.googleusercontent.com/a-/ALV-UjU9zX1y02igpFHeUyfexUANF6ohnpOZs3kFBTvHDFQ99g",
        "userName": "Tinashe Museka"
    },
    {
        "appVersion": null,
        "at": "2023-07-12 07:03:28",
        "content": "wonderful",
        "repliedAt": "2023-07-12 11:56:49",
        "replyContent": "Thanks for taking out time to rate us. It really helps us to keep going and delivering the best :)",
        "reviewCreatedVersion": null,
        "reviewId": "7fd92edb-bac1-48c3-ab7d-a79207815a8e",
        "score": 5,
        "thumbsUpCount": 0,
        "userImage": "https://play-lh.googleusercontent.com/a-/ALV-UjXtQiTvF2e1arC47MQ8E6Jd8sr4ZH6LcCLQC_pXTTqD_Q",
        "userName": "Ryan Banks"
    },
    {
        "appVersion": "1.3.5",
        "at": "2023-06-26 23:38:31",
        "content": "osei and Jerry",
        "repliedAt": "2023-06-28 17:51:46",
        "replyContent": "We see that you gave us 1 star. We would like to know if you're having any problem with the app? If you have any suggestion to help us improve, please let us know at vorevo.apps@gmail.com.",
        "reviewCreatedVersion": "1.3.5",
        "reviewId": "71f4d07c-db3a-4f7c-a710-f40ef73f2a16",
        "score": 1,
        "thumbsUpCount": 0,
        "userImage": "https://play-lh.googleusercontent.com/a/ACg8ocJHVM-eHck7rXYY4N6wMKoBNRir4_cwPxEUj7a81BhU=mo",
        "userName": "Osei tutu Kingsley"
    },
    {
        "appVersion": "1.3.5",
        "at": "2023-06-26 03:20:29",
        "content": "Super cool app",
        "repliedAt": "2023-06-26 18:11:49",
        "replyContent": "Thank you for your review. Enjoy the app & keep supporting us :)\nIf you have any feedback or suggestion, you could write to us at vorevo.apps@gmail.com. We would love to hear from you!",
        "reviewCreatedVersion": "1.3.5",
        "reviewId": "68e109c9-0204-442a-b10d-db6bb1f6a0de",
        "score": 5,
        "thumbsUpCount": 2,
        "userImage": "https://play-lh.googleusercontent.com/a/ACg8ocKLUoSW10qM67YRYQaF9JxRFIhRZWwcUm85kDyynqyb=mo",
        "userName": "M. Shahid"
    },
    {
        "appVersion": null,
        "at": "2023-06-11 08:12:01",
        "content": "great app",
        "repliedAt": "2023-06-13 20:03:06",
        "replyContent": "Thank you! If you enjoy using the app, please rate us 5 stars. It would encourage us to continue improving the app!",
        "reviewCreatedVersion": null,
        "reviewId": "1942140b-cb60-4fbd-b5c7-abea42503899",
        "score": 4,
        "thumbsUpCount": 0,
        "userImage": "https://play-lh.googleusercontent.com/a/ACg8ocLRZSLRrSv0cJ0-sc5kMiGUYITA2k6Oo5mkFXlP9vYf=mo",
        "userName": "Bright Chibuzor"
    },
    {
        "appVersion": null,
        "at": "2023-06-08 09:38:03",
        "content": "wow",
        "repliedAt": "2023-06-09 18:04:00",
        "replyContent": "Thanks for your review. Please rate us 5 stars if you feel this app is awesome. If you have encountered any problems, please contact us at vorevo.apps@gmail.com.",
        "reviewCreatedVersion": null,
        "reviewId": "ba77f7f5-234e-4066-a4c1-8c36ba4d9fbf",
        "score": 4,
        "thumbsUpCount": 0,
        "userImage": "https://play-lh.googleusercontent.com/a/ACg8ocJNpQEAK4Zmoor8pXck8dw0jkm2wplVVp4xqh3B1UyO=mo",
        "userName": "Kinzang Jordan Bhai"
    },
    {
        "appVersion": "1.3.4",
        "at": "2023-06-07 14:00:30",
        "content": "love it",
        "repliedAt": "2023-06-09 18:04:16",
        "replyContent": "Dear friend, we are really glad that you like our app. Your support and voice are very important to us.",
        "reviewCreatedVersion": "1.3.4",
        "reviewId": "c81e5639-b600-43c2-8b1f-45f96ea71dd2",
        "score": 5,
        "thumbsUpCount": 0,
        "userImage": "https://play-lh.googleusercontent.com/a/ACg8ocKb8E2-p7tD0mWIr1S5CVG7TUFj1XVThC2-wDK38BeL=mo",
        "userName": "Thandokuhle Dhlamimi"
    },
    {
        "appVersion": "1.3.4",
        "at": "2023-06-04 14:53:27",
        "content": "nice.app",
        "repliedAt": "2023-06-09 18:04:29",
        "replyContent": "Thank you very much. Keep using our app :)",
        "reviewCreatedVersion": "1.3.4",
        "reviewId": "d0ac372d-cde8-456d-a7bb-fcbf2972da8b",
        "score": 5,
        "thumbsUpCount": 0,
        "userImage": "https://play-lh.googleusercontent.com/a/ACg8ocLQ88FV13I1jWh9RETBZU4MeF3HBlzbAOW1HtQeP09Y=mo",
        "userName": "O. G THUG"
    },
    {
        "appVersion": "1.3.4",
        "at": "2023-05-29 13:44:06",
        "content": "it is good",
        "repliedAt": "2023-06-03 19:50:06",
        "replyContent": "Thanks for taking out time to rate us. It really helps us to keep going and delivering the best :)",
        "reviewCreatedVersion": "1.3.4",
        "reviewId": "59794f20-afdf-42e8-9215-5e801c38d586",
        "score": 5,
        "thumbsUpCount": 0,
        "userImage": "https://play-lh.googleusercontent.com/a/ACg8ocI-zWtJ9dfxL0i0LsFywx0SAnnnwc_wlZXz3MgiZOAA=mo",
        "userName": "Baak Akuot"
    },
    {
        "appVersion": "1.3.4",
        "at": "2023-05-28 17:14:30",
        "content": "great",
        "repliedAt": "2023-06-03 19:50:18",
        "replyContent": "Thanks for taking out time to rate us. It really helps us to keep going and delivering the best :)",
        "reviewCreatedVersion": "1.3.4",
        "reviewId": "6918ef73-8f60-45a2-8aa5-e72adcee0e29",
        "score": 5,
        "thumbsUpCount": 0,
        "userImage": "https://play-lh.googleusercontent.com/a/ACg8ocLvCLHM079lwfqk3h6XowRI0eThj-T-acPyfNXSqaZs=mo",
        "userName": "sofiane azouz"
    },
    {
        "appVersion": "1.3.4",
        "at": "2023-05-21 09:15:06",
        "content": "good",
        "repliedAt": "2023-06-03 19:50:28",
        "replyContent": "Thanks a lot for your rating and safe rides :)",
        "reviewCreatedVersion": "1.3.4",
        "reviewId": "52427304-8bfb-41b8-b7f3-b71ce129a3bb",
        "score": 5,
        "thumbsUpCount": 0,
        "userImage": "https://play-lh.googleusercontent.com/a/ACg8ocIlf5WY-HRiWSDjZ6cA9y8eo1tfLMKp882wD8iHcvVv=mo",
        "userName": "Onwuka Philemon"
    },
    {
        "appVersion": "1.3.4",
        "at": "2023-05-12 03:54:53",
        "content": "I wanted to become an automative designer at the age of 3 ,but this app is good to start with.",
        "repliedAt": "2023-05-15 04:53:20",
        "replyContent": "Thank you so much for taking the time to leave us a 5-star review.",
        "reviewCreatedVersion": "1.3.4",
        "reviewId": "1194e64e-b579-4c5a-9c66-c6dc0935099f",
        "score": 5,
        "thumbsUpCount": 6,
        "userImage": "https://play-lh.googleusercontent.com/a/ACg8ocKAQf5ySCQC_FIsrQ5_lYzVRsae3G-elKlwR4wp9TM-=mo",
        "userName": "Naka Olive"
    },
    {
        "appVersion": "1.3.4",
        "at": "2023-05-07 15:56:29",
        "content": "nice",
        "repliedAt": "2023-05-10 19:44:55",
        "replyContent": "Thank you for your support.",
        "reviewCreatedVersion": "1.3.4",
        "reviewId": "d5fb2a21-2d79-43ae-add5-0d51266f5b41",
        "score": 5,
        "thumbsUpCount": 0,
        "userImage": "https://play-lh.googleusercontent.com/a-/ALV-UjVHwbRYZbSComEGfrdZ_vblxi7eYbFcU__1OtpKoD0DsQ",
        "userName": "Tar Tar Lin"
    },
    {
        "appVersion": "1.3.4",
        "at": "2023-05-06 04:15:54",
        "content": "good",
        "repliedAt": "2023-05-10 19:45:10",
        "replyContent": "Thanks a lot for your rating and safe rides :)",
        "reviewCreatedVersion": "1.3.4",
        "reviewId": "388de533-0581-4236-9bc6-deffb15a54bb",
        "score": 5,
        "thumbsUpCount": 0,
        "userImage": "https://play-lh.googleusercontent.com/a/ACg8ocLAdXzAj55gMvcOlaBC3Z2O-oAHAftoh1jKHzWHlef6=mo",
        "userName": "Tobiloba Afeez"
    },
    {
        "appVersion": "1.3.4",
        "at": "2023-05-02 18:07:08",
        "content": "it's my dream to be a car designer and these sketches are of great help to me",
        "repliedAt": "2023-05-10 19:45:31",
        "replyContent": "Thanks for your review! Please recommend our app to your friends, and don\u2019t hesitate to shoot us a note at vorevo.apps@gmail.com if you have any questions.",
        "reviewCreatedVersion": "1.3.4",
        "reviewId": "ff456389-d1bb-468e-864a-c3cff8196d3d",
        "score": 5,
        "thumbsUpCount": 3,
        "userImage": "https://play-lh.googleusercontent.com/a/ACg8ocLullh2Gtqsaa_0haapL05-1xIFWLMMwoNU2c_sAcST=mo",
        "userName": "Allen Gweh"
    },
    {
        "appVersion": "1.3.4",
        "at": "2023-04-03 01:20:58",
        "content": "good game",
        "repliedAt": "2023-04-03 10:38:35",
        "replyContent": "If you like the app, please give us more stars. Also, let us know if you have any suggestions for improvement at vorevo.apps@gmail.com.",
        "reviewCreatedVersion": "1.3.4",
        "reviewId": "79c157c7-be01-430f-a143-fdef2f41480f",
        "score": 3,
        "thumbsUpCount": 1,
        "userImage": "https://play-lh.googleusercontent.com/a/ACg8ocK5vWrPTSohRCiANR_MTZh-thKxod3v66bM0d1yXPMJ=mo",
        "userName": "Dhruv Kundu"
    },
    {
        "appVersion": "1.3.4",
        "at": "2023-03-16 14:30:02",
        "content": "Bad",
        "repliedAt": "2023-03-23 02:43:28",
        "replyContent": "Sorry to hear this. Is there anything specific we can do to improve? Please write to us at vorevo.apps@gmail.com.",
        "reviewCreatedVersion": "1.3.4",
        "reviewId": "6acf6c1d-3293-444e-bd5d-76d05e9184b5",
        "score": 1,
        "thumbsUpCount": 1,
        "userImage": "https://play-lh.googleusercontent.com/a-/ALV-UjV6wPrv6GWvHbBhrTZLnL605zP0ohVfZNvjm-yQWmSS5dQ",
        "userName": "Faizan samoon mohamed"
    },
    {
        "appVersion": null,
        "at": "2023-02-21 04:57:15",
        "content": "Hood Good soooooooo goood",
        "repliedAt": "2023-02-21 19:00:34",
        "replyContent": "Thanks for taking out time to rate us. It really helps us to keep going and delivering the best :)",
        "reviewCreatedVersion": null,
        "reviewId": "3a640ded-a406-46e1-8528-f0002e0491e2",
        "score": 5,
        "thumbsUpCount": 0,
        "userImage": "https://play-lh.googleusercontent.com/a-/ALV-UjVfPQ_izGKK9vc_0VRD7se-A2R5EJyFxibr2iFBP5wmBA",
        "userName": "Luisemiel Miel"
    },
    {
        "appVersion": "1.3.4",
        "at": "2023-02-02 02:08:55",
        "content": "Literally just shows pictures of car sketches",
        "repliedAt": "2023-02-02 02:39:28",
        "replyContent": "Dear User, really appreciate your suggestion. We will consider it and improve our app in the new version. If you have questions or suggestions please contact us at vorevo.apps@gmail.com.",
        "reviewCreatedVersion": "1.3.4",
        "reviewId": "8d07d7c1-1c3e-4b85-9346-65b05c2c2dce",
        "score": 1,
        "thumbsUpCount": 2,
        "userImage": "https://play-lh.googleusercontent.com/a-/ALV-UjX_b_xs0jTj8bpvlG6g5nlA2qq5Sxw0XwPFJzuwHfO9YH4",
        "userName": "Paxton Beam"
    }
]