[
    {
        "appVersion": "1.5.8",
        "at": "2023-11-19 00:07:57",
        "content": "Great app provided by Colorado tax payers.",
        "repliedAt": null,
        "replyContent": null,
        "reviewCreatedVersion": "1.5.8",
        "reviewId": "00014d2f-3136-4186-860b-c263ca370d4f",
        "score": 5,
        "thumbsUpCount": 0,
        "userImage": "https://play-lh.googleusercontent.com/a-/ALV-UjXve5uVp8Alq_4fGjMRnGr0QZs9wems6wum6qhvcGPe1Scj",
        "userName": "Dave Rumsey"
    },
    {
        "appVersion": "1.5.8",
        "at": "2023-10-28 21:24:13",
        "content": "Inaccurate tracking, I try to trim my trips because it think I start in the road as the straight line to trail head so I try to trim but app crashes Everytime. Garbage, only use to find trail heads and get direction. If you need an app to track position and average speed try Strava or reverr",
        "repliedAt": null,
        "replyContent": null,
        "reviewCreatedVersion": "1.5.8",
        "reviewId": "67bfe68b-48ba-4cc2-8fd8-3183aea8c02a",
        "score": 2,
        "thumbsUpCount": 0,
        "userImage": "https://play-lh.googleusercontent.com/a-/ALV-UjXGLEwyPCTJrfrYY3lKIr5f3syR1PttErwS8Gy8QzlHLXU",
        "userName": "Joe Berardis"
    },
    {
        "appVersion": "1.5.4",
        "at": "2023-09-02 12:06:26",
        "content": "Awesome app from the CO gov, super helpful to find trails nearby!",
        "repliedAt": null,
        "replyContent": null,
        "reviewCreatedVersion": "1.5.4",
        "reviewId": "144b496c-5d49-40e2-a6df-eb72eeb2abcb",
        "score": 5,
        "thumbsUpCount": 0,
        "userImage": "https://play-lh.googleusercontent.com/a-/ALV-UjWXq0_88ePErY9RjDgpCVUk_-n-tWTEUO0qUaVte6c9JMM",
        "userName": "William Brawner"
    },
    {
        "appVersion": "1.5.4",
        "at": "2023-08-16 01:10:18",
        "content": "+ Easy to track routes or make your own after the fact or as planing Downloadable maps is awesome Great info on all the trails I know of Elevation gain and loss (when it works) Free - Had to reinstall because it couldn't find my location Doesn't say trail difficulty. Would be a major plus for mountain biking Elevation gain/loss is buggy. By definition if I travel on a loop they should be equal but one is often several hundred feet off from the other Sometimes can't figure out that trails connect",
        "repliedAt": null,
        "replyContent": null,
        "reviewCreatedVersion": "1.5.4",
        "reviewId": "eee99008-281a-48b7-a8e7-5145009e8795",
        "score": 4,
        "thumbsUpCount": 3,
        "userImage": "https://play-lh.googleusercontent.com/a-/ALV-UjU81VQ02Dkq0q-2iiFif204t5mEsW1wN67-K_U2ogZZjtw",
        "userName": "Maggie Michalowski"
    },
    {
        "appVersion": "1.5.4",
        "at": "2023-08-05 19:30:56",
        "content": "Outdated: no 104th Mayhoffer Coal Creek Trail/Stearns Lake connector, no Sheridan bikeway underpass. (See OpenStreetMap) No support for SD/external storage",
        "repliedAt": null,
        "replyContent": null,
        "reviewCreatedVersion": "1.5.4",
        "reviewId": "1703f9bd-d050-4033-88d5-0eafd43da414",
        "score": 3,
        "thumbsUpCount": 0,
        "userImage": "https://play-lh.googleusercontent.com/a/ACg8ocK3lFKmn-XAj2TQjnZ7BODJ_52vls73PYq1hcO36Wc=mo",
        "userName": "Doug Grinbergs"
    },
    {
        "appVersion": "1.5.4",
        "at": "2023-06-23 10:35:46",
        "content": "Use this app all the time in the back country. Love how well it tracks and its accuracy.",
        "repliedAt": null,
        "replyContent": null,
        "reviewCreatedVersion": "1.5.4",
        "reviewId": "328b2436-a30c-4781-a805-cede9211254b",
        "score": 5,
        "thumbsUpCount": 0,
        "userImage": "https://play-lh.googleusercontent.com/a-/ALV-UjUY5HXmvziavznx_CZZilxymoQNVfOn9sZW_J3ZlBOMOVY",
        "userName": "Kescolorado"
    },
    {
        "appVersion": "1.5.4",
        "at": "2023-06-20 21:20:09",
        "content": "This application is perfect for my wife and I to find bike trails anywhere in Colorado. Great application!",
        "repliedAt": null,
        "replyContent": null,
        "reviewCreatedVersion": "1.5.4",
        "reviewId": "87b55ca4-72dc-47d6-b031-ecebf0577bb9",
        "score": 5,
        "thumbsUpCount": 0,
        "userImage": "https://play-lh.googleusercontent.com/a/ACg8ocIk5QjWZdd0Zwb52-YWnRi6TFR2ha4F83C6x8AEe26Y=mo",
        "userName": "Roger Morgan"
    },
    {
        "appVersion": "1.5.4",
        "at": "2023-05-04 12:29:33",
        "content": "Good app for OHV riding but needs updating as not all trails match what is on the official MVUM from the USFS.",
        "repliedAt": null,
        "replyContent": null,
        "reviewCreatedVersion": "1.5.4",
        "reviewId": "b9bad62b-bcd5-400e-a5de-17ffbfb2f0c0",
        "score": 4,
        "thumbsUpCount": 0,
        "userImage": "https://play-lh.googleusercontent.com/a-/ALV-UjV4RR_IpPtj-8Wz2hJ1zC2TzueqQ9AwYDMOTo7X1oLTnrSj",
        "userName": "nate pittock"
    },
    {
        "appVersion": "1.5.4",
        "at": "2023-04-20 23:32:44",
        "content": "I use this every time I hike!",
        "repliedAt": null,
        "replyContent": null,
        "reviewCreatedVersion": "1.5.4",
        "reviewId": "204e6c8c-5279-4093-9759-0c853db7e5d8",
        "score": 5,
        "thumbsUpCount": 0,
        "userImage": "https://play-lh.googleusercontent.com/a-/ALV-UjXYiJI6OQqlUMpWNW7JEEA4Cvpuk3YryR-b4XlwJvN8nQ",
        "userName": "C Ray"
    },
    {
        "appVersion": "1.5.4",
        "at": "2023-04-12 13:01:03",
        "content": "UPDATE: one-star since I found out it sends MY GPS COORDINATES to Twitter and BugSnag. ///// I'd give this app six stars if I could! Fantastic for planning hikes with all kinds of goals- scenic, waterfalls, wildlife, etc. Can also filter on distance and altitude change, difficulty, etc. Fantastic app!!",
        "repliedAt": null,
        "replyContent": null,
        "reviewCreatedVersion": "1.5.4",
        "reviewId": "c63ca484-ae70-4737-8661-fa3ebd00833a",
        "score": 1,
        "thumbsUpCount": 9,
        "userImage": "https://play-lh.googleusercontent.com/a-/ALV-UjXVmVHI7wyJXxNewIGpeJ0jqjKjBFmOT91jVdPkpq02RDfq",
        "userName": "S J"
    },
    {
        "appVersion": "1.5.2",
        "at": "2023-01-09 17:15:08",
        "content": "F zone xf d s d9d bf the site at 7a8f9 ah c x c cxxx'x9gx da a",
        "repliedAt": null,
        "replyContent": null,
        "reviewCreatedVersion": "1.5.2",
        "reviewId": "061507f1-b68c-4b78-b3c4-2eca050d5f96",
        "score": 5,
        "thumbsUpCount": 0,
        "userImage": "https://play-lh.googleusercontent.com/a/ACg8ocJXN_QctRHG-C3HYbtGCf9ceckF9lVGTP2gLNa6Uw-n=mo",
        "userName": "Matthew Dang"
    },
    {
        "appVersion": "1.5.4",
        "at": "2022-11-14 11:30:57",
        "content": "Good features... but code is buggy... within a few minutes of turning this on, the phone gets ridiculously warm and I have to assume its sucking the battery dry at that point.",
        "repliedAt": null,
        "replyContent": null,
        "reviewCreatedVersion": "1.5.4",
        "reviewId": "c5d7b94b-9e62-46f0-aa7b-f768b8900f6b",
        "score": 3,
        "thumbsUpCount": 1,
        "userImage": "https://play-lh.googleusercontent.com/a-/ALV-UjXYwRvrYpyD-9QEyacYUBsIRvUEltLEFJjmej2ZH_6BdTw",
        "userName": "Smith John"
    },
    {
        "appVersion": "1.5.3",
        "at": "2022-10-08 16:46:27",
        "content": "Tracks your location data and can use it legally against you...",
        "repliedAt": null,
        "replyContent": null,
        "reviewCreatedVersion": "1.5.3",
        "reviewId": "5c2d3dc5-8482-4377-8553-cb6316d48170",
        "score": 1,
        "thumbsUpCount": 0,
        "userImage": "https://play-lh.googleusercontent.com/a-/ALV-UjXiFPW00OzANqdYvv2y-iC9rc42YydwUqqZlmhn4wRQwuM",
        "userName": "Benjamin Bain"
    },
    {
        "appVersion": "1.5.3",
        "at": "2022-09-16 19:18:31",
        "content": "Really needs a highway-legal vehicle option in the activity filter. Other than that, works pretty well.",
        "repliedAt": null,
        "replyContent": null,
        "reviewCreatedVersion": "1.5.3",
        "reviewId": "4aab87ab-2664-41ce-b84c-c2acfac44145",
        "score": 3,
        "thumbsUpCount": 0,
        "userImage": "https://play-lh.googleusercontent.com/a-/ALV-UjVzc7Ijt-AFf6AJVTG6PWLF5ce-_yh_T1R1XVPnpN3bCrI",
        "userName": "Dallas Van Wyk"
    },
    {
        "appVersion": "1.5.3",
        "at": "2022-09-08 03:25:22",
        "content": "Brilliant, best offline trail mapping and navigation app, and it is free.",
        "repliedAt": null,
        "replyContent": null,
        "reviewCreatedVersion": "1.5.3",
        "reviewId": "3e66cb67-6ad4-4343-9297-eb1652cc8f33",
        "score": 5,
        "thumbsUpCount": 0,
        "userImage": "https://play-lh.googleusercontent.com/a-/ALV-UjVAHaivlqIzQYYvROhJyLv0s_uk3a82cE1ipoGTLBu2ov3j",
        "userName": "Andy George"
    },
    {
        "appVersion": "1.5.3",
        "at": "2022-08-25 11:57:50",
        "content": "Please add landscape mode and zoom in/out buttons for better use when wearing gloves.",
        "repliedAt": null,
        "replyContent": null,
        "reviewCreatedVersion": "1.5.3",
        "reviewId": "52319076-5467-41fa-833a-ec92bc10c4ff",
        "score": 4,
        "thumbsUpCount": 0,
        "userImage": "https://play-lh.googleusercontent.com/a-/ALV-UjUvlBkX3_INiF96IZqO3db3PF_zarTr-8CO8W8yzBvDN75J",
        "userName": "Mo Re"
    },
    {
        "appVersion": "1.5.3",
        "at": "2022-08-23 14:56:42",
        "content": "This is a fantastic app. Beautiful topo, measurement tool, custom routes, filter by activity type, snapping to routes, one stop shop for all different trails from different jurisdictions. Well done!",
        "repliedAt": null,
        "replyContent": null,
        "reviewCreatedVersion": "1.5.3",
        "reviewId": "8b8773e2-9f6f-491e-a9dc-c9403a808b5b",
        "score": 5,
        "thumbsUpCount": 0,
        "userImage": "https://play-lh.googleusercontent.com/a-/ALV-UjXk4-GrjPEKBj_TStrg7KRL9xO8nb89Fy2KYVURvESfqA8n",
        "userName": "Benjamin White"
    },
    {
        "appVersion": "1.5.3",
        "at": "2022-08-05 00:19:28",
        "content": "This app literally saved me. I was able to use the app offline, determine my exact position, have it point me in the right direction, and send me to the closest trail. I was able to use the app at 10 p.m., when there wasn't any light at all because of the clouds, and it kept me and my gf on trail all the way back to our car. Many, many thanks!!!",
        "repliedAt": null,
        "replyContent": null,
        "reviewCreatedVersion": "1.5.3",
        "reviewId": "8cde9ee7-dc93-461b-bc7b-d6e99794dc52",
        "score": 5,
        "thumbsUpCount": 5,
        "userImage": "https://play-lh.googleusercontent.com/a/ACg8ocLXjPbEUD3V09lfPKYaxOdA14YtWfO-5dvvqSTV8Toz=mo",
        "userName": "Fred Faithful"
    },
    {
        "appVersion": "1.5.3",
        "at": "2022-07-22 19:14:33",
        "content": "Although not perfect it's an awesome application",
        "repliedAt": null,
        "replyContent": null,
        "reviewCreatedVersion": "1.5.3",
        "reviewId": "3756727d-a299-4077-b154-c93ee1efb8c2",
        "score": 4,
        "thumbsUpCount": 0,
        "userImage": "https://play-lh.googleusercontent.com/a-/ALV-UjWOUdOX10TWcGrBqEyZ4zr5HxA4nIvsx05TW72_-LaERWY",
        "userName": "Colton Garrett"
    },
    {
        "appVersion": "1.5.3",
        "at": "2022-07-22 12:26:37",
        "content": "I wish every state had this!!!",
        "repliedAt": null,
        "replyContent": null,
        "reviewCreatedVersion": "1.5.3",
        "reviewId": "ab88964b-162c-4841-8931-53b70edc256c",
        "score": 5,
        "thumbsUpCount": 1,
        "userImage": "https://play-lh.googleusercontent.com/a-/ALV-UjVLm_2GcMGPh_zRGlznXV4LUwgl1jYGZazknEzRsdRyWr4",
        "userName": "Jessica Frick"
    },
    {
        "appVersion": "1.5.3",
        "at": "2022-07-12 15:24:16",
        "content": "It's very informative, easy to use.",
        "repliedAt": null,
        "replyContent": null,
        "reviewCreatedVersion": "1.5.3",
        "reviewId": "dac60ebe-154f-4662-8f33-45f3d425a6b6",
        "score": 5,
        "thumbsUpCount": 1,
        "userImage": "https://play-lh.googleusercontent.com/a-/ALV-UjXlxj2FsYkZPfZpLiooVTR0XRoTBVtrcmShOCN1Xv80MAw",
        "userName": "Bill Isherwood Jr."
    },
    {
        "appVersion": "1.5.3",
        "at": "2022-06-24 19:55:16",
        "content": "well designed app, but it's got a few bugs 1) when your vehicle goes off the map it does not recenter the map, so you have to manually do it. sketchy when you're 4x4 driving. 2) it's a bummer I can't go back & add campsites or parking lots to a map track I saved. you can edit a few things, but you should be able to go & add more \"field notes\" you couldn't do real time. 3) \"keep screen on\" is finicky. I had to toggle on/off 2-3x to get it to stick. 4) no running \"activity\"?",
        "repliedAt": null,
        "replyContent": null,
        "reviewCreatedVersion": "1.5.3",
        "reviewId": "cf3bcacc-c87b-49fb-95df-f87be611f67b",
        "score": 4,
        "thumbsUpCount": 16,
        "userImage": "https://play-lh.googleusercontent.com/a-/ALV-UjVzr28jCsEUwi0dQgVyQEI3ZynK2aZLbJyaqIKHXgWI4wY",
        "userName": "Kevin Gillotti"
    },
    {
        "appVersion": null,
        "at": "2022-06-21 11:17:14",
        "content": "Absolutely amazing. By *far* the best trail app for Colorado. I would pay good money for something of similar quality with coverage of other states.",
        "repliedAt": null,
        "replyContent": null,
        "reviewCreatedVersion": null,
        "reviewId": "3fa4edd3-2a87-4dbb-ad2f-3874f43ccef3",
        "score": 5,
        "thumbsUpCount": 1,
        "userImage": "https://play-lh.googleusercontent.com/a-/ALV-UjX8EzJebNesbTxhsaIHQo-HMPHE0yP85ILt7EVOOLAcGAs",
        "userName": "Ben Spitz"
    },
    {
        "appVersion": "1.5.3",
        "at": "2022-05-27 18:07:10",
        "content": "Does a good job of selected trail closure/opening notification. Map is descent enough for trail hiking. Overall, I'm a user and satisfied with it. Edit: Be advised that the app is a resource hog, 43%/hr of my 3300 mAH of my smartphone battery. Only will use at home, not in the hills.",
        "repliedAt": null,
        "replyContent": null,
        "reviewCreatedVersion": "1.5.3",
        "reviewId": "c7f91727-ec74-466a-9079-de48490e0ff7",
        "score": 3,
        "thumbsUpCount": 2,
        "userImage": "https://play-lh.googleusercontent.com/a-/ALV-UjXR7sq32KWkQent5RuICanQBu1pmw8tqJ_7pbYIZcm5384",
        "userName": "14er54"
    },
    {
        "appVersion": "1.5.3",
        "at": "2022-05-27 13:32:03",
        "content": "Four wheeling all over Colorado. This app will track you pretty flawlessly. It has a hard time picking up a signal if you turn it on in the middle of nowhere but if you turn it on when you have a signal it will do fine.",
        "repliedAt": null,
        "replyContent": null,
        "reviewCreatedVersion": "1.5.3",
        "reviewId": "16d17fe9-7f99-40b9-b2aa-53198bcde357",
        "score": 5,
        "thumbsUpCount": 1,
        "userImage": "https://play-lh.googleusercontent.com/a/ACg8ocItdaIGeT_Me7C9AC-B6VMELquMnQobiCxlfSqRpn-Z=mo",
        "userName": "Daniel Gosnell"
    },
    {
        "appVersion": "1.5.3",
        "at": "2022-05-14 13:26:17",
        "content": "The only app I could count on in the backcountry of Rocky Mountain National Park!",
        "repliedAt": null,
        "replyContent": null,
        "reviewCreatedVersion": "1.5.3",
        "reviewId": "4642d145-700b-4038-bae1-736cb804bdc1",
        "score": 5,
        "thumbsUpCount": 0,
        "userImage": "https://play-lh.googleusercontent.com/a-/ALV-UjVGzUulB6pW-Ddx1Ew36WCBF9BJNMgbEhBLO1vEjXcQOHpo",
        "userName": "Samantha Sheehy"
    },
    {
        "appVersion": "1.5.2",
        "at": "2022-04-27 17:29:42",
        "content": "I'm brand new to this app. Do you have a tutorial to help me understand it. Thank you.",
        "repliedAt": null,
        "replyContent": null,
        "reviewCreatedVersion": "1.5.2",
        "reviewId": "4a7197cb-8723-46b9-ad78-d46c76c7a912",
        "score": 1,
        "thumbsUpCount": 0,
        "userImage": "https://play-lh.googleusercontent.com/a/ACg8ocJ-Cyk8t2cW6Dn0s975L1EGLqR2_JTVwGsF90IllsZ7=mo",
        "userName": "Mari Davis"
    },
    {
        "appVersion": "1.5.2",
        "at": "2022-04-11 01:38:52",
        "content": "Good app",
        "repliedAt": null,
        "replyContent": null,
        "reviewCreatedVersion": "1.5.2",
        "reviewId": "418c9cf1-d59b-4325-8b5b-52c20421a450",
        "score": 5,
        "thumbsUpCount": 0,
        "userImage": "https://play-lh.googleusercontent.com/a/ACg8ocLzSYl8V5F3O9gLvhwJD3WZ0pUCqaZdV91qXUMXn3xy=mo",
        "userName": "Walter Awe"
    },
    {
        "appVersion": "1.5.2",
        "at": "2022-03-20 15:11:57",
        "content": "This app is fantastic except for a fatal flaw that drops it from 5 stars to 1. When the app is not in the foreground for more than 5 minutes, route recording pauses. This makes it basically worthless for tracking activities because using your camera without switching back to the app results in your recording stopping and you miss the rest of your activity (or until you manually reopen the app and resume recording). Once this issue is fixed, I won't use anything else.",
        "repliedAt": null,
        "replyContent": null,
        "reviewCreatedVersion": "1.5.2",
        "reviewId": "6aad0a20-79c4-4dc8-8c6c-6bd1e6ed0b81",
        "score": 1,
        "thumbsUpCount": 22,
        "userImage": "https://play-lh.googleusercontent.com/a-/ALV-UjVOlcScLZxFmeQnE_9TNECtgV67dSyU2GB92WzT5WcaDm8t",
        "userName": "Justin Wild"
    },
    {
        "appVersion": "1.5.1",
        "at": "2022-02-26 23:35:32",
        "content": "Seems like someone did their job right.",
        "repliedAt": null,
        "replyContent": null,
        "reviewCreatedVersion": "1.5.1",
        "reviewId": "7c660132-e4d6-47ab-9768-567a3ebef2fc",
        "score": 5,
        "thumbsUpCount": 0,
        "userImage": "https://play-lh.googleusercontent.com/a-/ALV-UjVe2Yon8_Z6HU4l8X5jyug1GYinIRbFF7_2yighLMZoQj8",
        "userName": "Action Pat"
    },
    {
        "appVersion": "1.5.1",
        "at": "2022-02-24 18:33:01",
        "content": "Absolutely the best map, trail, track app. AWESOME!",
        "repliedAt": null,
        "replyContent": null,
        "reviewCreatedVersion": "1.5.1",
        "reviewId": "cfb28fd1-1a4f-46ad-93bc-805d84e75e4e",
        "score": 5,
        "thumbsUpCount": 0,
        "userImage": "https://play-lh.googleusercontent.com/a/ACg8ocJRpp6h1EPfYvMSy6yD129TuruowTMyNYmXTv3kBaAW=mo",
        "userName": "Barry McCockiner"
    },
    {
        "appVersion": "1.5.1",
        "at": "2022-02-20 14:26:55",
        "content": "Great app. Can even keep you safe or save your life! Download the maps before you head to the back country",
        "repliedAt": null,
        "replyContent": null,
        "reviewCreatedVersion": "1.5.1",
        "reviewId": "3b201e40-1971-427e-b87b-a77a924248d4",
        "score": 5,
        "thumbsUpCount": 1,
        "userImage": "https://play-lh.googleusercontent.com/a-/ALV-UjV6zUFoNYEDo31qJC6dKZCeITtCkUSZ3VWSYNBWqiAc4bO8",
        "userName": "Joe Montemayor"
    },
    {
        "appVersion": "1.5.1",
        "at": "2022-02-07 20:46:39",
        "content": "Good navigation app especially given that it's free with no ads. Using for Nordic ski trips this season. I have noticed accumulated trip mileage seems to be off by about 10%. Accumulated elevation gain is off by about 40%.",
        "repliedAt": null,
        "replyContent": null,
        "reviewCreatedVersion": "1.5.1",
        "reviewId": "7dc6a224-a58c-45c2-9e48-8540f430ab7f",
        "score": 4,
        "thumbsUpCount": 1,
        "userImage": "https://play-lh.googleusercontent.com/a/ACg8ocLDRlvXDE4YYwqwUrDRGHFWxgIoJWuRrJ5s5EH2KngI=mo",
        "userName": "robert ahl"
    },
    {
        "appVersion": "1.5.1",
        "at": "2022-02-07 15:38:10",
        "content": "Looks like it's got potential, but no tutorial for all it's theoretical capabilities makes it nearly useless. I'll stick with GAIA GPS. At least you can find many tutorials for gaiagps which show the full potential for the program.",
        "repliedAt": null,
        "replyContent": null,
        "reviewCreatedVersion": "1.5.1",
        "reviewId": "a644d556-9369-46d6-a431-5dd4d589948d",
        "score": 1,
        "thumbsUpCount": 1,
        "userImage": "https://play-lh.googleusercontent.com/a/ACg8ocLPwC3oddJw-K2TXInqvZE8g4sSGVU_WHb1X1bP-Cat=mo",
        "userName": "jridge16 x"
    },
    {
        "appVersion": "1.5.1",
        "at": "2021-12-09 18:18:31",
        "content": "Saved me a couple of times. Works offline.",
        "repliedAt": null,
        "replyContent": null,
        "reviewCreatedVersion": "1.5.1",
        "reviewId": "e35fdccf-b264-4ed6-8d06-9100480afcec",
        "score": 5,
        "thumbsUpCount": 0,
        "userImage": "https://play-lh.googleusercontent.com/a-/ALV-UjWFiEC2JEJCToMRtZPtQzAfyOofgzpB1TpWFiG6nlcqXg",
        "userName": "E3ECO"
    },
    {
        "appVersion": "1.5.1",
        "at": "2021-11-25 22:29:47",
        "content": "App works well and download maps is great in rural locations. But I can't download maps to my SD card and it is overloading my phone.",
        "repliedAt": null,
        "replyContent": null,
        "reviewCreatedVersion": "1.5.1",
        "reviewId": "f14ca961-7f49-4a45-850f-68b7d3d61bec",
        "score": 4,
        "thumbsUpCount": 0,
        "userImage": "https://play-lh.googleusercontent.com/a/ACg8ocJYtg4RzMC_if1YtFOAjP70Rj9jBnBV5y6IM6CmzvqfyQg=mo",
        "userName": "Adam Birchfield"
    },
    {
        "appVersion": "1.5.1",
        "at": "2021-10-04 12:54:34",
        "content": "Every state needs an app like this. Colorado did well on this one.",
        "repliedAt": null,
        "replyContent": null,
        "reviewCreatedVersion": "1.5.1",
        "reviewId": "0471b0e1-74ab-4ebe-bca6-93c8f49ae623",
        "score": 5,
        "thumbsUpCount": 0,
        "userImage": "https://play-lh.googleusercontent.com/a-/ALV-UjXWcGoviB57aPFkWpV0udLcyfhr2HL1euz3qq9W-4oz1mA",
        "userName": "David Spear"
    },
    {
        "appVersion": "1.5.1",
        "at": "2021-09-30 12:46:02",
        "content": "I Just discovered this app a few days ago, and I love it. The only thing I can currently think to improve is to add the ability to rate and review trails.",
        "repliedAt": null,
        "replyContent": null,
        "reviewCreatedVersion": "1.5.1",
        "reviewId": "8d994e74-4952-463c-bc7c-869406de94b2",
        "score": 5,
        "thumbsUpCount": 4,
        "userImage": "https://play-lh.googleusercontent.com/a/ACg8ocL-ermGJfKVm7O8IHXiyi6Zlvo9tBpkgfAWLl0b0LMI=mo",
        "userName": "Alex"
    },
    {
        "appVersion": "1.5.1",
        "at": "2021-09-26 00:46:41",
        "content": "Great for Planning Your Hiking! I like the ability to save custom routes. I use it to pre-plan hikes by evaluating the distance and elevation gain. I also use it to adjust my route by checking distance and elevation gain of alternate routes. See you on the trail! #ColoMountaineer #HikingColorado 9/25/2021 - I'm still enjoying the app. It drains battery down when recording, but so do other fitness trackers. I use it to plan hikes, look at routes, navigating, etc. I rely on my Garmin for stats.",
        "repliedAt": null,
        "replyContent": null,
        "reviewCreatedVersion": "1.5.1",
        "reviewId": "24d5ab85-a5b8-4390-8a8f-fa1fc9b72dee",
        "score": 5,
        "thumbsUpCount": 8,
        "userImage": "https://play-lh.googleusercontent.com/a-/ALV-UjX0w9fjGXWGf1l-TSPevsW8a1AQXHq3jM-xNuANLjW-t1I",
        "userName": "TJ Burr"
    },
    {
        "appVersion": "1.5.1",
        "at": "2021-09-12 11:36:37",
        "content": "Great overview of trails and trailheads. Tracking is spot on so you won't get lost!",
        "repliedAt": null,
        "replyContent": null,
        "reviewCreatedVersion": "1.5.1",
        "reviewId": "d3fa4396-35f8-44e4-b40a-bd993c8f54fc",
        "score": 5,
        "thumbsUpCount": 2,
        "userImage": "https://play-lh.googleusercontent.com/a-/ALV-UjVGbVkfcysYOpZhJrVV9gAxEw-1K0UMmhbha226Poo3aZw",
        "userName": "Matt Manternach"
    },
    {
        "appVersion": "1.5.1",
        "at": "2021-09-09 21:38:31",
        "content": "Great app",
        "repliedAt": null,
        "replyContent": null,
        "reviewCreatedVersion": "1.5.1",
        "reviewId": "804b2a62-1e63-4ba5-9fe4-ee270167c1f1",
        "score": 5,
        "thumbsUpCount": 0,
        "userImage": "https://play-lh.googleusercontent.com/a/ACg8ocLEEw6zLBsT5iYXlCAWjZGUugLAHLJBCS7ZDBbADmdt=mo",
        "userName": "Shelby Erickson"
    },
    {
        "appVersion": "1.5.1",
        "at": "2021-09-05 17:30:52",
        "content": "I really like being able to track my hikes and how it gives length, ascent and descent. But the last update got rid of the tagging friends option, which I used almost every time I log a hike.",
        "repliedAt": null,
        "replyContent": null,
        "reviewCreatedVersion": "1.5.1",
        "reviewId": "517b6ab7-4f8d-4b5a-af61-a01ea1df6b55",
        "score": 3,
        "thumbsUpCount": 3,
        "userImage": "https://play-lh.googleusercontent.com/a-/ALV-UjVkC-TNSLB5VTiaHw8BfOqngsxWhzS9ixyeK_cIV7jlt52o",
        "userName": "Aubrey Hubbard"
    },
    {
        "appVersion": "1.5.1",
        "at": "2021-08-29 23:21:21",
        "content": "3 years after release this CPW partner app still doesn't have a hunting/fishing layer? No STLs, no SWAs, and no WIA layers. Might be nice to support the folks who pay for all the outdoor fun.",
        "repliedAt": null,
        "replyContent": null,
        "reviewCreatedVersion": "1.5.1",
        "reviewId": "a236db5d-8653-4209-924b-4dea755dfa37",
        "score": 1,
        "thumbsUpCount": 3,
        "userImage": "https://play-lh.googleusercontent.com/a-/ALV-UjVAKjsY3NAZi5H5XR5vGSJ2JO6oVlVsUwZpiHKkaWTQJWc",
        "userName": "Chris Jones"
    },
    {
        "appVersion": "1.5.0",
        "at": "2021-07-17 08:39:21",
        "content": "Glitchy, wrong trails/trailheads, UI looks designed by a 2 year old. Absolutely a joke",
        "repliedAt": null,
        "replyContent": null,
        "reviewCreatedVersion": "1.5.0",
        "reviewId": "efa3ac3f-c41e-4e73-b86f-7b5d023cfef8",
        "score": 1,
        "thumbsUpCount": 6,
        "userImage": "https://play-lh.googleusercontent.com/a-/ALV-UjXH0kFt1GCDMgEZOoUZT6iOZK3O7b2Ddjk5T4j1pF0JGac",
        "userName": "Zach Hull"
    },
    {
        "appVersion": "1.4.2",
        "at": "2021-07-05 16:51:00",
        "content": "Maps get to 93% and say incomplete. Huge bug that needs fixing. People rely on these offline maps when tackling extreme terrain. Big faux pas on most of the CO gov apps I've used... Smh",
        "repliedAt": null,
        "replyContent": null,
        "reviewCreatedVersion": "1.4.2",
        "reviewId": "d09b3453-ca46-4edb-9e97-d1c5587ad496",
        "score": 1,
        "thumbsUpCount": 2,
        "userImage": "https://play-lh.googleusercontent.com/a-/ALV-UjWZy1QmcluCSGlwsIkLk1CGG2XHkePzDva7cWTg5TRD8Q",
        "userName": "MrFrankBerg"
    },
    {
        "appVersion": "1.4.6",
        "at": "2021-06-06 10:25:20",
        "content": "It's like alltrails but wayyyyy more free and better.",
        "repliedAt": null,
        "replyContent": null,
        "reviewCreatedVersion": "1.4.6",
        "reviewId": "d240951c-2f7f-4888-bd13-c60cccb0134a",
        "score": 5,
        "thumbsUpCount": 0,
        "userImage": "https://play-lh.googleusercontent.com/a-/ALV-UjWj0xirVtrpmvDk-bB7tA9QC9cEU40NSjBMs3fmxWrusD4",
        "userName": "Miles Kelly"
    },
    {
        "appVersion": "1.4.6",
        "at": "2021-06-01 00:46:24",
        "content": "Orientation- Landscape mode only?? Was pretty excited to find this app until I opened it and discovered it only works in landscape (sideways) mode. Have never seen this before.. I have a tablet that fits perfectly in my off road motorcycle tank bag VERTICALLY.. I don't understand why anyone would build an app that only works in this way... It makes the app unusable for me and my riding buddies.",
        "repliedAt": null,
        "replyContent": null,
        "reviewCreatedVersion": "1.4.6",
        "reviewId": "ff3b7ae7-b8b0-4445-aaef-f5f60220b6bc",
        "score": 1,
        "thumbsUpCount": 14,
        "userImage": "https://play-lh.googleusercontent.com/a/ACg8ocJdgULg7vOwYOe_IRcjLbD813zcGCQMDc7isdjceBAU=mo",
        "userName": "M Rockerdude"
    },
    {
        "appVersion": "1.4.6",
        "at": "2021-05-01 19:52:47",
        "content": "mostly accurate.",
        "repliedAt": null,
        "replyContent": null,
        "reviewCreatedVersion": "1.4.6",
        "reviewId": "b7b87a83-cdc0-4ae6-ac8b-343d6b1f330e",
        "score": 5,
        "thumbsUpCount": 0,
        "userImage": "https://play-lh.googleusercontent.com/a-/ALV-UjVwfJETLmI15szPOTn_d8xce8CWkaK9TMM8dLcCJ0zfxVU",
        "userName": "James Baudo"
    },
    {
        "appVersion": "1.4.5",
        "at": "2021-04-14 12:40:56",
        "content": "The main reason I use COTREX is the ability to download maps and view them offline. But since this app has no external SD card support, it's a pain to delete and re-download particular maps every time you hike a different area.",
        "repliedAt": null,
        "replyContent": null,
        "reviewCreatedVersion": "1.4.5",
        "reviewId": "b9327a7d-570b-4ae5-adbd-24e08350fb5b",
        "score": 4,
        "thumbsUpCount": 15,
        "userImage": "https://play-lh.googleusercontent.com/a-/ALV-UjUkkzA3Lt3ovtOtmeLMHfEFhqxEibjjHI5ZA8Xg76bjSg",
        "userName": "Rob Howe"
    },
    {
        "appVersion": "1.4.5",
        "at": "2021-04-08 15:18:44",
        "content": "Colorado trail-not great. Old app from a few years ago was far better. Showed the actual CT and people were able to submit important things like water locations and suggested camp sites they find along the trail. Won't be using this app. Also, I brought up superficially the CT on the map and when I zoom in to you know, see the trail, there's tons of other trails that show up highlighted that are not the CT!",
        "repliedAt": null,
        "replyContent": null,
        "reviewCreatedVersion": "1.4.5",
        "reviewId": "9b9d0b5d-8d45-4e08-910d-237760ba4f3a",
        "score": 2,
        "thumbsUpCount": 20,
        "userImage": "https://play-lh.googleusercontent.com/a/ACg8ocI37UGz2h1dgMW5-ivjuoBzy_hwuW3rdIUcthe9qFlt4w=mo",
        "userName": "Jessie Smith"
    },
    {
        "appVersion": "1.4.5",
        "at": "2021-04-02 15:47:32",
        "content": "Fantastic app to aide outdoor exploration of beautiful Colorado! The ability to filter trails for selection by activity is really helpful.",
        "repliedAt": null,
        "replyContent": null,
        "reviewCreatedVersion": "1.4.5",
        "reviewId": "4075621f-3134-459b-89eb-433b3e9f570c",
        "score": 5,
        "thumbsUpCount": 3,
        "userImage": "https://play-lh.googleusercontent.com/a/ACg8ocLM5ekDS-sHKYYyze9WAqng7qKKYbNSI8rNoNX1FbEQIQ=mo",
        "userName": "Reid Goodwyn"
    },
    {
        "appVersion": "1.4.4",
        "at": "2021-02-24 12:33:37",
        "content": "Over all a good app. I enjoy being able to set my own custom routes. Some trails are definitely not mapped correctly. Would be really nice to filter trails by surface type.",
        "repliedAt": null,
        "replyContent": null,
        "reviewCreatedVersion": "1.4.4",
        "reviewId": "833e5044-56c6-4b0c-b1e4-2dd3ce7ce857",
        "score": 2,
        "thumbsUpCount": 4,
        "userImage": "https://play-lh.googleusercontent.com/a-/ALV-UjUc2lrtPKZga457K7PXiaicwzNm_y1jp_WPhPksF3KJ7Ow",
        "userName": "Alida Toth"
    },
    {
        "appVersion": "1.4.2",
        "at": "2020-12-30 01:12:04",
        "content": "Seriously this makes all other states look dumb",
        "repliedAt": null,
        "replyContent": null,
        "reviewCreatedVersion": "1.4.2",
        "reviewId": "d6d69047-68bb-4370-a1c2-a9e82f2d8b25",
        "score": 5,
        "thumbsUpCount": 0,
        "userImage": "https://play-lh.googleusercontent.com/a-/ALV-UjVr-yHxg7f20gPd8Ew-HAGoMNNmRfbpwOzG3HUF1LQt0DFg",
        "userName": "Austin Browder"
    },
    {
        "appVersion": "1.4.2",
        "at": "2020-12-10 03:41:51",
        "content": "Good ...Best 1 I've tried so far.",
        "repliedAt": null,
        "replyContent": null,
        "reviewCreatedVersion": "1.4.2",
        "reviewId": "55c54bb3-9c07-4a44-8684-625e92f9fd29",
        "score": 5,
        "thumbsUpCount": 0,
        "userImage": "https://play-lh.googleusercontent.com/a-/ALV-UjXfXsoFtzuEddjDuvcbltjXPEpaBMW6kIt_rQQP1AnJgKI",
        "userName": "Charlie Wevs"
    },
    {
        "appVersion": "1.4.2",
        "at": "2020-12-02 22:32:36",
        "content": "Wonderful app with amazing features!.. and it's free! Handy measuring tool snaps to available trails. Downloadable maps for exploring in the mountains when you have no internet connection. I find this app more useful than AllTrails for hiking in Colorado. I just wonder why so few people have reviewed this great product. Perhaps they're all out hiking.",
        "repliedAt": null,
        "replyContent": null,
        "reviewCreatedVersion": "1.4.2",
        "reviewId": "b3baaa77-aaee-4d19-b5dd-5dc1b87912a6",
        "score": 5,
        "thumbsUpCount": 9,
        "userImage": "https://play-lh.googleusercontent.com/a-/ALV-UjUiPJ20MlnCaK2fOowtNGl4aOg2fB5n4jM0060SQpC5T9U",
        "userName": "Richard Shelquist"
    },
    {
        "appVersion": "1.4.2",
        "at": "2020-11-01 15:45:19",
        "content": "Free offline download is phenomenal! Love the distance measurement",
        "repliedAt": null,
        "replyContent": null,
        "reviewCreatedVersion": "1.4.2",
        "reviewId": "a61ef380-9f6b-43d1-a1df-9cda90523194",
        "score": 5,
        "thumbsUpCount": 2,
        "userImage": "https://play-lh.googleusercontent.com/a-/ALV-UjXPb_zPMLWKgqj3tXeMJ7XKOgCNMJzkYINVvRAkpZtMEmE",
        "userName": "Max Lotstein"
    },
    {
        "appVersion": "1.4.2",
        "at": "2020-10-05 14:53:53",
        "content": "Just a good app to have so far so good been really reliable",
        "repliedAt": null,
        "replyContent": null,
        "reviewCreatedVersion": "1.4.2",
        "reviewId": "e8193c6f-2ec9-49d1-a3ab-1ec21d862c02",
        "score": 5,
        "thumbsUpCount": 0,
        "userImage": "https://play-lh.googleusercontent.com/a-/ALV-UjW7JlCwEY9x7QitXk-LCs897p01byiANBk02REOsMvA26o",
        "userName": "Jesse Woolf"
    },
    {
        "appVersion": "1.4.2",
        "at": "2020-09-04 04:17:26",
        "content": "Excellent app! Two suggestions: - It would be useful if the app would continue to run in the background. If you turn the screen off and on the logo comes back in again and the app relaunches, this is very annoying when hiking. - It would be great if you could be able to rotate the map (like google maps) so that it faces the direction you are walking.",
        "repliedAt": null,
        "replyContent": null,
        "reviewCreatedVersion": "1.4.2",
        "reviewId": "4f57938e-cb6f-4a6c-8862-85b89d331c25",
        "score": 5,
        "thumbsUpCount": 6,
        "userImage": "https://play-lh.googleusercontent.com/a-/ALV-UjXgUaaS0qNK48f_gHbS0_9T77nB9S1rOCYkRfBjZeMQCD0",
        "userName": "Gonzalo Lerner"
    },
    {
        "appVersion": "1.4.2",
        "at": "2020-09-03 02:25:33",
        "content": "It's a good app for finding your way out on the trails but the information is extremely incomplete and fragmented. Some road/trail segments are unlabeled so route finding can be inaccurate and it's easy to find yourself on private land. But overall, the info is decent and relatively easy to piece together.",
        "repliedAt": null,
        "replyContent": null,
        "reviewCreatedVersion": "1.4.2",
        "reviewId": "1a5975f1-1765-4b02-a6c4-938a52d87192",
        "score": 4,
        "thumbsUpCount": 0,
        "userImage": "https://play-lh.googleusercontent.com/a-/ALV-UjXW-QsIkyX6YrXw5TorGdIcDrR7CunUKRafX1psU4L3M9I",
        "userName": "Max Matheny"
    },
    {
        "appVersion": null,
        "at": "2020-08-16 15:19:58",
        "content": "App would not load. Green circle circle just spins. This is unfortunate since I have heard such good things about this app.",
        "repliedAt": null,
        "replyContent": null,
        "reviewCreatedVersion": null,
        "reviewId": "999fa156-466e-4454-bbc5-3d1b573949eb",
        "score": 1,
        "thumbsUpCount": 0,
        "userImage": "https://play-lh.googleusercontent.com/a/ACg8ocLadfhSAR7kcRjuqY56BGRjxK8LbvSB1bfLxB7W--nD=mo",
        "userName": "Michael Russo"
    },
    {
        "appVersion": "1.4.2",
        "at": "2020-08-01 09:34:52",
        "content": "Overall, I love this app! I love being able to download map sections for offline use without having to pay. I use it for every hike I do in Colorado. If it doesn't already have the option, (because I haven't tried yet) It would be nice to have every state have some kind of app similar to this and be compatible so hiking stats from out of state hikes can be saved in the same app. Otherwise, I will have to continue using All Trails everywhere else.",
        "repliedAt": null,
        "replyContent": null,
        "reviewCreatedVersion": "1.4.2",
        "reviewId": "5c5718cf-a9ce-48f5-a7d6-15b17360d118",
        "score": 5,
        "thumbsUpCount": 7,
        "userImage": "https://play-lh.googleusercontent.com/a-/ALV-UjUmT1UrMVqsEWHXW8OaMw-1H7ew4-wbHzdyCyWfEShSf7A1",
        "userName": "John Bundy"
    },
    {
        "appVersion": "1.3.7",
        "at": "2020-07-19 17:15:55",
        "content": "Excellent way to start finding trails in Colorado. We used the app to view trails in and around Rocky Mountain National Park. My feature wishlist is to be able to search trails offline and download every trail as an offline map layer, not just featured trails.",
        "repliedAt": null,
        "replyContent": null,
        "reviewCreatedVersion": "1.3.7",
        "reviewId": "bb9ec282-1eba-4164-9182-117eaa1f1060",
        "score": 5,
        "thumbsUpCount": 7,
        "userImage": "https://play-lh.googleusercontent.com/a-/ALV-UjXz64bfGYyWyjnzvH8Jl-GkpgFyeLgwIHslgfxZl55P9Vg",
        "userName": "Kevin Shannon"
    },
    {
        "appVersion": "1.3.7",
        "at": "2020-07-17 17:04:40",
        "content": "My new favorite app",
        "repliedAt": null,
        "replyContent": null,
        "reviewCreatedVersion": "1.3.7",
        "reviewId": "f1515d0c-53ec-48ac-a017-86968b6b376f",
        "score": 5,
        "thumbsUpCount": 0,
        "userImage": "https://play-lh.googleusercontent.com/a-/ALV-UjXhVTTy6owAHtnmk6owEX8jSWXf7KBqskpO2gEYRY2nxZo",
        "userName": "Jeremy Connor"
    },
    {
        "appVersion": "1.3.7",
        "at": "2020-07-17 16:36:55",
        "content": "Overall great app for areas in CO. Be sure to download the area blocks before you go. Wish you could get your elevation while on the trail.",
        "repliedAt": null,
        "replyContent": null,
        "reviewCreatedVersion": "1.3.7",
        "reviewId": "367b1d1e-c312-4086-8e3b-83aade9409f6",
        "score": 4,
        "thumbsUpCount": 2,
        "userImage": "https://play-lh.googleusercontent.com/a/ACg8ocL_iEoMdSN8vLJ4SEMeq_a555lthYSAL2umWqXsljw8=mo",
        "userName": "Sondra"
    },
    {
        "appVersion": "1.3.7",
        "at": "2020-07-01 10:40:19",
        "content": "Lots of trails don't even show up.",
        "repliedAt": "2020-07-09 20:07:42",
        "replyContent": "We are continually working on adding new to trails to the map, but if you use the \"Submit Map Feedback\" feature from within the app, we will prioritize reviewing the area to make sure it is complete. If you have any further questions or suggestions, don't hesitate to email us at COTREX@state.co.us.",
        "reviewCreatedVersion": "1.3.7",
        "reviewId": "63902fa6-49d8-444e-839a-01b450454e53",
        "score": 1,
        "thumbsUpCount": 1,
        "userImage": "https://play-lh.googleusercontent.com/a/ACg8ocIDYKKC2siH-xUI0wTHoniQd4r28wD3lZ6WXrj0I2DV=mo",
        "userName": "jimeko82"
    },
    {
        "appVersion": "1.3.7",
        "at": "2020-07-01 01:38:26",
        "content": "Quite possibly the best gov app I've used!",
        "repliedAt": null,
        "replyContent": null,
        "reviewCreatedVersion": "1.3.7",
        "reviewId": "b13c12b5-b99b-45c2-9e96-e6316676034c",
        "score": 5,
        "thumbsUpCount": 0,
        "userImage": "https://play-lh.googleusercontent.com/a-/ALV-UjXpIkWR69Dv_et1NKv5f55XWobZwCYtIjKVGRk7C4kZoww0",
        "userName": "David Hickey"
    },
    {
        "appVersion": "1.3.7",
        "at": "2020-06-25 15:49:35",
        "content": "Great app, tried new trails and it tracked us accurately.",
        "repliedAt": null,
        "replyContent": null,
        "reviewCreatedVersion": "1.3.7",
        "reviewId": "3f8e1b99-3711-44b1-bd99-8de4ec7d68fc",
        "score": 5,
        "thumbsUpCount": 1,
        "userImage": "https://play-lh.googleusercontent.com/a-/ALV-UjWtAu-lxEpl00EifJR8uOwVBNWnVv4wWj8AgY0Bolj6xRk",
        "userName": "Michael Janssen"
    },
    {
        "appVersion": "1.3.7",
        "at": "2020-06-24 16:24:04",
        "content": "Better than AllTrails and completely free **Edit 6/24/20 app is no longer working. The search feature simply sits and spins and doesn't do anything else. Essentially, it's now useless, which sucks, because I liked being able to download maps for offline use without having to pay an absurd fee like with AT.",
        "repliedAt": "2020-07-09 20:02:20",
        "replyContent": "This issue has been fixed in the upcoming release, but in the meantime, logging out of your COTREX account and logging back should fix the problem. We are sorry for the inconvenience. Don't hesitate to email us at COTREX@state.co.us if you encounter any other issues and we will be glad to get to the bottom of them!",
        "reviewCreatedVersion": "1.3.7",
        "reviewId": "a490b782-4690-4c2f-bde3-9bf5b52cba8f",
        "score": 1,
        "thumbsUpCount": 11,
        "userImage": "https://play-lh.googleusercontent.com/a-/ALV-UjV4Bw7TtlCUbnyu5AH0WuEbw0gOMtIUlDzqiCK6oMqIfho",
        "userName": "Devon Gregory"
    },
    {
        "appVersion": "1.3.7",
        "at": "2020-06-14 13:17:23",
        "content": "I would have been lost in arapaho national forest if not for this app. I was trying to decide whether to push through or turn around on a trail, and none of my other apps were working. I downloaded this one literally that morning, and it was the only one that worked. It let me know that If I had kept going, it would have been a 15 mile trip to get back to the trailhead. I definitely turned around. Can't recommend this enough!",
        "repliedAt": null,
        "replyContent": null,
        "reviewCreatedVersion": "1.3.7",
        "reviewId": "8eca466a-098c-4ef3-8cf4-41debfc855aa",
        "score": 5,
        "thumbsUpCount": 4,
        "userImage": "https://play-lh.googleusercontent.com/a/ACg8ocLuK-MHpk-cLLH-Jf_Om6cXYcWLhqeKrFcCo5ncQHzC=mo",
        "userName": "Kendra Jones"
    },
    {
        "appVersion": "1.3.7",
        "at": "2020-06-04 23:33:56",
        "content": "App performance seems to have slowed down a lot since original release with ongoing development. I hope this trend can turn around and head back in a snappier, faster direction.",
        "repliedAt": null,
        "replyContent": null,
        "reviewCreatedVersion": "1.3.7",
        "reviewId": "5f5808ec-5d22-443b-ad95-ed0ef9ce05d1",
        "score": 3,
        "thumbsUpCount": 6,
        "userImage": "https://play-lh.googleusercontent.com/a-/ALV-UjVynSLEN5sBnDEviHmSqbE9sx1xV_ND1kpssPEi_O-ABA",
        "userName": "Patrick Shyvers"
    },
    {
        "appVersion": "1.3.7",
        "at": "2020-05-29 09:00:19",
        "content": "Completely inaccurate information! How can this app be useful if it says you can ride horses, but the official county website says you can't? Is the trail actually closed? If you are a mountain biker and want to ride some hardpacked trails and then get there and realize that it's gravel it'll suck. This app is practically useless!",
        "repliedAt": null,
        "replyContent": null,
        "reviewCreatedVersion": "1.3.7",
        "reviewId": "9e36e77b-ec34-499f-b1b2-f3a430511ffa",
        "score": 1,
        "thumbsUpCount": 3,
        "userImage": "https://play-lh.googleusercontent.com/a/ACg8ocLz4gHorkxqTMiKR6Bb35-uB4le-pvlt4YVG98haWduWi4=mo",
        "userName": "J Man"
    },
    {
        "appVersion": "1.3.7",
        "at": "2020-05-29 01:56:06",
        "content": "I like the AP but where's the legend?",
        "repliedAt": null,
        "replyContent": null,
        "reviewCreatedVersion": "1.3.7",
        "reviewId": "e1ff5789-d701-4c00-b046-b5e8056f3699",
        "score": 4,
        "thumbsUpCount": 0,
        "userImage": "https://play-lh.googleusercontent.com/a/ACg8ocIJKFTBOQY3rinjmFiJInwsaJ-B9huLq1SMyuBBLt3O=mo",
        "userName": "Early"
    },
    {
        "appVersion": "1.3.7",
        "at": "2020-05-27 21:59:17",
        "content": "Useful for planning hikes with the children",
        "repliedAt": null,
        "replyContent": null,
        "reviewCreatedVersion": "1.3.7",
        "reviewId": "02bb2e56-b69a-48c3-ab4e-748540ec57b5",
        "score": 5,
        "thumbsUpCount": 1,
        "userImage": "https://play-lh.googleusercontent.com/a-/ALV-UjXoy_FB6vT56L9Bm3tx2MXCVbd-06mjV1-AeRmXyNuGUV0",
        "userName": "Matthew Kennedy"
    },
    {
        "appVersion": "1.3.7",
        "at": "2020-05-27 09:28:47",
        "content": "Just started using it and I love it! So helpful and interactive and a resource for the many questions I have",
        "repliedAt": null,
        "replyContent": null,
        "reviewCreatedVersion": "1.3.7",
        "reviewId": "06d7731d-d876-46a6-8a6d-f7fb913498df",
        "score": 5,
        "thumbsUpCount": 1,
        "userImage": "https://play-lh.googleusercontent.com/a-/ALV-UjXNPQ84m-t5PyY62pL64FB1eWhkYQMZYh2PWazw5fxvzQ",
        "userName": "Katelynn Schultz"
    },
    {
        "appVersion": "1.3.7",
        "at": "2020-05-13 21:58:26",
        "content": "Appears they fixed previous issue.",
        "repliedAt": "2019-08-01 15:06:06",
        "replyContent": "Hi Michael, would you mind emailing us at COTREX@state.co.us with a short description of the actions you're taking when it crashes? An upcoming release will fix one known issue related specifically to the Offline Manager on some devices, but any further context would be helpful to isolate the problems you're experiencing. Thanks!",
        "reviewCreatedVersion": "1.3.7",
        "reviewId": "48d8e72b-ca78-4641-987a-93fec47d2a06",
        "score": 3,
        "thumbsUpCount": 2,
        "userImage": "https://play-lh.googleusercontent.com/a-/ALV-UjWtgqcYgb_Rcp3DUxR3Wmu-tUTfdG5kO0SMn5yReOEIORM",
        "userName": "Michael Griffin"
    },
    {
        "appVersion": "1.3.7",
        "at": "2020-05-09 20:56:58",
        "content": "This app works really well, I love that you can download parts of the map and place custom markers!",
        "repliedAt": null,
        "replyContent": null,
        "reviewCreatedVersion": "1.3.7",
        "reviewId": "fdb59a51-2ae8-4088-8f33-cb7c7a41d448",
        "score": 5,
        "thumbsUpCount": 1,
        "userImage": "https://play-lh.googleusercontent.com/a-/ALV-UjWPGb8cw1gw2RrIzk7_0gbtrlLao3nCWuO247yCjZy38g",
        "userName": "Zachary Phillips"
    },
    {
        "appVersion": "1.3.6",
        "at": "2020-04-30 16:53:01",
        "content": "No icon on my phone. I have to go into the Google app store, search for it again, and open from there. I've always had icons automatically created on my phone's homepage, but this app icon is just not there. Too cumbersome to use without the icon.",
        "repliedAt": null,
        "replyContent": null,
        "reviewCreatedVersion": "1.3.6",
        "reviewId": "d456a7d8-b172-4478-a54b-48a73bb8e39f",
        "score": 3,
        "thumbsUpCount": 3,
        "userImage": "https://play-lh.googleusercontent.com/a/ACg8ocL6-sunZUtDaiYyFwFW1rfqDbTxdz8CxZVQgEBLiOU=mo",
        "userName": "Lynelle Phillips"
    },
    {
        "appVersion": "1.3.6",
        "at": "2020-04-25 12:09:07",
        "content": "Only used a few times, but pretty accurate and I love the interactive and customization users can apply.",
        "repliedAt": null,
        "replyContent": null,
        "reviewCreatedVersion": "1.3.6",
        "reviewId": "21f0009e-6063-4113-81e4-1a76b5c8c783",
        "score": 4,
        "thumbsUpCount": 2,
        "userImage": "https://play-lh.googleusercontent.com/EGemoI2NTXmTsBVtJqk8jxF9rh8ApRWfsIMQSt2uE4OcpQqbFu7f7NbTK05lx80nuSijCz7sc3a277R67g",
        "userName": "A Google user"
    },
    {
        "appVersion": "1.3.3",
        "at": "2020-04-18 00:31:02",
        "content": "If it's working it's inaccurate. It usually doesn't work at all",
        "repliedAt": null,
        "replyContent": null,
        "reviewCreatedVersion": "1.3.3",
        "reviewId": "6801715a-053b-4481-896a-e65414f7e0f3",
        "score": 1,
        "thumbsUpCount": 1,
        "userImage": "https://play-lh.googleusercontent.com/EGemoI2NTXmTsBVtJqk8jxF9rh8ApRWfsIMQSt2uE4OcpQqbFu7f7NbTK05lx80nuSijCz7sc3a277R67g",
        "userName": "A Google user"
    },
    {
        "appVersion": null,
        "at": "2020-04-05 19:30:58",
        "content": "Accurate. Fast GPS acquisition. We've used it 2-3 years in SW Colorado for biking and hiking.",
        "repliedAt": null,
        "replyContent": null,
        "reviewCreatedVersion": null,
        "reviewId": "99225a2f-dd20-4f6d-a490-70dcedb5628d",
        "score": 5,
        "thumbsUpCount": 0,
        "userImage": "https://play-lh.googleusercontent.com/EGemoI2NTXmTsBVtJqk8jxF9rh8ApRWfsIMQSt2uE4OcpQqbFu7f7NbTK05lx80nuSijCz7sc3a277R67g",
        "userName": "A Google user"
    },
    {
        "appVersion": "1.3.1",
        "at": "2020-04-04 21:44:02",
        "content": "Exactly what I need. Allows custom routes with a premapped Colorado bike trail system map. All known bike trails are there. Gives section and route details by clicking anywhere on the map. Does not require additional purchases. Its a Colorado bikes dream come true.",
        "repliedAt": null,
        "replyContent": null,
        "reviewCreatedVersion": "1.3.1",
        "reviewId": "304e3b67-00a2-4730-ac61-d24bf909c720",
        "score": 5,
        "thumbsUpCount": 6,
        "userImage": "https://play-lh.googleusercontent.com/EGemoI2NTXmTsBVtJqk8jxF9rh8ApRWfsIMQSt2uE4OcpQqbFu7f7NbTK05lx80nuSijCz7sc3a277R67g",
        "userName": "A Google user"
    },
    {
        "appVersion": "1.2.16",
        "at": "2020-03-29 11:04:46",
        "content": "What a wonderful app, it is the most accurate apo for trails in Colorado, spanning all user groups and land management agencies. Please spread the word about this great resource.",
        "repliedAt": null,
        "replyContent": null,
        "reviewCreatedVersion": "1.2.16",
        "reviewId": "30a71cb8-1606-4d6d-9308-61240c22e163",
        "score": 5,
        "thumbsUpCount": 2,
        "userImage": "https://play-lh.googleusercontent.com/EGemoI2NTXmTsBVtJqk8jxF9rh8ApRWfsIMQSt2uE4OcpQqbFu7f7NbTK05lx80nuSijCz7sc3a277R67g",
        "userName": "A Google user"
    },
    {
        "appVersion": "1.2.16",
        "at": "2020-02-25 16:26:40",
        "content": "So far I am very impressed with the app. I was wanting snowmobile trails and this has it. I am looking forward to using it in the Summer in the Jeep. Wish it worked with Android Auto.",
        "repliedAt": null,
        "replyContent": null,
        "reviewCreatedVersion": "1.2.16",
        "reviewId": "25218e62-6106-459f-888a-cb13a9393ad8",
        "score": 5,
        "thumbsUpCount": 2,
        "userImage": "https://play-lh.googleusercontent.com/EGemoI2NTXmTsBVtJqk8jxF9rh8ApRWfsIMQSt2uE4OcpQqbFu7f7NbTK05lx80nuSijCz7sc3a277R67g",
        "userName": "A Google user"
    },
    {
        "appVersion": "1.2.16",
        "at": "2020-02-06 18:47:22",
        "content": "Very good and getting better.",
        "repliedAt": null,
        "replyContent": null,
        "reviewCreatedVersion": "1.2.16",
        "reviewId": "6ae2d594-bd7d-452f-bad9-a8ad64828413",
        "score": 5,
        "thumbsUpCount": 0,
        "userImage": "https://play-lh.googleusercontent.com/EGemoI2NTXmTsBVtJqk8jxF9rh8ApRWfsIMQSt2uE4OcpQqbFu7f7NbTK05lx80nuSijCz7sc3a277R67g",
        "userName": "A Google user"
    },
    {
        "appVersion": "1.2.16",
        "at": "2020-01-23 17:49:27",
        "content": "Fantastic design, great features! This app has a lot of the features in AllTrails premium version, but it's all free! Trails are more accurate and authoritative as well because the info is coming from land management agencies rather than crowdsourced.",
        "repliedAt": null,
        "replyContent": null,
        "reviewCreatedVersion": "1.2.16",
        "reviewId": "d4da235c-3bf0-4f86-96bc-d53f533ddd00",
        "score": 5,
        "thumbsUpCount": 3,
        "userImage": "https://play-lh.googleusercontent.com/EGemoI2NTXmTsBVtJqk8jxF9rh8ApRWfsIMQSt2uE4OcpQqbFu7f7NbTK05lx80nuSijCz7sc3a277R67g",
        "userName": "A Google user"
    },
    {
        "appVersion": "1.2.16",
        "at": "2020-01-02 15:33:12",
        "content": "Enjoy the maps of trails. Just curious if I can locate someone that I am following. Can't seem to find a friend after a few days. Getting concerned.",
        "repliedAt": null,
        "replyContent": null,
        "reviewCreatedVersion": "1.2.16",
        "reviewId": "485bfe58-012d-41c5-a54d-05af13712ab5",
        "score": 3,
        "thumbsUpCount": 2,
        "userImage": "https://play-lh.googleusercontent.com/EGemoI2NTXmTsBVtJqk8jxF9rh8ApRWfsIMQSt2uE4OcpQqbFu7f7NbTK05lx80nuSijCz7sc3a277R67g",
        "userName": "A Google user"
    },
    {
        "appVersion": "1.1.16",
        "at": "2019-12-25 19:33:26",
        "content": "Good",
        "repliedAt": null,
        "replyContent": null,
        "reviewCreatedVersion": "1.1.16",
        "reviewId": "9e4e569b-6429-4f0f-9f87-b5bd4bd4065e",
        "score": 5,
        "thumbsUpCount": 0,
        "userImage": "https://play-lh.googleusercontent.com/EGemoI2NTXmTsBVtJqk8jxF9rh8ApRWfsIMQSt2uE4OcpQqbFu7f7NbTK05lx80nuSijCz7sc3a277R67g",
        "userName": "A Google user"
    },
    {
        "appVersion": "1.2.13",
        "at": "2019-10-27 11:39:26",
        "content": "Great app, but it REALLY needs the ability to store downloaded maps to the SD card. Maps take up a lot of space.",
        "repliedAt": null,
        "replyContent": null,
        "reviewCreatedVersion": "1.2.13",
        "reviewId": "e5553d54-709f-416b-8c96-ec29808af947",
        "score": 4,
        "thumbsUpCount": 3,
        "userImage": "https://play-lh.googleusercontent.com/EGemoI2NTXmTsBVtJqk8jxF9rh8ApRWfsIMQSt2uE4OcpQqbFu7f7NbTK05lx80nuSijCz7sc3a277R67g",
        "userName": "A Google user"
    },
    {
        "appVersion": "1.1.15",
        "at": "2019-10-10 13:42:30",
        "content": "Finally the government did something right. It's free, has lots of data, allows offline use, and is easy to use. I do wish the satellite images were higher resolution and that it worked outside of Colorado. Looking at you, Utah and Idaho.",
        "repliedAt": null,
        "replyContent": null,
        "reviewCreatedVersion": "1.1.15",
        "reviewId": "57d94ef4-a196-4eb3-91a8-7b768249d663",
        "score": 5,
        "thumbsUpCount": 0,
        "userImage": "https://play-lh.googleusercontent.com/EGemoI2NTXmTsBVtJqk8jxF9rh8ApRWfsIMQSt2uE4OcpQqbFu7f7NbTK05lx80nuSijCz7sc3a277R67g",
        "userName": "A Google user"
    },
    {
        "appVersion": "1.0.5",
        "at": "2019-10-04 19:25:45",
        "content": "Great app",
        "repliedAt": null,
        "replyContent": null,
        "reviewCreatedVersion": "1.0.5",
        "reviewId": "8f788145-a8ef-47b6-82b0-df86149f4256",
        "score": 5,
        "thumbsUpCount": 0,
        "userImage": "https://play-lh.googleusercontent.com/EGemoI2NTXmTsBVtJqk8jxF9rh8ApRWfsIMQSt2uE4OcpQqbFu7f7NbTK05lx80nuSijCz7sc3a277R67g",
        "userName": "A Google user"
    },
    {
        "appVersion": "1.2.11",
        "at": "2019-09-27 21:14:40",
        "content": "Well done Colorado! I use this app all the time!",
        "repliedAt": null,
        "replyContent": null,
        "reviewCreatedVersion": "1.2.11",
        "reviewId": "17bd496b-d227-4bd0-a503-663b8040672b",
        "score": 5,
        "thumbsUpCount": 0,
        "userImage": "https://play-lh.googleusercontent.com/EGemoI2NTXmTsBVtJqk8jxF9rh8ApRWfsIMQSt2uE4OcpQqbFu7f7NbTK05lx80nuSijCz7sc3a277R67g",
        "userName": "A Google user"
    },
    {
        "appVersion": "1.1.16",
        "at": "2019-08-21 13:19:27",
        "content": "Love the app! Works great! Is there a way to keep the screen on while the app is open?",
        "repliedAt": null,
        "replyContent": null,
        "reviewCreatedVersion": "1.1.16",
        "reviewId": "51fffa66-ed5f-45f0-9f5e-45bdb285ca13",
        "score": 5,
        "thumbsUpCount": 0,
        "userImage": "https://play-lh.googleusercontent.com/EGemoI2NTXmTsBVtJqk8jxF9rh8ApRWfsIMQSt2uE4OcpQqbFu7f7NbTK05lx80nuSijCz7sc3a277R67g",
        "userName": "A Google user"
    },
    {
        "appVersion": "1.1.16",
        "at": "2019-08-20 23:31:48",
        "content": "Promising, but some features don't work, like if you want it to show all trails by selecting \"any\" activity",
        "repliedAt": null,
        "replyContent": null,
        "reviewCreatedVersion": "1.1.16",
        "reviewId": "704e8cc7-1e94-49b6-961a-7e273d51c573",
        "score": 3,
        "thumbsUpCount": 9,
        "userImage": "https://play-lh.googleusercontent.com/EGemoI2NTXmTsBVtJqk8jxF9rh8ApRWfsIMQSt2uE4OcpQqbFu7f7NbTK05lx80nuSijCz7sc3a277R67g",
        "userName": "A Google user"
    },
    {
        "appVersion": "1.1.16",
        "at": "2019-08-13 14:50:49",
        "content": "so far its alot of awesome content for free! I just found hundreds of miles if trails I had no idea existed. thanks for putting this together peeps!",
        "repliedAt": null,
        "replyContent": null,
        "reviewCreatedVersion": "1.1.16",
        "reviewId": "e1edd52b-08a0-4b7a-8424-82a74bba9f6b",
        "score": 5,
        "thumbsUpCount": 1,
        "userImage": "https://play-lh.googleusercontent.com/EGemoI2NTXmTsBVtJqk8jxF9rh8ApRWfsIMQSt2uE4OcpQqbFu7f7NbTK05lx80nuSijCz7sc3a277R67g",
        "userName": "A Google user"
    },
    {
        "appVersion": "1.1.16",
        "at": "2019-08-13 10:10:28",
        "content": "Excellent trail map for ATV riding. We used it this past weekend for the first time and barely scratched the surface of it's functions. It was awesome to have the offline capabilities and with it's constant update as to our position on the trails, it definitely kept us from getting lost in the high country. We'll be using this app now to find new places to ride and explore as much of Colorado as can. Thanks to the developers for a great app!",
        "repliedAt": null,
        "replyContent": null,
        "reviewCreatedVersion": "1.1.16",
        "reviewId": "efcb99e5-357d-4b43-b24d-b6733b976c1a",
        "score": 5,
        "thumbsUpCount": 23,
        "userImage": "https://play-lh.googleusercontent.com/EGemoI2NTXmTsBVtJqk8jxF9rh8ApRWfsIMQSt2uE4OcpQqbFu7f7NbTK05lx80nuSijCz7sc3a277R67g",
        "userName": "A Google user"
    },
    {
        "appVersion": "1.1.16",
        "at": "2019-08-11 11:32:01",
        "content": "Great app. I have been using for moto riding. Keeps us from getting lost.",
        "repliedAt": null,
        "replyContent": null,
        "reviewCreatedVersion": "1.1.16",
        "reviewId": "0b6c489e-d636-42c8-93b8-bc7a572b5156",
        "score": 5,
        "thumbsUpCount": 1,
        "userImage": "https://play-lh.googleusercontent.com/EGemoI2NTXmTsBVtJqk8jxF9rh8ApRWfsIMQSt2uE4OcpQqbFu7f7NbTK05lx80nuSijCz7sc3a277R67g",
        "userName": "A Google user"
    },
    {
        "appVersion": null,
        "at": "2019-08-08 13:49:40",
        "content": "priceless app",
        "repliedAt": null,
        "replyContent": null,
        "reviewCreatedVersion": null,
        "reviewId": "ad3de444-acca-4ad2-b69d-f1d656fb3cc6",
        "score": 5,
        "thumbsUpCount": 0,
        "userImage": "https://play-lh.googleusercontent.com/EGemoI2NTXmTsBVtJqk8jxF9rh8ApRWfsIMQSt2uE4OcpQqbFu7f7NbTK05lx80nuSijCz7sc3a277R67g",
        "userName": "A Google user"
    },
    {
        "appVersion": "1.1.16",
        "at": "2019-08-06 12:48:07",
        "content": "Extremely useful. The ability to save custom routes is quick to use (and it will autosnap to the nearest trails).",
        "repliedAt": null,
        "replyContent": null,
        "reviewCreatedVersion": "1.1.16",
        "reviewId": "73047778-abed-47b6-b2ec-ced2061e25db",
        "score": 5,
        "thumbsUpCount": 1,
        "userImage": "https://play-lh.googleusercontent.com/EGemoI2NTXmTsBVtJqk8jxF9rh8ApRWfsIMQSt2uE4OcpQqbFu7f7NbTK05lx80nuSijCz7sc3a277R67g",
        "userName": "A Google user"
    },
    {
        "appVersion": "1.1.16",
        "at": "2019-08-04 16:37:36",
        "content": "This has become one of my favorite apps when outdoors enjoying my home state of Colorado. From hiking to mountain biking to Jeeping, this app has never let me down! Finally a perfect replacement for the now defunct and removed Google Tracks.",
        "repliedAt": null,
        "replyContent": null,
        "reviewCreatedVersion": "1.1.16",
        "reviewId": "f3cbbf3a-0a71-4c99-b65f-8c8b368497db",
        "score": 5,
        "thumbsUpCount": 1,
        "userImage": "https://play-lh.googleusercontent.com/EGemoI2NTXmTsBVtJqk8jxF9rh8ApRWfsIMQSt2uE4OcpQqbFu7f7NbTK05lx80nuSijCz7sc3a277R67g",
        "userName": "A Google user"
    },
    {
        "appVersion": "1.1.16",
        "at": "2019-08-03 04:00:18",
        "content": "i want to like this app. it appears to have a bunch of great features. I'd love to use them, but the app crashes after a few actions, making it pretty much impossible for me to use. I've submitted a bug report.",
        "repliedAt": null,
        "replyContent": null,
        "reviewCreatedVersion": "1.1.16",
        "reviewId": "bdc4c676-7def-4880-97fe-f4e15cc8769b",
        "score": 2,
        "thumbsUpCount": 1,
        "userImage": "https://play-lh.googleusercontent.com/EGemoI2NTXmTsBVtJqk8jxF9rh8ApRWfsIMQSt2uE4OcpQqbFu7f7NbTK05lx80nuSijCz7sc3a277R67g",
        "userName": "A Google user"
    },
    {
        "appVersion": "1.1.16",
        "at": "2019-07-28 14:41:16",
        "content": "good!",
        "repliedAt": null,
        "replyContent": null,
        "reviewCreatedVersion": "1.1.16",
        "reviewId": "bc3769fb-de49-4140-bad8-4b61a40fea77",
        "score": 5,
        "thumbsUpCount": 0,
        "userImage": "https://play-lh.googleusercontent.com/EGemoI2NTXmTsBVtJqk8jxF9rh8ApRWfsIMQSt2uE4OcpQqbFu7f7NbTK05lx80nuSijCz7sc3a277R67g",
        "userName": "A Google user"
    },
    {
        "appVersion": "1.1.16",
        "at": "2019-07-25 20:06:02",
        "content": "Wow. This is a free app? Incredible. It's very good for a paid app. It has a limited map set, given. But MVUM, sufficient topo with USFS road numbers, and satellite is all that's needed for overlanding/4wd in particular. Offline downloading is EXCELLENT. Very fast with a great interface. Beats the living pants off Gaia GPS in this regard, which has a terrible download/offline setup that is insanely slow most of the time. To top it off, map scrolling and display speed are crazy fast. A+",
        "repliedAt": null,
        "replyContent": null,
        "reviewCreatedVersion": "1.1.16",
        "reviewId": "7ad37cdd-385d-421c-b007-6703f8dfa3ab",
        "score": 5,
        "thumbsUpCount": 7,
        "userImage": "https://play-lh.googleusercontent.com/EGemoI2NTXmTsBVtJqk8jxF9rh8ApRWfsIMQSt2uE4OcpQqbFu7f7NbTK05lx80nuSijCz7sc3a277R67g",
        "userName": "A Google user"
    },
    {
        "appVersion": "1.1.16",
        "at": "2019-07-17 14:32:49",
        "content": "If you are on trails in CO, this needs to be on your phone. If you are on long trails without cell service, be sure to download trail info before you go so that you have the info offline.",
        "repliedAt": null,
        "replyContent": null,
        "reviewCreatedVersion": "1.1.16",
        "reviewId": "1437ed31-7bb0-4e80-be09-b18883aa0612",
        "score": 5,
        "thumbsUpCount": 0,
        "userImage": "https://play-lh.googleusercontent.com/EGemoI2NTXmTsBVtJqk8jxF9rh8ApRWfsIMQSt2uE4OcpQqbFu7f7NbTK05lx80nuSijCz7sc3a277R67g",
        "userName": "A Google user"
    },
    {
        "appVersion": "1.1.16",
        "at": "2019-07-16 11:27:23",
        "content": "This is an excellent piece of work. Exactly what you would hope would come out of a state parks program.",
        "repliedAt": null,
        "replyContent": null,
        "reviewCreatedVersion": "1.1.16",
        "reviewId": "d465992f-6792-49d0-8951-bd1e7dcc75a7",
        "score": 5,
        "thumbsUpCount": 0,
        "userImage": "https://play-lh.googleusercontent.com/EGemoI2NTXmTsBVtJqk8jxF9rh8ApRWfsIMQSt2uE4OcpQqbFu7f7NbTK05lx80nuSijCz7sc3a277R67g",
        "userName": "A Google user"
    },
    {
        "appVersion": "1.1.16",
        "at": "2019-07-10 00:47:49",
        "content": "watch out. this could be a deep state surveillance app.",
        "repliedAt": null,
        "replyContent": null,
        "reviewCreatedVersion": "1.1.16",
        "reviewId": "dc87c0be-bfea-4c95-bcfc-ff00db2beafa",
        "score": 3,
        "thumbsUpCount": 1,
        "userImage": "https://play-lh.googleusercontent.com/EGemoI2NTXmTsBVtJqk8jxF9rh8ApRWfsIMQSt2uE4OcpQqbFu7f7NbTK05lx80nuSijCz7sc3a277R67g",
        "userName": "A Google user"
    },
    {
        "appVersion": "1.1.16",
        "at": "2019-07-08 16:56:30",
        "content": "I REALLY love this app.... I thought... YAY, all MVUM, hiking etc maps in one! How great is that? It's a fantastic work in progress and their communication with users is second to none! Thanks for the great free app!",
        "repliedAt": null,
        "replyContent": null,
        "reviewCreatedVersion": "1.1.16",
        "reviewId": "baa997b5-192c-419e-8169-f0962c0ded8e",
        "score": 5,
        "thumbsUpCount": 1,
        "userImage": "https://play-lh.googleusercontent.com/EGemoI2NTXmTsBVtJqk8jxF9rh8ApRWfsIMQSt2uE4OcpQqbFu7f7NbTK05lx80nuSijCz7sc3a277R67g",
        "userName": "A Google user"
    },
    {
        "appVersion": "1.1.15",
        "at": "2019-06-30 10:48:58",
        "content": "Very useful, especially the offline download portion. The only thing that I could appreciate would be the option of moving the app to the SD card for storage",
        "repliedAt": null,
        "replyContent": null,
        "reviewCreatedVersion": "1.1.15",
        "reviewId": "62112d44-3db9-46f9-9a10-eabbc038496b",
        "score": 4,
        "thumbsUpCount": 3,
        "userImage": "https://play-lh.googleusercontent.com/EGemoI2NTXmTsBVtJqk8jxF9rh8ApRWfsIMQSt2uE4OcpQqbFu7f7NbTK05lx80nuSijCz7sc3a277R67g",
        "userName": "A Google user"
    },
    {
        "appVersion": "1.1.15",
        "at": "2019-06-27 09:27:28",
        "content": "I like it but please add jeep trails...",
        "repliedAt": null,
        "replyContent": null,
        "reviewCreatedVersion": "1.1.15",
        "reviewId": "2605210e-0002-49a5-83cc-c5721485b092",
        "score": 4,
        "thumbsUpCount": 2,
        "userImage": "https://play-lh.googleusercontent.com/EGemoI2NTXmTsBVtJqk8jxF9rh8ApRWfsIMQSt2uE4OcpQqbFu7f7NbTK05lx80nuSijCz7sc3a277R67g",
        "userName": "A Google user"
    },
    {
        "appVersion": "1.1.14",
        "at": "2019-06-24 17:57:53",
        "content": "Best route planning app I have used.",
        "repliedAt": null,
        "replyContent": null,
        "reviewCreatedVersion": "1.1.14",
        "reviewId": "2df1b55c-8d34-4acc-bc45-e58223d69c15",
        "score": 5,
        "thumbsUpCount": 0,
        "userImage": "https://play-lh.googleusercontent.com/EGemoI2NTXmTsBVtJqk8jxF9rh8ApRWfsIMQSt2uE4OcpQqbFu7f7NbTK05lx80nuSijCz7sc3a277R67g",
        "userName": "A Google user"
    },
    {
        "appVersion": "1.1.14",
        "at": "2019-06-22 12:50:19",
        "content": "Great free app by and for the state of Colorado. Free downloadable blocks of maps so you don't need cell service. Can use your phone's GPS and track your hike if you sign up for a free account (trips can be set to private). IT SHOWS WHICH TRAILHEADS HAVE BATHROOMS! Best feature, ever. EDIT - counterintuitive with the 4WD roads - is lacking in detail for the spur trails that are readily found on the USFS MVUM maps unless you search on OHV activity first (thanks for the tip, CO IT)",
        "repliedAt": "2019-06-21 18:15:41",
        "replyContent": "Cherissa, thanks for the kind review! If you change to a motorized activity mode (dropdown button on right of map), do you still see trails or roads missing? If so, we'd really appreciate any feedback about where you're seeing a mismatch with MVUM. You can submit issues via the green 'plus' button, then 'Map Feedback', or email COTREX@state.co.us",
        "reviewCreatedVersion": "1.1.14",
        "reviewId": "7f25906c-7429-41cb-aaf8-0b6c59a3ebb3",
        "score": 5,
        "thumbsUpCount": 10,
        "userImage": "https://play-lh.googleusercontent.com/EGemoI2NTXmTsBVtJqk8jxF9rh8ApRWfsIMQSt2uE4OcpQqbFu7f7NbTK05lx80nuSijCz7sc3a277R67g",
        "userName": "A Google user"
    },
    {
        "appVersion": "1.1.14",
        "at": "2019-06-20 23:14:05",
        "content": "All crashes at opening. Google Pixel 2.",
        "repliedAt": "2019-06-27 12:05:21",
        "replyContent": "Hi Tom, sorry for the troubles. We just released a new version that addresses an isolated issue on Pixel 2 devices. Please try the latest and let us know if you still have any problems (COTREX@state.co.us). Thanks!",
        "reviewCreatedVersion": "1.1.14",
        "reviewId": "497052d0-3c81-4654-b7ce-73bc9feb83f5",
        "score": 1,
        "thumbsUpCount": 0,
        "userImage": "https://play-lh.googleusercontent.com/EGemoI2NTXmTsBVtJqk8jxF9rh8ApRWfsIMQSt2uE4OcpQqbFu7f7NbTK05lx80nuSijCz7sc3a277R67g",
        "userName": "A Google user"
    },
    {
        "appVersion": "1.1.14",
        "at": "2019-06-20 21:57:04",
        "content": "What had your state govt done for you lately?",
        "repliedAt": null,
        "replyContent": null,
        "reviewCreatedVersion": "1.1.14",
        "reviewId": "16aa2775-dc47-4c46-8c7e-51e6b7849474",
        "score": 5,
        "thumbsUpCount": 0,
        "userImage": "https://play-lh.googleusercontent.com/EGemoI2NTXmTsBVtJqk8jxF9rh8ApRWfsIMQSt2uE4OcpQqbFu7f7NbTK05lx80nuSijCz7sc3a277R67g",
        "userName": "A Google user"
    },
    {
        "appVersion": "1.1.14",
        "at": "2019-06-17 11:40:38",
        "content": "great app for planning ahead on trails and adventures you want to experience in Colorado! love the user experience and design, as well as the concept behind the app too. great job!",
        "repliedAt": null,
        "replyContent": null,
        "reviewCreatedVersion": "1.1.14",
        "reviewId": "368c0bd4-b4dc-41d3-9944-6411f27e7d6a",
        "score": 5,
        "thumbsUpCount": 1,
        "userImage": "https://play-lh.googleusercontent.com/EGemoI2NTXmTsBVtJqk8jxF9rh8ApRWfsIMQSt2uE4OcpQqbFu7f7NbTK05lx80nuSijCz7sc3a277R67g",
        "userName": "A Google user"
    },
    {
        "appVersion": "1.1.14",
        "at": "2019-06-16 16:25:30",
        "content": "Awesome that this has been a collaborative effort by the state. My only request is that more tags be added to filter trails. For starters, \"dog-friendly\" or \"no dogs\". Until then, I'm still cross-referencing with All Trails.",
        "repliedAt": null,
        "replyContent": null,
        "reviewCreatedVersion": "1.1.14",
        "reviewId": "b751f950-227c-4f2a-b3b7-d4f4af201334",
        "score": 4,
        "thumbsUpCount": 1,
        "userImage": "https://play-lh.googleusercontent.com/EGemoI2NTXmTsBVtJqk8jxF9rh8ApRWfsIMQSt2uE4OcpQqbFu7f7NbTK05lx80nuSijCz7sc3a277R67g",
        "userName": "A Google user"
    },
    {
        "appVersion": "1.1.14",
        "at": "2019-06-13 12:29:30",
        "content": "Impressive App so far in the live tracking, offline maps & field notes features. I have recorded 5 trips now using my Samsung S8 phone. CONS. - Uses a lot of battery power (must have always on disply on or app turns off after 5 min) - Drop down menus in the field notes require numerous taps to select the desired selection. - Ascent & Descent not recorded on my trips. PROS - Detailed Offline Maps including Custom ones i made for my trip. - Field notes & pics saved until i was online again. - Free",
        "repliedAt": null,
        "replyContent": null,
        "reviewCreatedVersion": "1.1.14",
        "reviewId": "86b56fd6-8995-4950-b5df-1cdf31bc9a7a",
        "score": 4,
        "thumbsUpCount": 2,
        "userImage": "https://play-lh.googleusercontent.com/EGemoI2NTXmTsBVtJqk8jxF9rh8ApRWfsIMQSt2uE4OcpQqbFu7f7NbTK05lx80nuSijCz7sc3a277R67g",
        "userName": "A Google user"
    },
    {
        "appVersion": "1.1.12",
        "at": "2019-06-09 17:43:43",
        "content": "Pretty cool idea. Unfortunately, I don't think it's as accurate as other apps out there. I know it's new. Maybe it just needs more time.",
        "repliedAt": "2019-06-11 11:53:22",
        "replyContent": "Hi Kristi, thanks for taking the time to try out COTREX. We'd love to hear about any inaccuracies you find\u2013 your feedback is incredibly valuable as we work with trail managers to refine data. You can tap the green 'plus button' and then 'Map Feedback' or email us at COTREX@state.co.us . We can usually have reported issues corrected the same day.",
        "reviewCreatedVersion": "1.1.12",
        "reviewId": "169f84a1-7507-4742-af50-62505f8ef4f3",
        "score": 3,
        "thumbsUpCount": 1,
        "userImage": "https://play-lh.googleusercontent.com/EGemoI2NTXmTsBVtJqk8jxF9rh8ApRWfsIMQSt2uE4OcpQqbFu7f7NbTK05lx80nuSijCz7sc3a277R67g",
        "userName": "A Google user"
    },
    {
        "appVersion": "1.1.12",
        "at": "2019-06-03 10:36:37",
        "content": "really really good app!",
        "repliedAt": null,
        "replyContent": null,
        "reviewCreatedVersion": "1.1.12",
        "reviewId": "ad0de34d-90a8-4261-8ff7-a2348ead10d4",
        "score": 5,
        "thumbsUpCount": 0,
        "userImage": "https://play-lh.googleusercontent.com/EGemoI2NTXmTsBVtJqk8jxF9rh8ApRWfsIMQSt2uE4OcpQqbFu7f7NbTK05lx80nuSijCz7sc3a277R67g",
        "userName": "A Google user"
    },
    {
        "appVersion": "1.1.12",
        "at": "2019-05-30 01:17:57",
        "content": "Wow this is fantastic, go Colorado! I've been wishing something like this existed for ages.",
        "repliedAt": null,
        "replyContent": null,
        "reviewCreatedVersion": "1.1.12",
        "reviewId": "932d3fd5-54be-41b9-98cf-95d2b33a6348",
        "score": 5,
        "thumbsUpCount": 0,
        "userImage": "https://play-lh.googleusercontent.com/EGemoI2NTXmTsBVtJqk8jxF9rh8ApRWfsIMQSt2uE4OcpQqbFu7f7NbTK05lx80nuSijCz7sc3a277R67g",
        "userName": "A Google user"
    },
    {
        "appVersion": "1.1.10",
        "at": "2019-05-28 21:49:39",
        "content": "needs details if the trails are open or not then 5 stars.",
        "repliedAt": null,
        "replyContent": null,
        "reviewCreatedVersion": "1.1.10",
        "reviewId": "2e202958-5421-4bd0-8772-ed2021312482",
        "score": 4,
        "thumbsUpCount": 1,
        "userImage": "https://play-lh.googleusercontent.com/EGemoI2NTXmTsBVtJqk8jxF9rh8ApRWfsIMQSt2uE4OcpQqbFu7f7NbTK05lx80nuSijCz7sc3a277R67g",
        "userName": "A Google user"
    },
    {
        "appVersion": "1.1.12",
        "at": "2019-05-27 21:27:33",
        "content": "Excellent data",
        "repliedAt": null,
        "replyContent": null,
        "reviewCreatedVersion": "1.1.12",
        "reviewId": "203a42ca-1a6b-4272-9237-9abeefbc6260",
        "score": 5,
        "thumbsUpCount": 0,
        "userImage": "https://play-lh.googleusercontent.com/EGemoI2NTXmTsBVtJqk8jxF9rh8ApRWfsIMQSt2uE4OcpQqbFu7f7NbTK05lx80nuSijCz7sc3a277R67g",
        "userName": "A Google user"
    },
    {
        "appVersion": "1.1.12",
        "at": "2019-05-27 00:06:16",
        "content": "Brilliant idea",
        "repliedAt": null,
        "replyContent": null,
        "reviewCreatedVersion": "1.1.12",
        "reviewId": "488d35dd-2d4f-4173-91ce-49910bf2bd69",
        "score": 5,
        "thumbsUpCount": 1,
        "userImage": "https://play-lh.googleusercontent.com/EGemoI2NTXmTsBVtJqk8jxF9rh8ApRWfsIMQSt2uE4OcpQqbFu7f7NbTK05lx80nuSijCz7sc3a277R67g",
        "userName": "A Google user"
    },
    {
        "appVersion": "1.1.10",
        "at": "2019-05-17 20:23:45",
        "content": "Oh man, this app was clearly designed by people who actually hike. Super stoked to give it some use!",
        "repliedAt": null,
        "replyContent": null,
        "reviewCreatedVersion": "1.1.10",
        "reviewId": "d7401650-7420-4c4d-87d8-fbb8cc6b5929",
        "score": 5,
        "thumbsUpCount": 1,
        "userImage": "https://play-lh.googleusercontent.com/EGemoI2NTXmTsBVtJqk8jxF9rh8ApRWfsIMQSt2uE4OcpQqbFu7f7NbTK05lx80nuSijCz7sc3a277R67g",
        "userName": "A Google user"
    },
    {
        "appVersion": "1.1.9",
        "at": "2019-05-11 12:44:48",
        "content": "searching still needs a little work. At first searching would only return 2-3 trails based on the difficulty level. Now when searching only for ATV trails it returns 5k trails but includes all trails, including hiking only trails. search filtering needs a bit of attention. This will be a great app once the bugs are worked out!",
        "repliedAt": null,
        "replyContent": null,
        "reviewCreatedVersion": "1.1.9",
        "reviewId": "027855c6-813c-4e84-acc6-f59aa706a28a",
        "score": 3,
        "thumbsUpCount": 2,
        "userImage": "https://play-lh.googleusercontent.com/EGemoI2NTXmTsBVtJqk8jxF9rh8ApRWfsIMQSt2uE4OcpQqbFu7f7NbTK05lx80nuSijCz7sc3a277R67g",
        "userName": "A Google user"
    },
    {
        "appVersion": "1.1.10",
        "at": "2019-05-10 19:32:16",
        "content": "Its about time, has alot of trails you can't find on any other map / hiking application with some useful features. Keeps me from having to take maps to navigate back country.",
        "repliedAt": null,
        "replyContent": null,
        "reviewCreatedVersion": "1.1.10",
        "reviewId": "d7f6142d-9616-449f-be11-538e52dd131a",
        "score": 5,
        "thumbsUpCount": 3,
        "userImage": "https://play-lh.googleusercontent.com/EGemoI2NTXmTsBVtJqk8jxF9rh8ApRWfsIMQSt2uE4OcpQqbFu7f7NbTK05lx80nuSijCz7sc3a277R67g",
        "userName": "A Google user"
    },
    {
        "appVersion": "1.1.9",
        "at": "2019-05-10 18:01:49",
        "content": "Very nice app. The ability to filter by activity, and click a trail for more information is exactly what I need!",
        "repliedAt": null,
        "replyContent": null,
        "reviewCreatedVersion": "1.1.9",
        "reviewId": "a678cd6d-65c1-4ee4-b16b-a7f72baf2e29",
        "score": 5,
        "thumbsUpCount": 1,
        "userImage": "https://play-lh.googleusercontent.com/EGemoI2NTXmTsBVtJqk8jxF9rh8ApRWfsIMQSt2uE4OcpQqbFu7f7NbTK05lx80nuSijCz7sc3a277R67g",
        "userName": "A Google user"
    },
    {
        "appVersion": null,
        "at": "2019-05-10 00:27:47",
        "content": "It might be cool but it doesn't show Jeep trails.",
        "repliedAt": null,
        "replyContent": null,
        "reviewCreatedVersion": null,
        "reviewId": "bc10773a-d90b-45e6-9803-fdc8328d9f72",
        "score": 2,
        "thumbsUpCount": 3,
        "userImage": "https://play-lh.googleusercontent.com/EGemoI2NTXmTsBVtJqk8jxF9rh8ApRWfsIMQSt2uE4OcpQqbFu7f7NbTK05lx80nuSijCz7sc3a277R67g",
        "userName": "A Google user"
    },
    {
        "appVersion": "1.1.8",
        "at": "2019-05-09 12:19:26",
        "content": "This application has some fantastic features and it's the source of information (for CO anyway) that all the other popular trails apps are using anyhow. The development team is quick to respond to bug reports and maintain a kind and personal demeanor. I'm impressed! ------ This post has been edited after my complaint was resolved. Original complaint was about application quitting if location services were not enabled. Thanks!!",
        "repliedAt": "2019-05-09 12:07:27",
        "replyContent": "Geoff, sorry for that issue! We just released a fix for this unexpected behavior on some Android devices. The apps do not require location services to function nor do they capture any location data other than when a user explicitly opts to record a Trip or Field Note. If you have any questions or concerns, please email us at COTREX@state.co.us .",
        "reviewCreatedVersion": "1.1.8",
        "reviewId": "4a3e1082-206e-4b4c-b610-ee32677d109c",
        "score": 4,
        "thumbsUpCount": 20,
        "userImage": "https://play-lh.googleusercontent.com/EGemoI2NTXmTsBVtJqk8jxF9rh8ApRWfsIMQSt2uE4OcpQqbFu7f7NbTK05lx80nuSijCz7sc3a277R67g",
        "userName": "A Google user"
    },
    {
        "appVersion": "1.1.8",
        "at": "2019-05-09 08:57:40",
        "content": "Great idea! Needs a QC check though. Many trails are inaccurate",
        "repliedAt": "2019-05-09 11:57:53",
        "replyContent": "Devin, thanks for checking out the app! Please don't hesitate to email us at COTREX@state.co.us or tap the green 'plus' button and then \"Map Feedback\" in the app if you spot inaccuracies. We're working directly with trail managers to improve data constantly.",
        "reviewCreatedVersion": "1.1.8",
        "reviewId": "d60a0153-c563-49c2-85bd-d6a82c58b3a3",
        "score": 3,
        "thumbsUpCount": 1,
        "userImage": "https://play-lh.googleusercontent.com/EGemoI2NTXmTsBVtJqk8jxF9rh8ApRWfsIMQSt2uE4OcpQqbFu7f7NbTK05lx80nuSijCz7sc3a277R67g",
        "userName": "A Google user"
    },
    {
        "appVersion": "1.1.7",
        "at": "2019-05-07 11:48:04",
        "content": "It only lists 8 motorcycle trails none of look like real singletrack",
        "repliedAt": "2019-05-09 12:34:36",
        "replyContent": "Ryan, looks like you may have only seen Featured Routes with motorcycles, but there are over 3,930 miles of trails open to motorcycles on the map. You can switch to MVUM-like styling of roads and trails if you change activity mode to Motorcycle. We'd love suggestions to help create more motorcycle-specific Features Routes too (COTREX@state.co.us)!",
        "reviewCreatedVersion": "1.1.7",
        "reviewId": "c5b349c5-e508-474e-bdfa-b0229da28daa",
        "score": 2,
        "thumbsUpCount": 5,
        "userImage": "https://play-lh.googleusercontent.com/EGemoI2NTXmTsBVtJqk8jxF9rh8ApRWfsIMQSt2uE4OcpQqbFu7f7NbTK05lx80nuSijCz7sc3a277R67g",
        "userName": "A Google user"
    },
    {
        "appVersion": "1.1.6",
        "at": "2019-05-06 21:26:34",
        "content": "Awesome app. offline maps are great!",
        "repliedAt": null,
        "replyContent": null,
        "reviewCreatedVersion": "1.1.6",
        "reviewId": "317d171d-09b0-4e9f-939f-f0f337b52d4d",
        "score": 5,
        "thumbsUpCount": 3,
        "userImage": "https://play-lh.googleusercontent.com/EGemoI2NTXmTsBVtJqk8jxF9rh8ApRWfsIMQSt2uE4OcpQqbFu7f7NbTK05lx80nuSijCz7sc3a277R67g",
        "userName": "A Google user"
    },
    {
        "appVersion": "1.1.6",
        "at": "2019-05-06 20:30:09",
        "content": "Thank you Colorado. This app is awesome.",
        "repliedAt": null,
        "replyContent": null,
        "reviewCreatedVersion": "1.1.6",
        "reviewId": "7a3b1560-13b8-4ebe-aa78-139c0edf25cc",
        "score": 5,
        "thumbsUpCount": 0,
        "userImage": "https://play-lh.googleusercontent.com/EGemoI2NTXmTsBVtJqk8jxF9rh8ApRWfsIMQSt2uE4OcpQqbFu7f7NbTK05lx80nuSijCz7sc3a277R67g",
        "userName": "A Google user"
    },
    {
        "appVersion": "1.1.6",
        "at": "2019-05-05 10:37:32",
        "content": "Wait, a trail map app that is free, doesn't nag you to become a premium subscription member every 5 minutes? Thank you Colorado!",
        "repliedAt": null,
        "replyContent": null,
        "reviewCreatedVersion": "1.1.6",
        "reviewId": "7793db5f-8dc0-4cdd-bd28-f2b213c46023",
        "score": 5,
        "thumbsUpCount": 4,
        "userImage": "https://play-lh.googleusercontent.com/EGemoI2NTXmTsBVtJqk8jxF9rh8ApRWfsIMQSt2uE4OcpQqbFu7f7NbTK05lx80nuSijCz7sc3a277R67g",
        "userName": "A Google user"
    },
    {
        "appVersion": "1.0.5",
        "at": "2019-04-14 22:07:44",
        "content": "Where is the map scale? Not having a scale bar displayed on the map seriously limits the apps usefullness.",
        "repliedAt": "2019-05-09 12:37:03",
        "replyContent": "Chris, thanks for the feedback! We're constantly improving the applications and welcome all suggestions. You can also currently use the measure tool in the upper right to quickly check trail distances, elevation profiles, and even save them as custom routes for future use.",
        "reviewCreatedVersion": "1.0.5",
        "reviewId": "d3bd5613-cadc-4c96-82d1-f79f5bd0e451",
        "score": 1,
        "thumbsUpCount": 6,
        "userImage": "https://play-lh.googleusercontent.com/EGemoI2NTXmTsBVtJqk8jxF9rh8ApRWfsIMQSt2uE4OcpQqbFu7f7NbTK05lx80nuSijCz7sc3a277R67g",
        "userName": "A Google user"
    },
    {
        "appVersion": null,
        "at": "2019-02-16 03:31:09",
        "content": "Excellent application for hiking",
        "repliedAt": null,
        "replyContent": null,
        "reviewCreatedVersion": null,
        "reviewId": "60106ea3-3699-4d00-abb3-560363b0335f",
        "score": 5,
        "thumbsUpCount": 1,
        "userImage": "https://play-lh.googleusercontent.com/EGemoI2NTXmTsBVtJqk8jxF9rh8ApRWfsIMQSt2uE4OcpQqbFu7f7NbTK05lx80nuSijCz7sc3a277R67g",
        "userName": "A Google user"
    },
    {
        "appVersion": "1.0.4",
        "at": "2019-02-08 15:02:47",
        "content": "Offers a lot of the features similar apps like AllTrails make you pay for, for free. I also get better performance from the mapping/tracking feature on COTREX than I do AllTrails. I like all the extra features to add things like field notes to hikes as well.",
        "repliedAt": null,
        "replyContent": null,
        "reviewCreatedVersion": "1.0.4",
        "reviewId": "e37a4173-8d15-480f-b82a-b3d5d9bcc648",
        "score": 5,
        "thumbsUpCount": 8,
        "userImage": "https://play-lh.googleusercontent.com/EGemoI2NTXmTsBVtJqk8jxF9rh8ApRWfsIMQSt2uE4OcpQqbFu7f7NbTK05lx80nuSijCz7sc3a277R67g",
        "userName": "A Google user"
    },
    {
        "appVersion": "1.0.4",
        "at": "2019-01-15 15:01:07",
        "content": "my friend and I used this yesterday on a short hike. we were on a time crunch, but the app kept track of where we were, so when the switchbacks never seemed to end, we were able to use the app to see how much farther we had to go. I like the badges feature, expecily the one for litter. it reminds me of pokemonGo. only issue is I can't find a Que or 'to do' list.",
        "repliedAt": "2019-01-17 21:13:49",
        "replyContent": "Hi Sophia, we're glad you're enjoying the app! In case you hadn't already discovered, one thing you can do is Star a Trail, Trailhead, or Route. You can then view all Starred content in your profile, both as a list and on the map (for a map view on mobile, tap the down arrow in upper right of the Starred list).",
        "reviewCreatedVersion": "1.0.4",
        "reviewId": "10073640-5361-4b8f-bd76-4eb6b6c22609",
        "score": 4,
        "thumbsUpCount": 2,
        "userImage": "https://play-lh.googleusercontent.com/EGemoI2NTXmTsBVtJqk8jxF9rh8ApRWfsIMQSt2uE4OcpQqbFu7f7NbTK05lx80nuSijCz7sc3a277R67g",
        "userName": "A Google user"
    },
    {
        "appVersion": "1.0.4",
        "at": "2019-01-13 19:50:40",
        "content": "This app is AMAZING the little I've played with it. I'd like to be able to spin the map, and I'd like to see a \"vertical feet\" or elevation profile rather that a X' to X' elevation listing. however it being accurate and the distance tool is worthy of 5 stars. SO COOL!!",
        "repliedAt": null,
        "replyContent": null,
        "reviewCreatedVersion": "1.0.4",
        "reviewId": "3b0da675-bd08-49f1-9ecf-6f9efa36814c",
        "score": 5,
        "thumbsUpCount": 3,
        "userImage": "https://play-lh.googleusercontent.com/EGemoI2NTXmTsBVtJqk8jxF9rh8ApRWfsIMQSt2uE4OcpQqbFu7f7NbTK05lx80nuSijCz7sc3a277R67g",
        "userName": "A Google user"
    },
    {
        "appVersion": "1.0.4",
        "at": "2019-01-13 12:14:41",
        "content": "Potentially game-changing. The Android version seems to not want to let me create an account or link to my FB account on my Samsung Galaxy s7. Likely won't use it until the weather breaks in a few months.",
        "repliedAt": "2019-01-17 21:12:50",
        "replyContent": "Hi Lorene, sorry you had trouble signing up. We aren't aware of any account creation or linking issues currently, but please email us at COTREX@state.co.us if you continue to have problems so we can help resolve this. Thanks!",
        "reviewCreatedVersion": "1.0.4",
        "reviewId": "38577b42-df89-40a0-b1df-674d1dec9673",
        "score": 3,
        "thumbsUpCount": 2,
        "userImage": "https://play-lh.googleusercontent.com/EGemoI2NTXmTsBVtJqk8jxF9rh8ApRWfsIMQSt2uE4OcpQqbFu7f7NbTK05lx80nuSijCz7sc3a277R67g",
        "userName": "A Google user"
    },
    {
        "appVersion": "1.0.4",
        "at": "2019-01-06 14:16:10",
        "content": "From what I can tell, this is an amazingly good app.  Would *love* the ability to search for coordinates and be able to drop a pin on those coordinates.  Useful for sharing meeting locations, destinations, etc with family and friends.",
        "repliedAt": null,
        "replyContent": null,
        "reviewCreatedVersion": "1.0.4",
        "reviewId": "b71d5027-f915-4a09-a94f-19f12439f3c8",
        "score": 4,
        "thumbsUpCount": 6,
        "userImage": "https://play-lh.googleusercontent.com/EGemoI2NTXmTsBVtJqk8jxF9rh8ApRWfsIMQSt2uE4OcpQqbFu7f7NbTK05lx80nuSijCz7sc3a277R67g",
        "userName": "A Google user"
    },
    {
        "appVersion": "1.0.2",
        "at": "2018-11-14 22:10:42",
        "content": "Please keep developing this! It is a much need to for motor vehicles.",
        "repliedAt": null,
        "replyContent": null,
        "reviewCreatedVersion": "1.0.2",
        "reviewId": "6dc975e5-a158-457d-8d04-80438536caa8",
        "score": 5,
        "thumbsUpCount": 3,
        "userImage": "https://play-lh.googleusercontent.com/EGemoI2NTXmTsBVtJqk8jxF9rh8ApRWfsIMQSt2uE4OcpQqbFu7f7NbTK05lx80nuSijCz7sc3a277R67g",
        "userName": "A Google user"
    },
    {
        "appVersion": "1.0.2",
        "at": "2018-11-08 10:28:24",
        "content": "There's no trails mapped East of Grand Junction and West of Edwards along the I70 corridor. I'm sorry this is a new app and eventually it will get mapped. I know there is hiking meat me, but I don't know how to find it.",
        "repliedAt": "2018-11-13 15:06:48",
        "replyContent": "Hi Jen, thanks for using the app! If you do notice anything that is missing or incorrect, please note that anyone can submit Map Feedback by tapping the green 'plus' button (or right clicking the map on https://trails.colorado.gov/). Some areas have known gaps we're addressing in the coming weeks, but we always appreciate direct feedback.",
        "reviewCreatedVersion": "1.0.2",
        "reviewId": "e1a1b30c-4c16-4d3b-bbd7-367847540697",
        "score": 3,
        "thumbsUpCount": 3,
        "userImage": "https://play-lh.googleusercontent.com/EGemoI2NTXmTsBVtJqk8jxF9rh8ApRWfsIMQSt2uE4OcpQqbFu7f7NbTK05lx80nuSijCz7sc3a277R67g",
        "userName": "A Google user"
    }
]