[
    {
        "appVersion": null,
        "at": "2022-01-05 07:37:52",
        "content": "Nhyfu",
        "repliedAt": null,
        "replyContent": null,
        "reviewCreatedVersion": null,
        "reviewId": "79567526-53ae-4bed-8046-f6a0cfe95983",
        "score": 1,
        "thumbsUpCount": 3,
        "userImage": "https://play-lh.googleusercontent.com/a/ACg8ocL7nTMWeqnqY7pVi8A7qd0L_3oVHkVkK4LK-Pq6XbAi=mo",
        "userName": "Beng Delacruz"
    },
    {
        "appVersion": null,
        "at": "2020-03-23 08:49:40",
        "content": "Fantastic",
        "repliedAt": null,
        "replyContent": null,
        "reviewCreatedVersion": null,
        "reviewId": "17141a05-f512-4b3d-89dd-bdf588d23fb2",
        "score": 5,
        "thumbsUpCount": 4,
        "userImage": "https://play-lh.googleusercontent.com/EGemoI2NTXmTsBVtJqk8jxF9rh8ApRWfsIMQSt2uE4OcpQqbFu7f7NbTK05lx80nuSijCz7sc3a277R67g",
        "userName": "A Google user"
    }
]