[
    {
        "appVersion": "1.5",
        "at": "2023-11-20 05:23:37",
        "content": "This app is really good. But it doesn't allow to adjust the sticker size. Please clear the above issue.",
        "repliedAt": null,
        "replyContent": null,
        "reviewCreatedVersion": "1.5",
        "reviewId": "9b3741a1-d372-45d0-a2b1-0444c80a53d1",
        "score": 3,
        "thumbsUpCount": 0,
        "userImage": "https://play-lh.googleusercontent.com/a-/ALV-UjVZg9TABggWe06U9LO915kyqHs9ktwWzAekz4tY_v10zw",
        "userName": "Sivani P S Sivani P S"
    },
    {
        "appVersion": "1.5",
        "at": "2023-11-18 02:55:29",
        "content": "Excellent",
        "repliedAt": null,
        "replyContent": null,
        "reviewCreatedVersion": "1.5",
        "reviewId": "011e9919-5713-49ce-b0a9-7a6c76f62171",
        "score": 5,
        "thumbsUpCount": 0,
        "userImage": "https://play-lh.googleusercontent.com/a/ACg8ocKucjQjYZOQP0khgRteXFvJsIgVwblKRoNrg3XNClg=mo",
        "userName": "Somen Das"
    },
    {
        "appVersion": "1.5",
        "at": "2023-11-16 16:37:13",
        "content": "Pic isn't downloaded",
        "repliedAt": null,
        "replyContent": null,
        "reviewCreatedVersion": "1.5",
        "reviewId": "967b3a78-a24e-4daa-bf04-ca22f20b0a51",
        "score": 3,
        "thumbsUpCount": 0,
        "userImage": "https://play-lh.googleusercontent.com/a/ACg8ocLiK5YhSFDwsL1RI5enRgXLpkRaPTwfrtOOtr0VIr_P=mo",
        "userName": "Yusra Jamil"
    },
    {
        "appVersion": "1.5",
        "at": "2023-11-13 20:27:29",
        "content": "Ads after every click, and I'd primarily downloaded it for rsvp features, which I never found.",
        "repliedAt": null,
        "replyContent": null,
        "reviewCreatedVersion": "1.5",
        "reviewId": "921faff3-0e10-4d18-a951-c52b9b71d56c",
        "score": 2,
        "thumbsUpCount": 0,
        "userImage": "https://play-lh.googleusercontent.com/a/ACg8ocJJvB7-qCz4uRAigatlE6HO35f8AYeZ2cF7f3YQwjTM=mo",
        "userName": "Rachel Rodriguez"
    },
    {
        "appVersion": "1.5",
        "at": "2023-11-12 15:07:15",
        "content": "\ud83d\udc4e",
        "repliedAt": null,
        "replyContent": null,
        "reviewCreatedVersion": "1.5",
        "reviewId": "f2299a7b-1421-4283-9690-a4df513cc07f",
        "score": 1,
        "thumbsUpCount": 0,
        "userImage": "https://play-lh.googleusercontent.com/a-/ALV-UjUII_CWAUUb7CNef3VWD3cEuVvt71euMCOmBIMR8dkR4g",
        "userName": "Shubham Sadafule"
    },
    {
        "appVersion": "1.5",
        "at": "2023-11-08 06:29:47",
        "content": "Useless. ADVERT HEAVY WASTE OF TIME",
        "repliedAt": null,
        "replyContent": null,
        "reviewCreatedVersion": "1.5",
        "reviewId": "9c6da93e-7a04-4fc1-8ea6-5179c6788e57",
        "score": 1,
        "thumbsUpCount": 0,
        "userImage": "https://play-lh.googleusercontent.com/a-/ALV-UjXSgxjdQc_HbQfjVuHQ2Qw2LTdBtLmagCfuNTarL_ZYtJo",
        "userName": "Katheryne Gull"
    },
    {
        "appVersion": "1.5",
        "at": "2023-11-07 15:49:47",
        "content": "Very poor",
        "repliedAt": null,
        "replyContent": null,
        "reviewCreatedVersion": "1.5",
        "reviewId": "42b758f9-9f35-411a-96de-a03e8b356dce",
        "score": 1,
        "thumbsUpCount": 0,
        "userImage": "https://play-lh.googleusercontent.com/a/ACg8ocIDVR4H_vp_CaAkludFl46CNc0iYNKLxRZg_-SJM_A2=mo",
        "userName": "Mariabanda Kunaka"
    },
    {
        "appVersion": "1.5",
        "at": "2023-11-05 14:25:28",
        "content": "Amazing",
        "repliedAt": null,
        "replyContent": null,
        "reviewCreatedVersion": "1.5",
        "reviewId": "0ad04cc6-79dc-4738-8241-2d6a886fd82c",
        "score": 5,
        "thumbsUpCount": 0,
        "userImage": "https://play-lh.googleusercontent.com/a/ACg8ocLLQXLeWqXtoDTKSe2z3XINHOgXJfY4kOfEa-e-zq6o=mo",
        "userName": "Nasir Bukhari"
    },
    {
        "appVersion": "1.2",
        "at": "2023-10-26 03:22:42",
        "content": "Very interesting and useful application and in addition, I suggest to all people that use this application.\ud83d\ude0e",
        "repliedAt": null,
        "replyContent": null,
        "reviewCreatedVersion": "1.2",
        "reviewId": "052e7230-4ba7-4777-88c2-19cdf4837498",
        "score": 5,
        "thumbsUpCount": 2,
        "userImage": "https://play-lh.googleusercontent.com/a/ACg8ocLlqF3SC7cdRuHDjbdrHnvitF9TqXW_FkgWtXC4_yOP=mo",
        "userName": "Jay Asodariya"
    },
    {
        "appVersion": "1.2",
        "at": "2023-10-25 22:33:18",
        "content": "superb design with no complex interface and easy to use!!!",
        "repliedAt": null,
        "replyContent": null,
        "reviewCreatedVersion": "1.2",
        "reviewId": "303eb5f0-837d-4198-833c-bc16f529e3ab",
        "score": 5,
        "thumbsUpCount": 3,
        "userImage": "https://play-lh.googleusercontent.com/a/ACg8ocLs-1E37U0qhYywlzV1FHtOFbn-7-6O7hWEhVo3rLV6=mo",
        "userName": "Yash Sanghani"
    },
    {
        "appVersion": "1.2",
        "at": "2023-10-19 11:34:22",
        "content": "Almost perfect. My only problem with the app is that you can't edit saved works. And changing font colours is a laborious process. Outside these, the app is a delight. Love it \u2764\ufe0f",
        "repliedAt": null,
        "replyContent": null,
        "reviewCreatedVersion": "1.2",
        "reviewId": "f2773746-2fa1-46c0-9a3b-6295822f2af9",
        "score": 4,
        "thumbsUpCount": 5,
        "userImage": "https://play-lh.googleusercontent.com/a/ACg8ocL28Ic7-aW02wosQyJzOMFncq6h5RiFfjYgqhq_GlF0=mo",
        "userName": "Bose Malachi"
    },
    {
        "appVersion": "1.2",
        "at": "2023-10-18 16:17:56",
        "content": "Poor",
        "repliedAt": null,
        "replyContent": null,
        "reviewCreatedVersion": "1.2",
        "reviewId": "b277f885-d92c-45e3-8fe9-d4a126d2069c",
        "score": 1,
        "thumbsUpCount": 0,
        "userImage": "https://play-lh.googleusercontent.com/a-/ALV-UjX6f1CNXRGew2VhZ8XSyjVKQrIOH1okC--CZBlcD5n40V0",
        "userName": "PRADEEP SIMON"
    },
    {
        "appVersion": null,
        "at": "2023-10-14 19:19:15",
        "content": "This app was useless don't waste your data.it has many ads.they display different cards but you can't even edit your own information. Who ever made it did a terrible job .back to drawing board.",
        "repliedAt": null,
        "replyContent": null,
        "reviewCreatedVersion": null,
        "reviewId": "936a03f3-8ffc-4f0a-a483-f05ec2cd2c40",
        "score": 1,
        "thumbsUpCount": 0,
        "userImage": "https://play-lh.googleusercontent.com/a/ACg8ocLDLtyHk38qn2_QkbOI40LRXgnLKrsHFHKGRqRDm17F=mo",
        "userName": "Mbali Mzobe"
    },
    {
        "appVersion": "1.2",
        "at": "2023-09-30 00:01:23",
        "content": "Very good \ud83d\udc4d",
        "repliedAt": null,
        "replyContent": null,
        "reviewCreatedVersion": "1.2",
        "reviewId": "963f9699-65cf-45ac-8539-bc0dfd139f0b",
        "score": 4,
        "thumbsUpCount": 0,
        "userImage": "https://play-lh.googleusercontent.com/a-/ALV-UjVFPfApK3FO8560_GCINkYgAQ3tR50mstYxo_z3-6-Jbg",
        "userName": "surya verma"
    },
    {
        "appVersion": "1.2",
        "at": "2023-09-27 14:51:46",
        "content": "App unresponsive",
        "repliedAt": null,
        "replyContent": null,
        "reviewCreatedVersion": "1.2",
        "reviewId": "ca600bc6-b161-4784-948b-79b2a9ddbf9a",
        "score": 2,
        "thumbsUpCount": 0,
        "userImage": "https://play-lh.googleusercontent.com/a/ACg8ocIF_XOays_ftTmJDUC2eAVskGg4fOtXtgUCdliXJrQ5=mo",
        "userName": "Anri"
    },
    {
        "appVersion": null,
        "at": "2023-09-20 12:22:41",
        "content": "Not opening",
        "repliedAt": null,
        "replyContent": null,
        "reviewCreatedVersion": null,
        "reviewId": "9fee205e-0317-450c-9f1e-f42f34b86867",
        "score": 1,
        "thumbsUpCount": 0,
        "userImage": "https://play-lh.googleusercontent.com/a/ACg8ocKO_CbRbg7XstjxSBtuKnTPqqrflGx2CAc0PTUd757C=mo",
        "userName": "Koraisin Shaikh"
    },
    {
        "appVersion": "1.2",
        "at": "2023-09-03 12:21:56",
        "content": "Best of inverter card",
        "repliedAt": null,
        "replyContent": null,
        "reviewCreatedVersion": "1.2",
        "reviewId": "33dd588f-70c9-47ca-a8ee-144353fc897a",
        "score": 5,
        "thumbsUpCount": 0,
        "userImage": "https://play-lh.googleusercontent.com/a/ACg8ocIuCGZNcXeWvoINHbC8EsQE489R3CLWKnsVFlgdQS0C=mo",
        "userName": "art of mind"
    },
    {
        "appVersion": "1.2",
        "at": "2023-08-27 07:33:57",
        "content": "Very bad",
        "repliedAt": null,
        "replyContent": null,
        "reviewCreatedVersion": "1.2",
        "reviewId": "b7d033e8-fb3c-4a7e-8490-66f7c496e064",
        "score": 1,
        "thumbsUpCount": 0,
        "userImage": "https://play-lh.googleusercontent.com/a-/ALV-UjVtV_xyuyWaJvuWG24Q_aM6LIg-UfOzeCPsgKWd41PKdts",
        "userName": "Surjeet Singh"
    },
    {
        "appVersion": "1.2",
        "at": "2023-08-25 12:16:51",
        "content": "While texting invitation it kept jumping up and down wasn't pleased \ud83d\ude15",
        "repliedAt": null,
        "replyContent": null,
        "reviewCreatedVersion": "1.2",
        "reviewId": "9b02e4de-045e-4bf4-8b02-1c166cc76559",
        "score": 2,
        "thumbsUpCount": 2,
        "userImage": "https://play-lh.googleusercontent.com/a-/ALV-UjXi73tFImJ0bUWLvBSpviKtgEwEBShXGtKmJxqFzPHU6g0",
        "userName": "Voncile Hughes"
    },
    {
        "appVersion": null,
        "at": "2023-08-16 13:45:05",
        "content": "Nice app",
        "repliedAt": null,
        "replyContent": null,
        "reviewCreatedVersion": null,
        "reviewId": "d756fe1c-c12d-43e0-82d1-5c2cb7846fc4",
        "score": 5,
        "thumbsUpCount": 0,
        "userImage": "https://play-lh.googleusercontent.com/a/ACg8ocJpQy96f3M005_3Jb4NPVN6GbRSQgHZvLJTyK015LYg=mo",
        "userName": "Prit Nariya"
    },
    {
        "appVersion": "1.2",
        "at": "2023-08-11 08:03:36",
        "content": "Zabardast",
        "repliedAt": null,
        "replyContent": null,
        "reviewCreatedVersion": "1.2",
        "reviewId": "cafe0582-4335-4680-bca0-9bf41bcdf89b",
        "score": 5,
        "thumbsUpCount": 0,
        "userImage": "https://play-lh.googleusercontent.com/a/ACg8ocLUL7BATfJxW5JPsv7lJhSUJklYX-9yR5EeKOZv8Ily=mo",
        "userName": "Nasir Bukhari"
    },
    {
        "appVersion": "1.2",
        "at": "2023-08-03 16:17:10",
        "content": "Rsvp not found",
        "repliedAt": null,
        "replyContent": null,
        "reviewCreatedVersion": "1.2",
        "reviewId": "522de577-9b59-4817-98ad-e3098ee8ec7e",
        "score": 1,
        "thumbsUpCount": 0,
        "userImage": "https://play-lh.googleusercontent.com/a/ACg8ocJ89nv6R3Deq-Y8IgJ1TzILL9o0hu6jZ38uuj87vTZF=mo",
        "userName": "Rajneek J Patel"
    },
    {
        "appVersion": "1.2",
        "at": "2023-08-02 10:25:19",
        "content": "Very easy to create good",
        "repliedAt": null,
        "replyContent": null,
        "reviewCreatedVersion": "1.2",
        "reviewId": "088954fe-adcc-4a05-ba0c-1844c2eb172f",
        "score": 5,
        "thumbsUpCount": 0,
        "userImage": "https://play-lh.googleusercontent.com/a-/ALV-UjWQU-s3GeyfxgN8YcVQmz67qkyR5M6yCZ4BjvSpbtiPvJU",
        "userName": "Shanta Nand Bhalla"
    },
    {
        "appVersion": "1.1",
        "at": "2023-07-25 15:08:43",
        "content": "Not good",
        "repliedAt": null,
        "replyContent": null,
        "reviewCreatedVersion": "1.1",
        "reviewId": "a61cc7d1-42a0-4151-8363-c37dcbfe0395",
        "score": 2,
        "thumbsUpCount": 0,
        "userImage": "https://play-lh.googleusercontent.com/a-/ALV-UjU3gl3wEe9MIO243j8dGzcth6ooGcGD6BdugtLRKmjlJBrS",
        "userName": "Thereza du Preez"
    },
    {
        "appVersion": "1.1",
        "at": "2023-07-23 10:45:57",
        "content": "Too many advert",
        "repliedAt": null,
        "replyContent": null,
        "reviewCreatedVersion": "1.1",
        "reviewId": "c6953e90-1aa0-4ebd-8fe2-5a0c519b446c",
        "score": 1,
        "thumbsUpCount": 0,
        "userImage": "https://play-lh.googleusercontent.com/a/ACg8ocIFRxHcAKO9FmIi698uhs-o0izoZ8A58ciovr2t-mLH=mo",
        "userName": "Talent Nonjabulo Kubheka"
    },
    {
        "appVersion": "1.1",
        "at": "2023-07-20 06:16:49",
        "content": "This app is awesome.. it gives you ideas to make your invitations...and it's completely free",
        "repliedAt": null,
        "replyContent": null,
        "reviewCreatedVersion": "1.1",
        "reviewId": "1658cab3-d849-4573-8568-f83ebbabfe80",
        "score": 5,
        "thumbsUpCount": 3,
        "userImage": "https://play-lh.googleusercontent.com/a/ACg8ocJwX-SRbheQB73OCivequkIX8CU7PGjaiQfMmeh5ttT=mo",
        "userName": "Saachee Salkar"
    },
    {
        "appVersion": "1.0",
        "at": "2023-07-14 13:20:18",
        "content": "Best useful application to making usually invitation card.",
        "repliedAt": null,
        "replyContent": null,
        "reviewCreatedVersion": "1.0",
        "reviewId": "59e40e5d-680a-42dd-9015-247f5c943baa",
        "score": 5,
        "thumbsUpCount": 0,
        "userImage": "https://play-lh.googleusercontent.com/a-/ALV-UjXpfH4TNCL0TksHYhO4xkrwECb-2rLIWU8ck7Qd4GS5W4Bf",
        "userName": "DINESH M. VASOYA"
    },
    {
        "appVersion": "1.0",
        "at": "2023-07-14 03:45:50",
        "content": "Very very very bad app",
        "repliedAt": null,
        "replyContent": null,
        "reviewCreatedVersion": "1.0",
        "reviewId": "d0f4a1b8-bbdc-439f-aa75-fb2a5b44d17d",
        "score": 1,
        "thumbsUpCount": 0,
        "userImage": "https://play-lh.googleusercontent.com/a/ACg8ocJo7babD-b8NTyjwSPHCjmhneOMoQC5ONb2qLAvqzUT=mo",
        "userName": "Najib Adam"
    },
    {
        "appVersion": null,
        "at": "2023-07-08 19:08:28",
        "content": "BOJA SKYE \ud83d\udc3414",
        "repliedAt": null,
        "replyContent": null,
        "reviewCreatedVersion": null,
        "reviewId": "15a32823-5761-44ef-add0-441416dfa8f2",
        "score": 5,
        "thumbsUpCount": 0,
        "userImage": "https://play-lh.googleusercontent.com/a-/ALV-UjV8_McygiBHVJjNzu1ndiFx3mtiUHgmTmBI_QHkwWjbYw",
        "userName": "Dragoslav Peric"
    },
    {
        "appVersion": "1.0",
        "at": "2023-07-07 16:08:38",
        "content": "Lovely",
        "repliedAt": null,
        "replyContent": null,
        "reviewCreatedVersion": "1.0",
        "reviewId": "bb9dd2ff-4aa8-4809-b04f-a7a69685822d",
        "score": 5,
        "thumbsUpCount": 0,
        "userImage": "https://play-lh.googleusercontent.com/a/ACg8ocKEbCJHgG52fHnpZ30pRrLP6n5oXi7A6F5nraTjSm0=mo",
        "userName": "Aashi Soni"
    },
    {
        "appVersion": "1.0",
        "at": "2023-07-07 14:03:42",
        "content": "Awesome app with best graphic and difficult posters",
        "repliedAt": null,
        "replyContent": null,
        "reviewCreatedVersion": "1.0",
        "reviewId": "828ca6f5-d8c7-432d-b333-87c95b165edb",
        "score": 5,
        "thumbsUpCount": 0,
        "userImage": "https://play-lh.googleusercontent.com/a-/ALV-UjUZ5Wn2a_eNLQhPWUcgo6OpmDZvawok7OXOH6Plir-dtA",
        "userName": "himanshu vadi"
    },
    {
        "appVersion": "1.0",
        "at": "2023-06-30 13:53:32",
        "content": "I Really Appreciated this invitation maker app because of its features and functionality, work perfect in my phone and great collections of different category events invitations. All the graphic invitation card templates are such an useful to create eye catching invitation cards. Best invitation card maker app.",
        "repliedAt": null,
        "replyContent": null,
        "reviewCreatedVersion": "1.0",
        "reviewId": "07e78951-314a-4a3e-a77c-c10a40fe376f",
        "score": 5,
        "thumbsUpCount": 9,
        "userImage": "https://play-lh.googleusercontent.com/a-/ALV-UjW3TU5has_LM8d7bquEBV2VpY9L5X7Vd5ISWXfQX1KIXAwA",
        "userName": "Yash Abhangi"
    },
    {
        "appVersion": "1.0",
        "at": "2023-06-27 07:00:10",
        "content": "Would be good if it had an option to add pictures",
        "repliedAt": null,
        "replyContent": null,
        "reviewCreatedVersion": "1.0",
        "reviewId": "76876436-bcba-4507-81d5-f7abb9e85721",
        "score": 2,
        "thumbsUpCount": 0,
        "userImage": "https://play-lh.googleusercontent.com/a-/ALV-UjVJGMElCBNcfwefICmq8132WLWBIsNx65_rYAgLTXIkSqw",
        "userName": "Onkutlule Ogolotse"
    },
    {
        "appVersion": "1.0",
        "at": "2023-06-20 21:49:45",
        "content": "The presentation on the look of the app is simple and tidy. The functionality of the app, on the other hand, is not plausible. Meaning, I could not upload photos onto the invitation and the app is slow.",
        "repliedAt": null,
        "replyContent": null,
        "reviewCreatedVersion": "1.0",
        "reviewId": "0f4b97f2-d32a-4e0d-b5de-7c15e832c1db",
        "score": 1,
        "thumbsUpCount": 5,
        "userImage": "https://play-lh.googleusercontent.com/a-/ALV-UjU1Gkw2GgGsL44OmqwOozZsso3nnm_BUhmexU0qwsaE5zQ",
        "userName": "Tupou Dunlop"
    },
    {
        "appVersion": "1.0",
        "at": "2023-06-02 08:01:43",
        "content": "\ud835\udc15\ud835\udc1e\ud835\udc2b\ud835\udc32 \ud835\udc27\ud835\udc22\ud835\udc1c\ud835\udc1e",
        "repliedAt": null,
        "replyContent": null,
        "reviewCreatedVersion": "1.0",
        "reviewId": "25de7a4d-d39c-48f6-b0e7-86ecf6515fdd",
        "score": 5,
        "thumbsUpCount": 1,
        "userImage": "https://play-lh.googleusercontent.com/a/ACg8ocL4v0biM54b1CFuJ8HoXrVZOIq48KzbrS-5mDC2aS9I=mo",
        "userName": "Shima Alom"
    }
]