[
    {
        "appVersion": "1.0.8",
        "at": "2023-11-20 05:20:38",
        "content": "these str8",
        "repliedAt": null,
        "replyContent": null,
        "reviewCreatedVersion": "1.0.8",
        "reviewId": "3d57755c-c602-4dbe-ad6d-95a48691e878",
        "score": 5,
        "thumbsUpCount": 0,
        "userImage": "https://play-lh.googleusercontent.com/a-/ALV-UjVtNUcIe_giwh022JSskawZJI97MURwzWTxNr7jNhw9yg",
        "userName": "Being"
    },
    {
        "appVersion": "1.0.8",
        "at": "2023-11-16 06:51:13",
        "content": "madlipz",
        "repliedAt": null,
        "replyContent": null,
        "reviewCreatedVersion": "1.0.8",
        "reviewId": "bb741d0e-8d68-4ad9-9cbd-ecb87dd6106b",
        "score": 5,
        "thumbsUpCount": 0,
        "userImage": "https://play-lh.googleusercontent.com/a-/ALV-UjUBtNc7biOTG_IA7-pvgZ5Pts7lDGSYXuu2L12jpAwmIA",
        "userName": "onyong kizito"
    },
    {
        "appVersion": "1.0.8",
        "at": "2023-11-13 11:55:27",
        "content": "saladin Abdurahaman Mahammad",
        "repliedAt": "2023-11-14 02:50:27",
        "replyContent": "Thank you for downloading our app! We will keep working on it!",
        "reviewCreatedVersion": "1.0.8",
        "reviewId": "14ffd4aa-9505-479f-849e-325a3a7cba5c",
        "score": 5,
        "thumbsUpCount": 0,
        "userImage": "https://play-lh.googleusercontent.com/a-/ALV-UjUgFCV03zBOS6JfCH_erxC8DzN15n3B3wXeqOEhxjR62Q",
        "userName": "SALADIN ABDURAMAN Saladin Abduraman mahemmad"
    },
    {
        "appVersion": "1.0.8",
        "at": "2023-11-12 10:59:56",
        "content": "\u09aa\u09be\u09ac\u09b2\u09bf\u0995 \u09aa\u09b0\u09cd\u09af\u09be\u09b2\u09cb\u099a\u09a8\u09be",
        "repliedAt": "2023-11-14 02:50:53",
        "replyContent": "Thanks for your review! Please recommend our app to your friends, and don\u2019t hesitate to send us a note at appscaletechnology1@gmail.com, if you have any questions.",
        "reviewCreatedVersion": "1.0.8",
        "reviewId": "8ddd09fc-9637-464d-b6fc-5493ea201b10",
        "score": 5,
        "thumbsUpCount": 0,
        "userImage": "https://play-lh.googleusercontent.com/a/ACg8ocL7201vf39U8MsojcLoapWgUQDMSfJyCPl7LPhhRco=mo",
        "userName": "Himel Mia"
    },
    {
        "appVersion": "1.0.8",
        "at": "2023-11-09 11:18:46",
        "content": "well it's quite good",
        "repliedAt": "2023-11-14 02:54:42",
        "replyContent": "Dear User, we are glad you liked the app. We request you to give us a 5-star rating as it is the best encouragement for our team.",
        "reviewCreatedVersion": "1.0.8",
        "reviewId": "0f684660-616e-4921-a6fa-7ed713e8f6a6",
        "score": 4,
        "thumbsUpCount": 1,
        "userImage": "https://play-lh.googleusercontent.com/a/ACg8ocKftqf4H46dPkj_6__e07yZ7uuC-WGcuaKKedx9Ivl3=mo",
        "userName": "Kevin Isingoma"
    },
    {
        "appVersion": "1.0.4",
        "at": "2023-11-06 11:16:06",
        "content": "sheriff VAIMUNIA",
        "repliedAt": null,
        "replyContent": null,
        "reviewCreatedVersion": "1.0.4",
        "reviewId": "de27105d-19b0-48be-9d52-ce9a4598d809",
        "score": 1,
        "thumbsUpCount": 0,
        "userImage": "https://play-lh.googleusercontent.com/a/ACg8ocLv_dMlHCzInemklwIynCWAypcjJ0DufQAoVqjBerw=mo",
        "userName": "Vaimunia Sheriff"
    },
    {
        "appVersion": "1.0.2",
        "at": "2023-10-25 11:18:03",
        "content": "Good app",
        "repliedAt": null,
        "replyContent": null,
        "reviewCreatedVersion": "1.0.2",
        "reviewId": "9a31a24c-9270-4962-bb76-2133d3cec198",
        "score": 5,
        "thumbsUpCount": 0,
        "userImage": "https://play-lh.googleusercontent.com/a/ACg8ocLvrlWDubL5Iz7AVRNf-DdRSjG5L31gYw8ngNXbnrIR=mo",
        "userName": "Peter John"
    },
    {
        "appVersion": "1.0.4",
        "at": "2023-10-19 03:21:25",
        "content": "warthapu",
        "repliedAt": null,
        "replyContent": null,
        "reviewCreatedVersion": "1.0.4",
        "reviewId": "459837c6-b21a-4923-abd4-562a6cd3fc4b",
        "score": 4,
        "thumbsUpCount": 0,
        "userImage": "https://play-lh.googleusercontent.com/a/ACg8ocINOBmXxT7cHAC-53yboHdenyQyd3a3G_2Y5Md5GiwY=mo",
        "userName": "Daniel Ktmaisela"
    },
    {
        "appVersion": "1.0.4",
        "at": "2023-10-17 09:17:12",
        "content": "abukamara",
        "repliedAt": null,
        "replyContent": null,
        "reviewCreatedVersion": "1.0.4",
        "reviewId": "d5b46883-ec21-47cd-9951-12f2f3de97ff",
        "score": 5,
        "thumbsUpCount": 0,
        "userImage": "https://play-lh.googleusercontent.com/a/ACg8ocKzjxdg4AAzHhnxeyRgzO4Qh6uyB5KpyD162tcH7EnI=mo",
        "userName": "Abu Kamara"
    },
    {
        "appVersion": "1.0.4",
        "at": "2023-10-17 06:05:29",
        "content": "How to remove password from infinix pro 20",
        "repliedAt": null,
        "replyContent": null,
        "reviewCreatedVersion": "1.0.4",
        "reviewId": "f915eed7-04d4-4ffe-b15f-b1aea2a6c696",
        "score": 5,
        "thumbsUpCount": 1,
        "userImage": "https://play-lh.googleusercontent.com/a/ACg8ocIPusLiWWXV1ps0nDEoXPkNE1VppqW_acRTVQ4WFH37=mo",
        "userName": "Mohamed Kanneh"
    },
    {
        "appVersion": "1.0.4",
        "at": "2023-10-16 07:12:05",
        "content": "nice",
        "repliedAt": null,
        "replyContent": null,
        "reviewCreatedVersion": "1.0.4",
        "reviewId": "1ddd3ac9-16e0-48bb-8e6f-d5de3e60471e",
        "score": 5,
        "thumbsUpCount": 0,
        "userImage": "https://play-lh.googleusercontent.com/a-/ALV-UjUDcXfISN8RVOuwXOprSCQl_t5ROSq98dAdWi7b7jrOIQ",
        "userName": "Karan soni"
    },
    {
        "appVersion": "1.0.4",
        "at": "2023-10-15 14:24:41",
        "content": "best",
        "repliedAt": null,
        "replyContent": null,
        "reviewCreatedVersion": "1.0.4",
        "reviewId": "757b6c2f-1adc-440e-9124-43671930f61c",
        "score": 5,
        "thumbsUpCount": 0,
        "userImage": "https://play-lh.googleusercontent.com/a/ACg8ocLTMr8JgVeR4yOVsi4FhxM-Xovo5BTVZ-6QHYry3pQh=mo",
        "userName": "Ameer Kaladagi"
    },
    {
        "appVersion": "1.0.3",
        "at": "2023-10-13 21:53:03",
        "content": "Good",
        "repliedAt": null,
        "replyContent": null,
        "reviewCreatedVersion": "1.0.3",
        "reviewId": "80d8e19b-bd66-41a4-a1ca-8e238ab87aad",
        "score": 5,
        "thumbsUpCount": 0,
        "userImage": "https://play-lh.googleusercontent.com/a-/ALV-UjW9ab_ZJ7mQtvBxUm6pdCoCtIMzYg8SmuZDebqbl7dnu2WX",
        "userName": "Datta Awasaramol"
    },
    {
        "appVersion": "1.0.3",
        "at": "2023-10-05 16:15:00",
        "content": "Nice",
        "repliedAt": null,
        "replyContent": null,
        "reviewCreatedVersion": "1.0.3",
        "reviewId": "c143b8bf-cf40-4693-8048-34ed9ece67b1",
        "score": 3,
        "thumbsUpCount": 0,
        "userImage": "https://play-lh.googleusercontent.com/a-/ALV-UjVG6TelPly7Vl4F9qbUvwPYoxr7ahuLskArLIVLGgAF_r8",
        "userName": "Mohamad Idirs"
    },
    {
        "appVersion": "1.0.3",
        "at": "2023-10-03 18:46:09",
        "content": "I want to recover my fb account",
        "repliedAt": null,
        "replyContent": null,
        "reviewCreatedVersion": "1.0.3",
        "reviewId": "d9382882-04c7-4bb2-8e7e-ac8102a5b888",
        "score": 5,
        "thumbsUpCount": 0,
        "userImage": "https://play-lh.googleusercontent.com/a/ACg8ocLgM9nJBpYGONDuGsUbKLdS96PgGsrhnGRTJM8iY7rd=mo",
        "userName": "Marlon Laguinan"
    },
    {
        "appVersion": "1.0.3",
        "at": "2023-09-24 10:39:25",
        "content": "pahxbiv",
        "repliedAt": null,
        "replyContent": null,
        "reviewCreatedVersion": "1.0.3",
        "reviewId": "1b894c9c-677a-41ed-acca-1a80a8e4ceaf",
        "score": 1,
        "thumbsUpCount": 0,
        "userImage": "https://play-lh.googleusercontent.com/a/ACg8ocK6N6K4w6yiVV7FskqMqAVvzaCIt08ww4lo905fL5hD=mo",
        "userName": "Francis David"
    },
    {
        "appVersion": "1.0.3",
        "at": "2023-09-21 05:05:22",
        "content": "mosharof",
        "repliedAt": null,
        "replyContent": null,
        "reviewCreatedVersion": "1.0.3",
        "reviewId": "d1e2bacb-8641-45a6-87b5-0b6d2ca407c4",
        "score": 5,
        "thumbsUpCount": 0,
        "userImage": "https://play-lh.googleusercontent.com/a/ACg8ocLQ_xIYxxD5xlYXlVzpkvkuk1gpHAJsVERX5tpf2f2m=mo",
        "userName": "Md Moshrofmia"
    },
    {
        "appVersion": null,
        "at": "2023-09-17 19:20:58",
        "content": "really nice",
        "repliedAt": null,
        "replyContent": null,
        "reviewCreatedVersion": null,
        "reviewId": "893011b4-4bf4-47b9-a226-e57cdb348e02",
        "score": 4,
        "thumbsUpCount": 0,
        "userImage": "https://play-lh.googleusercontent.com/a/ACg8ocJSEd4dwqzyi1JOPSV7jzGLCb3biIABTjo9dBihxLf0=mo",
        "userName": "Deng Taban"
    },
    {
        "appVersion": null,
        "at": "2023-09-16 17:58:20",
        "content": "This app is good but some codes aren't running",
        "repliedAt": null,
        "replyContent": null,
        "reviewCreatedVersion": null,
        "reviewId": "c75a941e-09d0-4fab-9831-34a2827b16f0",
        "score": 5,
        "thumbsUpCount": 4,
        "userImage": "https://play-lh.googleusercontent.com/a-/ALV-UjWR0-hlOAAcSDPDBzi1t3_x-Y5yq7kTtOLMCsc0cLry9ec",
        "userName": "Chris Kevon"
    },
    {
        "appVersion": "1.0.2",
        "at": "2023-09-16 04:26:35",
        "content": "\ud835\ude78 \ud835\ude95\ud835\ude92\ud835\ude94\ud835\ude8e \ud835\ude9d\ud835\ude91\ud835\ude92\ud835\ude9c \ud835\ude8a\ud835\ude99\ud835\ude99",
        "repliedAt": null,
        "replyContent": null,
        "reviewCreatedVersion": "1.0.2",
        "reviewId": "c79eda00-687d-417e-bb88-c73bb66cceea",
        "score": 5,
        "thumbsUpCount": 3,
        "userImage": "https://play-lh.googleusercontent.com/a-/ALV-UjW8U7SNLok9vR2a75WBWBmyDSWqDbBdb9ubGoLTJDtFVg",
        "userName": "IRADUKUNDA Fiacre"
    },
    {
        "appVersion": "1.0.2",
        "at": "2023-09-16 03:22:38",
        "content": "\u0915\u0941\u0902\u091c \u092c\u093f\u0939\u093e\u0930\u0940",
        "repliedAt": null,
        "replyContent": null,
        "reviewCreatedVersion": "1.0.2",
        "reviewId": "17c2dc15-1b4d-416c-b9f6-07109f92e1f7",
        "score": 4,
        "thumbsUpCount": 0,
        "userImage": "https://play-lh.googleusercontent.com/a/ACg8ocL7xNnVwBrjDrQJvu2ibeWrZtnmG0RmzpcMVfdQMY3F=mo",
        "userName": "Bigyani Singh"
    },
    {
        "appVersion": "1.0.2",
        "at": "2023-09-16 02:01:03",
        "content": "good",
        "repliedAt": null,
        "replyContent": null,
        "reviewCreatedVersion": "1.0.2",
        "reviewId": "db66d18e-a697-4695-ba65-ed51ae856306",
        "score": 5,
        "thumbsUpCount": 0,
        "userImage": "https://play-lh.googleusercontent.com/a-/ALV-UjWa3TrOEavqEXcv-uNszmNOhGOKQhvAazbpiqSNNAd5cUk",
        "userName": "Pappu Pappu"
    },
    {
        "appVersion": "1.0.2",
        "at": "2023-09-15 02:16:46",
        "content": "good",
        "repliedAt": null,
        "replyContent": null,
        "reviewCreatedVersion": "1.0.2",
        "reviewId": "e51fd0d6-f2bc-446d-a651-a782e48f450c",
        "score": 5,
        "thumbsUpCount": 0,
        "userImage": "https://play-lh.googleusercontent.com/a-/ALV-UjUgA2Ar7eMmZT_gzfj4E1cr88tC7WIgU7kiQbMG0TN5lg",
        "userName": "nharnhar qwhame"
    },
    {
        "appVersion": "1.0.2",
        "at": "2023-09-13 21:59:42",
        "content": "is good",
        "repliedAt": null,
        "replyContent": null,
        "reviewCreatedVersion": "1.0.2",
        "reviewId": "43604f00-272c-44a7-bac7-4d869000d7c5",
        "score": 5,
        "thumbsUpCount": 0,
        "userImage": "https://play-lh.googleusercontent.com/a-/ALV-UjXqh9aVrTVJIibYnksbpL4BfCH5FLWGEv7BbtOsHcRTvw",
        "userName": "J Dad"
    },
    {
        "appVersion": "1.0.2",
        "at": "2023-09-13 08:34:30",
        "content": "great app",
        "repliedAt": null,
        "replyContent": null,
        "reviewCreatedVersion": "1.0.2",
        "reviewId": "46205d0b-e4c1-41df-912e-52ae3c3a8964",
        "score": 5,
        "thumbsUpCount": 0,
        "userImage": "https://play-lh.googleusercontent.com/a/ACg8ocL8SVajJovvS3T-4-2m6M47qHoCjN8g23ynIhfv0dYU=mo",
        "userName": "MUKISA KEN"
    },
    {
        "appVersion": "1.0.2",
        "at": "2023-09-12 22:40:05",
        "content": "i love this app",
        "repliedAt": null,
        "replyContent": null,
        "reviewCreatedVersion": "1.0.2",
        "reviewId": "36f8cc28-7244-407c-b778-dfb2b4e5b795",
        "score": 5,
        "thumbsUpCount": 5,
        "userImage": "https://play-lh.googleusercontent.com/a/ACg8ocKKpR-MQi4H6t_6NTyiqEvlQ8IrKCgbbxL705N2CSAA=mo",
        "userName": "Ahangba Akaabo"
    },
    {
        "appVersion": "1.0.2",
        "at": "2023-09-11 17:04:06",
        "content": "good",
        "repliedAt": null,
        "replyContent": null,
        "reviewCreatedVersion": "1.0.2",
        "reviewId": "cb4a8a3c-cbea-4058-8bee-5fa71c7aaf2d",
        "score": 5,
        "thumbsUpCount": 1,
        "userImage": "https://play-lh.googleusercontent.com/a-/ALV-UjWfMwVOJ86yk2m64lYT3iRusPhgUZCXWSjCRZS6f9-r_ac",
        "userName": "Brain Underhood"
    },
    {
        "appVersion": "1.0.2",
        "at": "2023-09-10 17:31:20",
        "content": "good",
        "repliedAt": null,
        "replyContent": null,
        "reviewCreatedVersion": "1.0.2",
        "reviewId": "ed51b6bd-29ff-416b-9ae1-dec76c317fba",
        "score": 5,
        "thumbsUpCount": 1,
        "userImage": "https://play-lh.googleusercontent.com/a/ACg8ocIagVq0Kug62YyJVMuxhkXL1xmngiDhSRonmj3aBO6-=mo",
        "userName": "Blessings Wallace"
    }
]