[
    {
        "appVersion": "2.0",
        "at": "2023-11-08 11:53:10",
        "content": "Virgin app",
        "repliedAt": null,
        "replyContent": null,
        "reviewCreatedVersion": "2.0",
        "reviewId": "7ec07b11-901a-4f58-b7f8-f651ac8540c4",
        "score": 5,
        "thumbsUpCount": 0,
        "userImage": "https://play-lh.googleusercontent.com/a/ACg8ocKrYgvNJgUBcfXf0n3oMQAuym7S7sIFs-QtMr8mfMEi=mo",
        "userName": "Md Javed"
    },
    {
        "appVersion": "2.0",
        "at": "2023-11-04 17:05:42",
        "content": "Hi min nam Morteza karami skriver att de \u00e4r det dags f\u00f6r den h\u00e4r veckan \u00e4r \u00f6ppet min bankid och min swhi kortroman m\u00e5nga veta vad",
        "repliedAt": null,
        "replyContent": null,
        "reviewCreatedVersion": "2.0",
        "reviewId": "9fafd39b-3e80-43a6-b221-0f68257c3e3e",
        "score": 5,
        "thumbsUpCount": 0,
        "userImage": "https://play-lh.googleusercontent.com/a/ACg8ocJvR0_uvbC35pSADyqzO1bCanOQ7VKP39RXhQE-dzY1=mo",
        "userName": "Morteza Karami"
    },
    {
        "appVersion": null,
        "at": "2023-10-25 00:39:06",
        "content": "Too much slow i buy plan but my money waste",
        "repliedAt": null,
        "replyContent": null,
        "reviewCreatedVersion": null,
        "reviewId": "ce6d8a05-3a60-48dc-912a-ec099a9080f1",
        "score": 1,
        "thumbsUpCount": 0,
        "userImage": "https://play-lh.googleusercontent.com/a-/ALV-UjUKnvIZfNhLmvOAUunPiPShUDsEYYmSYSscCy9D2fu-Sw",
        "userName": "Aarif Ali"
    },
    {
        "appVersion": "2.0",
        "at": "2023-10-13 19:51:04",
        "content": "For some reason, I'm unable to make ANY purchase actions within the app for upgrading the mining speed. Not very convenient or well planned. Verursacht.\ud83d\ude36",
        "repliedAt": null,
        "replyContent": null,
        "reviewCreatedVersion": "2.0",
        "reviewId": "b91a4924-a794-4313-a439-1fe89ba23331",
        "score": 2,
        "thumbsUpCount": 4,
        "userImage": "https://play-lh.googleusercontent.com/a-/ALV-UjXZTzD93oIb0yTod7xWZwPyU_FPSN7pFiscQpUqVNh3ctMv",
        "userName": "Cecil Catulle"
    },
    {
        "appVersion": null,
        "at": "2023-08-26 17:19:59",
        "content": "Real mining maybe",
        "repliedAt": null,
        "replyContent": null,
        "reviewCreatedVersion": null,
        "reviewId": "6366e184-1984-4e8a-9d9b-5ad37173cea7",
        "score": 2,
        "thumbsUpCount": 0,
        "userImage": "https://play-lh.googleusercontent.com/a-/ALV-UjUPv6fhxt09WJDTwUEypchvxsQ_mibzXJ1S0MIgHw8uGg",
        "userName": "MONJURUL islam"
    },
    {
        "appVersion": null,
        "at": "2023-08-17 15:30:06",
        "content": "Fake don't download \ud83d\ude21\ud83d\ude21\ud83e\udd2c",
        "repliedAt": null,
        "replyContent": null,
        "reviewCreatedVersion": null,
        "reviewId": "3e5931b1-37ed-4650-9ef9-1e4e29da69d2",
        "score": 1,
        "thumbsUpCount": 0,
        "userImage": "https://play-lh.googleusercontent.com/a/ACg8ocLcEbuZohAMp0A0sJR2Xmv83renwRfx5WpenINH3wX3=mo",
        "userName": "Umair Niazi"
    },
    {
        "appVersion": "2.0",
        "at": "2023-08-01 14:25:34",
        "content": "I will come to this app and add more or less review accordingly.",
        "repliedAt": null,
        "replyContent": null,
        "reviewCreatedVersion": "2.0",
        "reviewId": "8ad663be-5294-4f80-a8d6-329755b02702",
        "score": 1,
        "thumbsUpCount": 1,
        "userImage": "https://play-lh.googleusercontent.com/a/ACg8ocJfrxp0Me1cRRqGDSKU6bguq2xlDck80x6OS4NEKZd-=mo",
        "userName": "Tenzin Gyeltshen"
    },
    {
        "appVersion": "2.0",
        "at": "2023-07-27 16:32:26",
        "content": "so far so good.",
        "repliedAt": null,
        "replyContent": null,
        "reviewCreatedVersion": "2.0",
        "reviewId": "4b952cad-c0b1-41a2-92a5-0c37ea319ece",
        "score": 5,
        "thumbsUpCount": 2,
        "userImage": "https://play-lh.googleusercontent.com/a-/ALV-UjV1kmNwsmbUxWGIdtcv8rbvfkZePjxvZNz32YOeEkJkYZI",
        "userName": "moon grey"
    },
    {
        "appVersion": "2.0",
        "at": "2023-06-19 11:22:17",
        "content": "I push a button and all done for 24 hours",
        "repliedAt": null,
        "replyContent": null,
        "reviewCreatedVersion": "2.0",
        "reviewId": "30c8a004-9304-478e-80b9-d0d9a8fb2e4c",
        "score": 1,
        "thumbsUpCount": 2,
        "userImage": "https://play-lh.googleusercontent.com/a/ACg8ocKwku-fhbNra9x030NpJ_BYSrlkmHfh8tqpjfH8q0c2=mo",
        "userName": "Gizmo Lumpkin"
    },
    {
        "appVersion": "2.0",
        "at": "2023-06-10 21:05:55",
        "content": "Very slow but have not gotten to widraw. Till then",
        "repliedAt": null,
        "replyContent": null,
        "reviewCreatedVersion": "2.0",
        "reviewId": "2e5b1238-8573-4085-bfee-edf33805a323",
        "score": 3,
        "thumbsUpCount": 7,
        "userImage": "https://play-lh.googleusercontent.com/a-/ALV-UjUtJkA-rqNKGb7ryY8DQ6VJlMsmkLDfXp0nbayDOahNhQ",
        "userName": "Daniel A. Lopez"
    },
    {
        "appVersion": "2.0",
        "at": "2023-06-07 19:30:19",
        "content": "Just got this app... looks pretty generic, so far, it seems i can mine without continually opening the app. I haven't made any withdrawal so i will be back to give it a final rating. Minimum withdrawal threshold is 2.0 so wish me luck\ud83e\udd1e let's hope is not a \"pay before you can withdraw bs kinda app.",
        "repliedAt": null,
        "replyContent": null,
        "reviewCreatedVersion": "2.0",
        "reviewId": "100d1668-59f1-4b79-9699-e1ad12b3cf51",
        "score": 3,
        "thumbsUpCount": 15,
        "userImage": "https://play-lh.googleusercontent.com/a-/ALV-UjX0WUP2CA3BQwgRec-3GtlSpN1swZqy9UzFd357GhKizrA",
        "userName": "minerlix Gaming"
    },
    {
        "appVersion": "2.0",
        "at": "2023-05-29 15:54:17",
        "content": "Good",
        "repliedAt": null,
        "replyContent": null,
        "reviewCreatedVersion": "2.0",
        "reviewId": "7ec148c4-e4af-4754-b1d6-f41ba83067ee",
        "score": 5,
        "thumbsUpCount": 1,
        "userImage": "https://play-lh.googleusercontent.com/a-/ALV-UjX7nXXHN0IvSxdsc21KOMbwdU-jTOAR3oXL0rHWoWbydA",
        "userName": "Pakistan Pakistan"
    },
    {
        "appVersion": "2.0",
        "at": "2023-05-20 18:40:55",
        "content": "Yes nice app this",
        "repliedAt": null,
        "replyContent": null,
        "reviewCreatedVersion": "2.0",
        "reviewId": "3c80f365-3e18-4377-989e-4bba80a0178c",
        "score": 5,
        "thumbsUpCount": 1,
        "userImage": "https://play-lh.googleusercontent.com/a/ACg8ocLeJHkzPy7VsNQ5UMj3EgKwU0W8OZJoleisjXzgGmzO=mo",
        "userName": "Jasma Begum"
    },
    {
        "appVersion": "2.0",
        "at": "2023-05-03 11:28:22",
        "content": "Hoe to withdraw its app and I did not withdraw funds this app",
        "repliedAt": null,
        "replyContent": null,
        "reviewCreatedVersion": "2.0",
        "reviewId": "841716f8-4629-4457-8738-0b1b7734e423",
        "score": 5,
        "thumbsUpCount": 1,
        "userImage": "https://play-lh.googleusercontent.com/a/ACg8ocKb6enRAyzbpqeumQtyv53UihQbmuiTl52b84ydN5hA=mo",
        "userName": "Saif Husen"
    },
    {
        "appVersion": "2.0",
        "at": "2023-04-14 19:07:30",
        "content": "Just installed the app,if it's withdrawable,I'll leave a good review \ud83e\udd70\ud83d\udcaf",
        "repliedAt": null,
        "replyContent": null,
        "reviewCreatedVersion": "2.0",
        "reviewId": "d500cbc5-e206-4e89-9ba1-641c722b9043",
        "score": 1,
        "thumbsUpCount": 0,
        "userImage": "https://play-lh.googleusercontent.com/a-/ALV-UjVdtfrrNmtYU75Cq3kqFs7ZP40pLSHNzajkdfCzmvFQng",
        "userName": "Brad Coper"
    },
    {
        "appVersion": "2.0",
        "at": "2023-04-10 01:33:30",
        "content": "Just downloading the App. Hope this one will not be like many other fake ones that use people for their own selfish interest. If it's genuine, I will come back to rate 5 stars and refer as many as possible.",
        "repliedAt": null,
        "replyContent": null,
        "reviewCreatedVersion": "2.0",
        "reviewId": "9cb04209-323c-4e57-bcbf-3ed4306db971",
        "score": 2,
        "thumbsUpCount": 13,
        "userImage": "https://play-lh.googleusercontent.com/a-/ALV-UjUxjxLojr9TrVioINS3IJh5Pc8upfC1MK6tiSXrxZpskNs",
        "userName": "Paul Gem"
    }
]