[
    {
        "appVersion": "01.0.0.029-rel",
        "at": "2023-11-18 00:23:24",
        "content": "Just keeps loading and loading and absolutely nothing happens!",
        "repliedAt": null,
        "replyContent": null,
        "reviewCreatedVersion": "01.0.0.029-rel",
        "reviewId": "37f322d2-a182-43e1-9e83-ccb33798ae56",
        "score": 1,
        "thumbsUpCount": 1,
        "userImage": "https://play-lh.googleusercontent.com/a/ACg8ocJw9NHRJuWa1_eXBZhKrMSmGy3beF21FQHWXB3xXyx4=mo",
        "userName": "Ali"
    },
    {
        "appVersion": null,
        "at": "2023-11-11 14:19:26",
        "content": "Loading loading loading only loading",
        "repliedAt": null,
        "replyContent": null,
        "reviewCreatedVersion": null,
        "reviewId": "8470a46b-b293-41f3-b411-a781e14fafdf",
        "score": 1,
        "thumbsUpCount": 1,
        "userImage": "https://play-lh.googleusercontent.com/a/ACg8ocLTXnAqmM8JnXvHlrtRBRuGXmyL7ur50K6u2zfJxGwnv04=mo",
        "userName": "Kamraan Dar"
    },
    {
        "appVersion": null,
        "at": "2023-11-07 15:07:11",
        "content": "This app isn't working for me. The app stay on loading mode after pressing continue but still nothing after 10 minutes... BAD ..",
        "repliedAt": null,
        "replyContent": null,
        "reviewCreatedVersion": null,
        "reviewId": "595e77a8-4e91-4ab4-a2e1-c716e3b94349",
        "score": 1,
        "thumbsUpCount": 2,
        "userImage": "https://play-lh.googleusercontent.com/a/ACg8ocJ3csOR77vaki-itqvUJoI5LcNh64dGEMA89UcjZkpZ=mo",
        "userName": "JESSIE FRANCO"
    },
    {
        "appVersion": "01.0.0.029-rel",
        "at": "2023-11-02 23:04:29",
        "content": "Tried this to see if it would fix or help me find apps that should be used with my Moto phone. No help.",
        "repliedAt": null,
        "replyContent": null,
        "reviewCreatedVersion": "01.0.0.029-rel",
        "reviewId": "8e757237-b152-4715-a754-586774cc2a6b",
        "score": 1,
        "thumbsUpCount": 5,
        "userImage": "https://play-lh.googleusercontent.com/a/ACg8ocKSs46sBEk0Q6ySeHn36bmuYSON6AIGOeg5dYqWtt9E=mo",
        "userName": "Jon Paiz"
    },
    {
        "appVersion": "01.0.0.029-rel",
        "at": "2023-11-01 06:21:59",
        "content": "Bad aap",
        "repliedAt": null,
        "replyContent": null,
        "reviewCreatedVersion": "01.0.0.029-rel",
        "reviewId": "a43bb5f7-92a5-4ce0-b787-cb1806f7b6d9",
        "score": 1,
        "thumbsUpCount": 0,
        "userImage": "https://play-lh.googleusercontent.com/a-/ALV-UjV0Z3iDYSWThtS9e12aFaNaeA1YtvvK-x9NAb1-Gl0XE3U",
        "userName": "yuvraj hulgunde"
    },
    {
        "appVersion": "01.0.0.029-rel",
        "at": "2023-10-29 04:38:37",
        "content": "Miss",
        "repliedAt": null,
        "replyContent": null,
        "reviewCreatedVersion": "01.0.0.029-rel",
        "reviewId": "73da5f87-f714-41c9-9550-2f44c553e344",
        "score": 5,
        "thumbsUpCount": 0,
        "userImage": "https://play-lh.googleusercontent.com/a/ACg8ocK0WeYjHsJKHe9hgY6wlNe_6vmK0qjp-m_nI-J-eqvV=mo",
        "userName": "Lavanya Vemunuri"
    },
    {
        "appVersion": "01.0.0.029-rel",
        "at": "2023-10-21 16:35:08",
        "content": "It doesn't work only loading",
        "repliedAt": null,
        "replyContent": null,
        "reviewCreatedVersion": "01.0.0.029-rel",
        "reviewId": "518670bf-46ba-43b0-b358-34f5c2e28bde",
        "score": 1,
        "thumbsUpCount": 5,
        "userImage": "https://play-lh.googleusercontent.com/a-/ALV-UjVJgJWL7Wme4iBNsX_tH6hmKGgnBUStgXLZ7XPFdjzrdQ",
        "userName": "Sisay Mamo"
    },
    {
        "appVersion": "01.0.0.029-rel",
        "at": "2023-10-20 04:25:35",
        "content": "Loading loading not opening",
        "repliedAt": null,
        "replyContent": null,
        "reviewCreatedVersion": "01.0.0.029-rel",
        "reviewId": "4fb1facf-d960-40e1-9be1-5a2a997f9edd",
        "score": 1,
        "thumbsUpCount": 1,
        "userImage": "https://play-lh.googleusercontent.com/a-/ALV-UjWL2dVX7wOVOrlcyfwHONque04D8SKRyTMSSQ9HamGmxblM",
        "userName": "Umang bedi"
    },
    {
        "appVersion": "01.0.0.029-rel",
        "at": "2023-10-18 22:34:50",
        "content": "It's keep loading and loading.....",
        "repliedAt": null,
        "replyContent": null,
        "reviewCreatedVersion": "01.0.0.029-rel",
        "reviewId": "133a7c16-7995-46cc-94ee-8cc8feabbc3b",
        "score": 1,
        "thumbsUpCount": 9,
        "userImage": "https://play-lh.googleusercontent.com/a-/ALV-UjWp6ywdmIpxNuSHdSDse2RLbnlyDhjRycnU0xwyYHh2Aw8",
        "userName": "Rohan Singh"
    },
    {
        "appVersion": null,
        "at": "2023-10-17 15:25:16",
        "content": "Jhakassss",
        "repliedAt": null,
        "replyContent": null,
        "reviewCreatedVersion": null,
        "reviewId": "c2849128-e1fb-4a73-8613-c5bc1d0aa4e3",
        "score": 5,
        "thumbsUpCount": 0,
        "userImage": "https://play-lh.googleusercontent.com/a-/ALV-UjWSim8WEVQtDnCHCB3yiWVQ9oB0LDVs6B6UxPz2OEZQ-d8",
        "userName": "KAMLESH KUMAR GOPE"
    },
    {
        "appVersion": "01.0.0.029-rel",
        "at": "2023-10-17 10:03:05",
        "content": "only loading....????",
        "repliedAt": null,
        "replyContent": null,
        "reviewCreatedVersion": "01.0.0.029-rel",
        "reviewId": "a4e0b390-280b-479f-922e-e214eff06df4",
        "score": 1,
        "thumbsUpCount": 0,
        "userImage": "https://play-lh.googleusercontent.com/a-/ALV-UjVU7pjhEVbcO7kw_i6g_cf94rDnfnQBwQoyK8Bgk8N4Fzo",
        "userName": "Nileshkumar Sahu"
    },
    {
        "appVersion": "01.0.0.029-rel",
        "at": "2023-10-15 13:28:35",
        "content": "\ud83d\udef0\ufe0f\ud83d\udce1\ud83d\udef0\ufe0f",
        "repliedAt": null,
        "replyContent": null,
        "reviewCreatedVersion": "01.0.0.029-rel",
        "reviewId": "3621b2a3-3d10-42fb-9306-e49c9a0d1504",
        "score": 5,
        "thumbsUpCount": 0,
        "userImage": "https://play-lh.googleusercontent.com/a-/ALV-UjXfZUsBPIG5w-YY60R_ThAwF93DsfuHxEOU-tYM8ktupPgU",
        "userName": "Nicholas Guerrero"
    },
    {
        "appVersion": "01.0.0.029-rel",
        "at": "2023-10-09 13:35:49",
        "content": "Why this app is not working a bit. It is loading always but not showing anything.",
        "repliedAt": null,
        "replyContent": null,
        "reviewCreatedVersion": "01.0.0.029-rel",
        "reviewId": "5bcf6589-2cc3-43a1-8afa-43f240115a5c",
        "score": 1,
        "thumbsUpCount": 12,
        "userImage": "https://play-lh.googleusercontent.com/a-/ALV-UjWTwCvJSJQKMa8W0eEtWHcLsIVJeHPejqY1GvQYvIN1aUU",
        "userName": "Antony Rone Oliver"
    },
    {
        "appVersion": "01.0.0.029-rel",
        "at": "2023-10-06 13:05:51",
        "content": "Not opening is only loading....",
        "repliedAt": "2023-10-09 10:34:04",
        "replyContent": "Hello, Moto Device Manager is an Enterprise Mobility Management (EMM) tool. If your company is interested in this solution, find out more or contact us at https://www.motorola.com/business",
        "reviewCreatedVersion": "01.0.0.029-rel",
        "reviewId": "d7fa697a-d03a-461e-8fc6-483ba041895b",
        "score": 1,
        "thumbsUpCount": 2,
        "userImage": "https://play-lh.googleusercontent.com/a/ACg8ocLy5ipvHhwPVshFIbYJZP-JDMBZN6aCCSouUB1hVyP02g=mo",
        "userName": "Sourabh Mahata"
    },
    {
        "appVersion": null,
        "at": "2023-10-05 01:55:15",
        "content": "Not working.",
        "repliedAt": "2023-10-09 10:33:55",
        "replyContent": "Hello, Moto Device Manager is an Enterprise Mobility Management (EMM) tool. If your company is interested in this solution, find out more or contact us at https://www.motorola.com/business",
        "reviewCreatedVersion": null,
        "reviewId": "e8d1b62b-f92a-4ea9-8232-d46ab7a50bbd",
        "score": 1,
        "thumbsUpCount": 0,
        "userImage": "https://play-lh.googleusercontent.com/a/ACg8ocK7eNbVxV_xikbdOLbVwhuClKyHSz5vzGw6fkm_TiKv=mo",
        "userName": "Anash Kumar"
    },
    {
        "appVersion": "01.0.0.029-rel",
        "at": "2023-10-03 16:03:16",
        "content": "Not working",
        "repliedAt": "2023-10-09 10:33:46",
        "replyContent": "Hello, Moto Device Manager is an Enterprise Mobility Management (EMM) tool. If your company is interested in this solution, find out more or contact us at https://www.motorola.com/business",
        "reviewCreatedVersion": "01.0.0.029-rel",
        "reviewId": "37e287da-fee7-4373-97de-7f0865900d59",
        "score": 1,
        "thumbsUpCount": 1,
        "userImage": "https://play-lh.googleusercontent.com/a-/ALV-UjV9g-vYO3UjJQGGjFl9mu5V_GuN8q-8ihtCiFPj5g-GL7Y",
        "userName": "SUNIL RAJBHAR"
    },
    {
        "appVersion": null,
        "at": "2023-10-02 11:31:43",
        "content": "Not working properly",
        "repliedAt": "2023-10-09 10:33:36",
        "replyContent": "Hello, Moto Device Manager is an Enterprise Mobility Management (EMM) tool. If your company is interested in this solution, find out more or contact us at https://www.motorola.com/business",
        "reviewCreatedVersion": null,
        "reviewId": "a7aeb866-2c98-4f31-8519-884550aa13ce",
        "score": 1,
        "thumbsUpCount": 1,
        "userImage": "https://play-lh.googleusercontent.com/a-/ALV-UjUGsZ6tGPbGwl_oiMpsQvO0yFyXg3KV8svmjpyKboCC4kde",
        "userName": "Soumya Jana"
    },
    {
        "appVersion": null,
        "at": "2023-09-28 19:18:49",
        "content": "Not working for Moto G72",
        "repliedAt": "2023-10-02 11:02:28",
        "replyContent": "Hello, Moto Device Manager is an Enterprise Mobility Management (EMM) tool.\nIf your company is interested in this solution, find out more or contact us at https://www.motorola.com/business",
        "reviewCreatedVersion": null,
        "reviewId": "9cf0c0f9-eca4-4563-abb1-31ba9826ab54",
        "score": 1,
        "thumbsUpCount": 3,
        "userImage": "https://play-lh.googleusercontent.com/a/ACg8ocIzh2YL_S6_3zFj8_xCE3XHlCp1j_WYajjQW6vA3TpXgA=mo",
        "userName": "Valentin Gabriel"
    },
    {
        "appVersion": null,
        "at": "2023-09-27 16:34:06",
        "content": "It doesn't open",
        "repliedAt": "2023-10-02 11:02:20",
        "replyContent": "Hello, Moto Device Manager is an Enterprise Mobility Management (EMM) tool.\nIf your company is interested in this solution, find out more or contact us at https://www.motorola.com/business",
        "reviewCreatedVersion": null,
        "reviewId": "6714b650-4346-43a2-b983-edd9f43763ec",
        "score": 1,
        "thumbsUpCount": 2,
        "userImage": "https://play-lh.googleusercontent.com/a-/ALV-UjV53Hn5DCHVSsR-GJteybsRtjRgEOZrcs7ThDhToXpX01Y",
        "userName": "YAHIKO"
    },
    {
        "appVersion": "01.0.0.029-rel",
        "at": "2023-09-26 15:50:24",
        "content": "Doesn't want to load in",
        "repliedAt": "2023-10-02 11:02:08",
        "replyContent": "Hello, Moto Device Manager is an Enterprise Mobility Management (EMM) tool.\nIf your company is interested in this solution, find out more or contact us at https://www.motorola.com/business",
        "reviewCreatedVersion": "01.0.0.029-rel",
        "reviewId": "1e8fdf69-5978-4b66-8f25-0e5480217f13",
        "score": 1,
        "thumbsUpCount": 3,
        "userImage": "https://play-lh.googleusercontent.com/a/ACg8ocKzb_-F_KiMcPX--poliJzDkE5QjcLvkxvnvlwCDV1M=mo",
        "userName": "lakaka tenisi"
    }
]