[
    {
        "appVersion": "3",
        "at": "2023-04-15 22:44:36",
        "content": "Please expand to play three frequencies at once. Also add a timer. Pay to remove ads. Save frequencies as presets.",
        "repliedAt": null,
        "replyContent": null,
        "reviewCreatedVersion": "3",
        "reviewId": "1f3af421-5cc8-483a-b270-885ab8504ec0",
        "score": 5,
        "thumbsUpCount": 0,
        "userImage": "https://play-lh.googleusercontent.com/a/ACg8ocJutBXdviqw3DI9rTYb8JNrSkDrCAC44COZi4SSpWTV=mo",
        "userName": "Allen Botnick"
    }
]