[
    {
        "appVersion": "1.0.0",
        "at": "2023-10-31 18:57:27",
        "content": "Feichong Hen hao he wo feichong xihuan he yong hao wo de Di yi#1 feichong feichong beautiful beautiful he cute cutest he sweet sweetest hen TANG he yiqi bu tai dou yea hen dou nanpenyou beautiful beautiful he cute cutest he sweet sweetest he yiqi beautiful beautiful beautiful beautiful beautiful beautiful beautiful beautiful 7\u00a5\u00a5 he cute cutest cutest he sweet sweetest he yiqi xiao Nan haizhi 2\u00a5\u00a5 erzhi he yiqi beautiful beautiful beautiful he beautiful beautiful beautiful 6\u00a5\u00a5 he cute cute",
        "repliedAt": null,
        "replyContent": null,
        "reviewCreatedVersion": "1.0.0",
        "reviewId": "bcb31889-49c6-4640-b07b-204066a8ad0d",
        "score": 5,
        "thumbsUpCount": 1,
        "userImage": "https://play-lh.googleusercontent.com/a-/ALV-UjV8xEMd3rMarCn-qp55_i1i7yJXDECfvsVYNzpBekSGkvEG",
        "userName": "TalmarheTalnar Zhu (BENNYheBOBBY)"
    },
    {
        "appVersion": "1.0.0",
        "at": "2023-10-10 15:22:09",
        "content": "It was great but the sound of English to Chinese has not come yet",
        "repliedAt": null,
        "replyContent": null,
        "reviewCreatedVersion": "1.0.0",
        "reviewId": "5f27a299-7e1f-4a8c-98ac-5a844ef55b5a",
        "score": 5,
        "thumbsUpCount": 0,
        "userImage": "https://play-lh.googleusercontent.com/a/ACg8ocJEE64gK5ESidbt-s78A79NwIIxWZaitMSqg4khT1Ry=mo",
        "userName": "Mary Asante"
    },
    {
        "appVersion": "1.0.0",
        "at": "2023-09-04 16:38:40",
        "content": "is not good",
        "repliedAt": null,
        "replyContent": null,
        "reviewCreatedVersion": "1.0.0",
        "reviewId": "ce581fdd-b5c4-48ac-bcc0-d5ec9db69f7e",
        "score": 5,
        "thumbsUpCount": 0,
        "userImage": "https://play-lh.googleusercontent.com/a/ACg8ocKXNC4jjRxRnAN1BJeiEsjwFc7sa0THvRsFYT93Aj4=mo",
        "userName": "Pyae Pyae Phyo"
    }
]