[
    {
        "appVersion": "1.8",
        "at": "2023-10-07 20:50:19",
        "content": "Biggest piece of $#it I've ever installed .And the ads are ridiculous.No option to buy off This app has one function...running ads to make money for creator and offers no real worthwhile Bluetooth function .Uninstalling this fake.",
        "repliedAt": null,
        "replyContent": null,
        "reviewCreatedVersion": "1.8",
        "reviewId": "a5878c85-ab71-47bd-9b5c-8ee7ed69a6bb",
        "score": 1,
        "thumbsUpCount": 0,
        "userImage": "https://play-lh.googleusercontent.com/a-/ALV-UjUF60WFkPGOO0IYTflCaYlD1wFospZ3AatlUJvieMlgwBQ",
        "userName": "Steve Corley"
    },
    {
        "appVersion": null,
        "at": "2023-07-19 16:38:44",
        "content": "Eshetu",
        "repliedAt": null,
        "replyContent": null,
        "reviewCreatedVersion": null,
        "reviewId": "4414e8b3-5903-4d93-b87d-7516601ddc92",
        "score": 5,
        "thumbsUpCount": 0,
        "userImage": "https://play-lh.googleusercontent.com/a/ACg8ocLWNYJoX5MGdEU1fEB5P9T1rVZ1pXhmcIPExYWBDEt0=mo",
        "userName": "Eshetu adem"
    },
    {
        "appVersion": "1.8",
        "at": "2023-05-25 06:27:18",
        "content": "Work perfectly",
        "repliedAt": null,
        "replyContent": null,
        "reviewCreatedVersion": "1.8",
        "reviewId": "311d0a45-6e8c-4744-a27a-be99b4b764d1",
        "score": 5,
        "thumbsUpCount": 0,
        "userImage": "https://play-lh.googleusercontent.com/a-/ALV-UjWW1dUUzoaYbBgYlIkI6-hS939MpTwsgy-r6NsNEcltb5dc",
        "userName": "ADETOYE ELIJAH OYEWALE"
    },
    {
        "appVersion": "1.8",
        "at": "2023-03-22 18:30:33",
        "content": "\ud83c\udd97\ud83e\ude9d\ud83d\udef8\ud83d\udcbb\ud83c\udfa0",
        "repliedAt": null,
        "replyContent": null,
        "reviewCreatedVersion": "1.8",
        "reviewId": "28e42849-d085-4377-a3f8-477764242517",
        "score": 1,
        "thumbsUpCount": 0,
        "userImage": "https://play-lh.googleusercontent.com/a/ACg8ocIvXqXQc2uvI3rc8_fcyXhg53r8DkDrqKmORxtRiNNW8A=mo",
        "userName": "Md khursed Alam"
    },
    {
        "appVersion": "1.4",
        "at": "2022-10-04 02:55:55",
        "content": "This app working 50/50",
        "repliedAt": null,
        "replyContent": null,
        "reviewCreatedVersion": "1.4",
        "reviewId": "a4033a5c-c2df-4d03-9e99-dca6652bee91",
        "score": 2,
        "thumbsUpCount": 0,
        "userImage": "https://play-lh.googleusercontent.com/a-/ALV-UjUoPbD7IaFJbpliPC-eIqRMNnhZTzVv55UvgOf8KgIo",
        "userName": "Tayyab Naaz"
    },
    {
        "appVersion": "1.4",
        "at": "2022-09-13 17:00:08",
        "content": "So far I like it. The ads come up at the bottom. They're not so intrusive, once I set up my paired devices they all show up and show their state, makes it really easy to select which one you want to use and great little app, Great job folks!",
        "repliedAt": null,
        "replyContent": null,
        "reviewCreatedVersion": "1.4",
        "reviewId": "c357e8a9-4485-4191-896e-2fec659acc13",
        "score": 5,
        "thumbsUpCount": 2,
        "userImage": "https://play-lh.googleusercontent.com/a-/ALV-UjWy-4Sifh5m6bAoOFp3SHLEDDrlmSz3EmXZ2Hde9apdROmb",
        "userName": "Marc Langevin"
    },
    {
        "appVersion": "1.4",
        "at": "2022-08-21 08:32:52",
        "content": "Part from App function which it have to full fill....but the UI experience is awesomeeee",
        "repliedAt": null,
        "replyContent": null,
        "reviewCreatedVersion": "1.4",
        "reviewId": "53ad50fd-93d1-4a2d-9fe5-7a02a7fd4416",
        "score": 5,
        "thumbsUpCount": 2,
        "userImage": "https://play-lh.googleusercontent.com/a-/ALV-UjUiD0G8qTWIrKs7GoqPSeT1QMA3AIgcYwPjnFGCeSaVEgg",
        "userName": "SomeThing Viral"
    }
]