[
    {
        "appVersion": "1.1",
        "at": "2018-10-19 02:49:33",
        "content": "Just a bland app shell to get you to visit a website.",
        "repliedAt": null,
        "replyContent": null,
        "reviewCreatedVersion": "1.1",
        "reviewId": "07596ce7-0f18-4f64-b300-e4170294a2e7",
        "score": 2,
        "thumbsUpCount": 1,
        "userImage": "https://play-lh.googleusercontent.com/EGemoI2NTXmTsBVtJqk8jxF9rh8ApRWfsIMQSt2uE4OcpQqbFu7f7NbTK05lx80nuSijCz7sc3a277R67g",
        "userName": "A Google user"
    }
]