[
    {
        "appVersion": null,
        "at": "2023-10-19 19:10:23",
        "content": "Soo buggy! Had images get washed out by one color when trying to color certain areas.",
        "repliedAt": null,
        "replyContent": null,
        "reviewCreatedVersion": null,
        "reviewId": "ebb221b5-4331-4ef1-b06a-fa1b60089149",
        "score": 1,
        "thumbsUpCount": 0,
        "userImage": "https://play-lh.googleusercontent.com/a-/ALV-UjU_l7ZrLE6URrCOfU1JnRfffLAxYl0d7vgxRTPB-ZChsLI",
        "userName": "Jessica DiVencenzo"
    },
    {
        "appVersion": "1.10",
        "at": "2023-02-06 01:27:32",
        "content": "Most of the pictures won't load and colors won't take",
        "repliedAt": null,
        "replyContent": null,
        "reviewCreatedVersion": "1.10",
        "reviewId": "1a81f5f9-587d-44bf-868e-c5b51e8819a3",
        "score": 1,
        "thumbsUpCount": 0,
        "userImage": "https://play-lh.googleusercontent.com/a-/ALV-UjUr9sAKYtFzdTGl8DAX-74rIdp__l3M-1z6a3n9VvOuMksF",
        "userName": "Yumi/Yami Sennen (prince Demon Yami)"
    },
    {
        "appVersion": "1.10",
        "at": "2023-01-21 11:44:55",
        "content": "Inaccurate colours",
        "repliedAt": null,
        "replyContent": null,
        "reviewCreatedVersion": "1.10",
        "reviewId": "06fca02c-6605-4231-9793-0f371c3a5982",
        "score": 2,
        "thumbsUpCount": 0,
        "userImage": "https://play-lh.googleusercontent.com/a-/ALV-UjViO4CAQCc9_vBOIajt8OhE-IY1kbFVQHNizKW6EF4xBA0",
        "userName": "Alex YT"
    },
    {
        "appVersion": "1.10",
        "at": "2023-01-01 22:52:24",
        "content": "Relaxing to color and best pictures to color of my favorite anime cartoon pages",
        "repliedAt": null,
        "replyContent": null,
        "reviewCreatedVersion": "1.10",
        "reviewId": "4717ab54-adfd-4c80-a9c9-6fdf24bb5291",
        "score": 5,
        "thumbsUpCount": 0,
        "userImage": "https://play-lh.googleusercontent.com/a/ACg8ocLN0_qZIwymWtR-KMLG_g1DGEkuXRh6BIujGqx_dAA6=mo",
        "userName": "William Freeman"
    },
    {
        "appVersion": "1.10",
        "at": "2022-10-01 13:42:01",
        "content": "I really like it",
        "repliedAt": null,
        "replyContent": null,
        "reviewCreatedVersion": "1.10",
        "reviewId": "5b8a9b93-ee4e-4e6a-bb85-172476ae8fcf",
        "score": 5,
        "thumbsUpCount": 0,
        "userImage": "https://play-lh.googleusercontent.com/a-/ALV-UjXq9rb58z9Fuvew-MUeFw-etY1NyN7X9iDQ_n3I1ht4xQ",
        "userName": "Kelsey Micallef"
    },
    {
        "appVersion": "1.10",
        "at": "2022-06-27 13:45:56",
        "content": "Even though the colors for the characters aren't right you still can change the colors so thats pretty cool.",
        "repliedAt": null,
        "replyContent": null,
        "reviewCreatedVersion": "1.10",
        "reviewId": "364ef6d2-d6b3-4c31-9300-25682a10f89a",
        "score": 5,
        "thumbsUpCount": 1,
        "userImage": "https://play-lh.googleusercontent.com/a-/ALV-UjVtk7bk02ffx1K2FsnKWk0-uPcMec6aCVq9iE9HwmNtjYtm",
        "userName": "Stephanie Stevenson"
    },
    {
        "appVersion": "1.10",
        "at": "2022-06-13 02:39:10",
        "content": "Pay for it. Supposed to be no adds and the Google add bar blocked the color bar. SOOO still no way to remove the add bar?",
        "repliedAt": null,
        "replyContent": null,
        "reviewCreatedVersion": "1.10",
        "reviewId": "0d9842f5-a388-4391-b0f2-13156456dfb2",
        "score": 1,
        "thumbsUpCount": 0,
        "userImage": "https://play-lh.googleusercontent.com/a-/ALV-UjV35INJw913JKbShKgCh4LIXhD3tTE_TBffqDAovuPQnlM",
        "userName": "Gisseth Padilla"
    },
    {
        "appVersion": "1.10",
        "at": "2022-04-13 05:10:40",
        "content": "\ud83d\ude0d\ud83e\udd29",
        "repliedAt": null,
        "replyContent": null,
        "reviewCreatedVersion": "1.10",
        "reviewId": "5ab56159-35df-491f-be08-67202b7577fe",
        "score": 5,
        "thumbsUpCount": 0,
        "userImage": "https://play-lh.googleusercontent.com/a-/ALV-UjWh4OgPoaPx15qPFB4zK7chixIbe5oVRjVsh_ZvPxYVyyU",
        "userName": "Chelsea Guzman"
    },
    {
        "appVersion": "1.10",
        "at": "2021-12-18 09:49:05",
        "content": "This is a good app but the character are not in right colour ,like in mewbery her dress Is in pink colour but in the app it is green and in sailor guardians also all colours are not in right place .That's all .thanku but app is good .",
        "repliedAt": null,
        "replyContent": null,
        "reviewCreatedVersion": "1.10",
        "reviewId": "ca5ceaae-8e48-4541-97a4-eb3e99cd152c",
        "score": 4,
        "thumbsUpCount": 3,
        "userImage": "https://play-lh.googleusercontent.com/a/ACg8ocJzta9PmilbHoq0q_YP2QXhbmGAYX_v2ZxmRcXEs3vb2g=mo",
        "userName": "Digbijoy PAUL"
    },
    {
        "appVersion": null,
        "at": "2021-12-09 22:24:16",
        "content": "So ugly",
        "repliedAt": null,
        "replyContent": null,
        "reviewCreatedVersion": null,
        "reviewId": "fa6d497d-b148-401b-a85f-79d4dfbe4da0",
        "score": 1,
        "thumbsUpCount": 0,
        "userImage": "https://play-lh.googleusercontent.com/a/ACg8ocIv-GtV2nTDt1sTlEzEpkWMcZd5lP1Pnd1Irc8bEdda=mo",
        "userName": "Christina Taylor"
    },
    {
        "appVersion": "1.10",
        "at": "2021-11-20 02:30:48",
        "content": "Good for little girls. It's cute. Not too many colors. Expanding the pictures really fast gets you to the pixels Pronto. The only thing that is bad is that you can't see the numbers in the picture when you enlarge it, only when you click on a number at the bottom. You're the only one I've seen that does it this way. Most people, I'm sure, like to see those numbers in the picture so they can color specific places without having to cluck all the numbers at the bottom to find it. That's a definite.",
        "repliedAt": null,
        "replyContent": null,
        "reviewCreatedVersion": "1.10",
        "reviewId": "069104a0-598b-42ec-af3e-e4bb5a77e589",
        "score": 5,
        "thumbsUpCount": 12,
        "userImage": "https://play-lh.googleusercontent.com/a/ACg8ocJg2GWrKoA4WOs12wJ7eeo7ntZ5DbSm25TrHRyPgRAs=mo",
        "userName": "Cris Coleman"
    },
    {
        "appVersion": "1.10",
        "at": "2021-11-07 17:02:31",
        "content": "The anime characters I have been working on are not the right colors like sailor moon charcters,sakura, and glitter spring.I watch and play mini anime and most of the colors don't make sense. From:Kayla Duncan's daughter Isabella",
        "repliedAt": null,
        "replyContent": null,
        "reviewCreatedVersion": "1.10",
        "reviewId": "4a800722-c293-47fb-b927-f9b876e28ea2",
        "score": 1,
        "thumbsUpCount": 2,
        "userImage": "https://play-lh.googleusercontent.com/a-/ALV-UjXOq78q60f8AonxMqF291JNgR6Jalg4VolVvSv1CDqbrQ8",
        "userName": "Kayla Duncan"
    },
    {
        "appVersion": null,
        "at": "2021-10-22 09:42:06",
        "content": "Mujhe Ye sundar aur amazing laga \ud83d\ude03\ud83d\udc4d\ud83d\udc97\ud83d\udc96",
        "repliedAt": null,
        "replyContent": null,
        "reviewCreatedVersion": null,
        "reviewId": "2f4c00a3-05d0-4d0a-acf0-eeaf0b7d35db",
        "score": 5,
        "thumbsUpCount": 0,
        "userImage": "https://play-lh.googleusercontent.com/a-/ALV-UjUpU5kw0YGN7je93sbTGi85Ex4cdJYiXJeDPSxSLbNDkW0",
        "userName": "ladybug anyway"
    },
    {
        "appVersion": "1.10",
        "at": "2021-10-21 22:35:17",
        "content": "It is so cool",
        "repliedAt": null,
        "replyContent": null,
        "reviewCreatedVersion": "1.10",
        "reviewId": "ba2c74b3-5765-42c0-a82e-3addc3eace74",
        "score": 5,
        "thumbsUpCount": 0,
        "userImage": "https://play-lh.googleusercontent.com/a-/ALV-UjWFqxPWluxe_0oEvdEJDT1D22EzyHVedirUodVSmVyWa9c",
        "userName": "Christine Harrison"
    },
    {
        "appVersion": "1.10",
        "at": "2021-10-09 12:57:43",
        "content": "really sexy",
        "repliedAt": null,
        "replyContent": null,
        "reviewCreatedVersion": "1.10",
        "reviewId": "c90fc0e2-c964-4b61-b2a8-d7af385a5da4",
        "score": 5,
        "thumbsUpCount": 0,
        "userImage": "https://play-lh.googleusercontent.com/a/ACg8ocLK-nyMCYXMVJDZc-51hk3jgLrCPWmGrwrNb_0CT_Zm=mo",
        "userName": "Olivia Vaughn"
    },
    {
        "appVersion": "1.10",
        "at": "2021-09-11 20:36:08",
        "content": "Very cute! Even tho you can't give the characters accurate colors to the animes, still very beautiful, also plz add more Powerpuff Girls Z coloring pages!",
        "repliedAt": null,
        "replyContent": null,
        "reviewCreatedVersion": "1.10",
        "reviewId": "15e92e0c-2889-4554-89af-4b0fac80fd12",
        "score": 5,
        "thumbsUpCount": 12,
        "userImage": "https://play-lh.googleusercontent.com/a-/ALV-UjXnv5w6yjA3q7m0PWxNTbiTFp14WsinA4symHkUaA0Kvw8",
        "userName": "Tianna Chan"
    },
    {
        "appVersion": null,
        "at": "2021-09-05 21:22:34",
        "content": "This game its so asome\ud83d\ude0d\ud83d\ude18\ud83e\udd70\ud83d\ude0a.",
        "repliedAt": null,
        "replyContent": null,
        "reviewCreatedVersion": null,
        "reviewId": "d7b71957-9fe0-4058-a1c4-51951c8e64bc",
        "score": 5,
        "thumbsUpCount": 0,
        "userImage": "https://play-lh.googleusercontent.com/a-/ALV-UjWvejJwPEi8eSOyTIc3FnB7OPaANIgh5dJeN7nd9qYpQ5k",
        "userName": "Yla Julaton"
    },
    {
        "appVersion": "1.10",
        "at": "2021-09-05 11:05:07",
        "content": "i like it game is so pretty and \ud83e\udd30 \ud83e\udd31 \ud83d\udc69\u200d\ud83d\udc67 \ud83d\udc6d",
        "repliedAt": null,
        "replyContent": null,
        "reviewCreatedVersion": "1.10",
        "reviewId": "de59c9d0-6b6d-49ce-9b49-417d138a2d31",
        "score": 5,
        "thumbsUpCount": 1,
        "userImage": "https://play-lh.googleusercontent.com/a/ACg8ocLD9HUZJFjv_GRXyuwqlwAxG2_KyRpIWDorIp95lS8z=mo",
        "userName": "shella nova"
    },
    {
        "appVersion": "1.10",
        "at": "2021-09-04 06:44:48",
        "content": "I can't get it to do anything. Just opens picture and sits there with no color option.",
        "repliedAt": null,
        "replyContent": null,
        "reviewCreatedVersion": "1.10",
        "reviewId": "e2d7ca21-3a5f-4246-ac8d-1f68c610bb30",
        "score": 1,
        "thumbsUpCount": 1,
        "userImage": "https://play-lh.googleusercontent.com/a-/ALV-UjVp9YfrSBaw1J28hfoq0CvSVQ1ijti4gKPhqj-c_6rMKLc",
        "userName": "Kumiko Yamazaki"
    },
    {
        "appVersion": null,
        "at": "2021-08-18 17:47:26",
        "content": "\u062a\u0633\u062a\u062d\u0642 \u0627\u0643\u062b\u0631 \u0645\u0646 \u062e\u0645\u0633 \u0646\u062c\u0648\u0645",
        "repliedAt": null,
        "replyContent": null,
        "reviewCreatedVersion": null,
        "reviewId": "2cfa7ea7-0aef-4659-beff-33d341e35f70",
        "score": 5,
        "thumbsUpCount": 0,
        "userImage": "https://play-lh.googleusercontent.com/a/ACg8ocJcQg13t6RSvlZLoGMAHCAhHSTcXsPu-6n93SarNEA8=mo",
        "userName": "\u0645\u0624\u064a\u062f \u0627\u0644\u0633\u0648\u064a\u062d"
    },
    {
        "appVersion": "1.10",
        "at": "2021-08-03 04:39:03",
        "content": "Its fun but the colors are wrong for the sailor scouts and one of them has an issue that needs to be fixed",
        "repliedAt": null,
        "replyContent": null,
        "reviewCreatedVersion": "1.10",
        "reviewId": "54bc0073-9ca5-41d2-a993-87f4eba91d6f",
        "score": 5,
        "thumbsUpCount": 4,
        "userImage": "https://play-lh.googleusercontent.com/a-/ALV-UjXyBZpzSPqge7912GzR9z-XQx34OKG-wXUY3Iek0CvlOdw",
        "userName": "Felicia Marquez"
    },
    {
        "appVersion": "1.10",
        "at": "2021-07-13 12:30:34",
        "content": "I love this app",
        "repliedAt": null,
        "replyContent": null,
        "reviewCreatedVersion": "1.10",
        "reviewId": "1fd66f8d-7f2e-40d9-bb94-f85a18943b85",
        "score": 5,
        "thumbsUpCount": 1,
        "userImage": "https://play-lh.googleusercontent.com/a-/ALV-UjWDVmLNqsDXm0U6NsQS6VsthjgTMX394pp7VdYZGD1lhQ",
        "userName": "RaeAnne hortert"
    },
    {
        "appVersion": "1.10",
        "at": "2021-07-09 04:09:50",
        "content": "I got very fun to draw it",
        "repliedAt": null,
        "replyContent": null,
        "reviewCreatedVersion": "1.10",
        "reviewId": "017b3bcc-ffd6-4e53-b719-2d26677befb9",
        "score": 5,
        "thumbsUpCount": 0,
        "userImage": "https://play-lh.googleusercontent.com/a/ACg8ocJQM8k0eC5RAZc-xOU9qmLr8qMhCWGFsuP6RuVN82sk=mo",
        "userName": "sachin shende"
    },
    {
        "appVersion": "1.10",
        "at": "2021-06-30 13:00:50",
        "content": "\u0628\u0634\u0639\u0629 \u0644\u0627 \u062a\u0646\u0632\u0644\u0648\u0647\u0627 \u062d\u0631\u0627\u0645 \u0647\u064a \ud83d\ude22",
        "repliedAt": null,
        "replyContent": null,
        "reviewCreatedVersion": "1.10",
        "reviewId": "f972860a-0fdf-4a83-945b-5f7c98af9058",
        "score": 1,
        "thumbsUpCount": 0,
        "userImage": "https://play-lh.googleusercontent.com/a/ACg8ocJgI_ugmyVKyi4kbHd3KWJPexGFsbKlChjquIRsP5Ut=mo",
        "userName": "Hal Saeed"
    },
    {
        "appVersion": "1.10",
        "at": "2021-06-25 06:40:04",
        "content": "Is so fun to color",
        "repliedAt": null,
        "replyContent": null,
        "reviewCreatedVersion": "1.10",
        "reviewId": "4ee3e8aa-a5ec-4831-8f2c-bd34d248c307",
        "score": 5,
        "thumbsUpCount": 3,
        "userImage": "https://play-lh.googleusercontent.com/a/ACg8ocK_b8_m4YznLs_Vvt5_ovFfZiE-gh6tEwhXvmruPA2C=mo",
        "userName": "zeii tey"
    },
    {
        "appVersion": null,
        "at": "2021-06-23 06:38:24",
        "content": "I really like to color because it relaxes me",
        "repliedAt": null,
        "replyContent": null,
        "reviewCreatedVersion": null,
        "reviewId": "fb3190dd-7cd4-4773-ae14-8e1797268aa1",
        "score": 1,
        "thumbsUpCount": 0,
        "userImage": "https://play-lh.googleusercontent.com/a/ACg8ocJG1nCYxyHbpGomJ3lFYTYZRKM1NCtSTWq2ayC_9GLU=mo",
        "userName": "Anna Rubino"
    },
    {
        "appVersion": null,
        "at": "2021-05-26 02:07:30",
        "content": "this game is very amazing",
        "repliedAt": null,
        "replyContent": null,
        "reviewCreatedVersion": null,
        "reviewId": "612d4523-909b-4e31-a449-dcd7e9ed400d",
        "score": 5,
        "thumbsUpCount": 0,
        "userImage": "https://play-lh.googleusercontent.com/a-/ALV-UjVT2fLa6AKixQx8R_AIyD80C5_kYZ4cBz6KFJBH5y0628eq",
        "userName": "Sahiba Kaur"
    },
    {
        "appVersion": "1.10",
        "at": "2021-05-03 01:26:46",
        "content": "This is a good app , I think is great for kids. Keep it up !\u263a",
        "repliedAt": null,
        "replyContent": null,
        "reviewCreatedVersion": "1.10",
        "reviewId": "61874123-1ec1-45f6-ba4d-0fc5040f0e8d",
        "score": 5,
        "thumbsUpCount": 12,
        "userImage": "https://play-lh.googleusercontent.com/a/ACg8ocIa0G2DIl38wH5tY_jrou9srcMRo42FPgmSYxsjd6Mi=mo",
        "userName": "Eric Chan"
    },
    {
        "appVersion": null,
        "at": "2021-04-26 11:46:50",
        "content": "AWESOME \ud83d\ude0e",
        "repliedAt": null,
        "replyContent": null,
        "reviewCreatedVersion": null,
        "reviewId": "54453020-e502-4560-8c78-4493e960f220",
        "score": 5,
        "thumbsUpCount": 0,
        "userImage": "https://play-lh.googleusercontent.com/a-/ALV-UjUipihHDuKcqnhBsOV6YTZ5saCAcy0dbSB-TtdcWKNE4RA",
        "userName": "LA INDYA"
    },
    {
        "appVersion": null,
        "at": "2021-03-28 08:35:16",
        "content": "Please remove the number colour we want to colour it by myself because the colours were not the same anime colour.",
        "repliedAt": null,
        "replyContent": null,
        "reviewCreatedVersion": null,
        "reviewId": "8163e9e6-4d9a-4c12-a3b1-337215bf2b84",
        "score": 1,
        "thumbsUpCount": 1,
        "userImage": "https://play-lh.googleusercontent.com/a-/ALV-UjXNIU8DHdxo0WUODr1dutHQYBDdgKmgRRHk5nd0JE1O3Urn",
        "userName": "Samhita Shimon"
    },
    {
        "appVersion": "1.9",
        "at": "2021-03-21 18:17:30",
        "content": "It's a alright game. The anime chareters are cool and all but I would like a customizable colour pallete. Also some new colors would be fun. But besides that it's alright.",
        "repliedAt": null,
        "replyContent": null,
        "reviewCreatedVersion": "1.9",
        "reviewId": "6ef1e647-1af9-4826-b84b-849551061cd5",
        "score": 4,
        "thumbsUpCount": 13,
        "userImage": "https://play-lh.googleusercontent.com/a-/ALV-UjWV9fpnuRJjAiUY640DDxVpIBd0X7UhuMPhdCFcnoK25kHA",
        "userName": "Sydney_Robin"
    },
    {
        "appVersion": null,
        "at": "2021-03-01 18:17:45",
        "content": "Relaxing Color By Nunber Anime Paint game.",
        "repliedAt": null,
        "replyContent": null,
        "reviewCreatedVersion": null,
        "reviewId": "0a2a0c73-4bc3-4dbd-bbb6-8d032ac491ad",
        "score": 5,
        "thumbsUpCount": 0,
        "userImage": "https://play-lh.googleusercontent.com/a/ACg8ocINm-oYizhwItYf3Sx-Kq44pCswCwdtVCVUzHtyi4GX=mo",
        "userName": "James Mahon"
    },
    {
        "appVersion": "1.5",
        "at": "2021-02-05 20:37:28",
        "content": "It is fine very good work and maybe try to bring more carcters",
        "repliedAt": null,
        "replyContent": null,
        "reviewCreatedVersion": "1.5",
        "reviewId": "124038a8-e11e-43cf-a14e-09dac7f0a0eb",
        "score": 3,
        "thumbsUpCount": 11,
        "userImage": "https://play-lh.googleusercontent.com/a-/ALV-UjWlXn4KRhjTh4zPmkfmhaWV3ck78ngJrJwsRyW0q22l9A",
        "userName": "Tina Dogho"
    },
    {
        "appVersion": "1.5",
        "at": "2021-02-05 14:18:57",
        "content": "Em thich lam",
        "repliedAt": null,
        "replyContent": null,
        "reviewCreatedVersion": "1.5",
        "reviewId": "e941942a-0155-4454-be92-32dab3f11b15",
        "score": 4,
        "thumbsUpCount": 0,
        "userImage": "https://play-lh.googleusercontent.com/a-/ALV-UjWhqa4lJ5eW5dgt7jK581L_0nrmr-qckdXusV_927EJLw",
        "userName": "Gi Ko"
    },
    {
        "appVersion": "1.5",
        "at": "2021-01-18 15:44:34",
        "content": "\u0639\u0627\u0644\u06cc",
        "repliedAt": null,
        "replyContent": null,
        "reviewCreatedVersion": "1.5",
        "reviewId": "a2c5874e-4a1c-4188-8979-4c300703af59",
        "score": 5,
        "thumbsUpCount": 1,
        "userImage": "https://play-lh.googleusercontent.com/a/ACg8ocIj_1D2EkhNkfdz4I2ogopLZELixjuvp_J0aieemHvP=mo",
        "userName": "Adrin Naderian"
    },
    {
        "appVersion": null,
        "at": "2021-01-16 13:01:49",
        "content": "Its fun but could we please choose our own colours like in the anime thank you.\ud83d\ude14",
        "repliedAt": null,
        "replyContent": null,
        "reviewCreatedVersion": null,
        "reviewId": "b5f1ae22-f39c-40e0-8c16-0aa5e7165646",
        "score": 1,
        "thumbsUpCount": 23,
        "userImage": "https://play-lh.googleusercontent.com/a-/ALV-UjUYihBfzjt9XI5wBm8RkNN2e5gEJRfLFBN1pqxjLgy-Cw",
        "userName": "JORDAN"
    },
    {
        "appVersion": null,
        "at": "2021-01-01 07:27:04",
        "content": "It's great this app is coll",
        "repliedAt": null,
        "replyContent": null,
        "reviewCreatedVersion": null,
        "reviewId": "a6b4a4ea-958c-4100-bd07-9a1c98499892",
        "score": 5,
        "thumbsUpCount": 1,
        "userImage": "https://play-lh.googleusercontent.com/a/ACg8ocIvaBVzYNjiFrzXmzmP1hqus4ekLn-zuSwhoOsf6DrB=mo",
        "userName": "Roland Cabonias"
    },
    {
        "appVersion": null,
        "at": "2020-12-31 15:48:06",
        "content": "Hjbnh ub",
        "repliedAt": null,
        "replyContent": null,
        "reviewCreatedVersion": null,
        "reviewId": "5dd65a96-575c-4282-8340-a774ae00609e",
        "score": 2,
        "thumbsUpCount": 0,
        "userImage": "https://play-lh.googleusercontent.com/a-/ALV-UjUVKeXIJB69hmjMtAbSf0Lr0373ivKdBQfJiSU2cAgWUA",
        "userName": "Maria Fehr"
    },
    {
        "appVersion": null,
        "at": "2020-12-27 09:04:49",
        "content": "Hcog",
        "repliedAt": null,
        "replyContent": null,
        "reviewCreatedVersion": null,
        "reviewId": "42b3065a-f5b3-42d8-8286-7b08d27e853c",
        "score": 5,
        "thumbsUpCount": 1,
        "userImage": "https://play-lh.googleusercontent.com/a-/ALV-UjWR_sKQWP5uoXSRQ09QgV2F7Xu8bo7tZG0NlR-4VToi0VA",
        "userName": "Shereen Habib"
    },
    {
        "appVersion": "1.4",
        "at": "2020-12-20 05:18:47",
        "content": "Love it",
        "repliedAt": null,
        "replyContent": null,
        "reviewCreatedVersion": "1.4",
        "reviewId": "70397452-e288-4558-9aed-d71cdc22f31b",
        "score": 5,
        "thumbsUpCount": 1,
        "userImage": "https://play-lh.googleusercontent.com/a-/ALV-UjUbfRsEJ4JUFJCTE8qXSN3fpZ6obM48mx-Qi7uvQIQj3Q",
        "userName": "wolf girl"
    },
    {
        "appVersion": "1.2",
        "at": "2020-12-12 11:08:49",
        "content": "this the best game coloring",
        "repliedAt": null,
        "replyContent": null,
        "reviewCreatedVersion": "1.2",
        "reviewId": "fce0bdaa-dd8f-4cea-8492-e6043dbdc6f8",
        "score": 5,
        "thumbsUpCount": 2,
        "userImage": "https://play-lh.googleusercontent.com/a-/ALV-UjV7xSDXYvvcyLeQlRDZ_VGe7ZukFJFADVIUwLn85UVnBuc",
        "userName": "Leslie Andrion"
    },
    {
        "appVersion": "1.2",
        "at": "2020-11-15 07:57:04",
        "content": "Its fun to color my favorite anime but the color is not the same as origal color of each character",
        "repliedAt": null,
        "replyContent": null,
        "reviewCreatedVersion": "1.2",
        "reviewId": "556b287c-27dd-4bf7-90e0-0db87bb6d5ed",
        "score": 3,
        "thumbsUpCount": 10,
        "userImage": "https://play-lh.googleusercontent.com/a-/ALV-UjX4LTXBAddNQBHk3PsZmtuxInKMnEToeA-hwnecj_56Lg",
        "userName": "cristine murillo"
    },
    {
        "appVersion": "1.2",
        "at": "2020-11-13 10:22:24",
        "content": "\ud83d\ude0a\ud83d\ude0a\ud83d\ude0a\ud83d\ude0a\ud83d\ude0a\ud83d\ude0a\ud83d\ude0a",
        "repliedAt": null,
        "replyContent": null,
        "reviewCreatedVersion": "1.2",
        "reviewId": "b0242f97-e568-49be-b4ab-40d0c8f7a30e",
        "score": 5,
        "thumbsUpCount": 1,
        "userImage": "https://play-lh.googleusercontent.com/a-/ALV-UjUjG5LH0GWO9sqYM871rFRXRYo7VqwPUGHXjKsNSt9EcOc",
        "userName": "urantsetseg bymbazagd"
    },
    {
        "appVersion": null,
        "at": "2020-11-13 10:00:19",
        "content": "\u0631\u0623 \u0625\u0639\u062c\u062f\u0646 \ud83d\ude0a\ud83d\ude0d \ud83d\udc93\ud83d\udc96\u2764\ud83d\udc9f",
        "repliedAt": null,
        "replyContent": null,
        "reviewCreatedVersion": null,
        "reviewId": "e20c33f5-8b49-497d-8e22-e6b81ec99502",
        "score": 5,
        "thumbsUpCount": 1,
        "userImage": "https://play-lh.googleusercontent.com/a/ACg8ocI-RqJo4OYo_VhUzxXYr0G_L0csdF-GWFMWoMjUrFlc=mo",
        "userName": "Slmhoume Med Vall"
    },
    {
        "appVersion": "1.2",
        "at": "2020-11-01 01:04:01",
        "content": "Perfect colour epic sailor moon pics!",
        "repliedAt": null,
        "replyContent": null,
        "reviewCreatedVersion": "1.2",
        "reviewId": "bcee29e4-409f-4888-b829-f146e9192421",
        "score": 5,
        "thumbsUpCount": 11,
        "userImage": "https://play-lh.googleusercontent.com/a-/ALV-UjWC-bOoFxP38CJog6OmIB0ZhuPoqoP-QhOY_eKXgqXM3Q",
        "userName": "Bernarda Thompson"
    },
    {
        "appVersion": null,
        "at": "2020-10-16 21:41:55",
        "content": "How are all of you guys like this garbage it has bad color and sailor moon color is the worst OH AND FOR YOU THE MAKER OF THIS TRASH FIX IT OR THIS IS RATED POOP ZERO STARS OK and now for the emojis rate\ud83d\ude21\ud83d\udc4e\ud83d\udc4e\ud83d\udc4e\ud83d\udc4e\ud83d\udc4e\ud83d\udc4e\ud83d\udc4e\ud83d\udc4e\ud83d\udc4e\ud83d\udc4e ALRIGHT",
        "repliedAt": null,
        "replyContent": null,
        "reviewCreatedVersion": null,
        "reviewId": "32fdee2c-a666-4778-a8cd-e49b72819e93",
        "score": 1,
        "thumbsUpCount": 12,
        "userImage": "https://play-lh.googleusercontent.com/a-/ALV-UjVlBJRRNpsCGeUVUhIl41Ol8mQw3jga8o7cswdCf_AQfwM",
        "userName": "Maricela"
    },
    {
        "appVersion": "1.1",
        "at": "2020-09-04 02:12:24",
        "content": "This game is like totally the best",
        "repliedAt": null,
        "replyContent": null,
        "reviewCreatedVersion": "1.1",
        "reviewId": "3c75c776-de1f-47d7-a268-2d9095065be7",
        "score": 5,
        "thumbsUpCount": 1,
        "userImage": "https://play-lh.googleusercontent.com/a/ACg8ocJcn982g7RLdaZsC5H4fABjJ0rQllUFqNOv_5XO_XK6=mo",
        "userName": "Janeth Hicom"
    },
    {
        "appVersion": "1.1",
        "at": "2020-09-01 08:21:43",
        "content": "It's very nice to color",
        "repliedAt": null,
        "replyContent": null,
        "reviewCreatedVersion": "1.1",
        "reviewId": "d9602ed9-01bd-4588-b731-e19ab88b0e2f",
        "score": 5,
        "thumbsUpCount": 6,
        "userImage": "https://play-lh.googleusercontent.com/a-/ALV-UjVIeQaGPP1214rujLUyvtkW1ULcx8P9_YlMaMmdZD9IXmt0",
        "userName": "Burnie Cheshire"
    }
]