[
    {
        "appVersion": "1.0.2",
        "at": "2023-11-19 16:43:14",
        "content": "Wow",
        "repliedAt": null,
        "replyContent": null,
        "reviewCreatedVersion": "1.0.2",
        "reviewId": "1cf51f13-aab7-4128-9c4f-fb699b805f55",
        "score": 5,
        "thumbsUpCount": 0,
        "userImage": "https://play-lh.googleusercontent.com/a/ACg8ocIJ5hbT-r5sWO5d-NGwPJUcmp-K9eELped54M4yTMyQ=mo",
        "userName": "Md Akb"
    },
    {
        "appVersion": "1.0.2",
        "at": "2023-11-10 08:10:18",
        "content": "All app",
        "repliedAt": null,
        "replyContent": null,
        "reviewCreatedVersion": "1.0.2",
        "reviewId": "d3b7930e-b425-4b02-bbce-3fc8864cc92b",
        "score": 5,
        "thumbsUpCount": 0,
        "userImage": "https://play-lh.googleusercontent.com/a/ACg8ocLY1TsW3D6Uo_KMRgWIl89qIZTgzNumyoXpx4AT8Kai=mo",
        "userName": "Saw freezac Saw freezac"
    },
    {
        "appVersion": "1.0.2",
        "at": "2023-11-09 18:03:46",
        "content": "Too many ads",
        "repliedAt": null,
        "replyContent": null,
        "reviewCreatedVersion": "1.0.2",
        "reviewId": "f7be50ed-2f50-4bc7-aebd-9d9833a8a712",
        "score": 1,
        "thumbsUpCount": 0,
        "userImage": "https://play-lh.googleusercontent.com/a-/ALV-UjXZxrm2bJP0t1uEm9H32qMBXFujEGVYTk_ZeM9Gwc3nIA",
        "userName": "Isela Palacios"
    },
    {
        "appVersion": null,
        "at": "2023-11-06 16:23:38",
        "content": "Very bat",
        "repliedAt": null,
        "replyContent": null,
        "reviewCreatedVersion": null,
        "reviewId": "c9d1f251-f4e4-433a-98f2-9b2247537926",
        "score": 1,
        "thumbsUpCount": 0,
        "userImage": "https://play-lh.googleusercontent.com/a/ACg8ocJyYfgoJZWHOMiI9FIinGunROPSw5SAy5wts6nBbMPkFg=mo",
        "userName": "Faiz Khans"
    },
    {
        "appVersion": "1.0.2",
        "at": "2023-11-05 14:36:58",
        "content": "Does nothing as advertised",
        "repliedAt": null,
        "replyContent": null,
        "reviewCreatedVersion": "1.0.2",
        "reviewId": "ae737462-44b3-4e44-b042-7ad1b2cd05f3",
        "score": 1,
        "thumbsUpCount": 0,
        "userImage": "https://play-lh.googleusercontent.com/a-/ALV-UjXLKIjQs30sxc55opU_LaaEkgeVd4Lt_mIl4k2mi8w8BsA",
        "userName": "Shakoure Char"
    },
    {
        "appVersion": null,
        "at": "2023-11-05 03:08:11",
        "content": "there was a thick Spanish accent I could barely understand it. if it was possible to give it 0 stars I would.",
        "repliedAt": null,
        "replyContent": null,
        "reviewCreatedVersion": null,
        "reviewId": "f8a3464f-160d-45c7-a9de-21fd754ed47f",
        "score": 1,
        "thumbsUpCount": 1,
        "userImage": "https://play-lh.googleusercontent.com/a-/ALV-UjXzOE-uMXSE0LMH9FqidEs0JdA69JlP5taLJuxEUsrHg7M",
        "userName": "alexander perdion"
    },
    {
        "appVersion": "1.0.2",
        "at": "2023-11-04 18:48:45",
        "content": "You need to add more human voice",
        "repliedAt": null,
        "replyContent": null,
        "reviewCreatedVersion": "1.0.2",
        "reviewId": "5f0c7a0b-1586-4b3f-9bd9-7f62f6412457",
        "score": 5,
        "thumbsUpCount": 0,
        "userImage": "https://play-lh.googleusercontent.com/a-/ALV-UjVhzEoozGz0os4v03MQqY7qB_qUx-P3WehLHtxHmT70Lg",
        "userName": "Akwa Niger"
    },
    {
        "appVersion": "1.0.2",
        "at": "2023-11-04 16:15:23",
        "content": "Ok ,but I am going to try to make it as I have to tell you that the added adds killing me I am sure you are getting paid because of this but it is so annoying and annoying is not that good for me.",
        "repliedAt": null,
        "replyContent": null,
        "reviewCreatedVersion": "1.0.2",
        "reviewId": "9b466633-fb26-4a1b-8915-9a1de23db39d",
        "score": 5,
        "thumbsUpCount": 0,
        "userImage": "https://play-lh.googleusercontent.com/a-/ALV-UjWbFU08KYHfVM6uJJmUZMj5CZUCJWq0IIyxUQ-41VV94Go",
        "userName": "Leroy Copher Jr"
    },
    {
        "appVersion": "1.0.2",
        "at": "2023-11-03 15:10:03",
        "content": "Very goof",
        "repliedAt": null,
        "replyContent": null,
        "reviewCreatedVersion": "1.0.2",
        "reviewId": "e91d1fa7-d9b6-4e20-87a9-aab6b8bda79e",
        "score": 3,
        "thumbsUpCount": 0,
        "userImage": "https://play-lh.googleusercontent.com/a/ACg8ocIVsS32MuakzXys0CeC9hvoldaqMlrxWi239o6fSaTm0A=mo",
        "userName": "Imam abu hanifa"
    },
    {
        "appVersion": "1.0.2",
        "at": "2023-11-03 11:30:56",
        "content": "Nice",
        "repliedAt": null,
        "replyContent": null,
        "reviewCreatedVersion": "1.0.2",
        "reviewId": "cdd32f45-cc4f-4a01-b3e5-126dd5a0d703",
        "score": 5,
        "thumbsUpCount": 0,
        "userImage": "https://play-lh.googleusercontent.com/a/ACg8ocKtEqHzFGP0rBkGjK5yGnEwADsXFw_-8mprHV5dBA=mo",
        "userName": "Sakib Khan"
    },
    {
        "appVersion": "1.0.2",
        "at": "2023-11-02 10:38:22",
        "content": "Not Nice",
        "repliedAt": null,
        "replyContent": null,
        "reviewCreatedVersion": "1.0.2",
        "reviewId": "68c91f5a-2334-4844-9ab4-365492911d4f",
        "score": 1,
        "thumbsUpCount": 0,
        "userImage": "https://play-lh.googleusercontent.com/a-/ALV-UjXN6vsJ3l3GV6boettgEaYgCx9h7leOqDT7LPHLTjk-HA",
        "userName": "Novin Korel"
    },
    {
        "appVersion": "1.0.2",
        "at": "2023-11-02 02:01:26",
        "content": "Don't waste your time!",
        "repliedAt": null,
        "replyContent": null,
        "reviewCreatedVersion": "1.0.2",
        "reviewId": "47f49eba-1c9f-4a9e-a31c-62ad8b5b6617",
        "score": 1,
        "thumbsUpCount": 0,
        "userImage": "https://play-lh.googleusercontent.com/a-/ALV-UjWS0VgX5ROXmiecMeUlk_ILWtnhERKzR9EEufh-y65MIEQ",
        "userName": "Jasho Beam"
    },
    {
        "appVersion": null,
        "at": "2023-11-01 09:33:28",
        "content": "Excellent application",
        "repliedAt": null,
        "replyContent": null,
        "reviewCreatedVersion": null,
        "reviewId": "4b18f00e-d948-48d2-a5ff-35e51f6d3065",
        "score": 5,
        "thumbsUpCount": 0,
        "userImage": "https://play-lh.googleusercontent.com/EGemoI2NTXmTsBVtJqk8jxF9rh8ApRWfsIMQSt2uE4OcpQqbFu7f7NbTK05lx80nuSijCz7sc3a277R67g",
        "userName": "A Google user"
    },
    {
        "appVersion": "1.0.2",
        "at": "2023-10-31 12:03:07",
        "content": "Straight garbage belongs in a trash can ads would kill you if they were bullets",
        "repliedAt": null,
        "replyContent": null,
        "reviewCreatedVersion": "1.0.2",
        "reviewId": "6a469789-a1fd-4b4c-82cb-f810dff46264",
        "score": 1,
        "thumbsUpCount": 0,
        "userImage": "https://play-lh.googleusercontent.com/a-/ALV-UjVSE5urkF1_YDsDKDLMI4a3Kh5zFBZXv5I8XKnaPAeH8Hs",
        "userName": "DJ biGGZ vendetta sound"
    },
    {
        "appVersion": "1.0.2",
        "at": "2023-10-29 07:08:47",
        "content": "Good \ud83d\udcaf",
        "repliedAt": null,
        "replyContent": null,
        "reviewCreatedVersion": "1.0.2",
        "reviewId": "8ee0561a-caa7-4074-bc09-99682bc80587",
        "score": 5,
        "thumbsUpCount": 0,
        "userImage": "https://play-lh.googleusercontent.com/a/ACg8ocKXTeJi1ezIBy5w0eGGryFnVtpcBw2YyexgbyN780redw=mo",
        "userName": "Suhail Khan"
    },
    {
        "appVersion": "1.0.2",
        "at": "2023-10-26 17:40:40",
        "content": "I can't stop laughing. I think you should work on the accent of the VO. The reading in English does not sound like English at all",
        "repliedAt": null,
        "replyContent": null,
        "reviewCreatedVersion": "1.0.2",
        "reviewId": "20225a14-7748-4bd0-902f-5bc791390469",
        "score": 1,
        "thumbsUpCount": 1,
        "userImage": "https://play-lh.googleusercontent.com/a/ACg8ocK2iIs89zSSw98UY41i-o_rDdOnnoUB557hQHkkH8RZ=mo",
        "userName": "Sedinam Sebuava"
    },
    {
        "appVersion": "1.0.2",
        "at": "2023-10-22 15:03:33",
        "content": "\ud83e\udd2c\ud83d\ude21\ud83d\ude21\ud83e\udd2c\ud83d\ude21\ud83d\ude21\ud83d\ude21",
        "repliedAt": null,
        "replyContent": null,
        "reviewCreatedVersion": "1.0.2",
        "reviewId": "24b8caf2-c5a9-40ce-9c14-1b583a0a84c5",
        "score": 1,
        "thumbsUpCount": 0,
        "userImage": "https://play-lh.googleusercontent.com/a-/ALV-UjXejRHsJJ0Iby9vjaYm7Yk75X1cV2n_90gQdWXtQZbWbA",
        "userName": "Hadi Ghouri"
    },
    {
        "appVersion": "1.0.2",
        "at": "2023-10-22 10:29:37",
        "content": "Ok",
        "repliedAt": null,
        "replyContent": null,
        "reviewCreatedVersion": "1.0.2",
        "reviewId": "1f8fefe1-4f80-436b-93de-e598e419a986",
        "score": 1,
        "thumbsUpCount": 0,
        "userImage": "https://play-lh.googleusercontent.com/a-/ALV-UjXKApvgoWmG42Do5hKaYibxouZMb5l8XkW1JE_agor16NE",
        "userName": "Play with rohit"
    },
    {
        "appVersion": "1.0.2",
        "at": "2023-10-22 01:08:01",
        "content": "Op",
        "repliedAt": null,
        "replyContent": null,
        "reviewCreatedVersion": "1.0.2",
        "reviewId": "448410aa-7a2f-4d4c-abe6-1d7bbe7b909c",
        "score": 5,
        "thumbsUpCount": 0,
        "userImage": "https://play-lh.googleusercontent.com/a/ACg8ocLNgl1DPwHVEYOi0WNm4myducvDypm_E7bS4BVVbN-M=mo",
        "userName": "Muna Swain"
    },
    {
        "appVersion": "1.0.2",
        "at": "2023-10-20 07:04:14",
        "content": "Wenig Optionen, man kann scheinbar auch nicht einstellen, dass eine Pause nach einem Zeilenumbruch gesetzt wird",
        "repliedAt": null,
        "replyContent": null,
        "reviewCreatedVersion": "1.0.2",
        "reviewId": "6bb67ec8-b550-4523-acf8-82a612ef8f0d",
        "score": 3,
        "thumbsUpCount": 0,
        "userImage": "https://play-lh.googleusercontent.com/a/ACg8ocJgeUWJrYjTiyCveLAzb7b41ZLyI7esD7_fownzOyoe=mo",
        "userName": "C ty"
    },
    {
        "appVersion": null,
        "at": "2023-10-20 01:44:15",
        "content": "Nice",
        "repliedAt": null,
        "replyContent": null,
        "reviewCreatedVersion": null,
        "reviewId": "406d28c2-f610-494a-8940-25a112b94f1c",
        "score": 5,
        "thumbsUpCount": 0,
        "userImage": "https://play-lh.googleusercontent.com/a-/ALV-UjVlZ_vyG_ERp-KQ5sEmHCetGTj1fjqRil-fqlzoKw-xMMZ7",
        "userName": "karukuri gangadhar"
    },
    {
        "appVersion": "1.0.2",
        "at": "2023-10-16 07:56:18",
        "content": "If there was a option of adding zero star i would do it",
        "repliedAt": null,
        "replyContent": null,
        "reviewCreatedVersion": "1.0.2",
        "reviewId": "1870c8e1-27e6-4a09-beea-0569d7a49a5d",
        "score": 3,
        "thumbsUpCount": 2,
        "userImage": "https://play-lh.googleusercontent.com/a/ACg8ocKgdCOF3CO3pUXUx5skMet8Z-si-n9QnNeDoH3291BE=mo",
        "userName": "muhammadasad Khan"
    },
    {
        "appVersion": "1.0.2",
        "at": "2023-10-14 06:34:46",
        "content": "Good app",
        "repliedAt": null,
        "replyContent": null,
        "reviewCreatedVersion": "1.0.2",
        "reviewId": "dfbd71fe-2711-40c3-8d21-0aa8651e7e5f",
        "score": 5,
        "thumbsUpCount": 0,
        "userImage": "https://play-lh.googleusercontent.com/a-/ALV-UjX8rPr50Euv7XCBszjPij8ORj06cJV3ABHQeiaDEyjSQtg",
        "userName": "Bandit 1 2 3 Bandit 1 2 3"
    },
    {
        "appVersion": "1.0.2",
        "at": "2023-10-08 14:51:47",
        "content": "I can't get the floating window to appear on my screen so I can read my messages, which is what I wanted!! Too many bloody adverts when trying to set it up, which is very difficult when your sight is poor",
        "repliedAt": null,
        "replyContent": null,
        "reviewCreatedVersion": "1.0.2",
        "reviewId": "cc0f45c7-f9b5-434e-a9bd-194161a98f4b",
        "score": 1,
        "thumbsUpCount": 19,
        "userImage": "https://play-lh.googleusercontent.com/a/ACg8ocJMnXqWLuIwYhi6JYYqhLjlleW9V7Nur53s2O3Kptbz=mo",
        "userName": "Kim O'Donnell"
    },
    {
        "appVersion": "1.0.2",
        "at": "2023-10-07 03:33:27",
        "content": "Learn more",
        "repliedAt": null,
        "replyContent": null,
        "reviewCreatedVersion": "1.0.2",
        "reviewId": "0f1b8739-f5b7-49c3-8733-d3f78262c970",
        "score": 5,
        "thumbsUpCount": 0,
        "userImage": "https://play-lh.googleusercontent.com/a/ACg8ocIVLwLIn3bBrPM4-psZ5cg7PEY7JCBKSmsl3aKKOSrV=mo",
        "userName": "YeBOAH GIDEON"
    },
    {
        "appVersion": "1.0.2",
        "at": "2023-10-05 23:53:15",
        "content": "I cannot get it to open. I just installed it 10 minutes ago and I've been trying to open it for nine. Help. 10/5/23 STILL NOT WORKING",
        "repliedAt": null,
        "replyContent": null,
        "reviewCreatedVersion": "1.0.2",
        "reviewId": "3af46868-10d2-4703-be76-ca24c15e6583",
        "score": 1,
        "thumbsUpCount": 17,
        "userImage": "https://play-lh.googleusercontent.com/a-/ALV-UjUXOUIL_ZQJo41m36SSuKATGJY8SqP7ibsI3KkzrKiWRrIb",
        "userName": "Vincent\u00e9 \u201cHostile\u201d M."
    },
    {
        "appVersion": "1.0.2",
        "at": "2023-10-04 06:13:04",
        "content": "The instructions (if you can call them instructions) for the floating window control give the user a arrow directing them to non-existent controls.",
        "repliedAt": null,
        "replyContent": null,
        "reviewCreatedVersion": "1.0.2",
        "reviewId": "2d5ed906-d25b-4188-b644-308e7769c00e",
        "score": 2,
        "thumbsUpCount": 2,
        "userImage": "https://play-lh.googleusercontent.com/a-/ALV-UjXPTNR6KBIcjO7r3cgQk_SM0SUtlVBBFVqgo4CLHC4Mig",
        "userName": "Marlon Mohninger"
    },
    {
        "appVersion": "1.0.1",
        "at": "2023-10-03 18:53:32",
        "content": "good app",
        "repliedAt": null,
        "replyContent": null,
        "reviewCreatedVersion": "1.0.1",
        "reviewId": "f7ce438d-1440-4daa-b80b-5a46017b20cb",
        "score": 5,
        "thumbsUpCount": 0,
        "userImage": "https://play-lh.googleusercontent.com/a-/ALV-UjUN8oUL-JMTCtpccHJbGlCmdAyiWsvXVab4l7xYtsf2sz0",
        "userName": "\u201cMr. Babu.\u201d \u09ae\u09cb:\u09ac\u09be\u09ac\u09c1 \u0986\u09b2\u09ae\u0997\u09c0\u09b0"
    },
    {
        "appVersion": "1.0.1",
        "at": "2023-10-03 03:11:38",
        "content": "Text to speech",
        "repliedAt": null,
        "replyContent": null,
        "reviewCreatedVersion": "1.0.1",
        "reviewId": "c1b720a5-ebc0-4363-973e-8600fa040424",
        "score": 5,
        "thumbsUpCount": 1,
        "userImage": "https://play-lh.googleusercontent.com/a/ACg8ocJ5ClyhjUbwOXFbNGkBNfEkYS5LHt8VgJDlMba4PBhd=mo",
        "userName": "Aniat Merful"
    },
    {
        "appVersion": "1.0.1",
        "at": "2023-10-02 17:05:41",
        "content": "Good",
        "repliedAt": null,
        "replyContent": null,
        "reviewCreatedVersion": "1.0.1",
        "reviewId": "ee6bc259-cbbc-4b69-a10d-f80ef3673341",
        "score": 1,
        "thumbsUpCount": 0,
        "userImage": "https://play-lh.googleusercontent.com/a/ACg8ocJ753VWBKzapCEuglqjl7eFs5ACzXQsacjeiYsMLy5M=mo",
        "userName": "Shola Oluwasegun"
    },
    {
        "appVersion": "1.0.1",
        "at": "2023-10-02 09:27:39",
        "content": "It's pretty ok",
        "repliedAt": null,
        "replyContent": null,
        "reviewCreatedVersion": "1.0.1",
        "reviewId": "91819e21-b65b-4e33-9178-19d2c3c04244",
        "score": 5,
        "thumbsUpCount": 0,
        "userImage": "https://play-lh.googleusercontent.com/a-/ALV-UjURCmSIh5BQZJjJu66MUdCYx2sgcBfZNy62BOXzneY92Ys",
        "userName": "Okoh Onyinyechukwu Olamide"
    },
    {
        "appVersion": "1.0.1",
        "at": "2023-09-28 03:11:39",
        "content": "Good",
        "repliedAt": null,
        "replyContent": null,
        "reviewCreatedVersion": "1.0.1",
        "reviewId": "f406c339-c01a-4f39-ba61-dfd6dae336a5",
        "score": 5,
        "thumbsUpCount": 0,
        "userImage": "https://play-lh.googleusercontent.com/a/ACg8ocLOSFlonTenT9Zeb2jpAIw-_iW8r7GILOtRM4D-ipqd=mo",
        "userName": "sagar nayak"
    },
    {
        "appVersion": "1.0.1",
        "at": "2023-09-24 21:01:09",
        "content": "not working",
        "repliedAt": null,
        "replyContent": null,
        "reviewCreatedVersion": "1.0.1",
        "reviewId": "3a196972-1233-4c1b-8720-3d721ad7fbce",
        "score": 1,
        "thumbsUpCount": 0,
        "userImage": "https://play-lh.googleusercontent.com/a/ACg8ocI4tcu3T1u3Mleq789uA8UTmuhEjCvLWwHladyT0MVt=mo",
        "userName": "Kamau Swamber"
    },
    {
        "appVersion": "1.0.1",
        "at": "2023-09-23 18:34:41",
        "content": "So laggy",
        "repliedAt": null,
        "replyContent": null,
        "reviewCreatedVersion": "1.0.1",
        "reviewId": "6d1e816f-6870-41c6-beca-7043d327600b",
        "score": 2,
        "thumbsUpCount": 0,
        "userImage": "https://play-lh.googleusercontent.com/a-/ALV-UjWjw9pUpfTkQemyRtwFyLHMKtv864EbMVTRVkz7vBh4SR8",
        "userName": "Ompu.m"
    },
    {
        "appVersion": null,
        "at": "2023-09-17 03:31:32",
        "content": "\ud835\udc15\ud835\udc22\ud835\udc23\ud835\udc1a\ud835\udc32\ud835\udc0d\ud835\udc1a\ud835\udc32\ud835\udc1a\ud835\udc24",
        "repliedAt": null,
        "replyContent": null,
        "reviewCreatedVersion": null,
        "reviewId": "fda7672f-7b58-4755-a7bc-81eb366057c6",
        "score": 5,
        "thumbsUpCount": 0,
        "userImage": "https://play-lh.googleusercontent.com/a-/ALV-UjWoWbhyrU7JF8IIQjm7Z8bQ2OdeGhSurw2cCMsLR6xwTw",
        "userName": "Vaja"
    },
    {
        "appVersion": null,
        "at": "2023-09-16 14:05:40",
        "content": "Good morning",
        "repliedAt": null,
        "replyContent": null,
        "reviewCreatedVersion": null,
        "reviewId": "acd8db00-7a08-4aac-858d-c80f7619ba5a",
        "score": 4,
        "thumbsUpCount": 0,
        "userImage": "https://play-lh.googleusercontent.com/a/ACg8ocJmMrP5CyB8quJ--SDzEs_XS7EzM3O1_Ykyhz3C_I5f=mo",
        "userName": "Uc Eric"
    },
    {
        "appVersion": "1.0.1",
        "at": "2023-09-16 12:12:27",
        "content": "\ud83d\ude0a",
        "repliedAt": null,
        "replyContent": null,
        "reviewCreatedVersion": "1.0.1",
        "reviewId": "d27c807b-1b8c-4217-b224-eb2f37d5f347",
        "score": 5,
        "thumbsUpCount": 0,
        "userImage": "https://play-lh.googleusercontent.com/a/ACg8ocLA3Sv8-qvsRebVLvEPcYuD4vbTyok_2DtjNmKPK6uq=mo",
        "userName": "Mohd Samer"
    },
    {
        "appVersion": "1.0.1",
        "at": "2023-09-16 10:30:46",
        "content": "Dhjdi",
        "repliedAt": null,
        "replyContent": null,
        "reviewCreatedVersion": "1.0.1",
        "reviewId": "218aceba-46be-4f53-ac85-2852b1add2a6",
        "score": 5,
        "thumbsUpCount": 0,
        "userImage": "https://play-lh.googleusercontent.com/a/ACg8ocJtG_qlmuRDO8xtqggS0HqCnl7T9szk0STaa_43lNow=mo",
        "userName": "Amit Kumar"
    },
    {
        "appVersion": "1.0.1",
        "at": "2023-09-16 08:48:16",
        "content": "Worst app in the world. It needs to improve.",
        "repliedAt": null,
        "replyContent": null,
        "reviewCreatedVersion": "1.0.1",
        "reviewId": "7fce8d8e-c33c-4f5c-b63c-64d8642b76f8",
        "score": 1,
        "thumbsUpCount": 2,
        "userImage": "https://play-lh.googleusercontent.com/a/ACg8ocJmUfgtotAQ0vwD-r8zlO3Qyo0n6T6RvtOkj2eytvwQ=mo",
        "userName": "Jeremiah Jeremiahs"
    },
    {
        "appVersion": "1.0.1",
        "at": "2023-09-15 12:23:45",
        "content": "This app deserves a negative rating, worst app ever! Verry useless! Dont even say the words correctly. Ads are too much.",
        "repliedAt": null,
        "replyContent": null,
        "reviewCreatedVersion": "1.0.1",
        "reviewId": "96a4f140-d057-4b37-aea2-300d2c1427e5",
        "score": 1,
        "thumbsUpCount": 2,
        "userImage": "https://play-lh.googleusercontent.com/a/ACg8ocLLmLMRKxMjt8jjyzQVx0VVMv4kXh2K6MbpM2eJ9WhR=mo",
        "userName": "Sweet Life"
    },
    {
        "appVersion": "1.0.1",
        "at": "2023-09-14 05:24:45",
        "content": "It good and great too",
        "repliedAt": null,
        "replyContent": null,
        "reviewCreatedVersion": "1.0.1",
        "reviewId": "3427e3a4-4a48-4c20-874a-e8cacbdcce7e",
        "score": 5,
        "thumbsUpCount": 1,
        "userImage": "https://play-lh.googleusercontent.com/a/ACg8ocJ5g7UCNBjJaWIdn7_VQsJfAVeiPq24LYDJ02JaSegy=mo",
        "userName": "Palour Ibra"
    },
    {
        "appVersion": null,
        "at": "2023-09-13 11:44:01",
        "content": "Of so may kV so has to MV so NCAA at kg 7",
        "repliedAt": null,
        "replyContent": null,
        "reviewCreatedVersion": null,
        "reviewId": "80c85f9a-2ad0-4138-b3b5-bf848428b7f3",
        "score": 5,
        "thumbsUpCount": 0,
        "userImage": "https://play-lh.googleusercontent.com/a/ACg8ocJ1fvl8QHCmgPLdXYsxrJG4O2VZ8RzHoP2AHx-TeM0k=mo",
        "userName": "ayele abrham"
    },
    {
        "appVersion": "1.0.1",
        "at": "2023-09-13 11:10:02",
        "content": "Very nice app \ud83d\udc4d\ud83d\udc4d",
        "repliedAt": null,
        "replyContent": null,
        "reviewCreatedVersion": "1.0.1",
        "reviewId": "f852c61f-b356-4f13-b448-46f3a772a695",
        "score": 5,
        "thumbsUpCount": 0,
        "userImage": "https://play-lh.googleusercontent.com/a/ACg8ocLv89_fg-CS_ZRlfmQvAsSFh8srJg3GduZc_0iv0lJS=mo",
        "userName": "Syed Farman"
    },
    {
        "appVersion": "1.0.1",
        "at": "2023-09-13 00:16:45",
        "content": "Very good app \ud83d\udc4d\ud83d\udc4d",
        "repliedAt": null,
        "replyContent": null,
        "reviewCreatedVersion": "1.0.1",
        "reviewId": "0b8948b7-e1ae-4c66-ba97-c4682202bbde",
        "score": 5,
        "thumbsUpCount": 0,
        "userImage": "https://play-lh.googleusercontent.com/a-/ALV-UjU4yuQj3VavVJHiVK3j_oHjgdVrrqzFv4yY0398BCIuZg",
        "userName": "Adil Shehzad"
    },
    {
        "appVersion": null,
        "at": "2023-09-12 22:56:58",
        "content": "it is a good app\ud83d\udc4d\ud83d\udc4d",
        "repliedAt": null,
        "replyContent": null,
        "reviewCreatedVersion": null,
        "reviewId": "ef297726-a079-4bc5-8ebc-0d36b095cecc",
        "score": 5,
        "thumbsUpCount": 0,
        "userImage": "https://play-lh.googleusercontent.com/a-/ALV-UjUhrjmRQxHQyWBQ6gzAAzTmZnq3Ydzty_IY9CdyzQPyXw",
        "userName": "Asad Bukhari"
    },
    {
        "appVersion": "1.0.1",
        "at": "2023-09-12 21:48:29",
        "content": "It is a good app\ud83d\udc4d\ud83d\udc4d",
        "repliedAt": null,
        "replyContent": null,
        "reviewCreatedVersion": "1.0.1",
        "reviewId": "eca5f311-5d70-4269-a47f-20ea205c0e88",
        "score": 5,
        "thumbsUpCount": 0,
        "userImage": "https://play-lh.googleusercontent.com/a/ACg8ocJToiJrXG3m9eQWT9trHzqsfInh3VNIeroG2dFAZ3wX=mo",
        "userName": "M Mujahid"
    },
    {
        "appVersion": "1.0.1",
        "at": "2023-09-12 21:40:14",
        "content": "It is an amazing app \ud83d\udc4d\ud83d\udc4d",
        "repliedAt": null,
        "replyContent": null,
        "reviewCreatedVersion": "1.0.1",
        "reviewId": "fcc31d59-16d1-4611-85a9-b6d77bff5acc",
        "score": 5,
        "thumbsUpCount": 2,
        "userImage": "https://play-lh.googleusercontent.com/a/ACg8ocJj4IHlWI-l4UFZ4kIgKg_2TAtVvX_5M5A6gqUQn_xY=mo",
        "userName": "Mzahid Iqbal"
    },
    {
        "appVersion": null,
        "at": "2023-09-08 10:44:37",
        "content": "Nice \ud83d\ude42",
        "repliedAt": null,
        "replyContent": null,
        "reviewCreatedVersion": null,
        "reviewId": "b040c1b7-4b00-4f87-a0fa-84ce4cb8ba94",
        "score": 4,
        "thumbsUpCount": 0,
        "userImage": "https://play-lh.googleusercontent.com/a-/ALV-UjX1ypFbYWeX4ECGQN97v1u44jblyyd27eA_Q-MUgigEsr8",
        "userName": "jean carl"
    },
    {
        "appVersion": "1.0.1",
        "at": "2023-09-01 01:59:20",
        "content": "Change the voice. The English is horrible",
        "repliedAt": null,
        "replyContent": null,
        "reviewCreatedVersion": "1.0.1",
        "reviewId": "31536875-0191-4eb0-8474-b54889622c6a",
        "score": 1,
        "thumbsUpCount": 2,
        "userImage": "https://play-lh.googleusercontent.com/a/ACg8ocJrnfTTLyOVVi5cMH-WuZ-WFEPeLECZ5_eaNmXRWA3S=mo",
        "userName": "Munashe Mandikutse"
    },
    {
        "appVersion": "1.0.1",
        "at": "2023-08-25 15:49:09",
        "content": "Mixture of good and bad traits. Ads are very obtrusive sometimes and interfere with operation. Good privacy policy, no data collection. Worst though is that trying to select a different TTS voice is broken and always reverts to original selection. Text scrollbar is too narrow to use, must scroll manually instead using swipe gesture. Swipe gesture is dysfunctional and does not use inertia or acceleration. Text edits do not remain or stick, but revert to original unedited text.",
        "repliedAt": null,
        "replyContent": null,
        "reviewCreatedVersion": "1.0.1",
        "reviewId": "1d562bc8-f3b7-4261-98ea-b1c0b6a90c9f",
        "score": 3,
        "thumbsUpCount": 35,
        "userImage": "https://play-lh.googleusercontent.com/a/ACg8ocJ_WPEXzSHdSd0LShVcMyuEuKZwBo_ANMEvwHhqcSc5=mo",
        "userName": "Sumbuddy Sumwhere"
    },
    {
        "appVersion": "1.0.1",
        "at": "2023-08-25 08:02:10",
        "content": "Good",
        "repliedAt": null,
        "replyContent": null,
        "reviewCreatedVersion": "1.0.1",
        "reviewId": "905cd47e-093d-49a2-9d75-6c41c860ac2f",
        "score": 5,
        "thumbsUpCount": 0,
        "userImage": "https://play-lh.googleusercontent.com/a/ACg8ocLN8cR-B7DqHLe7qwRcDmAqpzQPp4MTlq5htWXdxusj=mo",
        "userName": "Md Imran"
    },
    {
        "appVersion": "1.0.1",
        "at": "2023-08-22 14:28:44",
        "content": "Good work guys your buy button does not work \ud83e\udd11\ud83d\ude06\ud83d\ude01\ud83d\ude02\ud83e\udd37\ud83c\udffd\u200d\u2642\ufe0f and it seems every English UK voice is exactly the same and no female voices \ud83e\udd37\ud83c\udffd\u200d\u2642\ufe0f tweak it... it's a very good app but really title your voices better",
        "repliedAt": null,
        "replyContent": null,
        "reviewCreatedVersion": "1.0.1",
        "reviewId": "6f16768b-8fa6-4476-95c0-78e70da45c0d",
        "score": 1,
        "thumbsUpCount": 4,
        "userImage": "https://play-lh.googleusercontent.com/a-/ALV-UjVSzo5SDgbUfSG9_geLwb9-6UT3tWAwfXMDxtGKgUEpRQ",
        "userName": "Michael"
    },
    {
        "appVersion": "1.0.1",
        "at": "2023-08-22 08:47:11",
        "content": "Best.Apps",
        "repliedAt": null,
        "replyContent": null,
        "reviewCreatedVersion": "1.0.1",
        "reviewId": "70bb6c99-fd7c-4ed1-ab9a-4ef741fb9498",
        "score": 4,
        "thumbsUpCount": 0,
        "userImage": "https://play-lh.googleusercontent.com/a/ACg8ocKqmqu0rlCQcP6Nx-ub02o4uHHLNOtfA1vRQjA_hzjQ=mo",
        "userName": "Wali Khan"
    },
    {
        "appVersion": "1.0.1",
        "at": "2023-08-17 00:13:21",
        "content": "\ud83e\udd17\ud83e\udd17\ud83e\udd17\ud83e\udd17\ud83e\udd17",
        "repliedAt": null,
        "replyContent": null,
        "reviewCreatedVersion": "1.0.1",
        "reviewId": "4b77947e-9215-43dd-9cfd-b7ed37f1f812",
        "score": 5,
        "thumbsUpCount": 0,
        "userImage": "https://play-lh.googleusercontent.com/a-/ALV-UjXl3JUukzJ2qVq_OQBLiYgXQNT43FmYHVPGzki0f6hcTg",
        "userName": "Irshad Ali"
    },
    {
        "appVersion": null,
        "at": "2023-08-12 05:17:24",
        "content": "Fdvsvx this is my fakevrgd",
        "repliedAt": null,
        "replyContent": null,
        "reviewCreatedVersion": null,
        "reviewId": "9354eaf7-a347-46c0-96c0-6138db638062",
        "score": 2,
        "thumbsUpCount": 0,
        "userImage": "https://play-lh.googleusercontent.com/a/ACg8ocK6II9qGTubPNLQqVkV7zHbZjxg_ahEOV7VR1QX8h8R=mo",
        "userName": "Owen Mangalashi"
    },
    {
        "appVersion": null,
        "at": "2023-08-09 00:31:42",
        "content": "Content only",
        "repliedAt": null,
        "replyContent": null,
        "reviewCreatedVersion": null,
        "reviewId": "e13a4ee6-10ad-4cc0-87e1-7c38f116adb5",
        "score": 5,
        "thumbsUpCount": 0,
        "userImage": "https://play-lh.googleusercontent.com/a/ACg8ocK0ivM444yplz3xO4remE8ZwUsBQJsT4acIUygXuHwe=mo",
        "userName": "Renan Justiniane"
    },
    {
        "appVersion": null,
        "at": "2023-08-06 05:46:07",
        "content": "Sadafjan",
        "repliedAt": null,
        "replyContent": null,
        "reviewCreatedVersion": null,
        "reviewId": "b7ada06c-2e1d-4a94-af33-d65060fcd6e5",
        "score": 4,
        "thumbsUpCount": 1,
        "userImage": "https://play-lh.googleusercontent.com/a-/ALV-UjX77CSdZU1H_j8fI0AdYXyPeZ8bxRUWtMI8xiB9hqXzVw",
        "userName": "Sadaf Nazeer"
    },
    {
        "appVersion": "1.0.1",
        "at": "2023-08-03 13:50:53",
        "content": "Ok",
        "repliedAt": null,
        "replyContent": null,
        "reviewCreatedVersion": "1.0.1",
        "reviewId": "e6dc6129-9310-4639-b937-42ea9e69d3ff",
        "score": 5,
        "thumbsUpCount": 0,
        "userImage": "https://play-lh.googleusercontent.com/a/ACg8ocICysByayMnlx4CZSyT8Io0cmhbzvIPZswn1_xvt2N5=mo",
        "userName": "Md Deluar"
    },
    {
        "appVersion": "1.0.1",
        "at": "2023-08-01 23:15:53",
        "content": "Was so amazing,i love such a great app",
        "repliedAt": null,
        "replyContent": null,
        "reviewCreatedVersion": "1.0.1",
        "reviewId": "17649882-9c77-4667-96cd-41f4a701f74f",
        "score": 5,
        "thumbsUpCount": 2,
        "userImage": "https://play-lh.googleusercontent.com/a/ACg8ocLWo5BWZeWu4ViV29SfQVBaRVeuzLZDKz3CxSv_Y6A=mo",
        "userName": "Lekan Segun"
    },
    {
        "appVersion": "1.0.1",
        "at": "2023-07-31 08:05:23",
        "content": "Pls don't download",
        "repliedAt": null,
        "replyContent": null,
        "reviewCreatedVersion": "1.0.1",
        "reviewId": "1e79cff9-1125-4e12-a560-239a2d2158b2",
        "score": 1,
        "thumbsUpCount": 0,
        "userImage": "https://play-lh.googleusercontent.com/a/ACg8ocKVXA0EGfqKPIEbg8VkRiN9ZvpT5fvtXnO2fXP80wTL=mo",
        "userName": "Dibal Josiah"
    },
    {
        "appVersion": null,
        "at": "2023-07-24 14:48:56",
        "content": "Najir Molla",
        "repliedAt": null,
        "replyContent": null,
        "reviewCreatedVersion": null,
        "reviewId": "63238b8c-1ea2-4f2a-850d-aaac122dfb75",
        "score": 5,
        "thumbsUpCount": 0,
        "userImage": "https://play-lh.googleusercontent.com/a/ACg8ocLSTPn3kD5sBWMVM5qgCvKjw7BNXfPXWo7Xis6zYGji=mo",
        "userName": "Mahir Ka"
    },
    {
        "appVersion": null,
        "at": "2023-07-21 08:00:05",
        "content": "The after work",
        "repliedAt": null,
        "replyContent": null,
        "reviewCreatedVersion": null,
        "reviewId": "9730834a-5bee-4bc0-bc47-452b96694a57",
        "score": 1,
        "thumbsUpCount": 0,
        "userImage": "https://play-lh.googleusercontent.com/a-/ALV-UjXz5sK7rP3YBg4_wPoFUqleoDHAIpTvUWvCocJcPE04B9E",
        "userName": "Irene Munoz"
    },
    {
        "appVersion": "1.0.1",
        "at": "2023-07-17 01:28:16",
        "content": "This app is literally a spelling bee app",
        "repliedAt": null,
        "replyContent": null,
        "reviewCreatedVersion": "1.0.1",
        "reviewId": "142c632d-4970-4796-b6e3-a974ad39295c",
        "score": 1,
        "thumbsUpCount": 3,
        "userImage": "https://play-lh.googleusercontent.com/a/ACg8ocI1Er1WNDlYcudEZZToCYtjeJ5eFWF4VhN2PL_dhj6y=mo",
        "userName": "Abubakar Sulyman"
    },
    {
        "appVersion": "1.0.1",
        "at": "2023-07-13 16:00:02",
        "content": "Mii",
        "repliedAt": null,
        "replyContent": null,
        "reviewCreatedVersion": "1.0.1",
        "reviewId": "b341e3f4-eae2-4052-839d-6e57d858b776",
        "score": 5,
        "thumbsUpCount": 1,
        "userImage": "https://play-lh.googleusercontent.com/a/ACg8ocLj7o_knSk5b-66gCbE-aD47Gj1xew7FFNn1b5RWTxx=mo",
        "userName": "Mb tanvir"
    },
    {
        "appVersion": "1.0.1",
        "at": "2023-07-13 00:56:10",
        "content": "Very good",
        "repliedAt": null,
        "replyContent": null,
        "reviewCreatedVersion": "1.0.1",
        "reviewId": "e1ec0a8b-abb1-45c9-a407-9cd1454655f1",
        "score": 5,
        "thumbsUpCount": 1,
        "userImage": "https://play-lh.googleusercontent.com/a-/ALV-UjW49KWeg11UDuUteobZH-U1ZiRlC8hAHruAUmjnEiQHf_o",
        "userName": "sanjeet kumar choudhary"
    },
    {
        "appVersion": null,
        "at": "2023-07-09 07:56:06",
        "content": "Too many ads",
        "repliedAt": null,
        "replyContent": null,
        "reviewCreatedVersion": null,
        "reviewId": "e6e45b67-685d-4ad1-9407-25df8cfebcf5",
        "score": 1,
        "thumbsUpCount": 3,
        "userImage": "https://play-lh.googleusercontent.com/a-/ALV-UjWetiTgvIS448RQevm4pjQDLwH7IvJSRy6N4DGsSVMy2A",
        "userName": "Thant Zin Oo"
    },
    {
        "appVersion": "1.0.1",
        "at": "2023-07-08 10:40:10",
        "content": "Is not working use a scam",
        "repliedAt": null,
        "replyContent": null,
        "reviewCreatedVersion": "1.0.1",
        "reviewId": "b915e695-13b2-4a7c-96e8-4260a35c15d9",
        "score": 1,
        "thumbsUpCount": 2,
        "userImage": "https://play-lh.googleusercontent.com/a/ACg8ocIG2d8e5rhwekn710gp1L_Tb58nTSicbNZEmdT24SOB=mo",
        "userName": "Ayila Caleb"
    },
    {
        "appVersion": "1.0.1",
        "at": "2023-07-03 12:54:51",
        "content": "The voice language is terrible, broken English and no other option \ud83e\udd2e there are too many ads.",
        "repliedAt": null,
        "replyContent": null,
        "reviewCreatedVersion": "1.0.1",
        "reviewId": "c153ebe6-b10e-4199-9c9a-981e84c0f92a",
        "score": 1,
        "thumbsUpCount": 6,
        "userImage": "https://play-lh.googleusercontent.com/a-/ALV-UjX0e8FbUm1hM-2CXCi9sIE2Ue9ijN4FiKO3SeW20IsNtR8",
        "userName": "Torrance Ford"
    },
    {
        "appVersion": "1.0.1",
        "at": "2023-06-24 21:52:30",
        "content": "Kitna bakwas hai jis kam ke liye banaya vah kam karne ka Bus ad dekte jao",
        "repliedAt": null,
        "replyContent": null,
        "reviewCreatedVersion": "1.0.1",
        "reviewId": "e0cc4955-46a6-4479-ae05-4e931e584fd6",
        "score": 1,
        "thumbsUpCount": 1,
        "userImage": "https://play-lh.googleusercontent.com/a-/ALV-UjUZwtIBvUrB8AwZJUgg7t41030dMYLzkeTDw_sHAZWjqvo",
        "userName": "Rohit Kumar"
    },
    {
        "appVersion": "1.0.1",
        "at": "2023-06-21 09:15:42",
        "content": "What can you do with 25 pages what a waste of my time",
        "repliedAt": null,
        "replyContent": null,
        "reviewCreatedVersion": "1.0.1",
        "reviewId": "d7a9fd8a-38fb-4bfa-a603-335d2ad1e756",
        "score": 1,
        "thumbsUpCount": 3,
        "userImage": "https://play-lh.googleusercontent.com/a/ACg8ocJODoksms7g_ndW5BNI35zhTUVagowHTwvvWoNIvOqG=mo",
        "userName": "M D"
    },
    {
        "appVersion": "1.0.1",
        "at": "2023-06-19 10:23:15",
        "content": "Excellent app",
        "repliedAt": null,
        "replyContent": null,
        "reviewCreatedVersion": "1.0.1",
        "reviewId": "f04a7b81-b9cf-4606-8db0-54b7f2ab9dca",
        "score": 5,
        "thumbsUpCount": 1,
        "userImage": "https://play-lh.googleusercontent.com/a/ACg8ocKfSmPwnMMVRFJoLFwQlOdzuc35DcYlyOCMJi6kGQsA=mo",
        "userName": "Stephen Nwaka"
    },
    {
        "appVersion": "1.0.1",
        "at": "2023-06-19 02:40:30",
        "content": "Akash",
        "repliedAt": null,
        "replyContent": null,
        "reviewCreatedVersion": "1.0.1",
        "reviewId": "bbca3c5f-1a15-4484-86c2-0a4e151030e9",
        "score": 5,
        "thumbsUpCount": 1,
        "userImage": "https://play-lh.googleusercontent.com/a-/ALV-UjW9PYpi6ytSr6X5RwCQaWhdqurSDeQ8so_XBI1K0Fsrj8o",
        "userName": "Kadiza akter"
    },
    {
        "appVersion": "1.0.1",
        "at": "2023-06-18 03:05:21",
        "content": "Wow",
        "repliedAt": null,
        "replyContent": null,
        "reviewCreatedVersion": "1.0.1",
        "reviewId": "f8e51586-265c-4ce7-b35b-e3b6044953a1",
        "score": 5,
        "thumbsUpCount": 2,
        "userImage": "https://play-lh.googleusercontent.com/a/ACg8ocJlPDIqtQgJou5edStjKyQVDP4vIUsfIyeG7Bd_kasHERQ=mo",
        "userName": "Ghono Kuasha"
    },
    {
        "appVersion": "1.0.1",
        "at": "2023-06-16 11:49:40",
        "content": "Nice apps very easy use thank you",
        "repliedAt": null,
        "replyContent": null,
        "reviewCreatedVersion": "1.0.1",
        "reviewId": "1c04ff16-4ba1-4e14-8c28-60643dbd0d9f",
        "score": 5,
        "thumbsUpCount": 4,
        "userImage": "https://play-lh.googleusercontent.com/a-/ALV-UjWnw6DsPf3RG1xZPy06A6buMPN5ohtiyzBBrFzfnDj4SQ",
        "userName": "Kaagapay Mo"
    },
    {
        "appVersion": "1.0.1",
        "at": "2023-06-15 03:56:22",
        "content": "Very bad useless remove it",
        "repliedAt": null,
        "replyContent": null,
        "reviewCreatedVersion": "1.0.1",
        "reviewId": "c90ff20e-473e-4046-aad0-44f77e856877",
        "score": 1,
        "thumbsUpCount": 2,
        "userImage": "https://play-lh.googleusercontent.com/a/ACg8ocJHTPNngPwvtjQI0llcgMiSPBJe92erpocvwIe7ygex=mo",
        "userName": "Amelia Matt"
    },
    {
        "appVersion": "1.0.1",
        "at": "2023-06-13 07:01:01",
        "content": "Hanny Dankwa",
        "repliedAt": null,
        "replyContent": null,
        "reviewCreatedVersion": "1.0.1",
        "reviewId": "d0e2a912-da63-41dc-86d2-3aea5ff987cd",
        "score": 1,
        "thumbsUpCount": 1,
        "userImage": "https://play-lh.googleusercontent.com/a/ACg8ocJ5GY-7drUJc9caQuQz926UI-QVtUwJJp4kTcWbh9M_=mo",
        "userName": "Hennry Dankwa"
    },
    {
        "appVersion": "1.0.1",
        "at": "2023-05-28 10:18:23",
        "content": "Good",
        "repliedAt": null,
        "replyContent": null,
        "reviewCreatedVersion": "1.0.1",
        "reviewId": "ba0f8efa-2354-48bd-98d2-b70a6b5504c2",
        "score": 4,
        "thumbsUpCount": 1,
        "userImage": "https://play-lh.googleusercontent.com/a-/ALV-UjU993SubdpX0RSqDMG4WubWOBeGOedE6VfkO-YJN8k4rA",
        "userName": "Ndubuisi Benjamin"
    },
    {
        "appVersion": null,
        "at": "2023-05-26 17:34:09",
        "content": "This app is really nice \ud83e\udd70",
        "repliedAt": null,
        "replyContent": null,
        "reviewCreatedVersion": null,
        "reviewId": "6880a49a-db58-442f-817b-ff99e5067f54",
        "score": 5,
        "thumbsUpCount": 1,
        "userImage": "https://play-lh.googleusercontent.com/a/ACg8ocIeWBny4rkjwfgYEK1T5LlqYSH__qUgUiMOU7OQB-rB=mo",
        "userName": "Neguel Michel"
    },
    {
        "appVersion": "1.0.1",
        "at": "2023-05-20 22:54:13",
        "content": "Life's too short...annoying ads \ud83d\udc4e",
        "repliedAt": null,
        "replyContent": null,
        "reviewCreatedVersion": "1.0.1",
        "reviewId": "ce95a42c-e1f5-4f94-98cc-59666d36a53c",
        "score": 1,
        "thumbsUpCount": 4,
        "userImage": "https://play-lh.googleusercontent.com/a-/ALV-UjWXwBntbEA0_HIQzNAngr9Y_4aThrohFaDe6EeTd5Z4A1uY",
        "userName": "Alma G."
    },
    {
        "appVersion": null,
        "at": "2023-05-17 16:45:40",
        "content": "delete",
        "repliedAt": null,
        "replyContent": null,
        "reviewCreatedVersion": null,
        "reviewId": "798924fe-32bf-4334-ac21-74bc5895edcc",
        "score": 1,
        "thumbsUpCount": 2,
        "userImage": "https://play-lh.googleusercontent.com/a-/ALV-UjUrfnFVpu7s6FzAswv2NOLEAwVyi_Ik8q7Eh830uxMnM-0",
        "userName": "mdhanifmlah"
    },
    {
        "appVersion": null,
        "at": "2023-05-14 14:31:01",
        "content": "COOL",
        "repliedAt": null,
        "replyContent": null,
        "reviewCreatedVersion": null,
        "reviewId": "3f54d13a-2ae8-4d92-83a2-a58e7aea056f",
        "score": 5,
        "thumbsUpCount": 1,
        "userImage": "https://play-lh.googleusercontent.com/a/ACg8ocLbErPp3x-mjiHkeB6VV0Omx0LATHOV3MvtjgwSgo67=mo",
        "userName": "ANAS Matap"
    },
    {
        "appVersion": "1.0.1",
        "at": "2023-05-13 13:46:08",
        "content": "So praod this app Very good app",
        "repliedAt": null,
        "replyContent": null,
        "reviewCreatedVersion": "1.0.1",
        "reviewId": "bfe05c5d-64e5-4ce4-8e10-98fdef6ece91",
        "score": 5,
        "thumbsUpCount": 1,
        "userImage": "https://play-lh.googleusercontent.com/a-/ALV-UjWrGaKInX1lmKu7RntttZJnIyWXTmjNX4wlWkv6Ekugug",
        "userName": "Karim Bux"
    },
    {
        "appVersion": "1.0.1",
        "at": "2023-05-12 12:07:50",
        "content": "Thanks for your assistance and I appreciate",
        "repliedAt": null,
        "replyContent": null,
        "reviewCreatedVersion": "1.0.1",
        "reviewId": "4b8be15b-1d0d-46a2-b2a2-51458bd4602a",
        "score": 5,
        "thumbsUpCount": 3,
        "userImage": "https://play-lh.googleusercontent.com/a/ACg8ocK2ZS3oFL2pUhkWgV_nJx90xpWrldPtvBpU_gLyAhUeAg=mo",
        "userName": "Anthony Edeh"
    },
    {
        "appVersion": null,
        "at": "2023-05-12 06:35:17",
        "content": "I love text speech",
        "repliedAt": null,
        "replyContent": null,
        "reviewCreatedVersion": null,
        "reviewId": "693ae68a-9d05-4b37-a242-3f0605638398",
        "score": 5,
        "thumbsUpCount": 1,
        "userImage": "https://play-lh.googleusercontent.com/a/ACg8ocKbFlgQjtvuSw8YD_bJ1TikiqBE7ab9YWkEn9GrCgF2=mo",
        "userName": "Kamikaze Hamze"
    },
    {
        "appVersion": "1.0.1",
        "at": "2023-05-10 20:02:22",
        "content": "Using terrible voice to read",
        "repliedAt": null,
        "replyContent": null,
        "reviewCreatedVersion": "1.0.1",
        "reviewId": "2fe4b2f2-cc22-4f1e-9133-51902dd4c43e",
        "score": 1,
        "thumbsUpCount": 4,
        "userImage": "https://play-lh.googleusercontent.com/a/ACg8ocLjbjT6LOJ1Txsr0JTooFu5MlV6-pleWBAexoBV1oQ=mo",
        "userName": "Victory Aigbowaneatien"
    },
    {
        "appVersion": "1.0.1",
        "at": "2023-04-24 08:16:58",
        "content": "Very poor, it's specks like a mixture of English and French",
        "repliedAt": null,
        "replyContent": null,
        "reviewCreatedVersion": "1.0.1",
        "reviewId": "f1ce11ba-7570-4be4-b92e-6cdf9b47b8a7",
        "score": 1,
        "thumbsUpCount": 6,
        "userImage": "https://play-lh.googleusercontent.com/a/ACg8ocLauwrwHxU4gvufL6yBj7urNpxVYF5XWMH-5NESrpSs=mo",
        "userName": "Treasure Imafidon"
    },
    {
        "appVersion": "1.0.1",
        "at": "2023-04-19 22:52:01",
        "content": "The sound isn't clear.",
        "repliedAt": null,
        "replyContent": null,
        "reviewCreatedVersion": "1.0.1",
        "reviewId": "a4f0298f-6639-4342-9f95-fa1fab1a50b0",
        "score": 1,
        "thumbsUpCount": 4,
        "userImage": "https://play-lh.googleusercontent.com/a/ACg8ocKWQQTPD-jgv2bJADACx-vgyjUZbWMRaf4vUpzfSbjr=mo",
        "userName": "Shahzad Manzoor"
    },
    {
        "appVersion": "1.0.1",
        "at": "2023-03-27 05:07:34",
        "content": "Very terrible app",
        "repliedAt": null,
        "replyContent": null,
        "reviewCreatedVersion": "1.0.1",
        "reviewId": "5422e25d-4de1-4c87-8a6d-cae428040320",
        "score": 2,
        "thumbsUpCount": 1,
        "userImage": "https://play-lh.googleusercontent.com/a-/ALV-UjVUIeWXsdkcnGaTgPNvqyk9WlEcplwNLKkZUI3hEdpO248",
        "userName": "maryprincess anozie"
    },
    {
        "appVersion": "1.0.1",
        "at": "2023-03-26 09:08:41",
        "content": "This app is the worst and most terrible app I've ever downloaded",
        "repliedAt": null,
        "replyContent": null,
        "reviewCreatedVersion": "1.0.1",
        "reviewId": "3002779f-0e8b-44ff-843f-1616944ad1fb",
        "score": 1,
        "thumbsUpCount": 4,
        "userImage": "https://play-lh.googleusercontent.com/a/ACg8ocKLnfs_hknyjNmD5dZgGGIdV1MJQtlz7j-xYqRSOwnS=mo",
        "userName": "Olabowale Durojaye"
    },
    {
        "appVersion": "1.0.1",
        "at": "2023-03-24 01:29:49",
        "content": "This is an ok ap. But I only has one voice that I can use. I'm going deaf badly and need something that people can understand when I speak to them. Is there anyway I can change the voice??? I'm using the free version as I can't afford the other one.",
        "repliedAt": null,
        "replyContent": null,
        "reviewCreatedVersion": "1.0.1",
        "reviewId": "9326cddd-b42f-49e5-bb7a-8756dc193871",
        "score": 1,
        "thumbsUpCount": 5,
        "userImage": "https://play-lh.googleusercontent.com/a-/ALV-UjVT_furjLZaV_nvDNYh56PjQJ-0-MlRMOH55gwhSVzNBPk",
        "userName": "Shiralee Elliott"
    },
    {
        "appVersion": "1.0.1",
        "at": "2023-03-11 20:35:28",
        "content": "Like... Why does it read jibbrish? I mean it literly reads random letters in some russiun accent... The core purpuse of the app doesn't work",
        "repliedAt": null,
        "replyContent": null,
        "reviewCreatedVersion": "1.0.1",
        "reviewId": "94027024-be96-49cd-9a18-5b83c2e3e0b7",
        "score": 1,
        "thumbsUpCount": 5,
        "userImage": "https://play-lh.googleusercontent.com/a-/ALV-UjXaSJybNTsF3Tcz3YZHzDzb4iINCxN8SuvMLBdg1S65v-I",
        "userName": "Alon Bar"
    },
    {
        "appVersion": null,
        "at": "2023-03-10 16:19:19",
        "content": "DO NOT DOWNLOAD. ITS FAKE. If you don't believe me, you can waste your time and data. REMOVE THIS RUBBISH FROM PLAY STORE AND STOP DECIEVING PEOPLE!!!",
        "repliedAt": null,
        "replyContent": null,
        "reviewCreatedVersion": null,
        "reviewId": "7c8a303f-5b7c-43ea-ad0b-152af1a294ec",
        "score": 1,
        "thumbsUpCount": 7,
        "userImage": "https://play-lh.googleusercontent.com/a-/ALV-UjWo7Qpb_-P6IPoFAk4ZiPcApHwy-abywxbIsyhHQN2HSgU",
        "userName": "VALENTINE ONONUJU"
    },
    {
        "appVersion": "1.0.1",
        "at": "2023-03-06 10:30:00",
        "content": "When play button is pressed, app breaks down.",
        "repliedAt": null,
        "replyContent": null,
        "reviewCreatedVersion": "1.0.1",
        "reviewId": "9a841b69-a003-4254-85f6-a9523950da17",
        "score": 1,
        "thumbsUpCount": 5,
        "userImage": "https://play-lh.googleusercontent.com/a/ACg8ocJrdGOvRZgyobD5T3u5WMCgJyr4e1R05m8fieiNkVsY=mo",
        "userName": "Poon Peggy"
    },
    {
        "appVersion": "1.0.1",
        "at": "2023-03-01 23:19:31",
        "content": "Won't work, too many ads. I used it alot and liked it intill the ads. I exited out of the ads and even if I keep reseting the app it wont work for me now",
        "repliedAt": null,
        "replyContent": null,
        "reviewCreatedVersion": "1.0.1",
        "reviewId": "d30f6164-5ca5-4054-a4bc-de9c2d22d7b6",
        "score": 2,
        "thumbsUpCount": 6,
        "userImage": "https://play-lh.googleusercontent.com/a-/ALV-UjWuVqgvKQqQo-WWWXWi6pT8WLsnq_cccJMAor_m8RJ5snI",
        "userName": "Jake Barassi"
    },
    {
        "appVersion": null,
        "at": "2023-03-01 10:32:27",
        "content": "\u092c\u0939\u0941\u0924 \u0938\u0941\u0902\u0926\u0930",
        "repliedAt": null,
        "replyContent": null,
        "reviewCreatedVersion": null,
        "reviewId": "c741cd53-7a2e-4e38-820a-5c5ff739c9ca",
        "score": 5,
        "thumbsUpCount": 3,
        "userImage": "https://play-lh.googleusercontent.com/a-/ALV-UjXV9GeNpmOvlqYaazxEzUKzKznVQn-H0R_6_GrWYvSDUQ",
        "userName": "Lokesh Kumar"
    },
    {
        "appVersion": "1.0.1",
        "at": "2023-02-21 06:55:47",
        "content": "Very poor app. Couldn't even browse through my folders to get a pdf file. I don't know what the app is primarily designed to achieve, but what ever it is, it's not suitable for text to speech.",
        "repliedAt": null,
        "replyContent": null,
        "reviewCreatedVersion": "1.0.1",
        "reviewId": "7083694b-5678-4bae-87e6-ac56a2bf6e1a",
        "score": 1,
        "thumbsUpCount": 25,
        "userImage": "https://play-lh.googleusercontent.com/a-/ALV-UjWoGCtDk8ek4AkN0wXGt57OPn0IsTt_FT__IfvxGtDKDRY",
        "userName": "Pius E Okonji"
    },
    {
        "appVersion": "1.0.1",
        "at": "2023-02-17 14:49:58",
        "content": "Fake! Fake!! Fake!!!",
        "repliedAt": null,
        "replyContent": null,
        "reviewCreatedVersion": "1.0.1",
        "reviewId": "e94036f8-fc36-4a34-bd45-5ed9da823327",
        "score": 1,
        "thumbsUpCount": 1,
        "userImage": "https://play-lh.googleusercontent.com/a-/ALV-UjUr84ha8sndvookZHLH5kqmd5d5KDSzK0b1LgHLBXI4DMw",
        "userName": "Justin Okonkwo"
    },
    {
        "appVersion": "1.0.1",
        "at": "2023-02-12 01:52:22",
        "content": "Video games for me to get the best way to get the best",
        "repliedAt": null,
        "replyContent": null,
        "reviewCreatedVersion": "1.0.1",
        "reviewId": "7904adc8-6b53-413d-96a3-ef4361ccb3d5",
        "score": 5,
        "thumbsUpCount": 2,
        "userImage": "https://play-lh.googleusercontent.com/a-/ALV-UjV1Y_6ZFXr0Dkwkz_GVG2mqLL3q1BiXtT9f_A11-Bw2awY",
        "userName": "Julia Martinez"
    },
    {
        "appVersion": null,
        "at": "2023-02-08 08:12:21",
        "content": "Zero, don't use it it's a total waste of time",
        "repliedAt": null,
        "replyContent": null,
        "reviewCreatedVersion": null,
        "reviewId": "a289412a-20f3-4f1a-ba9c-1f199d0f785d",
        "score": 1,
        "thumbsUpCount": 2,
        "userImage": "https://play-lh.googleusercontent.com/a/ACg8ocJ0x6wkeoEiMrNpjvqYHmm-flHekrMZd0Px_aFxFt83=mo",
        "userName": "Onuoha Theresa"
    },
    {
        "appVersion": "1.0.1",
        "at": "2023-01-26 07:15:52",
        "content": "Wonderful",
        "repliedAt": null,
        "replyContent": null,
        "reviewCreatedVersion": "1.0.1",
        "reviewId": "7028e7a1-234b-4996-b167-7b55d112dd71",
        "score": 5,
        "thumbsUpCount": 4,
        "userImage": "https://play-lh.googleusercontent.com/a-/ALV-UjV_RC-Nr9x7K-L0A5NpbL_7aNGQ4F2MGLPEb-p_N3nOT9FA",
        "userName": "Dogs Wonderland House"
    },
    {
        "appVersion": null,
        "at": "2023-01-24 03:44:56",
        "content": "Great voices",
        "repliedAt": null,
        "replyContent": null,
        "reviewCreatedVersion": null,
        "reviewId": "945aebff-3ccc-41ae-beab-a76713bc79ec",
        "score": 5,
        "thumbsUpCount": 2,
        "userImage": "https://play-lh.googleusercontent.com/a-/ALV-UjWDJiLdrG5xOxCnW2KFsoGHSLuV0Y-2f1t2-0_5j1S_qA",
        "userName": "Alex P."
    },
    {
        "appVersion": null,
        "at": "2023-01-10 06:20:35",
        "content": "Nice",
        "repliedAt": null,
        "replyContent": null,
        "reviewCreatedVersion": null,
        "reviewId": "664a7e87-acf6-420e-a887-aba8cb0020c9",
        "score": 5,
        "thumbsUpCount": 3,
        "userImage": "https://play-lh.googleusercontent.com/a/ACg8ocIxYR8Kl3T-3wRF_1wuRuykXmFQMjL5_r2Fs7fbs5vB=mo",
        "userName": "Robin Gill"
    },
    {
        "appVersion": "1.0.1",
        "at": "2023-01-09 18:41:25",
        "content": "Faltu",
        "repliedAt": null,
        "replyContent": null,
        "reviewCreatedVersion": "1.0.1",
        "reviewId": "e4a116cf-4ffa-4456-9c73-16fc3e48e759",
        "score": 1,
        "thumbsUpCount": 3,
        "userImage": "https://play-lh.googleusercontent.com/a-/ALV-UjWTlfOjwKUM_SCzT-xI4Q-iQSI2C0xWqnWPnHLDYvX8pXY",
        "userName": "dhiraj bhatia"
    },
    {
        "appVersion": "1.0.1",
        "at": "2023-01-09 12:51:54",
        "content": "Worst app ever",
        "repliedAt": null,
        "replyContent": null,
        "reviewCreatedVersion": "1.0.1",
        "reviewId": "d71a0066-6b35-4d51-befe-5049aeacf4d2",
        "score": 1,
        "thumbsUpCount": 2,
        "userImage": "https://play-lh.googleusercontent.com/a-/ALV-UjUpk-33uAyz1ocDOER7lxX5PE_2412mUSG-6WHmY_KsgGs",
        "userName": "Anand Raj"
    },
    {
        "appVersion": "1.0.1",
        "at": "2023-01-08 23:22:57",
        "content": "Previously I used some apps which doesn't have pause button during speaking but they have speed control and different languages nd different voices. This app doesn't support all these . And the voice is very bad . And sometimes it just misspelt the words.",
        "repliedAt": null,
        "replyContent": null,
        "reviewCreatedVersion": "1.0.1",
        "reviewId": "63de56d4-00fa-469d-9273-2e894d675389",
        "score": 2,
        "thumbsUpCount": 48,
        "userImage": "https://play-lh.googleusercontent.com/a-/ALV-UjWA-0FAY5Cq_GA4H_h88Ylavxk7rYRWsmrh_PZRZKfSpQo",
        "userName": "Error 17.O"
    },
    {
        "appVersion": "1.0.1",
        "at": "2023-01-05 17:24:09",
        "content": "One of the best text to speech voice... UI is good, and i love the fact that one can customize and export audio to file storage. +It works offline, Really awesome work I'll say!",
        "repliedAt": null,
        "replyContent": null,
        "reviewCreatedVersion": "1.0.1",
        "reviewId": "1c57c1b3-770e-4c61-9c9d-23be0e08e5c0",
        "score": 5,
        "thumbsUpCount": 17,
        "userImage": "https://play-lh.googleusercontent.com/a-/ALV-UjUHebuEJUFfGQ4s2fX0SNdtWyvrf2FIT7bVQSsmpnjjTg",
        "userName": "Timothy Samuel"
    },
    {
        "appVersion": "1.0.1",
        "at": "2023-01-04 06:15:25",
        "content": "RED FLAG too much like a scam for me... Opens to Ads and before you can even try it or so much as get a free trail, it wants you to verify your credit card without even telling you the how much... Plenty of other apps allow me to try before I buy, see how much and pay through Google play store. So it could be good but it's a nope from me.",
        "repliedAt": null,
        "replyContent": null,
        "reviewCreatedVersion": "1.0.1",
        "reviewId": "1ae62a90-adf9-4870-93d1-bdf620f4d5a0",
        "score": 1,
        "thumbsUpCount": 60,
        "userImage": "https://play-lh.googleusercontent.com/a-/ALV-UjWaI96uyV2JY4yBiNP6yyIzLnlpyOGd_4aV7siMkkjHv1J_",
        "userName": "Steve Watkins"
    },
    {
        "appVersion": "1.0.1",
        "at": "2022-09-18 09:35:22",
        "content": "What the h#ll is that accent? \ud83d\ude33",
        "repliedAt": null,
        "replyContent": null,
        "reviewCreatedVersion": "1.0.1",
        "reviewId": "bd295d0f-21fb-4fc3-9db2-c4e6af045706",
        "score": 1,
        "thumbsUpCount": 2,
        "userImage": "https://play-lh.googleusercontent.com/a-/ALV-UjVR9qhcXODkI4j0kk_hPz8fdsfh61Po795ElV9b2RVwffb8",
        "userName": "Linet Moraa"
    },
    {
        "appVersion": "1.0.1",
        "at": "2022-09-17 16:32:29",
        "content": "Worse app I had ever seen. Not working at all.",
        "repliedAt": null,
        "replyContent": null,
        "reviewCreatedVersion": "1.0.1",
        "reviewId": "f15f1071-faac-4fb1-b356-600dd34c98b9",
        "score": 1,
        "thumbsUpCount": 6,
        "userImage": "https://play-lh.googleusercontent.com/a-/ALV-UjW-QsuXdIsYE2sJS45Jgc5kXoGRtzjjh-15PlS0ox8I",
        "userName": "Fahad Hossen"
    },
    {
        "appVersion": null,
        "at": "2022-09-11 20:30:03",
        "content": "First",
        "repliedAt": null,
        "replyContent": null,
        "reviewCreatedVersion": null,
        "reviewId": "1723f5e7-90d9-4152-8c8e-63985888225c",
        "score": 5,
        "thumbsUpCount": 5,
        "userImage": "https://play-lh.googleusercontent.com/a-/ALV-UjWcdm9-kP9PnPa_AM7GiC2CgfkR3T3O_I_WgfbLOs49pg",
        "userName": "Tristan Carroll"
    },
    {
        "appVersion": null,
        "at": "2022-09-02 11:33:32",
        "content": "No English",
        "repliedAt": null,
        "replyContent": null,
        "reviewCreatedVersion": null,
        "reviewId": "3aeb241d-31ec-4358-a874-7153dbc21d85",
        "score": 1,
        "thumbsUpCount": 4,
        "userImage": "https://play-lh.googleusercontent.com/a/ACg8ocICVC_pSeiRVHEH_nR-64kFjw4Z5SThOe6l3KKGVQTP=mo",
        "userName": "Fire nutter"
    },
    {
        "appVersion": "1.0.1",
        "at": "2022-08-31 22:53:11",
        "content": "It works but ads are annoying, I know it has a remove ad feature but it doesn't work I've keep clicking on it but nothing happens so fix it",
        "repliedAt": null,
        "replyContent": null,
        "reviewCreatedVersion": "1.0.1",
        "reviewId": "7e5263c6-6998-404e-b7ac-f2e311a69bc3",
        "score": 2,
        "thumbsUpCount": 9,
        "userImage": "https://play-lh.googleusercontent.com/a-/ALV-UjXewn7UwU_z6_RuBpTj10Ovh3EWbZ27Z3dHhoIr-n11AAxx",
        "userName": "JOSH Gross"
    }
]