[
    {
        "appVersion": "1.2.1",
        "at": "2023-11-18 05:26:04",
        "content": "Signup was too much. Good luck, seems like a cool concept.",
        "repliedAt": null,
        "replyContent": null,
        "reviewCreatedVersion": "1.2.1",
        "reviewId": "11d20c54-cec2-4660-a88e-f9468bd3894e",
        "score": 3,
        "thumbsUpCount": 0,
        "userImage": "https://play-lh.googleusercontent.com/a/ACg8ocKvpCz5xixULVMCz-ycAML7sBhu0UHL9eg4fKeexxRA=mo",
        "userName": "Jeff Urbanowicz"
    },
    {
        "appVersion": "1.2.1",
        "at": "2023-11-13 13:49:08",
        "content": "Oloriburuku",
        "repliedAt": null,
        "replyContent": null,
        "reviewCreatedVersion": "1.2.1",
        "reviewId": "f0f8df92-6f07-43e6-8705-a141dcfbbbdc",
        "score": 5,
        "thumbsUpCount": 0,
        "userImage": "https://play-lh.googleusercontent.com/a/ACg8ocKpYKyI0CXsPQDa0Wmc1fFFBxpPSGnTrSAeKrG0Wpcl=mo",
        "userName": "Oyinkansol Temilade"
    },
    {
        "appVersion": null,
        "at": "2023-11-08 08:26:25",
        "content": "A horabo game icant log in",
        "repliedAt": null,
        "replyContent": null,
        "reviewCreatedVersion": null,
        "reviewId": "e4e9cafa-aa3e-4ebe-9714-0345df16ff45",
        "score": 1,
        "thumbsUpCount": 0,
        "userImage": "https://play-lh.googleusercontent.com/a/ACg8ocJMdNjLqZo9wbPK-gNutOnnGpj9IyO7wL_j-fS4htEj=mo",
        "userName": "Don Karanja"
    },
    {
        "appVersion": "1.2.1",
        "at": "2023-10-19 03:01:10",
        "content": "This Game is Dope",
        "repliedAt": null,
        "replyContent": null,
        "reviewCreatedVersion": "1.2.1",
        "reviewId": "3de8dbe3-96e4-4ab4-9fda-3b5d0f3a4080",
        "score": 5,
        "thumbsUpCount": 0,
        "userImage": "https://play-lh.googleusercontent.com/a/ACg8ocKtCM5KLRPYvQv7HVRKh7SspIU5UlohnCUFGVphTjdk=mo",
        "userName": "Umar Sesay"
    }
]