[
    {
        "appVersion": null,
        "at": "2023-11-14 11:05:00",
        "content": "wow nice app",
        "repliedAt": null,
        "replyContent": null,
        "reviewCreatedVersion": null,
        "reviewId": "a6845ab8-7032-4f72-a007-06667459cb95",
        "score": 2,
        "thumbsUpCount": 0,
        "userImage": "https://play-lh.googleusercontent.com/a/ACg8ocJHgj3SlMHx45aTsY2a9FMs0wORKo_E8rMyOUaXghTI=mo",
        "userName": "HAFSAT MUSTAPHA DANLADI"
    },
    {
        "appVersion": null,
        "at": "2023-08-15 08:57:36",
        "content": "Good and very great application.%%",
        "repliedAt": null,
        "replyContent": null,
        "reviewCreatedVersion": null,
        "reviewId": "f9844e26-2978-4dd3-a67a-173bdc560cd0",
        "score": 5,
        "thumbsUpCount": 0,
        "userImage": "https://play-lh.googleusercontent.com/a/ACg8ocIs9O-25pA7ZN6kNnbhzFI3CFQVr8Jn6NVBpDTnBh3i=mo",
        "userName": "Andrew DC"
    },
    {
        "appVersion": null,
        "at": "2023-08-08 08:44:27",
        "content": "Very great application. So nice.%%",
        "repliedAt": null,
        "replyContent": null,
        "reviewCreatedVersion": null,
        "reviewId": "c40f9bbf-6223-4e1c-980f-ec580bcd7b86",
        "score": 5,
        "thumbsUpCount": 0,
        "userImage": "https://play-lh.googleusercontent.com/a/ACg8ocIDeiVzCg8-d3I0_aJlREZd-nrOaLhG5prdmmZfMOs9=mo",
        "userName": "rock DC"
    },
    {
        "appVersion": null,
        "at": "2023-08-08 01:43:54",
        "content": "Self Care and beauty tips is a greatfull application..Good to use..I really like this application ##",
        "repliedAt": null,
        "replyContent": null,
        "reviewCreatedVersion": null,
        "reviewId": "4249578e-60b2-497e-b14c-2d8d12a1d12e",
        "score": 5,
        "thumbsUpCount": 0,
        "userImage": "https://play-lh.googleusercontent.com/a-/ALV-UjXVcpSXlKAMf8kfWXFbqRXWf0aQ-l2nK912ozOi-6scSg",
        "userName": "Kamran Akmal A. M"
    },
    {
        "appVersion": null,
        "at": "2023-08-06 10:04:48",
        "content": "Nice and beautiful application very great app@@",
        "repliedAt": null,
        "replyContent": null,
        "reviewCreatedVersion": null,
        "reviewId": "91b676ad-47b1-4276-b310-692132978eb7",
        "score": 5,
        "thumbsUpCount": 0,
        "userImage": "https://play-lh.googleusercontent.com/a/ACg8ocJdyXEoGsRgRmZ7152R8Qy7Z4wvJzv65GxL9gki-0It=mo",
        "userName": "Ali bhi By king"
    },
    {
        "appVersion": null,
        "at": "2023-08-06 09:24:31",
        "content": "Self Care & Beauty Tips good app. %",
        "repliedAt": null,
        "replyContent": null,
        "reviewCreatedVersion": null,
        "reviewId": "e36ccc0f-4a64-4d17-95c4-27a430049216",
        "score": 5,
        "thumbsUpCount": 0,
        "userImage": "https://play-lh.googleusercontent.com/a-/ALV-UjVY0xsktO_68prbxx5zNR5Gg49_KMd8Z0OJ1xs3vXwBfA",
        "userName": "cassius DC"
    },
    {
        "appVersion": null,
        "at": "2023-08-06 08:13:56",
        "content": ", Self is a very good and very nice application %%",
        "repliedAt": null,
        "replyContent": null,
        "reviewCreatedVersion": null,
        "reviewId": "b7f5c322-856f-452b-9420-f2ab279012cd",
        "score": 5,
        "thumbsUpCount": 0,
        "userImage": "https://play-lh.googleusercontent.com/a/ACg8ocL3ZBAmf1mwAkb8G65eKIwWHXW2XiSEjt9Eow6OBj1M=mo",
        "userName": "roman pooh"
    },
    {
        "appVersion": null,
        "at": "2023-08-06 07:39:22",
        "content": "Very useful application good application@@",
        "repliedAt": null,
        "replyContent": null,
        "reviewCreatedVersion": null,
        "reviewId": "43500661-dc40-467e-be68-59e4be3d870a",
        "score": 5,
        "thumbsUpCount": 0,
        "userImage": "https://play-lh.googleusercontent.com/a-/ALV-UjUJoCoSyERp5mXAqejqtTcT_jYnYdAGT87XRyF9-UylEg",
        "userName": "faisal faisal win"
    },
    {
        "appVersion": null,
        "at": "2023-08-06 03:43:04",
        "content": "nice app and very well working@@",
        "repliedAt": null,
        "replyContent": null,
        "reviewCreatedVersion": null,
        "reviewId": "e2f15471-f44e-47c1-b112-de975a40c7e0",
        "score": 5,
        "thumbsUpCount": 0,
        "userImage": "https://play-lh.googleusercontent.com/a/ACg8ocLFp00xh6ihSeCeJp7IOFu1b684iO6hx2LGwTMVxaAp=mo",
        "userName": "Banner KG"
    },
    {
        "appVersion": null,
        "at": "2023-08-06 02:23:00",
        "content": "Self Care & Beauty Tips is a very interesting application it's worked very well$$",
        "repliedAt": null,
        "replyContent": null,
        "reviewCreatedVersion": null,
        "reviewId": "d8dfbed5-dd29-49aa-bc07-88d6b0856966",
        "score": 5,
        "thumbsUpCount": 0,
        "userImage": "https://play-lh.googleusercontent.com/a/ACg8ocIpaZLF7tu6iXZc2Xz6VLHBdY5uJdb9pBYhdMwYHwAI=mo",
        "userName": "Cider food Zr"
    },
    {
        "appVersion": "1.0",
        "at": "2023-08-05 15:46:52",
        "content": "Self care & beauty tips this is one of the best application on playstore it's features and graphics so I very easy to use highly recommend to everyone I like this app \ud83d\ude4f\ud83d\ude4f\ud83d\ude4f",
        "repliedAt": null,
        "replyContent": null,
        "reviewCreatedVersion": "1.0",
        "reviewId": "cf97c715-2b74-4e29-85a1-d4684aa2c9fb",
        "score": 5,
        "thumbsUpCount": 0,
        "userImage": "https://play-lh.googleusercontent.com/a/ACg8ocL3dCPdxsa5zO8seM4KZwlrdaszyQZW1HYUBww2lYJp=mo",
        "userName": "Criticallguana785"
    },
    {
        "appVersion": null,
        "at": "2023-08-05 09:24:55",
        "content": "Nice application of play store very great app@@",
        "repliedAt": null,
        "replyContent": null,
        "reviewCreatedVersion": null,
        "reviewId": "f300d7e0-eac6-4762-aa69-dad5bcc4cdc6",
        "score": 5,
        "thumbsUpCount": 0,
        "userImage": "https://play-lh.googleusercontent.com/a/ACg8ocJCPxK5gZ55v7Ehmo-OcZYyhhQjwF64DgugEwf3hOsg=mo",
        "userName": "Syed shayaan By king"
    },
    {
        "appVersion": null,
        "at": "2023-08-05 09:19:09",
        "content": "it is very nice and good app$$",
        "repliedAt": null,
        "replyContent": null,
        "reviewCreatedVersion": null,
        "reviewId": "11781526-f5ec-4bc4-b1e8-ba9a256c0bf7",
        "score": 5,
        "thumbsUpCount": 0,
        "userImage": "https://play-lh.googleusercontent.com/a-/ALV-UjUP2B8ISFU4yoj4SkP86cqDYzPkTAms4SFltkVPoTXdiA",
        "userName": "O. mleahsas SRS"
    },
    {
        "appVersion": null,
        "at": "2023-08-05 07:27:48",
        "content": "Self-care beauty tips application is one of the greatest application %",
        "repliedAt": null,
        "replyContent": null,
        "reviewCreatedVersion": null,
        "reviewId": "7bf90e7f-0b09-461d-91c5-5aaf4627716b",
        "score": 5,
        "thumbsUpCount": 0,
        "userImage": "https://play-lh.googleusercontent.com/a/ACg8ocKRTh9_Rfh3fBjZuExDahmxTyqieNQlA7Agn1R-s7-5=mo",
        "userName": "Annar daba Msk"
    },
    {
        "appVersion": null,
        "at": "2023-08-05 05:44:26",
        "content": "self care very amazing app %",
        "repliedAt": null,
        "replyContent": null,
        "reviewCreatedVersion": null,
        "reviewId": "96af069b-2083-4bfa-a7d4-2575007d245e",
        "score": 5,
        "thumbsUpCount": 0,
        "userImage": "https://play-lh.googleusercontent.com/a/ACg8ocLQ0hC_V07k-_UALJDOftX27WeqWWAKyEHQAoTThq9E=mo",
        "userName": "Rory DC"
    },
    {
        "appVersion": null,
        "at": "2023-08-04 11:57:25",
        "content": "this is a very well working and very fantastic application of play store%",
        "repliedAt": null,
        "replyContent": null,
        "reviewCreatedVersion": null,
        "reviewId": "a0e5dcc9-88cf-480d-80d7-c3d48c64e734",
        "score": 5,
        "thumbsUpCount": 0,
        "userImage": "https://play-lh.googleusercontent.com/a/ACg8ocJvAUssw7JRpxToWmZirFAjXXz7HjHmel09BH26vGSC=mo",
        "userName": "Kestie Srs"
    },
    {
        "appVersion": null,
        "at": "2023-08-04 09:29:22",
        "content": "This is really a wonderful application with amazing tips for care your skin ##",
        "repliedAt": null,
        "replyContent": null,
        "reviewCreatedVersion": null,
        "reviewId": "c3e7b711-d8e0-4b10-be2f-22f02cf133a2",
        "score": 5,
        "thumbsUpCount": 0,
        "userImage": "https://play-lh.googleusercontent.com/a/ACg8ocIr1byV9PxSpSJ5Q3oVm0jnGT5-ZMIMnnbK6FSYzSSc=mo",
        "userName": "Gurya Mughal A. M"
    },
    {
        "appVersion": null,
        "at": "2023-08-04 08:31:55",
        "content": "Nice and very great application@@",
        "repliedAt": null,
        "replyContent": null,
        "reviewCreatedVersion": null,
        "reviewId": "bfec94a8-fb94-4274-9d69-b8bc78348f50",
        "score": 5,
        "thumbsUpCount": 0,
        "userImage": "https://play-lh.googleusercontent.com/a/ACg8ocKi-d6O2NMbVdknChayne8l6NZdQoLjDkKLAlgJyo6F=mo",
        "userName": "Fahad khan By ryk"
    },
    {
        "appVersion": null,
        "at": "2023-08-04 03:00:05",
        "content": "Self care and beauty tips is very amazing application%",
        "repliedAt": null,
        "replyContent": null,
        "reviewCreatedVersion": null,
        "reviewId": "caed7eb5-3206-4e6d-b05a-82182143876b",
        "score": 5,
        "thumbsUpCount": 0,
        "userImage": "https://play-lh.googleusercontent.com/a-/ALV-UjXUN8GXgsWfByG6j_T8yzWFHAzPBaBclWTumj2nJheVVg",
        "userName": "Rony Zeni"
    },
    {
        "appVersion": null,
        "at": "2023-08-04 02:53:38",
        "content": "Nice and good application@@",
        "repliedAt": null,
        "replyContent": null,
        "reviewCreatedVersion": null,
        "reviewId": "5b638848-601d-4317-9ae2-d4fbde255e3d",
        "score": 5,
        "thumbsUpCount": 0,
        "userImage": "https://play-lh.googleusercontent.com/a/ACg8ocJSZqnbPOsqL3TXb-4ehEOa_lOTdUg4t90BP4SiZ_eF=mo",
        "userName": "Zulfqar Ali kg"
    },
    {
        "appVersion": "1.0",
        "at": "2023-08-03 10:20:21",
        "content": "Self-care beauty tips application is really easy to use application %",
        "repliedAt": null,
        "replyContent": null,
        "reviewCreatedVersion": "1.0",
        "reviewId": "5f04bce7-3270-468b-aef2-f911fa2715c6",
        "score": 5,
        "thumbsUpCount": 1,
        "userImage": "https://play-lh.googleusercontent.com/a/ACg8ocLYDdkBmVDgI6Fyd-Rv5Y52QZPnHPriK86dN7E-8ZLo=mo",
        "userName": "Saqib khan sanki Shonaa"
    },
    {
        "appVersion": null,
        "at": "2023-08-03 07:46:30",
        "content": "Very fast application@@",
        "repliedAt": null,
        "replyContent": null,
        "reviewCreatedVersion": null,
        "reviewId": "236061cd-803a-4b8d-9a52-5dc03db3f22f",
        "score": 5,
        "thumbsUpCount": 0,
        "userImage": "https://play-lh.googleusercontent.com/a/ACg8ocLZazMEpToM_276tmq4MWenDhMX0YeHtnGqjF29oxga=mo",
        "userName": "Fomi KG"
    },
    {
        "appVersion": null,
        "at": "2023-08-03 06:54:45",
        "content": "This is an amazing and awesome application %",
        "repliedAt": null,
        "replyContent": null,
        "reviewCreatedVersion": null,
        "reviewId": "bdbb26ef-7fb2-46e0-b132-9adf0f65d586",
        "score": 5,
        "thumbsUpCount": 0,
        "userImage": "https://play-lh.googleusercontent.com/a/ACg8ocJB4e2NEjWCz77Ls2NrjzqH6DxyO1SvhBVHQFDuku-l=mo",
        "userName": "Goshant Msk"
    },
    {
        "appVersion": null,
        "at": "2023-08-03 05:54:55",
        "content": "In this app you will find a lot of necessary information that will help you taking care of your face, body and hair. %%",
        "repliedAt": null,
        "replyContent": null,
        "reviewCreatedVersion": null,
        "reviewId": "e010440e-fe19-4a12-a634-7c9930b7d0bd",
        "score": 5,
        "thumbsUpCount": 0,
        "userImage": "https://play-lh.googleusercontent.com/a/ACg8ocLVZc4JzP1MViB-P5dFiCDeIgRdV1-RbSAeIjVgrFs0=mo",
        "userName": "Pindi boy Mio"
    },
    {
        "appVersion": null,
        "at": "2023-08-03 00:32:06",
        "content": "selfie camera is very great@@",
        "repliedAt": null,
        "replyContent": null,
        "reviewCreatedVersion": null,
        "reviewId": "167bc13a-045e-4ec1-a874-4ec9cacbe1ea",
        "score": 5,
        "thumbsUpCount": 0,
        "userImage": "https://play-lh.googleusercontent.com/a/ACg8ocLlLx3WEbOLelZZfL0ZG5hZlgQR7uRsdx3KMVNULbb-=mo",
        "userName": "Lee Aj"
    },
    {
        "appVersion": null,
        "at": "2023-08-02 11:30:43",
        "content": "Very fantastic and amazing application best application@@",
        "repliedAt": null,
        "replyContent": null,
        "reviewCreatedVersion": null,
        "reviewId": "64e43057-ac80-4be8-8fc1-b341c9c0d7d8",
        "score": 5,
        "thumbsUpCount": 0,
        "userImage": "https://play-lh.googleusercontent.com/a/ACg8ocIVZOmZ0CTGwWDB82-XJEc53mjLPXyfM6_HCtp6ViXN=mo",
        "userName": "Fargo KG"
    },
    {
        "appVersion": null,
        "at": "2023-08-02 11:00:28",
        "content": "Very best and very good application@@",
        "repliedAt": null,
        "replyContent": null,
        "reviewCreatedVersion": null,
        "reviewId": "74682a2d-6ca7-4360-b9b4-3e06e231fb73",
        "score": 5,
        "thumbsUpCount": 0,
        "userImage": "https://play-lh.googleusercontent.com/a-/ALV-UjVIul4BXmZGSs-_Q3OdmRPdt6IhwpYrCKeoRQ1Ayh8qHA",
        "userName": "Dream Win"
    },
    {
        "appVersion": null,
        "at": "2023-08-02 09:52:57",
        "content": "Self-care beauty tips application is features are very awesome \ud83d\ude0d\ud83d\ude0d",
        "repliedAt": null,
        "replyContent": null,
        "reviewCreatedVersion": null,
        "reviewId": "2bb25156-7973-4092-99a4-d2f50f7fcaa1",
        "score": 5,
        "thumbsUpCount": 0,
        "userImage": "https://play-lh.googleusercontent.com/a/ACg8ocLcqUmHDZVs3vI7SLyHmY3CnIP9Iydx8ekcUGc9513w=mo",
        "userName": "Aiden Say"
    },
    {
        "appVersion": null,
        "at": "2023-08-02 07:22:52",
        "content": "Play best application good application@@",
        "repliedAt": null,
        "replyContent": null,
        "reviewCreatedVersion": null,
        "reviewId": "7c163dcd-89b0-426d-bfd6-603fecb2dbd0",
        "score": 5,
        "thumbsUpCount": 0,
        "userImage": "https://play-lh.googleusercontent.com/a/ACg8ocIosjiayJxQRYZG0-TT-AGeJHb-3taBC0Sf64lt4x0o=mo",
        "userName": "Root By king"
    },
    {
        "appVersion": null,
        "at": "2023-08-02 04:24:47",
        "content": "Self Care & Beauty Tips this is very beautiful application very nice application %",
        "repliedAt": null,
        "replyContent": null,
        "reviewCreatedVersion": null,
        "reviewId": "11bda60b-310d-4889-8bdf-8e2e05da7796",
        "score": 5,
        "thumbsUpCount": 0,
        "userImage": "https://play-lh.googleusercontent.com/a/ACg8ocIpG8Xb30VozC9AWMDXEJoFRnk_KuhIII-c_3G8MdY8=mo",
        "userName": "Nacy mamload Tvs"
    },
    {
        "appVersion": null,
        "at": "2023-08-02 03:10:22",
        "content": "Awesome app Good work $$",
        "repliedAt": null,
        "replyContent": null,
        "reviewCreatedVersion": null,
        "reviewId": "677a1e18-9122-469f-8c32-004c917d858c",
        "score": 5,
        "thumbsUpCount": 0,
        "userImage": "https://play-lh.googleusercontent.com/a/ACg8ocIAaDtp88mYJHRlio-0QdzMSxoKxG1h8Pbk-dCgMPbx=mo",
        "userName": "Hiza Haron"
    },
    {
        "appVersion": "1.0",
        "at": "2023-08-01 15:47:56",
        "content": "Self Care & Beauty Tips is very gorgeous application. I love it **",
        "repliedAt": null,
        "replyContent": null,
        "reviewCreatedVersion": "1.0",
        "reviewId": "f4265e06-e424-439f-9873-eaff74ba882c",
        "score": 5,
        "thumbsUpCount": 0,
        "userImage": "https://play-lh.googleusercontent.com/a/ACg8ocKDzq2zgqxXLKPgzk7TigUi1OOcw3KMuQO-Y3kbxaYQ=mo",
        "userName": "Syed Ali 26un"
    },
    {
        "appVersion": null,
        "at": "2023-08-01 13:56:34",
        "content": "so nice app %",
        "repliedAt": null,
        "replyContent": null,
        "reviewCreatedVersion": null,
        "reviewId": "59139eea-2f0d-4024-b46a-6724fa9c3ede",
        "score": 5,
        "thumbsUpCount": 0,
        "userImage": "https://play-lh.googleusercontent.com/a/ACg8ocL5c_SgugnddvteRgZYAefR8KpX18yEIWT61W3T5Zj5=mo",
        "userName": "Ram ZKO"
    },
    {
        "appVersion": null,
        "at": "2023-08-01 12:27:55",
        "content": "Self care beauty tips is awsome **",
        "repliedAt": null,
        "replyContent": null,
        "reviewCreatedVersion": null,
        "reviewId": "657269b2-5ab5-4dc6-b4ea-fe305067e8a0",
        "score": 5,
        "thumbsUpCount": 0,
        "userImage": "https://play-lh.googleusercontent.com/a/ACg8ocImjv968yUoaPFAB1Ko7dv8bfJa8Vz-_OtqO4o6RA7LPw=mo",
        "userName": "Adee 294h"
    },
    {
        "appVersion": null,
        "at": "2023-08-01 09:35:05",
        "content": "Self-care and beauty tips app is very fantastic application%",
        "repliedAt": null,
        "replyContent": null,
        "reviewCreatedVersion": null,
        "reviewId": "f6c7e4fd-392a-45e0-a0eb-5a86ec17a973",
        "score": 5,
        "thumbsUpCount": 0,
        "userImage": "https://play-lh.googleusercontent.com/a/ACg8ocKKWuVcD26eOVsrWXEduf11iSYOPyhQDmusDFnylvTd=mo",
        "userName": "Shakil shah Ymo"
    },
    {
        "appVersion": null,
        "at": "2023-08-01 06:23:43",
        "content": "Self Care & Beauty Tips very awesome app and very famous app and very easy to use app##",
        "repliedAt": null,
        "replyContent": null,
        "reviewCreatedVersion": null,
        "reviewId": "2afb8303-bb1f-4667-9d82-e19e49c2c2c9",
        "score": 5,
        "thumbsUpCount": 0,
        "userImage": "https://play-lh.googleusercontent.com/a-/ALV-UjVz2hPX3qbS8CqfKPCZwCS75Id7Cezih4mb674huSDXYw",
        "userName": "Lillain Lilny Utd"
    },
    {
        "appVersion": null,
        "at": "2023-08-01 04:25:05",
        "content": "This is very amazing and interesting application I really like it##",
        "repliedAt": null,
        "replyContent": null,
        "reviewCreatedVersion": null,
        "reviewId": "92101522-02ab-42d1-93d0-f10fabdbed81",
        "score": 5,
        "thumbsUpCount": 0,
        "userImage": "https://play-lh.googleusercontent.com/a/ACg8ocJ1gG05zOF00hzWoZVSsLhJoK2G4WxyOBEeu37RV-_8=mo",
        "userName": "Diluwar Husain nsh"
    },
    {
        "appVersion": null,
        "at": "2023-08-01 02:01:12",
        "content": "Self Care & Beauty Tips It's very useful and good working app I like it very much$$",
        "repliedAt": null,
        "replyContent": null,
        "reviewCreatedVersion": null,
        "reviewId": "2cda8942-24a0-449d-b7b7-c35ef5219125",
        "score": 5,
        "thumbsUpCount": 0,
        "userImage": "https://play-lh.googleusercontent.com/a/ACg8ocIffs38ISlDDqKTWwwIvfBBRK6bjYYsGl9m9a54NySM=mo",
        "userName": "Romani Qini"
    },
    {
        "appVersion": null,
        "at": "2023-07-31 12:40:17",
        "content": "so amazing application %%",
        "repliedAt": null,
        "replyContent": null,
        "reviewCreatedVersion": null,
        "reviewId": "ae8f2643-266e-41ab-9a35-36486fdcf762",
        "score": 5,
        "thumbsUpCount": 0,
        "userImage": "https://play-lh.googleusercontent.com/a/ACg8ocLbr0b6OUauWXYMcNH57QmWpG5UJG2wpx2xOgLQ8Fa9=mo",
        "userName": "William Hickso zko"
    },
    {
        "appVersion": null,
        "at": "2023-07-31 09:03:39",
        "content": "Self-care beauty tips application is very nice and useful application %%",
        "repliedAt": null,
        "replyContent": null,
        "reviewCreatedVersion": null,
        "reviewId": "492d4fd4-b0a7-4df3-ae1e-2969adbe3d35",
        "score": 5,
        "thumbsUpCount": 0,
        "userImage": "https://play-lh.googleusercontent.com/a/ACg8ocKXM2BFONB1A1nsaIMFCVK0wjow9JhDRCfyR3IwLDLy=mo",
        "userName": "Freha Say"
    },
    {
        "appVersion": null,
        "at": "2023-07-31 07:32:59",
        "content": "Very nice and very great application@@",
        "repliedAt": null,
        "replyContent": null,
        "reviewCreatedVersion": null,
        "reviewId": "1f2ac14a-8ff4-4436-a442-1367dcd5da78",
        "score": 5,
        "thumbsUpCount": 0,
        "userImage": "https://play-lh.googleusercontent.com/a-/ALV-UjV0Y4yAoiWpPQsjHR3DWbYs-DezvkgEAemqs8PTbpE0_Q",
        "userName": "Kubra Khan win"
    },
    {
        "appVersion": null,
        "at": "2023-07-31 05:04:48",
        "content": "Self Care & Beauty Tips download and use this$$",
        "repliedAt": null,
        "replyContent": null,
        "reviewCreatedVersion": null,
        "reviewId": "e2d55b30-c297-4622-8a8f-692db7a2be62",
        "score": 5,
        "thumbsUpCount": 0,
        "userImage": "https://play-lh.googleusercontent.com/a/ACg8ocKC2FP46hIw2RKBhPTIsR4eJsdJpF2VacAoKqyM8jzN=mo",
        "userName": "Nimeran Zr"
    },
    {
        "appVersion": null,
        "at": "2023-07-31 04:51:41",
        "content": "Self-care and beauty tips application is very amazing application $$",
        "repliedAt": null,
        "replyContent": null,
        "reviewCreatedVersion": null,
        "reviewId": "5da3cd22-73be-4599-ba25-75dc66b3c894",
        "score": 5,
        "thumbsUpCount": 0,
        "userImage": "https://play-lh.googleusercontent.com/a/ACg8ocJQHFIpGM-dL3c3v6dsSjUpnVKKgJGjTDY6Y5XjNXgW=mo",
        "userName": "Awesome Ksm"
    },
    {
        "appVersion": null,
        "at": "2023-07-31 02:49:05",
        "content": "This application is very nice and good application@@",
        "repliedAt": null,
        "replyContent": null,
        "reviewCreatedVersion": null,
        "reviewId": "b53c5452-73fb-4961-b00e-05994c7e1f9b",
        "score": 5,
        "thumbsUpCount": 0,
        "userImage": "https://play-lh.googleusercontent.com/a/ACg8ocI6HNCLI4EjY9a-gXj2DaPSNJsyWIl_gPPBUXbf6qhN=mo",
        "userName": "Warner By king"
    },
    {
        "appVersion": null,
        "at": "2023-07-30 14:22:47",
        "content": "Self Care & Beauty Tips this application is very famous application and very well working and very great app$$",
        "repliedAt": null,
        "replyContent": null,
        "reviewCreatedVersion": null,
        "reviewId": "eab5172f-e604-4cbb-b68f-5b6649619c85",
        "score": 5,
        "thumbsUpCount": 0,
        "userImage": "https://play-lh.googleusercontent.com/a/ACg8ocKrBuIs5SFSNI3z-2oGNEg2v8ZnUAJUchJTGKM_ly8Q=mo",
        "userName": "Devil Boss"
    },
    {
        "appVersion": null,
        "at": "2023-07-30 13:20:10",
        "content": "I like it very great application$$",
        "repliedAt": null,
        "replyContent": null,
        "reviewCreatedVersion": null,
        "reviewId": "3eb276fa-e331-473a-9c7d-84a02862210a",
        "score": 5,
        "thumbsUpCount": 0,
        "userImage": "https://play-lh.googleusercontent.com/a-/ALV-UjUNT9ZICiDywhXpxuCLJE8drrGWiOT7WPNNp7dBKxZrag",
        "userName": "vghd Am"
    },
    {
        "appVersion": null,
        "at": "2023-07-30 10:20:44",
        "content": "nice and well working application@@",
        "repliedAt": null,
        "replyContent": null,
        "reviewCreatedVersion": null,
        "reviewId": "43ff71ca-36fd-4181-b88e-bdc9c2e9f26f",
        "score": 5,
        "thumbsUpCount": 0,
        "userImage": "https://play-lh.googleusercontent.com/a/ACg8ocJKqNQwN9K43xQ79lnHCYMhJ9NER0d2jCsxmKhCyi-x=mo",
        "userName": "Effort By ryk"
    },
    {
        "appVersion": null,
        "at": "2023-07-30 09:29:49",
        "content": "it is very best and so nice and so good application@@",
        "repliedAt": null,
        "replyContent": null,
        "reviewCreatedVersion": null,
        "reviewId": "68927cdc-8024-4330-bcf6-f12e304be726",
        "score": 5,
        "thumbsUpCount": 0,
        "userImage": "https://play-lh.googleusercontent.com/a/ACg8ocLIjh6a_HLoPjDmh9WLD1GF2znw-qc3Ot1ReTELGpZI=mo",
        "userName": "Barvao Sm"
    },
    {
        "appVersion": null,
        "at": "2023-07-30 08:35:36",
        "content": "Self Care & Beauty Tips Is a very interesting and good working app%%",
        "repliedAt": null,
        "replyContent": null,
        "reviewCreatedVersion": null,
        "reviewId": "10b51be3-1410-458f-b57e-20ddc019fbf4",
        "score": 5,
        "thumbsUpCount": 0,
        "userImage": "https://play-lh.googleusercontent.com/a/ACg8ocL3EX2iTiT3_xAQGznlSGouVJ_nTLvLOuUwHfd2sErp=mo",
        "userName": "Kasir Zr"
    },
    {
        "appVersion": null,
        "at": "2023-07-30 08:31:11",
        "content": "very nice app %%",
        "repliedAt": null,
        "replyContent": null,
        "reviewCreatedVersion": null,
        "reviewId": "e2c5b708-6768-43cb-afb8-07328540d1a2",
        "score": 5,
        "thumbsUpCount": 0,
        "userImage": "https://play-lh.googleusercontent.com/a/ACg8ocJdj7GPgXS3ywXQM81iG_-zmRwdOrJYUg1MOh4gUoLu=mo",
        "userName": "avg david"
    },
    {
        "appVersion": null,
        "at": "2023-07-30 06:19:22",
        "content": "This is an amazing understand my application $$",
        "repliedAt": null,
        "replyContent": null,
        "reviewCreatedVersion": null,
        "reviewId": "d35197eb-7a3d-440b-96d3-214d9be909c0",
        "score": 5,
        "thumbsUpCount": 1,
        "userImage": "https://play-lh.googleusercontent.com/a/ACg8ocK2PPr5vbjQk4gVIuE_GnxXFDl21JOupg-i1PXragWi=mo",
        "userName": "Orion Msk"
    },
    {
        "appVersion": null,
        "at": "2023-07-30 06:18:47",
        "content": "This application is very easy to use and very easy to install $$",
        "repliedAt": null,
        "replyContent": null,
        "reviewCreatedVersion": null,
        "reviewId": "1882b97e-cc53-46e3-9a75-c202f598706b",
        "score": 5,
        "thumbsUpCount": 1,
        "userImage": "https://play-lh.googleusercontent.com/a/ACg8ocJxPEcqQ_yrUHDNsGbCeTmqNG7GcglXsRrCIY1u2yZ9=mo",
        "userName": "Raymond msk"
    },
    {
        "appVersion": null,
        "at": "2023-07-30 03:38:20",
        "content": "Self Care & Beauty Tips very easy and best Application.i really like it**",
        "repliedAt": null,
        "replyContent": null,
        "reviewCreatedVersion": null,
        "reviewId": "93e52f0a-0c23-4402-8ce0-0cd3a86642fc",
        "score": 5,
        "thumbsUpCount": 0,
        "userImage": "https://play-lh.googleusercontent.com/a-/ALV-UjWw68ygVfPsPvJIV4330PL8kr_B52m69SckBhBfwZWuRA",
        "userName": "Habiba Naeem"
    },
    {
        "appVersion": null,
        "at": "2023-07-30 01:57:56",
        "content": "Very great and very best application@@",
        "repliedAt": null,
        "replyContent": null,
        "reviewCreatedVersion": null,
        "reviewId": "ef926e8d-e39e-48f6-9978-615da8b06903",
        "score": 5,
        "thumbsUpCount": 0,
        "userImage": "https://play-lh.googleusercontent.com/a/ACg8ocLq4xgS2JSRoHhIkpI_CINxhQ6aG3YotaHnz3WPpsuU=mo",
        "userName": "Smith By king"
    },
    {
        "appVersion": null,
        "at": "2023-07-29 12:59:42",
        "content": "Self care is an excellent graphics and easy to install**",
        "repliedAt": null,
        "replyContent": null,
        "reviewCreatedVersion": null,
        "reviewId": "435332a8-29ba-4f51-ae81-2469b13034cd",
        "score": 5,
        "thumbsUpCount": 0,
        "userImage": "https://play-lh.googleusercontent.com/a-/ALV-UjU3FRMmhmXpbZ_FBbcTDzBXjRv1iMxasGvGUBsui2yF-Q",
        "userName": "Rolli Rosow aaz"
    },
    {
        "appVersion": null,
        "at": "2023-07-29 11:35:30",
        "content": "Beauty camera is very fast@@",
        "repliedAt": null,
        "replyContent": null,
        "reviewCreatedVersion": null,
        "reviewId": "5ff49315-9815-4b03-8083-5a415c642c6a",
        "score": 5,
        "thumbsUpCount": 0,
        "userImage": "https://play-lh.googleusercontent.com/a-/ALV-UjULSSk_xyLhVvpgncByVnj9Y4jGhgIQOfA7KvbGKx_XoA",
        "userName": "Shah g pk By Ryk"
    },
    {
        "appVersion": null,
        "at": "2023-07-29 10:17:55",
        "content": "Self-care beauty tips application is very good and very well working application. %%",
        "repliedAt": null,
        "replyContent": null,
        "reviewCreatedVersion": null,
        "reviewId": "6c8d3ce8-057d-456f-937e-dfb2b29b02e8",
        "score": 5,
        "thumbsUpCount": 0,
        "userImage": "https://play-lh.googleusercontent.com/a/ACg8ocLoMi-QZGs556wcHXUJLLasxjATZmW-zoWpwLmaw65M=mo",
        "userName": "Adrian Say"
    },
    {
        "appVersion": null,
        "at": "2023-07-29 10:06:18",
        "content": "very nice application@@",
        "repliedAt": null,
        "replyContent": null,
        "reviewCreatedVersion": null,
        "reviewId": "7cfb2613-fec9-413c-99f1-90843eded7c3",
        "score": 5,
        "thumbsUpCount": 0,
        "userImage": "https://play-lh.googleusercontent.com/a-/ALV-UjWsq1VwtKptbPECgF3X7syaQvKkBeIJGFOQdugNsX78vw",
        "userName": "Thomas Win"
    },
    {
        "appVersion": null,
        "at": "2023-07-29 09:02:11",
        "content": "Very nice and very easy working application@@",
        "repliedAt": null,
        "replyContent": null,
        "reviewCreatedVersion": null,
        "reviewId": "12f1138c-66af-41ad-a4af-bf01c03bb9c1",
        "score": 5,
        "thumbsUpCount": 0,
        "userImage": "https://play-lh.googleusercontent.com/a/ACg8ocITPuYuW1ldHxgBGehqB6m1dn8jP3xYldwJBJMOoaAS=mo",
        "userName": "Kunal Sm"
    },
    {
        "appVersion": null,
        "at": "2023-07-29 06:53:34",
        "content": "Self Care & Beauty Tips very nice app %%",
        "repliedAt": null,
        "replyContent": null,
        "reviewCreatedVersion": null,
        "reviewId": "b94f5e52-b263-497d-9113-7312eec437a5",
        "score": 5,
        "thumbsUpCount": 0,
        "userImage": "https://play-lh.googleusercontent.com/a/ACg8ocIczfYhCr2Q6g3H6UzMlP91L3Z1sJxwvJmlg5ezlqKd=mo",
        "userName": "Dc Ryan"
    },
    {
        "appVersion": null,
        "at": "2023-07-29 03:54:06",
        "content": "This is a very useful and so working application@@",
        "repliedAt": null,
        "replyContent": null,
        "reviewCreatedVersion": null,
        "reviewId": "d1245518-481b-422b-b7c5-b8804deb2b36",
        "score": 5,
        "thumbsUpCount": 0,
        "userImage": "https://play-lh.googleusercontent.com/a/ACg8ocKcARTMahFoXfuiMRPdR0F5CTZelA-T7xuQLgdVgXjG=mo",
        "userName": "Bristo By king"
    },
    {
        "appVersion": null,
        "at": "2023-07-29 03:45:16",
        "content": "Self Care & Beauty Tips It is a very great and very well working $$",
        "repliedAt": null,
        "replyContent": null,
        "reviewCreatedVersion": null,
        "reviewId": "850ef347-4802-429d-8a67-8b51fd177f5d",
        "score": 5,
        "thumbsUpCount": 0,
        "userImage": "https://play-lh.googleusercontent.com/a-/ALV-UjVZEWgiZdVlaJZxNE-7LD-M7tKtElDKe5rwIMI4tVouRA",
        "userName": "Marrying PT"
    },
    {
        "appVersion": null,
        "at": "2023-07-29 03:20:15",
        "content": "very fast application of play store@@",
        "repliedAt": null,
        "replyContent": null,
        "reviewCreatedVersion": null,
        "reviewId": "dbc11d2d-826f-44f3-976c-4d18242dacc9",
        "score": 5,
        "thumbsUpCount": 0,
        "userImage": "https://play-lh.googleusercontent.com/a/ACg8ocLVK8o_1gJyGGnkmcXPrDo4NjwdsloooKu7CDmyNJW5=mo",
        "userName": "Hachi KG"
    },
    {
        "appVersion": null,
        "at": "2023-07-29 03:19:52",
        "content": "Self Care and beauty tips is a very helpful application for everyone **",
        "repliedAt": null,
        "replyContent": null,
        "reviewCreatedVersion": null,
        "reviewId": "5dfb74a3-07a3-4c5d-9a39-5152b9394df3",
        "score": 5,
        "thumbsUpCount": 0,
        "userImage": "https://play-lh.googleusercontent.com/a/ACg8ocLqjS8LQax760W3rcvriiInNG35teTfke0nueNUbgdb=mo",
        "userName": "Garden A. M"
    },
    {
        "appVersion": null,
        "at": "2023-07-29 02:44:56",
        "content": "SELF CARE & BEAUTY TIPS APP IS A VERY INFORMATIVE APP **",
        "repliedAt": null,
        "replyContent": null,
        "reviewCreatedVersion": null,
        "reviewId": "b8fd20fd-9389-4ec1-89de-1b2a30912364",
        "score": 5,
        "thumbsUpCount": 0,
        "userImage": "https://play-lh.googleusercontent.com/a/ACg8ocI1JoBiW3WytqpUg-FdFlEejjKpNzFVJyQC1d3Y6W5Q=mo",
        "userName": "Reece Toply AGMY"
    },
    {
        "appVersion": null,
        "at": "2023-07-28 11:40:44",
        "content": "self care very well app %%",
        "repliedAt": null,
        "replyContent": null,
        "reviewCreatedVersion": null,
        "reviewId": "03a27761-c794-467e-b408-bbfab63c980f",
        "score": 5,
        "thumbsUpCount": 0,
        "userImage": "https://play-lh.googleusercontent.com/a/ACg8ocI01b8FL7KCA8DZ6VN5fabM4ujYGgpWlVl0z0B7RSA6=mo",
        "userName": "Bmjfder Arj"
    },
    {
        "appVersion": null,
        "at": "2023-07-28 11:28:04",
        "content": "Self Care and beauty tips is an outstanding application **",
        "repliedAt": null,
        "replyContent": null,
        "reviewCreatedVersion": null,
        "reviewId": "24a71b7f-0633-429c-ba1f-4879bbb8a992",
        "score": 5,
        "thumbsUpCount": 0,
        "userImage": "https://play-lh.googleusercontent.com/a/ACg8ocJipop5eqjRA1gNg2LrVW7ZLIaMuYhutCA8jHvyqKM2=mo",
        "userName": "Smith A.M"
    },
    {
        "appVersion": null,
        "at": "2023-07-28 09:24:37",
        "content": "Very fast and very wonderful application best working@@",
        "repliedAt": null,
        "replyContent": null,
        "reviewCreatedVersion": null,
        "reviewId": "74d000f0-ed61-48c0-8808-b7dbf30c2623",
        "score": 5,
        "thumbsUpCount": 0,
        "userImage": "https://play-lh.googleusercontent.com/a-/ALV-UjU6dnfhMiTZFfzMLZ7hB078W46w99z-VnFYPfVY0RRQuw",
        "userName": "ojala ojala win"
    },
    {
        "appVersion": null,
        "at": "2023-07-28 08:49:19",
        "content": "An informative application with all information about self care and beauty tips . Helpful Application and easy to use **",
        "repliedAt": null,
        "replyContent": null,
        "reviewCreatedVersion": null,
        "reviewId": "ae24ac90-f1d1-4fa6-85a4-36a4a3ae00c7",
        "score": 5,
        "thumbsUpCount": 0,
        "userImage": "https://play-lh.googleusercontent.com/a/ACg8ocIS89fbyxn6Wlf3MyfZ2cJdetb-udFNO_dZ5P11OgUe=mo",
        "userName": "Shyker A. M"
    },
    {
        "appVersion": null,
        "at": "2023-07-28 07:27:46",
        "content": "It is very helpful application and very useful application \ud83e\uddd0",
        "repliedAt": null,
        "replyContent": null,
        "reviewCreatedVersion": null,
        "reviewId": "d6bf1b3f-35e0-4cf5-80e9-ebdfe60c2666",
        "score": 5,
        "thumbsUpCount": 1,
        "userImage": "https://play-lh.googleusercontent.com/a/ACg8ocJHVxQUJ3tDfrfB1kqcZzHBgImYZ2AK_AKVEUSraVb6=mo",
        "userName": "Ftf SRS"
    },
    {
        "appVersion": null,
        "at": "2023-07-28 07:23:04",
        "content": "This is an amazing application %%",
        "repliedAt": null,
        "replyContent": null,
        "reviewCreatedVersion": null,
        "reviewId": "9a7f04e1-87ed-4159-8121-01bb6fe85fea",
        "score": 5,
        "thumbsUpCount": 1,
        "userImage": "https://play-lh.googleusercontent.com/a/ACg8ocJ-R_Kdr6bpn1oYjkl59iJsgtVYZUdcZjnJ2B9YC2tp=mo",
        "userName": "Anaya Msk"
    },
    {
        "appVersion": null,
        "at": "2023-07-28 03:49:32",
        "content": "Self Care & Beauty Tips is very superb app t \ud83e\uddd0",
        "repliedAt": null,
        "replyContent": null,
        "reviewCreatedVersion": null,
        "reviewId": "c11f044e-5414-4101-82a8-04c26400594b",
        "score": 5,
        "thumbsUpCount": 0,
        "userImage": "https://play-lh.googleusercontent.com/a/ACg8ocL2ACs-DSuWpMYDer3BGi9VqTX7RHXAhq2KhuiZDp9T=mo",
        "userName": "62Password Abas"
    },
    {
        "appVersion": null,
        "at": "2023-07-28 03:39:18",
        "content": "Self Care & Beauty Tips is very good t \ud83e\uddd0",
        "repliedAt": null,
        "replyContent": null,
        "reviewCreatedVersion": null,
        "reviewId": "f31f8aba-1496-4517-ad17-e6ceb54aa2bd",
        "score": 5,
        "thumbsUpCount": 0,
        "userImage": "https://play-lh.googleusercontent.com/a/ACg8ocINWATbeO_xGCTbyZnye9JpDcTtOafxZgScLiGqBeKb=mo",
        "userName": "1Sunda Abas"
    },
    {
        "appVersion": null,
        "at": "2023-07-28 01:35:22",
        "content": "Self Care Beauty Tips Application is incredible, classified and totally different from the other modern days self cares applications. \ud83e\uddd0",
        "repliedAt": null,
        "replyContent": null,
        "reviewCreatedVersion": null,
        "reviewId": "bd6319ba-9c80-44ca-bf4b-2945196926b7",
        "score": 5,
        "thumbsUpCount": 0,
        "userImage": "https://play-lh.googleusercontent.com/a/ACg8ocKyskRxqaTSBVdPSbQ68mIuMoL31i3xh9fWlgSQbM3m=mo",
        "userName": "ZAHID IQBAL IYW"
    },
    {
        "appVersion": null,
        "at": "2023-07-27 21:38:22",
        "content": "self care is a very great and very useful great application@@",
        "repliedAt": null,
        "replyContent": null,
        "reviewCreatedVersion": null,
        "reviewId": "475fcf08-760d-4702-822d-803f587e1b4e",
        "score": 5,
        "thumbsUpCount": 0,
        "userImage": "https://play-lh.googleusercontent.com/a/ACg8ocKsQkR7sqoz4lRhohTxsAy3APzmBZ0Kz8vzgw6769gM=mo",
        "userName": "Daran By king"
    },
    {
        "appVersion": null,
        "at": "2023-07-27 10:03:34",
        "content": "Very great and so amazing working application@@",
        "repliedAt": null,
        "replyContent": null,
        "reviewCreatedVersion": null,
        "reviewId": "9a81a7bd-c6bd-43ed-a70c-b55f307de5cc",
        "score": 5,
        "thumbsUpCount": 0,
        "userImage": "https://play-lh.googleusercontent.com/a/ACg8ocLYViCyvRNtdx0OC4U4TbkS-413vZlBZsEjvEOZE8ws=mo",
        "userName": "Resmesh By king"
    },
    {
        "appVersion": null,
        "at": "2023-07-27 07:54:42",
        "content": "This is an amazing and awesome self-care and beauty tips application %%",
        "repliedAt": null,
        "replyContent": null,
        "reviewCreatedVersion": null,
        "reviewId": "feb75c9c-0e1b-4f73-81ed-fbf029cc3d7e",
        "score": 5,
        "thumbsUpCount": 1,
        "userImage": "https://play-lh.googleusercontent.com/a/ACg8ocJm0V8NOAjo3pCx4HICLi5rVKOCQ7sW-y_N25gq2Lj_=mo",
        "userName": "Pagal Munib msk"
    },
    {
        "appVersion": null,
        "at": "2023-07-27 06:17:37",
        "content": "Self care and beauty tips i very good app. This app is used for the care of ourselves and about our beauty. In this app we can get different tips about the beauty.\ud83d\ude4f",
        "repliedAt": null,
        "replyContent": null,
        "reviewCreatedVersion": null,
        "reviewId": "db862d04-15f2-44fd-9dd7-2641130b955d",
        "score": 5,
        "thumbsUpCount": 0,
        "userImage": "https://play-lh.googleusercontent.com/a/ACg8ocILOw3wRzsO11feZgXcOYR5dumghUHicZ_3vGp1xoHf=mo",
        "userName": "Saim Khan"
    },
    {
        "appVersion": null,
        "at": "2023-07-27 01:54:57",
        "content": "Very best application so working@@",
        "repliedAt": null,
        "replyContent": null,
        "reviewCreatedVersion": null,
        "reviewId": "bb01a9e6-0e17-4877-a79a-a492f387fd75",
        "score": 5,
        "thumbsUpCount": 1,
        "userImage": "https://play-lh.googleusercontent.com/a/ACg8ocIreNnJMGvrrWdor0t3bkvI8mnfoBIQPbeXPVm-OxUb=mo",
        "userName": "Jaydan Sm"
    },
    {
        "appVersion": null,
        "at": "2023-07-26 13:19:18",
        "content": "This application is very noise application my favourite@@",
        "repliedAt": null,
        "replyContent": null,
        "reviewCreatedVersion": null,
        "reviewId": "19ef36f2-170a-4a11-ae34-d6b285872f8e",
        "score": 5,
        "thumbsUpCount": 1,
        "userImage": "https://play-lh.googleusercontent.com/a/ACg8ocLjmBghyNlR2cs-7iUO7HVJVJOZnrWNGeP57SoHjHmA=mo",
        "userName": "Subhain sm Shah"
    },
    {
        "appVersion": null,
        "at": "2023-07-26 12:41:35",
        "content": "This application is very nice and amazing application $$",
        "repliedAt": null,
        "replyContent": null,
        "reviewCreatedVersion": null,
        "reviewId": "7e0d08de-57bc-4ac2-bfb1-037315d06056",
        "score": 5,
        "thumbsUpCount": 1,
        "userImage": "https://play-lh.googleusercontent.com/a/ACg8ocIwMvaUQD6mjx80848jpRZsri9bO1nQICaxNLzlWExd=mo",
        "userName": "Luqman ali Msk"
    },
    {
        "appVersion": "1.0",
        "at": "2023-07-26 11:58:05",
        "content": "In this app you will be given many tips for your care and beauty which you can use to enhance your beauty\ud83d\udc4d",
        "repliedAt": null,
        "replyContent": null,
        "reviewCreatedVersion": "1.0",
        "reviewId": "f9c0b23b-1e44-4490-b78f-89738212daa4",
        "score": 5,
        "thumbsUpCount": 0,
        "userImage": "https://play-lh.googleusercontent.com/a/ACg8ocIRDLcgJU3syLinl1yhw4DY_TO49anMgLxDu1P91eMM=mo",
        "userName": "Miss Annie Xyz"
    },
    {
        "appVersion": null,
        "at": "2023-07-26 10:25:48",
        "content": "Self-care beauty tips application is really best application which is very helpful application %%",
        "repliedAt": null,
        "replyContent": null,
        "reviewCreatedVersion": null,
        "reviewId": "fe80136b-7646-464d-89d0-622b922b21bc",
        "score": 5,
        "thumbsUpCount": 4,
        "userImage": "https://play-lh.googleusercontent.com/a/ACg8ocJAFJLQyTNxUQyAnZ6k0Gmy_A1Wx41DimTsvetAe47Y=mo",
        "userName": "Kumar Say"
    },
    {
        "appVersion": "1.0",
        "at": "2023-07-26 08:27:48",
        "content": "very easy and very best working@@",
        "repliedAt": null,
        "replyContent": null,
        "reviewCreatedVersion": "1.0",
        "reviewId": "fd4adc67-44ef-4bd0-99f1-d65f10349fbb",
        "score": 5,
        "thumbsUpCount": 5,
        "userImage": "https://play-lh.googleusercontent.com/a/ACg8ocJfEiovc7vpjeETP8vkljpHET_fs0lxFGGCHAiEIgvB=mo",
        "userName": "Ceti KG"
    },
    {
        "appVersion": null,
        "at": "2023-07-26 07:57:56",
        "content": "This application is very great application@@",
        "repliedAt": null,
        "replyContent": null,
        "reviewCreatedVersion": null,
        "reviewId": "fe51c02e-fdfa-44da-882a-f45f66611d71",
        "score": 5,
        "thumbsUpCount": 2,
        "userImage": "https://play-lh.googleusercontent.com/a-/ALV-UjUWiGEc0o26h0uYFrN17gD2gXsQ20l7BtH8pUwo2tiEOw",
        "userName": "Momina Yonus Win"
    },
    {
        "appVersion": "1.0",
        "at": "2023-07-26 07:31:32",
        "content": "Very useful application very good application@@",
        "repliedAt": null,
        "replyContent": null,
        "reviewCreatedVersion": "1.0",
        "reviewId": "c0a5a9be-f201-497a-b20b-c11f77bc369c",
        "score": 5,
        "thumbsUpCount": 6,
        "userImage": "https://play-lh.googleusercontent.com/a/ACg8ocLhvaHzPSxcDM_QyS4eWf37-YFVX57_AZIcMNdWTf4R=mo",
        "userName": "Ragman By Ryk"
    },
    {
        "appVersion": null,
        "at": "2023-07-26 06:57:04",
        "content": "Self-care and nutritive supplication is one of the greatest applications %%",
        "repliedAt": null,
        "replyContent": null,
        "reviewCreatedVersion": null,
        "reviewId": "692ef763-d641-4a62-ae74-9afb0737c670",
        "score": 5,
        "thumbsUpCount": 1,
        "userImage": "https://play-lh.googleusercontent.com/a/ACg8ocLDWTBl1mryT05qKaOSIosWSCDf4W8bSYqV_yIS-xJP=mo",
        "userName": "Noah Msk"
    },
    {
        "appVersion": null,
        "at": "2023-07-25 13:35:25",
        "content": "Self-care beauty tips application is very useful application. %%",
        "repliedAt": null,
        "replyContent": null,
        "reviewCreatedVersion": null,
        "reviewId": "e1eb2f89-0686-4f76-862e-5d4b5b5e7a58",
        "score": 5,
        "thumbsUpCount": 0,
        "userImage": "https://play-lh.googleusercontent.com/a/ACg8ocKcBBlvScgqQK1rg_ZhsktiIHp87H-TOTFxNWBMlu1_=mo",
        "userName": "Saneya syed Yba"
    },
    {
        "appVersion": null,
        "at": "2023-07-25 12:09:22",
        "content": "Self-care beauty tips application is very useful and helpful application %%",
        "repliedAt": null,
        "replyContent": null,
        "reviewCreatedVersion": null,
        "reviewId": "77e53ad9-71b8-49ec-8800-1bdff2656fad",
        "score": 5,
        "thumbsUpCount": 0,
        "userImage": "https://play-lh.googleusercontent.com/a/ACg8ocI5_hB8-fqRhtr-Taeniw2VpZzIGa6WiI8Y_2QXsx6k=mo",
        "userName": "Ravindra Jateja Yba"
    },
    {
        "appVersion": null,
        "at": "2023-07-25 11:16:32",
        "content": "So excellent graphics and feature are very awesome I love it %%",
        "repliedAt": null,
        "replyContent": null,
        "reviewCreatedVersion": null,
        "reviewId": "39b5001e-a32f-45f1-aa3b-f7c9bd3c3560",
        "score": 5,
        "thumbsUpCount": 1,
        "userImage": "https://play-lh.googleusercontent.com/a/ACg8ocJQsC5lcPHzSnlpcikdHhrHe01WsC1_Qywrk7jbf5g4=mo",
        "userName": "Saim EER"
    },
    {
        "appVersion": null,
        "at": "2023-07-25 10:59:26",
        "content": "Amazing application %%",
        "repliedAt": null,
        "replyContent": null,
        "reviewCreatedVersion": null,
        "reviewId": "57c83c2d-8c97-4a10-9b7c-d2a55f8faf1c",
        "score": 5,
        "thumbsUpCount": 1,
        "userImage": "https://play-lh.googleusercontent.com/a/ACg8ocIzUttC1UoQ1e1gO1zDHnTtcqV4fOlBjvpzbF2tNTMZ=mo",
        "userName": "Scott msk"
    },
    {
        "appVersion": null,
        "at": "2023-07-25 09:43:08",
        "content": "It is one of the best\ud83d\udc4d",
        "repliedAt": null,
        "replyContent": null,
        "reviewCreatedVersion": null,
        "reviewId": "8432057d-a8af-4f76-9c5a-197a23a9af97",
        "score": 5,
        "thumbsUpCount": 0,
        "userImage": "https://play-lh.googleusercontent.com/a/ACg8ocIrEwYT7ZiwckgW2t4rxd4xGuRvt2LozJ2nCwfpKG_I=mo",
        "userName": "Miya mark Ash"
    },
    {
        "appVersion": null,
        "at": "2023-07-25 07:24:08",
        "content": "very great app and very famous@@",
        "repliedAt": null,
        "replyContent": null,
        "reviewCreatedVersion": null,
        "reviewId": "8df7b392-f72e-4825-92f5-20b9cb5396ea",
        "score": 5,
        "thumbsUpCount": 1,
        "userImage": "https://play-lh.googleusercontent.com/a/ACg8ocILGsS4LB4cf8wQWVzLdol11EQbzOoLAhDsgKy1AJl5=mo",
        "userName": "Akhtar kg"
    },
    {
        "appVersion": null,
        "at": "2023-07-25 07:05:33",
        "content": "It is my favourite application very nice application@@",
        "repliedAt": null,
        "replyContent": null,
        "reviewCreatedVersion": null,
        "reviewId": "d3ed3afd-7645-4c58-a00d-4da33dac6762",
        "score": 5,
        "thumbsUpCount": 1,
        "userImage": "https://play-lh.googleusercontent.com/a/ACg8ocJ05UtvqQ-cQXCAsFSKqGz2OmaLYERI4F9u0LGHfzw=mo",
        "userName": "Pendhyia Sm"
    }
]