[
    {
        "appVersion": "3.0",
        "at": "2023-11-09 13:08:24",
        "content": "Terrible",
        "repliedAt": null,
        "replyContent": null,
        "reviewCreatedVersion": "3.0",
        "reviewId": "1054a229-e437-4227-9b52-d2306bb49c8c",
        "score": 1,
        "thumbsUpCount": 0,
        "userImage": "https://play-lh.googleusercontent.com/a/ACg8ocLsHpWcuhv5aIphhATdM2y0p3CrNolRFVvMg9VoiWb2=mo",
        "userName": "Daniel Secrieriu"
    },
    {
        "appVersion": "3.0",
        "at": "2023-11-07 09:31:12",
        "content": "OUod 18",
        "repliedAt": null,
        "replyContent": null,
        "reviewCreatedVersion": "3.0",
        "reviewId": "9841370e-3c3a-4db7-863b-8399276653ff",
        "score": 1,
        "thumbsUpCount": 0,
        "userImage": "https://play-lh.googleusercontent.com/a/ACg8ocL0V95HEVmbxQm8cZbnudx88TAjRLv-HxqicOSRCWML=mo",
        "userName": "Arjun Arjun"
    },
    {
        "appVersion": "1.0",
        "at": "2023-10-22 10:26:18",
        "content": "Loves it",
        "repliedAt": null,
        "replyContent": null,
        "reviewCreatedVersion": "1.0",
        "reviewId": "2edffe2d-9802-4a2c-8876-5c3c2099dfef",
        "score": 5,
        "thumbsUpCount": 0,
        "userImage": "https://play-lh.googleusercontent.com/a/ACg8ocLl9-5RP-hUilvanAuh-e8uml0PrLGbZsLnbuv4oIUG=mo",
        "userName": "Jeffery Thibault"
    },
    {
        "appVersion": "1.0",
        "at": "2023-10-20 02:09:50",
        "content": "It not only dronr",
        "repliedAt": null,
        "replyContent": null,
        "reviewCreatedVersion": "1.0",
        "reviewId": "c34e4e37-6873-4282-98b8-b003a2822cb6",
        "score": 5,
        "thumbsUpCount": 0,
        "userImage": "https://play-lh.googleusercontent.com/a/ACg8ocL-BsjXzwqDT4wgnf2MCriC1hCdQE3Wl6q6-fy-wQhK=mo",
        "userName": "Ramzy Sarfo"
    },
    {
        "appVersion": "1.0",
        "at": "2023-09-25 07:47:01",
        "content": "Not yet master",
        "repliedAt": null,
        "replyContent": null,
        "reviewCreatedVersion": "1.0",
        "reviewId": "abb20bc0-9268-43aa-85a0-1d957d7e0fec",
        "score": 5,
        "thumbsUpCount": 0,
        "userImage": "https://play-lh.googleusercontent.com/a-/ALV-UjXWsP3iwAb6uG5OWmVtUgcY8zXXX-uNdkdp_Y1HN8E08kI",
        "userName": "Elmar Buccat"
    },
    {
        "appVersion": "1.0",
        "at": "2023-09-19 12:37:43",
        "content": "Terrible app! Why is this allowed at all in the playstore? Negative stars",
        "repliedAt": null,
        "replyContent": null,
        "reviewCreatedVersion": "1.0",
        "reviewId": "842512ea-0741-4765-b0b7-c5acd0a0825c",
        "score": 1,
        "thumbsUpCount": 3,
        "userImage": "https://play-lh.googleusercontent.com/a-/ALV-UjX1EkeUME0mHGe4XXANE65ewsSncbzpIxU86siJpvqsDAY",
        "userName": "Moon Man"
    },
    {
        "appVersion": "1.0",
        "at": "2023-09-12 08:54:04",
        "content": "Bad",
        "repliedAt": null,
        "replyContent": null,
        "reviewCreatedVersion": "1.0",
        "reviewId": "acd8d945-ba02-4f11-8457-43c15281a588",
        "score": 1,
        "thumbsUpCount": 0,
        "userImage": "https://play-lh.googleusercontent.com/a/ACg8ocL8cDU4bz5e-F0LIv0URl606hJsj56STPFeK3k0KQux=mo",
        "userName": "Aaron Jiyane"
    },
    {
        "appVersion": "1.0",
        "at": "2023-09-06 17:04:03",
        "content": "Better than all",
        "repliedAt": null,
        "replyContent": null,
        "reviewCreatedVersion": "1.0",
        "reviewId": "0ae11506-58de-4ef6-8c3c-f4b0503276b5",
        "score": 5,
        "thumbsUpCount": 0,
        "userImage": "https://play-lh.googleusercontent.com/a-/ALV-UjWDYKgw_r2aud7l-rxFkGdyoUGsZb7XXrw0HTYC-HklDA",
        "userName": "Joxy Hamuza"
    },
    {
        "appVersion": "1.0",
        "at": "2023-09-01 21:15:56",
        "content": "It's very cool sorry am liying it's terrible \ud83d\ude1e\ud83d\ude14\ud83d\ude1e\ud83d\ude1e\ud83d\ude1e\ud83d\ude1e\ud83d\ude1e\ud83d\ude1e\ud83d\ude1e\ud83d\ude1e\ud83d\ude1e",
        "repliedAt": null,
        "replyContent": null,
        "reviewCreatedVersion": "1.0",
        "reviewId": "424871e6-efdd-4e3d-a89f-edee4562cd85",
        "score": 5,
        "thumbsUpCount": 7,
        "userImage": "https://play-lh.googleusercontent.com/a-/ALV-UjUG4VyMJGvIPb4-tA57HhswC7X8h7R80l4hkl5pBCSoIg",
        "userName": "detonya crutchfield"
    },
    {
        "appVersion": "1.0",
        "at": "2023-08-04 21:53:18",
        "content": "I love it",
        "repliedAt": null,
        "replyContent": null,
        "reviewCreatedVersion": "1.0",
        "reviewId": "df2c4823-46f7-4101-a389-360318ac6fca",
        "score": 5,
        "thumbsUpCount": 0,
        "userImage": "https://play-lh.googleusercontent.com/a/ACg8ocKCVWSmAGgFoHEihSr4sjbQ6--chyedzlJAbI7ZhuGE=mo",
        "userName": "Tracey Osso"
    },
    {
        "appVersion": "1.0",
        "at": "2023-07-26 04:44:25",
        "content": "\u0905\u092e\u0930 \u0938\u093f\u0902\u0939",
        "repliedAt": null,
        "replyContent": null,
        "reviewCreatedVersion": "1.0",
        "reviewId": "2d88118d-73de-4403-b9dd-13eae2e1c7fe",
        "score": 5,
        "thumbsUpCount": 0,
        "userImage": "https://play-lh.googleusercontent.com/a/ACg8ocKwRQ_POGzXHXKl0JGZd7ACHky95mA5p4X9CL5sAKjW=mo",
        "userName": "AMARJEET KUMAR"
    },
    {
        "appVersion": "1.0",
        "at": "2023-07-04 03:35:01",
        "content": "Actually I love this app.",
        "repliedAt": null,
        "replyContent": null,
        "reviewCreatedVersion": "1.0",
        "reviewId": "0c7cbc17-d79a-4720-bfe1-f21fc82182d0",
        "score": 5,
        "thumbsUpCount": 0,
        "userImage": "https://play-lh.googleusercontent.com/a/ACg8ocICvZLxfw-StrVvqM1ro5YxhnF900oazWWm0nZ-qqaY=mo",
        "userName": "Mohammad Usman Rasheed"
    },
    {
        "appVersion": "1.0",
        "at": "2023-06-30 06:10:20",
        "content": "Nice",
        "repliedAt": null,
        "replyContent": null,
        "reviewCreatedVersion": "1.0",
        "reviewId": "095089a8-d100-4112-8725-698a2ee56d73",
        "score": 5,
        "thumbsUpCount": 0,
        "userImage": "https://play-lh.googleusercontent.com/a/ACg8ocL8eXFjZBDHyO63lij-4NOE8aSi538XBX3qx7uBQQoy=mo",
        "userName": "Arnel Auditor"
    },
    {
        "appVersion": "1.0",
        "at": "2023-06-25 03:19:15",
        "content": "Great Pp",
        "repliedAt": null,
        "replyContent": null,
        "reviewCreatedVersion": "1.0",
        "reviewId": "a5db8991-21e8-4d17-94b8-d139d03f189f",
        "score": 5,
        "thumbsUpCount": 2,
        "userImage": "https://play-lh.googleusercontent.com/a-/ALV-UjVJuZZ0aRs2RVhQP2EHZ4z0HtLZocDFEgpV7aCBT-qrTdY",
        "userName": "Abdullah Gamieldien"
    },
    {
        "appVersion": "1.0",
        "at": "2023-06-25 03:04:37",
        "content": "Good",
        "repliedAt": null,
        "replyContent": null,
        "reviewCreatedVersion": "1.0",
        "reviewId": "f18972ac-f3c6-4292-a1ca-f3db1dac348a",
        "score": 5,
        "thumbsUpCount": 1,
        "userImage": "https://play-lh.googleusercontent.com/a/ACg8ocJNpG-fooUd1JJSEqgua9sn02qkoXs62p7vlLw9lizo=mo",
        "userName": "Jeff Rhymes"
    },
    {
        "appVersion": "1.0",
        "at": "2023-06-15 05:11:47",
        "content": "Tati he",
        "repliedAt": null,
        "replyContent": null,
        "reviewCreatedVersion": "1.0",
        "reviewId": "866eed62-6754-47b0-99ae-57fa0b4c647b",
        "score": 1,
        "thumbsUpCount": 1,
        "userImage": "https://play-lh.googleusercontent.com/a/ACg8ocLn7b0Z7xGUb6YnkqLR5tiB1Eez5p5R3tUBo6LY-GQM=mo",
        "userName": "Gamer"
    },
    {
        "appVersion": "1.0",
        "at": "2023-06-11 11:21:39",
        "content": "It suxks",
        "repliedAt": null,
        "replyContent": null,
        "reviewCreatedVersion": "1.0",
        "reviewId": "893af43c-cbe3-45e4-b154-12244e4bb64e",
        "score": 5,
        "thumbsUpCount": 0,
        "userImage": "https://play-lh.googleusercontent.com/a/ACg8ocKCxu-TSHRZho7l-A4ffFSXWcZ3cRRSfiNfjbEq5RwQ=mo",
        "userName": "Andrea Halsell"
    },
    {
        "appVersion": "1.0",
        "at": "2023-06-01 01:32:29",
        "content": "It's just wonderful",
        "repliedAt": null,
        "replyContent": null,
        "reviewCreatedVersion": "1.0",
        "reviewId": "65b0f1b8-1dbe-4325-8baa-20c3e9ae47eb",
        "score": 5,
        "thumbsUpCount": 5,
        "userImage": "https://play-lh.googleusercontent.com/a/ACg8ocK2km0shnsB3vCc_i9TexJlL27ZzUt4aDNCcKeiIDc8=mo",
        "userName": "The Otieno Family"
    },
    {
        "appVersion": "1.0",
        "at": "2023-05-30 10:12:48",
        "content": "It's amazing Very cool And easy",
        "repliedAt": null,
        "replyContent": null,
        "reviewCreatedVersion": "1.0",
        "reviewId": "a30fa1ef-3c18-4a59-b8dd-abe253139ab2",
        "score": 5,
        "thumbsUpCount": 14,
        "userImage": "https://play-lh.googleusercontent.com/a/ACg8ocLtm2ifJLdUVLCj0VDfELDFh-wEzUiciHeMC_fGFO2C=mo",
        "userName": "Richard Wanmia"
    },
    {
        "appVersion": "1.0",
        "at": "2023-05-14 15:27:49",
        "content": "Junk",
        "repliedAt": null,
        "replyContent": null,
        "reviewCreatedVersion": "1.0",
        "reviewId": "bafeea06-795b-446d-9f45-3ca2b768a7d5",
        "score": 1,
        "thumbsUpCount": 1,
        "userImage": "https://play-lh.googleusercontent.com/a-/ALV-UjXwuiBUpF2kZ_YvGkVTvuk4JHNhK6a9mjfzGR6r8cPLZVM",
        "userName": "demetric wright"
    },
    {
        "appVersion": "1.0",
        "at": "2023-05-06 05:11:30",
        "content": "Heysuwhhs",
        "repliedAt": null,
        "replyContent": null,
        "reviewCreatedVersion": "1.0",
        "reviewId": "d7688bf5-dd1f-48b5-ab2f-d5e2f28ce6d4",
        "score": 5,
        "thumbsUpCount": 0,
        "userImage": "https://play-lh.googleusercontent.com/a-/ALV-UjX9nQRVi4HNrP0DlFxntub9TYN1wNtTQPR6XWDU35CDpGU",
        "userName": "Fire Wave"
    },
    {
        "appVersion": null,
        "at": "2023-04-24 21:02:35",
        "content": "Doesn't work, asks for 5 stars before use",
        "repliedAt": null,
        "replyContent": null,
        "reviewCreatedVersion": null,
        "reviewId": "cc9dabcf-612e-407e-9683-9f59d912829b",
        "score": 1,
        "thumbsUpCount": 12,
        "userImage": "https://play-lh.googleusercontent.com/a/ACg8ocI9WzPoGcdB3N-Gf2TKy4WtPjpJt6n6cQvJSgoOa70tjw=mo",
        "userName": "James"
    },
    {
        "appVersion": "1.0",
        "at": "2023-04-22 15:04:16",
        "content": "Cool",
        "repliedAt": null,
        "replyContent": null,
        "reviewCreatedVersion": "1.0",
        "reviewId": "17641185-4bd8-4f27-adda-bdee249b4c91",
        "score": 5,
        "thumbsUpCount": 0,
        "userImage": "https://play-lh.googleusercontent.com/a-/ALV-UjWfbcMZFzFze8Lq2jbWNoUQuoUlrIDKmoQtPdh2F7v63g",
        "userName": "Ray Rigby"
    },
    {
        "appVersion": "1.0",
        "at": "2023-04-09 09:28:01",
        "content": "Remot",
        "repliedAt": null,
        "replyContent": null,
        "reviewCreatedVersion": "1.0",
        "reviewId": "19b5b073-9c0f-4482-9176-324a3922cb9f",
        "score": 5,
        "thumbsUpCount": 0,
        "userImage": "https://play-lh.googleusercontent.com/a-/ALV-UjUFdU6nSp3QNCLDEI39_pl_ckK918QiyVhQaf8XpQRauWA",
        "userName": "Lutfor Rahman"
    },
    {
        "appVersion": "1.0",
        "at": "2023-04-08 18:10:51",
        "content": "For didn't know because I have to play it first and running me to",
        "repliedAt": null,
        "replyContent": null,
        "reviewCreatedVersion": "1.0",
        "reviewId": "6d4162f6-d56c-4042-a782-75336507bc24",
        "score": 5,
        "thumbsUpCount": 9,
        "userImage": "https://play-lh.googleusercontent.com/a-/ALV-UjXzxbQbH_nBq7ciygWEUaBE-yM8zvIQi1r_Q-DvRf0jYYo",
        "userName": "Jeremy Adams"
    },
    {
        "appVersion": "1.0",
        "at": "2023-04-04 02:01:10",
        "content": "Kristoff Basarte",
        "repliedAt": null,
        "replyContent": null,
        "reviewCreatedVersion": "1.0",
        "reviewId": "4add321e-20d7-4deb-bc70-f55fb75141d2",
        "score": 5,
        "thumbsUpCount": 0,
        "userImage": "https://play-lh.googleusercontent.com/a/ACg8ocJHLm2OYIL0QxNmzSvUITtOaArE7kh3Hzt0CAS8gVI7=mo",
        "userName": "Mara Grace Basarte"
    },
    {
        "appVersion": "1.0",
        "at": "2023-03-25 19:12:00",
        "content": "Don't work",
        "repliedAt": null,
        "replyContent": null,
        "reviewCreatedVersion": "1.0",
        "reviewId": "ae5327da-cfcd-429a-a2d8-a4f25ea8a276",
        "score": 1,
        "thumbsUpCount": 5,
        "userImage": "https://play-lh.googleusercontent.com/a-/ALV-UjV5_eqDDCMThNqIrFlfpBFbBpvMP4B1XkPydSXeYtTyH6Ek",
        "userName": "Ahmad Kowarik"
    },
    {
        "appVersion": "1.0",
        "at": "2023-03-23 04:19:40",
        "content": "Ghhhhh . My husband and I will b,",
        "repliedAt": null,
        "replyContent": null,
        "reviewCreatedVersion": "1.0",
        "reviewId": "92139d10-8939-430a-9eac-6efdfd3a684f",
        "score": 4,
        "thumbsUpCount": 0,
        "userImage": "https://play-lh.googleusercontent.com/a/ACg8ocLuR2yS_l23k790PqMEHxocRkngBm0Po6LE_tNJeKg9=mo",
        "userName": "Chandni"
    },
    {
        "appVersion": "1.0",
        "at": "2023-03-20 16:00:15",
        "content": "Nice",
        "repliedAt": null,
        "replyContent": null,
        "reviewCreatedVersion": "1.0",
        "reviewId": "4e1299a4-d5ce-4c58-a5b7-a591ef5b637d",
        "score": 5,
        "thumbsUpCount": 0,
        "userImage": "https://play-lh.googleusercontent.com/a/ACg8ocJP6pDHZKg6BTE237M28p6zPNO1mxlOSq0nCl29PUVf=mo",
        "userName": "Matupi Muloyiso"
    },
    {
        "appVersion": "1.0",
        "at": "2023-03-18 12:42:15",
        "content": "Good job.",
        "repliedAt": null,
        "replyContent": null,
        "reviewCreatedVersion": "1.0",
        "reviewId": "022a7737-ed30-4383-a557-33175b047d90",
        "score": 5,
        "thumbsUpCount": 1,
        "userImage": "https://play-lh.googleusercontent.com/a/ACg8ocJVBRMigJnvguUlnzEfpXlYY8D7Sh609HvuI-0UjifB=mo",
        "userName": "Tim usuituayuk"
    },
    {
        "appVersion": "1.0",
        "at": "2023-03-01 15:26:11",
        "content": "Great",
        "repliedAt": null,
        "replyContent": null,
        "reviewCreatedVersion": "1.0",
        "reviewId": "857fc04a-c1c6-4e25-ba97-60c265ac598c",
        "score": 5,
        "thumbsUpCount": 2,
        "userImage": "https://play-lh.googleusercontent.com/a-/ALV-UjVmhaeQQiq5j_TREuIt04qx3KhPoiPffxNfO6d7kstrrg",
        "userName": "Thereal Sasquatch"
    },
    {
        "appVersion": "1.0",
        "at": "2023-02-10 02:45:02",
        "content": "Good",
        "repliedAt": null,
        "replyContent": null,
        "reviewCreatedVersion": "1.0",
        "reviewId": "29833d26-505a-4d61-be92-24d91fe568c3",
        "score": 5,
        "thumbsUpCount": 1,
        "userImage": "https://play-lh.googleusercontent.com/a/ACg8ocK5HX39OyBJQ7TTfZb-7IWONLPr0SJjHkMEQr93EgOu=mo",
        "userName": "jerry trimble"
    }
]