[
    {
        "appVersion": "1.3.4",
        "at": "2023-10-31 20:15:20",
        "content": "good",
        "repliedAt": "2023-11-07 00:08:06",
        "replyContent": "Thanks for the review. If you like our app, would you mind rating us 5 stars? That would be very encouraging for us.",
        "reviewCreatedVersion": "1.3.4",
        "reviewId": "1bc81811-29c7-4178-8d5c-6e1224101cfc",
        "score": 1,
        "thumbsUpCount": 0,
        "userImage": "https://play-lh.googleusercontent.com/a/ACg8ocLpFMf7FJzVT7IVVCtxc8fKm9UxXmtZ41kHcf2jrE4M=mo",
        "userName": "Aboun San\u00e9"
    },
    {
        "appVersion": "1.3.3",
        "at": "2023-07-20 10:44:53",
        "content": "so amazing",
        "repliedAt": "2023-07-28 01:55:05",
        "replyContent": "Thanks for taking out time to rate us. It really helps us to keep going and delivering the best :)",
        "reviewCreatedVersion": "1.3.3",
        "reviewId": "965ecc95-3025-4d88-bc3f-95164d581d07",
        "score": 5,
        "thumbsUpCount": 0,
        "userImage": "https://play-lh.googleusercontent.com/a/ACg8ocLMKwyAB-tqYmFaXImDTdfaPMpDDcSrQrT_KKFgzImR=mo",
        "userName": "Victor Palagee"
    },
    {
        "appVersion": "1.3.2",
        "at": "2023-01-26 03:02:40",
        "content": "I good",
        "repliedAt": "2023-01-26 12:43:42",
        "replyContent": "Many thanks for the 5-star rating. If there\u2019s anything we can do to improve our app, please let us know!",
        "reviewCreatedVersion": "1.3.2",
        "reviewId": "1af1d07a-3506-4376-a99f-cee782c9860d",
        "score": 5,
        "thumbsUpCount": 0,
        "userImage": "https://play-lh.googleusercontent.com/a-/ALV-UjUj_6Cwj4d3l_IxgmD5p4VFLT6VVt_AG-E2hIF8_-aiYQ",
        "userName": "Ezedike Liveth"
    }
]