[
    {
        "appVersion": "1.3.2",
        "at": "2023-08-04 16:41:37",
        "content": "Nice",
        "repliedAt": "2023-08-05 18:28:04",
        "replyContent": "Thanks for the 5 star rating. Hope you continue to use our app. If you have any feedback or suggestions, please write to us at vorevo.apps@gmail.com. We would love to hear from you!",
        "reviewCreatedVersion": "1.3.2",
        "reviewId": "d40d728f-027d-412e-a667-a3aa32c417a0",
        "score": 5,
        "thumbsUpCount": 0,
        "userImage": "https://play-lh.googleusercontent.com/a-/ALV-UjUr9d6ax07sJy6Wgy8Oc1AtzBmcbEHCV7LgQD0z63KwpBc",
        "userName": "Ronnie milton musisi"
    },
    {
        "appVersion": null,
        "at": "2023-07-29 08:26:36",
        "content": "good",
        "repliedAt": "2023-08-05 18:27:35",
        "replyContent": "Thanks for the review. If you like our app, would you mind rating us 5 stars? That would be very encouraging for us.",
        "reviewCreatedVersion": null,
        "reviewId": "a4a1d6e4-e249-469b-9687-f59c5b4b9ed6",
        "score": 1,
        "thumbsUpCount": 0,
        "userImage": "https://play-lh.googleusercontent.com/a-/ALV-UjVnoWW1L_3C7VqovloFH-1LCzF5dX0RAEZY0bd2g_WjDrg",
        "userName": "Calvin Nleya"
    },
    {
        "appVersion": "1.3.2",
        "at": "2023-05-03 01:38:33",
        "content": "very good",
        "repliedAt": "2023-05-10 19:55:11",
        "replyContent": "Hi, is there something we can do to get 5 stars? Please let us know at vorevo.apps@gmail.com.",
        "reviewCreatedVersion": "1.3.2",
        "reviewId": "658ec48d-4d31-4563-b118-5b795fe0153f",
        "score": 3,
        "thumbsUpCount": 0,
        "userImage": "https://play-lh.googleusercontent.com/a-/ALV-UjXj7w-d80Jn2k9aRREqs3YyznzPsNaccYMTWiKcsv-8M3g",
        "userName": "Dankyi Michael"
    }
]