[
    {
        "appVersion": "1.8.7",
        "at": "2023-11-20 09:22:00",
        "content": "Fantastic, so much information for anyone to delve into for research or knowledge. NASA, on top of the world.",
        "repliedAt": null,
        "replyContent": null,
        "reviewCreatedVersion": "1.8.7",
        "reviewId": "7858546b-4aaa-43f3-8961-bf7455e8ac80",
        "score": 5,
        "thumbsUpCount": 0,
        "userImage": "https://play-lh.googleusercontent.com/a/ACg8ocKPoKppDxDww0TWVl5HS01O0uZeKDUVUh7181YjThSv=mo",
        "userName": "John Draper"
    },
    {
        "appVersion": "1.8.7",
        "at": "2023-11-18 16:40:54",
        "content": "very informative and interactive app, definitely recommend to children interested in space",
        "repliedAt": null,
        "replyContent": null,
        "reviewCreatedVersion": "1.8.7",
        "reviewId": "de0243db-d53d-4dad-b4ea-b1c3c2b04ddb",
        "score": 5,
        "thumbsUpCount": 0,
        "userImage": "https://play-lh.googleusercontent.com/a-/ALV-UjXjKU0yKnhlw3RDtb4PLT-NAZbvZAL3ZEbZdooDU8wMLg",
        "userName": "Rv"
    },
    {
        "appVersion": "1.8.7",
        "at": "2023-11-12 23:32:06",
        "content": "really cool app, loved it as a space seeker.",
        "repliedAt": null,
        "replyContent": null,
        "reviewCreatedVersion": "1.8.7",
        "reviewId": "01f3a716-02f0-4562-9077-46faca202248",
        "score": 5,
        "thumbsUpCount": 0,
        "userImage": "https://play-lh.googleusercontent.com/a-/ALV-UjVueiBjnpn1UgJ5nrQi19RvEoVjpJP7SYgpX7c1vaKGS5Y",
        "userName": "Gamer 653 (SIFAT)"
    },
    {
        "appVersion": "1.8.7",
        "at": "2023-11-03 17:06:21",
        "content": "there are no particles only fields",
        "repliedAt": null,
        "replyContent": null,
        "reviewCreatedVersion": "1.8.7",
        "reviewId": "6d7768d6-856a-4ec6-85fc-2d9f522598d9",
        "score": 5,
        "thumbsUpCount": 0,
        "userImage": "https://play-lh.googleusercontent.com/a-/ALV-UjVcyDMIAVoUDXhA2vLq_UcStV2D2QgOCG-GSkHiAByOfEs",
        "userName": "Owen \u201cBig O\u201d Mark"
    },
    {
        "appVersion": "1.8.7",
        "at": "2023-11-03 15:16:43",
        "content": "Has tonnes and tonnes of data and information but on the quiz it is wrong it said I got a 1/22 multiply times. But the developer is working on it and replied to this review in like 10 minutes so this problem will be fixed \ud83d\ude01",
        "repliedAt": "2023-11-03 14:53:18",
        "replyContent": "Yes, sorry about that. I am aware of this issue and am already working on fixing it. Something is wrong with the calculations..",
        "reviewCreatedVersion": "1.8.7",
        "reviewId": "11b324eb-1a2d-4654-bbc9-aa5a8e027d07",
        "score": 5,
        "thumbsUpCount": 9,
        "userImage": "https://play-lh.googleusercontent.com/a-/ALV-UjWPMmtnRw4aKYqx_t_rOFZKb1Ij-0VyPGIVD1U2LuCNWok",
        "userName": "Kaiju A"
    },
    {
        "appVersion": "1.8.7",
        "at": "2023-11-01 10:30:43",
        "content": "I love this app, even though I just downloaded it, I am already in love with it. I just love how simple yet captivating this app is. I highly recommend this app fr!",
        "repliedAt": null,
        "replyContent": null,
        "reviewCreatedVersion": "1.8.7",
        "reviewId": "93776719-a636-4369-85cd-235a649559c8",
        "score": 5,
        "thumbsUpCount": 9,
        "userImage": "https://play-lh.googleusercontent.com/a-/ALV-UjU-s93olUy9J3QUHc9PN_LCboe7ntfVEoj7YfZex-AKN6fP",
        "userName": "Ananiah Tan"
    },
    {
        "appVersion": null,
        "at": "2023-10-24 15:16:55",
        "content": "Like it",
        "repliedAt": null,
        "replyContent": null,
        "reviewCreatedVersion": null,
        "reviewId": "40bd8571-8361-475f-a819-3a51b42cd423",
        "score": 5,
        "thumbsUpCount": 0,
        "userImage": "https://play-lh.googleusercontent.com/a/ACg8ocLu9uVYl6H3nPgO99XB6NgzKFbOXoaoCkqhFokxrJda=mo",
        "userName": "Caleb ODonoghue"
    },
    {
        "appVersion": "1.8.7",
        "at": "2023-10-24 10:45:54",
        "content": "nice",
        "repliedAt": null,
        "replyContent": null,
        "reviewCreatedVersion": "1.8.7",
        "reviewId": "0a4d28de-b4df-4f9e-b6c2-bd77e98b188e",
        "score": 5,
        "thumbsUpCount": 0,
        "userImage": "https://play-lh.googleusercontent.com/a/ACg8ocKzt4UqHUOC2UfSJ_30Tq0b5xjRaZkmyW5-6dl0fLNF=mo",
        "userName": "Khushi Sonawane"
    },
    {
        "appVersion": "1.8.7",
        "at": "2023-10-16 21:30:50",
        "content": "Great and informative",
        "repliedAt": null,
        "replyContent": null,
        "reviewCreatedVersion": "1.8.7",
        "reviewId": "53c57528-24a4-42d5-9809-021adb3d33fc",
        "score": 5,
        "thumbsUpCount": 0,
        "userImage": "https://play-lh.googleusercontent.com/a-/ALV-UjXZqYzUu10gdPkajQS0Mv3LwuiCBYd-7WCGrZcP8g-1PQ",
        "userName": "Solar MacKinnon"
    },
    {
        "appVersion": "1.8.7",
        "at": "2023-10-07 07:16:58",
        "content": "Love this app",
        "repliedAt": null,
        "replyContent": null,
        "reviewCreatedVersion": "1.8.7",
        "reviewId": "9c15e838-47d8-43bc-b368-edfe451c04ab",
        "score": 5,
        "thumbsUpCount": 3,
        "userImage": "https://play-lh.googleusercontent.com/a-/ALV-UjU7bD_oVMBZ67sGQuLFJNJKha3EOa0E7NM6iKmE3A4sDw",
        "userName": "Srishtirupa Srivastava"
    },
    {
        "appVersion": null,
        "at": "2023-10-06 10:33:48",
        "content": "It is very cool and i can explore a lot more about Space!!",
        "repliedAt": null,
        "replyContent": null,
        "reviewCreatedVersion": null,
        "reviewId": "bd05710b-97b9-431e-87dc-4f47519ca1e3",
        "score": 5,
        "thumbsUpCount": 0,
        "userImage": "https://play-lh.googleusercontent.com/a/ACg8ocK_hR4GVK9023GnKj-jjnk5vjvHJIU_4I23JVFtBbrq=mo",
        "userName": "enrix nunez"
    },
    {
        "appVersion": "1.8.7",
        "at": "2023-10-03 13:47:34",
        "content": "there is one fact wrong in the earth's facts, it's given that the length of day is 24 hrs 56 mins, it is actually 23 hrs 56 mins, so small change required there. nice app overall other than this :)",
        "repliedAt": null,
        "replyContent": null,
        "reviewCreatedVersion": "1.8.7",
        "reviewId": "a19226ed-bf8a-4c3e-82ad-77aafbfbc4b2",
        "score": 4,
        "thumbsUpCount": 53,
        "userImage": "https://play-lh.googleusercontent.com/a-/ALV-UjXvJC4n2766OYMo4iYdMNOseeu0SE_c4XnGL0DAbi-Lujk",
        "userName": "Abhinav Girish"
    },
    {
        "appVersion": "1.8.7",
        "at": "2023-09-25 03:50:11",
        "content": "Perfect",
        "repliedAt": null,
        "replyContent": null,
        "reviewCreatedVersion": "1.8.7",
        "reviewId": "3851d9fe-e581-4436-aa78-7f2ed5d73be7",
        "score": 5,
        "thumbsUpCount": 0,
        "userImage": "https://play-lh.googleusercontent.com/a/ACg8ocKNfs4BBieyLVVrqdolsEtgHyInMAH1dMTWNuAehd4=mo",
        "userName": "Farah Naidoo"
    },
    {
        "appVersion": "1.8.7",
        "at": "2023-09-24 05:51:02",
        "content": "Candace Johnson Yvonne \ud83e\udd11\ud83d\udcaf",
        "repliedAt": null,
        "replyContent": null,
        "reviewCreatedVersion": "1.8.7",
        "reviewId": "65142819-f2d9-4d01-89a7-d95dcc2d26ee",
        "score": 5,
        "thumbsUpCount": 0,
        "userImage": "https://play-lh.googleusercontent.com/a/ACg8ocIJNAEqvdNpcGCGlnIo2lxtfPZIxvOVVcF1m4wcX5s-=mo",
        "userName": "Candace John"
    },
    {
        "appVersion": "1.8.7",
        "at": "2023-09-24 01:26:48",
        "content": "it really tells me how the planets look and how far there away from the sun",
        "repliedAt": null,
        "replyContent": null,
        "reviewCreatedVersion": "1.8.7",
        "reviewId": "9e5f8cff-93fd-4b2d-bedf-1e696d3b18c7",
        "score": 5,
        "thumbsUpCount": 8,
        "userImage": "https://play-lh.googleusercontent.com/a/ACg8ocIM1aIW5eubwRuhHTVlI1lvdjs4NK9Mjy6wkLN3NwQ6=mo",
        "userName": "Andres Badillo"
    },
    {
        "appVersion": "1.8.7",
        "at": "2023-09-16 09:54:05",
        "content": "Best thing ever. You will get every single knowledge I love everything about this. Thank you developer",
        "repliedAt": null,
        "replyContent": null,
        "reviewCreatedVersion": "1.8.7",
        "reviewId": "d1a294a1-f0bd-471f-8b6b-9403a681a06a",
        "score": 5,
        "thumbsUpCount": 14,
        "userImage": "https://play-lh.googleusercontent.com/a-/ALV-UjV8LE4mi7sPd7nhiOzOl_O5bjQQkLCWExERiRYK0ak1XK4",
        "userName": "Rabbit"
    },
    {
        "appVersion": "1.8.7",
        "at": "2023-09-10 15:01:47",
        "content": "GOOD FOR EACH PERSON KNOWING & FOR DEVELOPMENT HERSELF",
        "repliedAt": null,
        "replyContent": null,
        "reviewCreatedVersion": "1.8.7",
        "reviewId": "47bc99f7-6d32-41ea-9c6c-b662b7a87c1c",
        "score": 5,
        "thumbsUpCount": 1,
        "userImage": "https://play-lh.googleusercontent.com/a/ACg8ocIqnqBctI0e_JC6YZXIp_XUzBRetuEfcis7JNfi8Yq2YQ=mo",
        "userName": "BIMAL KR CHHAJER"
    },
    {
        "appVersion": "1.8.7",
        "at": "2023-09-08 04:19:25",
        "content": "VALIDOTY DATE SPASE CRAFT",
        "repliedAt": null,
        "replyContent": null,
        "reviewCreatedVersion": "1.8.7",
        "reviewId": "73b543b6-f218-40cf-82a1-9f37b5183b38",
        "score": 5,
        "thumbsUpCount": 1,
        "userImage": "https://play-lh.googleusercontent.com/a/ACg8ocI0Xr5rAzw1ljSw-yflwY4VEP0Ej83lwUm0qsBicVPI=mo",
        "userName": "Tissy Augusthy"
    },
    {
        "appVersion": "1.8.6",
        "at": "2023-09-01 06:34:39",
        "content": "fascinating",
        "repliedAt": null,
        "replyContent": null,
        "reviewCreatedVersion": "1.8.6",
        "reviewId": "26d18ea3-accb-45fe-bc6b-f6dd7eb9ddc4",
        "score": 5,
        "thumbsUpCount": 0,
        "userImage": "https://play-lh.googleusercontent.com/a/ACg8ocIAEZ-22Jxckyb701_scLJdDEthdYNyzLG89uVSuLgl=mo",
        "userName": "Mareck"
    },
    {
        "appVersion": null,
        "at": "2023-08-23 11:34:13",
        "content": "Goooooooood",
        "repliedAt": null,
        "replyContent": null,
        "reviewCreatedVersion": null,
        "reviewId": "2bc27fb7-d1f1-4cb0-a36c-d07bfc5ca597",
        "score": 5,
        "thumbsUpCount": 0,
        "userImage": "https://play-lh.googleusercontent.com/a/ACg8ocLYz82BFLH62mYIriNjmo9HydSlPz_GHD_FGhk4tFhU=mo",
        "userName": "Bhaskarreddy Kavadapu"
    },
    {
        "appVersion": "1.8.5",
        "at": "2023-07-26 00:42:16",
        "content": "Amazing keep going",
        "repliedAt": null,
        "replyContent": null,
        "reviewCreatedVersion": "1.8.5",
        "reviewId": "f67b0ecf-d742-4311-acd9-c152e1c79e12",
        "score": 5,
        "thumbsUpCount": 5,
        "userImage": "https://play-lh.googleusercontent.com/a/ACg8ocIwmfR5WgqXfPCrhTheUPqwYe2KLF44eOE9gWPevJ06=mo",
        "userName": "Thimingalam"
    },
    {
        "appVersion": "1.8.5",
        "at": "2023-07-14 07:11:03",
        "content": "very good game",
        "repliedAt": null,
        "replyContent": null,
        "reviewCreatedVersion": "1.8.5",
        "reviewId": "36dba2e4-c20a-4822-8ce8-de6bbd05ea2b",
        "score": 5,
        "thumbsUpCount": 0,
        "userImage": "https://play-lh.googleusercontent.com/a-/ALV-UjVmvYxkON-lAdEyCpeEbTAEbSOm0-4FCY0koPONoaGmo8c",
        "userName": "Zara Bujupi"
    },
    {
        "appVersion": "1.8.4",
        "at": "2023-05-19 00:55:31",
        "content": "Lalalulsmulk",
        "repliedAt": null,
        "replyContent": null,
        "reviewCreatedVersion": "1.8.4",
        "reviewId": "2a5f78cb-96ad-45b3-8c75-4d42426d97d0",
        "score": 5,
        "thumbsUpCount": 0,
        "userImage": "https://play-lh.googleusercontent.com/a/ACg8ocLSAYs9LYEnxCceXjbMovky7r0qtHSxo7LGknRbfHen=mo",
        "userName": "Izzah AH"
    },
    {
        "appVersion": "1.8.2",
        "at": "2023-04-18 21:32:58",
        "content": "Not true fiction I think.",
        "repliedAt": null,
        "replyContent": null,
        "reviewCreatedVersion": "1.8.2",
        "reviewId": "e3a74eab-a5c7-4990-b75c-9f7defc9582d",
        "score": 1,
        "thumbsUpCount": 1,
        "userImage": "https://play-lh.googleusercontent.com/a/ACg8ocL9yoWrnkn0vzFIFOxlV1IPv2W1BENF41Jpm5awMtue=mo",
        "userName": "Destiny Guynes"
    },
    {
        "appVersion": "1.8.1",
        "at": "2023-04-09 12:29:45",
        "content": "Best app ever",
        "repliedAt": null,
        "replyContent": null,
        "reviewCreatedVersion": "1.8.1",
        "reviewId": "3dbddc08-e263-47c9-854e-c019b53375eb",
        "score": 5,
        "thumbsUpCount": 0,
        "userImage": "https://play-lh.googleusercontent.com/a-/ALV-UjURbnwi7ON5oA1Vpqpul9K1T1JO8ajtmZXHDGmjFRxC87Q",
        "userName": "KITE OF KPK"
    },
    {
        "appVersion": null,
        "at": "2023-04-04 02:44:51",
        "content": "This is good even it has iss. Is very good.\ud83d\ude0e",
        "repliedAt": null,
        "replyContent": null,
        "reviewCreatedVersion": null,
        "reviewId": "a02dab54-d8de-440f-add3-e3248a10ea58",
        "score": 5,
        "thumbsUpCount": 3,
        "userImage": "https://play-lh.googleusercontent.com/a-/ALV-UjWZrmdsXHfAFF_IHYZRBb9PjE6XER5eNx0jSaiZcNnSD-I",
        "userName": "thurain lin"
    },
    {
        "appVersion": "1.8.0",
        "at": "2023-03-25 20:44:26",
        "content": "I don't know how to play your game",
        "repliedAt": "2023-03-26 04:21:48",
        "replyContent": "it's not a game! it's an app where you can find lots of interesting facts and information about space",
        "reviewCreatedVersion": "1.8.0",
        "reviewId": "2a1fb86e-2dba-4351-a50b-152257e8d402",
        "score": 3,
        "thumbsUpCount": 3,
        "userImage": "https://play-lh.googleusercontent.com/a/ACg8ocJyC1tN5iG8RHZVjsInf5dqqBiG_jB_F5IT6eiOToP8=mo",
        "userName": "jennifer gomez"
    },
    {
        "appVersion": null,
        "at": "2023-03-17 08:09:16",
        "content": "Best app thank you",
        "repliedAt": null,
        "replyContent": null,
        "reviewCreatedVersion": null,
        "reviewId": "0d88580d-cd11-4e49-b284-4adfb2a0bb0d",
        "score": 5,
        "thumbsUpCount": 0,
        "userImage": "https://play-lh.googleusercontent.com/a/ACg8ocJpr4OtAShawtSdgDnKn5FCpD9rK2oj-1o-jI-a7XUE=mo",
        "userName": "Walaa fathy"
    },
    {
        "appVersion": "1.8.0",
        "at": "2023-03-13 23:29:49",
        "content": "3d \u090f\u0928\u093f\u092e\u0947\u0936\u0928 \u0935\u093e\u0932\u0940 \u092b\u0940\u091a\u0930 \u0932\u093e\u0907\u090f",
        "repliedAt": null,
        "replyContent": null,
        "reviewCreatedVersion": "1.8.0",
        "reviewId": "f18f52b5-7225-4ddd-a61a-80c2326f887c",
        "score": 4,
        "thumbsUpCount": 1,
        "userImage": "https://play-lh.googleusercontent.com/a-/ALV-UjUzcau_w1NxlPEsWU2wKYqnj11cG2dapPrN8bnIZygVwWU",
        "userName": "Saurabh Singh"
    },
    {
        "appVersion": "1.8.0",
        "at": "2023-03-12 06:07:16",
        "content": "This is really helpful \ud83d\ude03\ud83d\udc4d\ud83d\udc4d",
        "repliedAt": null,
        "replyContent": null,
        "reviewCreatedVersion": "1.8.0",
        "reviewId": "1abcc763-227e-4264-b6f5-aeda8e1e7d85",
        "score": 5,
        "thumbsUpCount": 7,
        "userImage": "https://play-lh.googleusercontent.com/a/ACg8ocJ445GfoLaRdlvBT2iO1qCxX2ljod4n3nENka7bh_Vs=mo",
        "userName": "Tablet Tabletovic"
    },
    {
        "appVersion": "1.8.0",
        "at": "2023-03-01 22:10:24",
        "content": "The only reason why I'm giving it this is because I was checking out something and for Neptune they actually have something that is incorrect Neptune has more rings than Saturn it says it only is five known Rings please correct this and I'll make a five stars",
        "repliedAt": null,
        "replyContent": null,
        "reviewCreatedVersion": "1.8.0",
        "reviewId": "c90462a0-f801-435b-a4b1-5dc27d2e211b",
        "score": 4,
        "thumbsUpCount": 24,
        "userImage": "https://play-lh.googleusercontent.com/a/ACg8ocIz2JOU7KVe5Q4XjF5rXlIN7_4bOCQu84ev_Nagw5QB=mo",
        "userName": "Jennifer Shepherd"
    },
    {
        "appVersion": null,
        "at": "2023-02-11 10:46:57",
        "content": "Idk I haven't played yet",
        "repliedAt": null,
        "replyContent": null,
        "reviewCreatedVersion": null,
        "reviewId": "c396e770-9750-4f24-93fc-01b52f8a7ecc",
        "score": 5,
        "thumbsUpCount": 0,
        "userImage": "https://play-lh.googleusercontent.com/a-/ALV-UjWndD3dEH7HhYsT_S-JHygrEmdmzXYs5-v_gCLsrwkgTPk",
        "userName": "BlueHeat caden"
    },
    {
        "appVersion": "1.7.5",
        "at": "2023-01-23 03:12:07",
        "content": "Excellent.",
        "repliedAt": null,
        "replyContent": null,
        "reviewCreatedVersion": "1.7.5",
        "reviewId": "1a41a9d8-46f0-4c9d-a737-b8fd676c140c",
        "score": 5,
        "thumbsUpCount": 0,
        "userImage": "https://play-lh.googleusercontent.com/a-/ALV-UjWINCjFMJt70goep23P46WTvAeAaipmrM6wZQ6xDTP5mAo",
        "userName": "Rakesh Kumar Jain"
    },
    {
        "appVersion": "1.7.5",
        "at": "2023-01-14 03:27:40",
        "content": "I installed this but not working. When i click this app, it shows opening screen for one second then it closes. \ud83d\ude21\ud83d\ude21 Had to uninstall",
        "repliedAt": null,
        "replyContent": null,
        "reviewCreatedVersion": "1.7.5",
        "reviewId": "ae1d92a7-57e7-42f7-8f50-c1a775caa47f",
        "score": 1,
        "thumbsUpCount": 8,
        "userImage": "https://play-lh.googleusercontent.com/a-/ALV-UjXNjsm9AemquZFwWbdDe7_KZaYOVh-SXdg0j3OoqaAxAH0",
        "userName": "Sunaja N"
    },
    {
        "appVersion": "1.7.5",
        "at": "2023-01-12 04:50:54",
        "content": "Excellent service",
        "repliedAt": null,
        "replyContent": null,
        "reviewCreatedVersion": "1.7.5",
        "reviewId": "9dab530b-be83-4ece-969b-d687703e30c4",
        "score": 5,
        "thumbsUpCount": 0,
        "userImage": "https://play-lh.googleusercontent.com/a-/ALV-UjXVJVAXXlMzCkYebkChFTmiAs79wMV0YB-FHZ6jEwueJQI",
        "userName": "Raja Sekar"
    },
    {
        "appVersion": "1.7.5",
        "at": "2022-12-30 09:58:06",
        "content": "Good",
        "repliedAt": null,
        "replyContent": null,
        "reviewCreatedVersion": "1.7.5",
        "reviewId": "93135778-3c2c-4b1b-b09a-88f3370b1598",
        "score": 5,
        "thumbsUpCount": 0,
        "userImage": "https://play-lh.googleusercontent.com/a-/ALV-UjXb5cW8wRiAweW2XN9mT6Ah6RUUNmIDixbH7F-oO75-EA",
        "userName": "Abdulla Dip"
    },
    {
        "appVersion": "1.7.5",
        "at": "2022-11-29 02:15:52",
        "content": "Everything is awesome but it would be more amazing if we would have the option for the 3-D images of all the objects.",
        "repliedAt": null,
        "replyContent": null,
        "reviewCreatedVersion": "1.7.5",
        "reviewId": "0b495853-66a5-4b22-8361-529954a73474",
        "score": 5,
        "thumbsUpCount": 28,
        "userImage": "https://play-lh.googleusercontent.com/a-/ALV-UjVldDS6805t8lk34_t9JMGOaSSaYAsBMHT7noFUBKWJtdQ",
        "userName": "SURYANSH SINGH"
    },
    {
        "appVersion": "1.7.4",
        "at": "2022-11-20 13:28:34",
        "content": "Cool and helpful app",
        "repliedAt": null,
        "replyContent": null,
        "reviewCreatedVersion": "1.7.4",
        "reviewId": "3c7637ed-2636-42af-b561-f93c4d0e6f29",
        "score": 4,
        "thumbsUpCount": 1,
        "userImage": "https://play-lh.googleusercontent.com/a-/ALV-UjVXNAbcV3_xlZlvdjR8URWDlibHcX72KdSEWX33Wi9D7t2q",
        "userName": "Carla Arcilla"
    },
    {
        "appVersion": null,
        "at": "2022-11-16 17:34:04",
        "content": "This is the best app for space lovers! It has all the thing you have to know about the universe! I really like the sky map feature 10/10",
        "repliedAt": null,
        "replyContent": null,
        "reviewCreatedVersion": null,
        "reviewId": "97bce095-679c-452e-88c2-0799fd4b2702",
        "score": 5,
        "thumbsUpCount": 14,
        "userImage": "https://play-lh.googleusercontent.com/a-/ALV-UjX2zq0A3mv4KX-H430Jn_kLOeFGBrGP9q4-wndNj4HpYQ",
        "userName": "babby reddy"
    },
    {
        "appVersion": "1.7.4",
        "at": "2022-11-03 12:52:15",
        "content": "Loved it",
        "repliedAt": null,
        "replyContent": null,
        "reviewCreatedVersion": "1.7.4",
        "reviewId": "f0620637-b844-40d7-8a64-7171caa59252",
        "score": 5,
        "thumbsUpCount": 1,
        "userImage": "https://play-lh.googleusercontent.com/a-/ALV-UjVNDm7BIAcfDjjxrudSIzn2HsdIoLxh5IYG6VjJnxgcIKE",
        "userName": "Utsav Choudhary"
    },
    {
        "appVersion": "1.7.4",
        "at": "2022-10-31 07:18:50",
        "content": "Exatime,Supertime",
        "repliedAt": null,
        "replyContent": null,
        "reviewCreatedVersion": "1.7.4",
        "reviewId": "358e717b-cbcc-40c3-9e8f-5ede5364230d",
        "score": 5,
        "thumbsUpCount": 0,
        "userImage": "https://play-lh.googleusercontent.com/a/ACg8ocJwgRhgUUDRDy2f2fJ8VDYpCJ3CA2FJngdSCvfGXPMg=mo",
        "userName": "Farzana Akter"
    },
    {
        "appVersion": "1.7.4",
        "at": "2022-10-28 01:43:34",
        "content": "Notice!!!!",
        "repliedAt": null,
        "replyContent": null,
        "reviewCreatedVersion": "1.7.4",
        "reviewId": "0c1ee2cf-0c57-499f-b990-b31cea4ecfb6",
        "score": 5,
        "thumbsUpCount": 1,
        "userImage": "https://play-lh.googleusercontent.com/a-/ALV-UjWfQyreoDPZ03RuBBEl3mhBkzGmC416-9LrTrhcfMzKtA",
        "userName": "rachelle sabrina fernandez"
    },
    {
        "appVersion": "1.7.4",
        "at": "2022-09-30 02:08:35",
        "content": "Good job it's perhaps one of the best VR apps out there \u263a\ufe0f",
        "repliedAt": null,
        "replyContent": null,
        "reviewCreatedVersion": "1.7.4",
        "reviewId": "f46ffa2a-bd87-4bd1-b6ca-00ac6f1cfdf3",
        "score": 5,
        "thumbsUpCount": 9,
        "userImage": "https://play-lh.googleusercontent.com/a-/ALV-UjXNm_eBZjUs6Qm25iwrBb8jAbUoCf4vFZLDfUzi8z1Le8U",
        "userName": "Chorono Trigger"
    },
    {
        "appVersion": "1.7.3",
        "at": "2022-08-29 06:32:03",
        "content": "I know this is gonna be great! I like space, so yeah! Hope there's no ads! Otherwise I give this 4 stars. But for now, 5's the jam! :)",
        "repliedAt": "2022-08-29 06:36:45",
        "replyContent": "Hi, thank you for your rating, we are glad that you like our application. We do not plan any advertisements in the future, although it would make our work much easier.",
        "reviewCreatedVersion": "1.7.3",
        "reviewId": "111be43d-eaa6-47f7-a5a8-434b4b7440b9",
        "score": 5,
        "thumbsUpCount": 13,
        "userImage": "https://play-lh.googleusercontent.com/a-/ALV-UjWosCFu-2qfUXgZHZ4CnasyKizfj-q6dTxrc9Qwimkz52gc",
        "userName": "Alfie Donoghue"
    },
    {
        "appVersion": "1.7.3",
        "at": "2022-08-05 11:11:39",
        "content": "Brilliant, all the basic information you need.",
        "repliedAt": "2022-08-05 11:51:52",
        "replyContent": "Thank you for your review. We are glad that you like our app. We are constantly improving the app and adding new content \u263a\ufe0f",
        "reviewCreatedVersion": "1.7.3",
        "reviewId": "fe663e7d-5d73-424b-94c0-c57b01d46335",
        "score": 5,
        "thumbsUpCount": 9,
        "userImage": "https://play-lh.googleusercontent.com/a/ACg8ocKSH0Ib5dsORqiJkrzzPcCjrGAo04lECRIF5727eYzW=mo",
        "userName": "Barry Stanford"
    },
    {
        "appVersion": "1.6.7",
        "at": "2022-05-28 03:04:45",
        "content": "What an app...super experience...\ud83d\ude07\ud83d\ude07\ud83d\ude07",
        "repliedAt": null,
        "replyContent": null,
        "reviewCreatedVersion": "1.6.7",
        "reviewId": "e31b0c33-81ad-4890-8ef5-798e5720ad06",
        "score": 5,
        "thumbsUpCount": 0,
        "userImage": "https://play-lh.googleusercontent.com/a/ACg8ocJAKu6thoMtF-mjnIgSATRaxEj7240w3eJrk0sR8wD2=mo",
        "userName": "Sajana KS"
    },
    {
        "appVersion": null,
        "at": "2022-05-21 14:33:11",
        "content": "Cooooooooooool app",
        "repliedAt": null,
        "replyContent": null,
        "reviewCreatedVersion": null,
        "reviewId": "4b9d3118-a4dc-42bd-bcbd-b063689289be",
        "score": 5,
        "thumbsUpCount": 4,
        "userImage": "https://play-lh.googleusercontent.com/a/ACg8ocIuedp9MjUDy12x0XKaVTaLi4tGAKlNh_XL71NArMlXUQ=mo",
        "userName": "Pinku Rez"
    },
    {
        "appVersion": "1.6.7",
        "at": "2022-04-17 04:44:12",
        "content": "Universe is an awesome app.I like it.I recommended it to all.",
        "repliedAt": null,
        "replyContent": null,
        "reviewCreatedVersion": "1.6.7",
        "reviewId": "4536218e-f545-4859-8dcc-7259356afafc",
        "score": 5,
        "thumbsUpCount": 1,
        "userImage": "https://play-lh.googleusercontent.com/a-/ALV-UjXwYherR-vnS9EFIJlQNSTz3d_o3xvHlogC3e320z1DsQ",
        "userName": "Abdullah Tariq"
    },
    {
        "appVersion": "1.6.7",
        "at": "2022-04-11 04:40:10",
        "content": "Universe Great app ever perfect app for learning i like this app i expected and much better than other astronomy app best educational application",
        "repliedAt": null,
        "replyContent": null,
        "reviewCreatedVersion": "1.6.7",
        "reviewId": "64d49e77-202f-4e31-903a-c707f685c4f1",
        "score": 5,
        "thumbsUpCount": 5,
        "userImage": "https://play-lh.googleusercontent.com/a-/ALV-UjWub12pjc3Pgyl2Cn-yxMj5T0MEP7udVkGrgvpUfMjf8A",
        "userName": "Gentleman jack"
    },
    {
        "appVersion": "1.6.7",
        "at": "2022-04-09 10:01:08",
        "content": "Best app to get knowledge about solar system in an interactive way.",
        "repliedAt": null,
        "replyContent": null,
        "reviewCreatedVersion": "1.6.7",
        "reviewId": "b59c314a-421d-405a-8e21-0504e9b850ea",
        "score": 5,
        "thumbsUpCount": 4,
        "userImage": "https://play-lh.googleusercontent.com/a-/ALV-UjUqLCIz6lu5NSO9v9U3BIn5UxvrSWTl2rtDRjCP7a4VCg",
        "userName": "noobieyt"
    },
    {
        "appVersion": "1.6.7",
        "at": "2022-02-27 12:51:04",
        "content": "This app is pretty good for information",
        "repliedAt": "2022-02-28 07:21:52",
        "replyContent": "Hello, thank you for your nice review. We are glad that you like our application. We are constantly working to improve the appearance, adding useful and interesting information.",
        "reviewCreatedVersion": "1.6.7",
        "reviewId": "d03d0ec9-67e0-4864-afaa-43f27ccd6b8e",
        "score": 5,
        "thumbsUpCount": 1,
        "userImage": "https://play-lh.googleusercontent.com/a-/ALV-UjUGVMSvqVy-jCmLWkvq63pIISxWXsmVZQFfdi1dpGQgp4s",
        "userName": "Giorno Giovanna"
    },
    {
        "appVersion": null,
        "at": "2021-12-17 06:00:12",
        "content": "Wow, i have always been looking for such app. Thank you",
        "repliedAt": null,
        "replyContent": null,
        "reviewCreatedVersion": null,
        "reviewId": "0cd0902f-f864-4086-ace4-d9563c469665",
        "score": 5,
        "thumbsUpCount": 1,
        "userImage": "https://play-lh.googleusercontent.com/a/ACg8ocIEv2vlFmCRO09iwD8tZOmaPnSp1rpk_ZGYVLD4yaFo=mo",
        "userName": "Miroslav Pavl\u00edk"
    }
]