[
    {
        "appVersion": null,
        "at": "2023-11-13 05:09:28",
        "content": "I've recently been informed that instead of owning only two devices it appears as though I own four. One being an Android I have on my person the other being a tablet from w h o o p that I also have on my person. There have been other logins however from various States as far as Denver Colorado Montana Nevada Wyoming etc from to seemingly identical devices using the exact same information what was brought to the attention of Google alert team was that those two... Do not have a passcode to get i",
        "repliedAt": null,
        "replyContent": null,
        "reviewCreatedVersion": null,
        "reviewId": "c4138338-d097-48ea-96ac-0b39c49f5bd5",
        "score": 4,
        "thumbsUpCount": 1,
        "userImage": "https://play-lh.googleusercontent.com/a/ACg8ocJcwSxHo4DvQj0Vp7nOY3kHFgU80S7xciy4ExZ1aGiY=mo",
        "userName": "Patty elaine Musgrove"
    },
    {
        "appVersion": null,
        "at": "2023-11-12 20:22:25",
        "content": "I would not recommend anyone to download this app it's a waste of time \ud83d\ude21",
        "repliedAt": null,
        "replyContent": null,
        "reviewCreatedVersion": null,
        "reviewId": "d4fee1c4-84a0-4adc-b26e-80bc49ece6f5",
        "score": 1,
        "thumbsUpCount": 0,
        "userImage": "https://play-lh.googleusercontent.com/a/ACg8ocIHYXy0yyow3ehg-9mMEtCa1JAP-NtErnQkdcQXVOWR=mo",
        "userName": "Masego Olitilwe"
    },
    {
        "appVersion": "1.8",
        "at": "2023-11-12 12:07:54",
        "content": "Very good.",
        "repliedAt": null,
        "replyContent": null,
        "reviewCreatedVersion": "1.8",
        "reviewId": "ebe9955f-7db4-4cd4-b5bf-e6bb5fd5650a",
        "score": 5,
        "thumbsUpCount": 0,
        "userImage": "https://play-lh.googleusercontent.com/a/ACg8ocITpmvEfjt7DRI9bIuycn6UISBvR-Ao8l4pSyiI845e=mo",
        "userName": "Beretta Tim"
    },
    {
        "appVersion": null,
        "at": "2023-11-10 12:06:03",
        "content": "Like to use",
        "repliedAt": null,
        "replyContent": null,
        "reviewCreatedVersion": null,
        "reviewId": "6908e042-84ce-4c84-9611-1eef40e07876",
        "score": 1,
        "thumbsUpCount": 0,
        "userImage": "https://play-lh.googleusercontent.com/a/ACg8ocKOUBAMulEc6_zemcLqyVwUmsq5RHnIzA0_zNWuBlS2=mo",
        "userName": "Ectory Kiponda"
    },
    {
        "appVersion": "1.7",
        "at": "2023-11-10 10:01:55",
        "content": "It does everything, but you must learn by username Christopher knight",
        "repliedAt": null,
        "replyContent": null,
        "reviewCreatedVersion": "1.7",
        "reviewId": "f6bf40e9-c2d9-45d9-9993-aa6ed4937114",
        "score": 5,
        "thumbsUpCount": 4,
        "userImage": "https://play-lh.googleusercontent.com/a/ACg8ocIpxadxoBQ0YL3ozCSpRlsk0HYANGy1wkwpqihuJH7V=mo",
        "userName": "Chris Knight"
    },
    {
        "appVersion": null,
        "at": "2023-11-10 07:37:15",
        "content": "It is to find the person where he is, not necessarily this app must be with that person then only I can found, it's base less. Motto is to track any phone number at any time by this app. But it is not like that",
        "repliedAt": null,
        "replyContent": null,
        "reviewCreatedVersion": null,
        "reviewId": "3059d18a-873f-4584-9904-b5777f850a0a",
        "score": 2,
        "thumbsUpCount": 4,
        "userImage": "https://play-lh.googleusercontent.com/a-/ALV-UjV9wwis8v8ktSfq1-KlNodrLWHK4hqw2ffBEF_dwh_VBPi0",
        "userName": "Dilip Kumar Jena"
    },
    {
        "appVersion": "1.7",
        "at": "2023-11-09 12:33:59",
        "content": "good",
        "repliedAt": null,
        "replyContent": null,
        "reviewCreatedVersion": "1.7",
        "reviewId": "509adffd-cf28-4208-be74-1a3a5d0ea59a",
        "score": 4,
        "thumbsUpCount": 0,
        "userImage": "https://play-lh.googleusercontent.com/a/ACg8ocKzNKX9-B8BSJeiBThJUJ9Pu01owcGQ22fKqKIgjACu=mo",
        "userName": "ASIM KUMAR MONDAL"
    },
    {
        "appVersion": null,
        "at": "2023-11-09 12:03:44",
        "content": "This app helps women to track their husband",
        "repliedAt": null,
        "replyContent": null,
        "reviewCreatedVersion": null,
        "reviewId": "c2d021e5-1225-44d7-b88b-a91565e96976",
        "score": 5,
        "thumbsUpCount": 8,
        "userImage": "https://play-lh.googleusercontent.com/a/ACg8ocIRt8Kmv74ds0RSPhkfaDbhvh1XtuTEcLiV2-0hH0Xh=mo",
        "userName": "Uloko Mercy"
    },
    {
        "appVersion": "1.8",
        "at": "2023-11-08 11:29:38",
        "content": "Nice app",
        "repliedAt": null,
        "replyContent": null,
        "reviewCreatedVersion": "1.8",
        "reviewId": "c4deb0df-7ddb-47a4-9770-796cdbe11cf7",
        "score": 3,
        "thumbsUpCount": 5,
        "userImage": "https://play-lh.googleusercontent.com/a/ACg8ocI3dC0Gj4Zzt8xXPv5aXfL5W_dqY6mI_yyl_jbFOAmZ=mo",
        "userName": "Rubi Dutta"
    },
    {
        "appVersion": "1.3",
        "at": "2023-10-31 12:16:18",
        "content": "Good",
        "repliedAt": null,
        "replyContent": null,
        "reviewCreatedVersion": "1.3",
        "reviewId": "8fe4df50-e841-45de-bced-a344b3a36e5a",
        "score": 5,
        "thumbsUpCount": 10,
        "userImage": "https://play-lh.googleusercontent.com/a-/ALV-UjUiEcUKBlk-YUl73jMWVTfyqlcH0Z83jl9WKHm1pH9FaSo",
        "userName": "Sayed inayatullah"
    },
    {
        "appVersion": "1.3",
        "at": "2023-10-30 14:04:49",
        "content": "thankes",
        "repliedAt": null,
        "replyContent": null,
        "reviewCreatedVersion": "1.3",
        "reviewId": "966755b5-223c-4901-b072-119aba6f25f4",
        "score": 5,
        "thumbsUpCount": 8,
        "userImage": "https://play-lh.googleusercontent.com/a/ACg8ocJ-Xvnj7Gn9GdGwVNQfX-NohbZt_OAWLVVyYIJZkskq=mo",
        "userName": "Ferdos Mohammedyasinn"
    },
    {
        "appVersion": "1.3",
        "at": "2023-10-11 05:28:24",
        "content": "ok",
        "repliedAt": null,
        "replyContent": null,
        "reviewCreatedVersion": "1.3",
        "reviewId": "e39b4897-202b-4fc6-acbf-17b0e27906c0",
        "score": 5,
        "thumbsUpCount": 11,
        "userImage": "https://play-lh.googleusercontent.com/a/ACg8ocK-duTgDPh_Kv_1qZvX5qZ0oqOAmmuFABD0P2gcJCTt=mo",
        "userName": "Jiban Chetry"
    }
]