[
    {
        "appVersion": null,
        "at": "2023-09-26 11:49:41",
        "content": "\ud83d\udcaf",
        "repliedAt": null,
        "replyContent": null,
        "reviewCreatedVersion": null,
        "reviewId": "e20ccb93-e3f8-48a3-ba71-76af5be1e7a9",
        "score": 5,
        "thumbsUpCount": 0,
        "userImage": "https://play-lh.googleusercontent.com/a-/ALV-UjXSX6gKzk92zkrHfOTMbzrpjy3tUUFnIaver3FkXzGDQGs",
        "userName": "JAMES ALLEN MILLER"
    },
    {
        "appVersion": null,
        "at": "2023-09-17 13:00:30",
        "content": "Abnormal",
        "repliedAt": null,
        "replyContent": null,
        "reviewCreatedVersion": null,
        "reviewId": "45ba10bb-e52b-4300-b26a-3d126ff62cb5",
        "score": 1,
        "thumbsUpCount": 0,
        "userImage": "https://play-lh.googleusercontent.com/a-/ALV-UjXdhhj8r9pS_bg6nqEa7I9KuZo6rkB-nlZ2_rHv0vhzjg",
        "userName": "Haley A. Marshall"
    },
    {
        "appVersion": null,
        "at": "2023-08-17 02:08:19",
        "content": "Scam",
        "repliedAt": null,
        "replyContent": null,
        "reviewCreatedVersion": null,
        "reviewId": "cbe718f1-6c48-47ab-8825-dcf6548508ab",
        "score": 1,
        "thumbsUpCount": 0,
        "userImage": "https://play-lh.googleusercontent.com/a-/ALV-UjXLDIBO-6SsKRECi8R59JG_JfQpTO9Nf1HYUny7Wi8zWv-w",
        "userName": "Erica Sexton"
    },
    {
        "appVersion": "1.5",
        "at": "2023-08-14 07:42:15",
        "content": "It's ok for I phone",
        "repliedAt": null,
        "replyContent": null,
        "reviewCreatedVersion": "1.5",
        "reviewId": "be3fc542-7f69-4c00-875c-778eb27dd24b",
        "score": 4,
        "thumbsUpCount": 0,
        "userImage": "https://play-lh.googleusercontent.com/a/ACg8ocL_fNNLqszhnuX8mJwKQ-50zX0dKwfCvCVFwd-s84Md=mo",
        "userName": "George"
    },
    {
        "appVersion": "1.5",
        "at": "2023-08-05 18:17:26",
        "content": "Didn't work for any phone",
        "repliedAt": null,
        "replyContent": null,
        "reviewCreatedVersion": "1.5",
        "reviewId": "9546898b-fd81-40c8-b84b-da9c1957bf13",
        "score": 1,
        "thumbsUpCount": 2,
        "userImage": "https://play-lh.googleusercontent.com/a/ACg8ocKCaa1dmTw2oRhKwlo617dd_WAkGN7HVBwUfhLUkkhy=mo",
        "userName": "Tracieann Rhodes"
    },
    {
        "appVersion": null,
        "at": "2023-08-05 02:38:52",
        "content": "Nn",
        "repliedAt": null,
        "replyContent": null,
        "reviewCreatedVersion": null,
        "reviewId": "8b29e9c1-0610-4074-a581-fbe04b97b70d",
        "score": 5,
        "thumbsUpCount": 0,
        "userImage": "https://play-lh.googleusercontent.com/a-/ALV-UjV0zAo6U9dw8SN4MGx2d2cHxFusAVbLHIEmdBcNa2rHbJg",
        "userName": "Chasity R"
    },
    {
        "appVersion": "1.2",
        "at": "2023-07-29 13:24:39",
        "content": "Good for those certain days you want to say: \" DROID I am your MAAASTERRRR!!!!!\"\u00bf\u00a1 ................\ud83c\udf08\ud83d\udcaa\ud83d\ude18\u270c\ufe0f\ud83c\udff3\ufe0f\u200d\ud83c\udf08=#\ud83c\udf08L\ud83d\udcaaO\ud83d\ude18V\u270c\ufe0fE\ud83c\udff3\ufe0f\u200d\ud83c\udf08it#",
        "repliedAt": null,
        "replyContent": null,
        "reviewCreatedVersion": "1.2",
        "reviewId": "a1f60f0a-bd15-4356-977d-cccf3314d66d",
        "score": 5,
        "thumbsUpCount": 9,
        "userImage": "https://play-lh.googleusercontent.com/a-/ALV-UjVfpf5NlpHzn2_73b_R3HMl5YPD5BNiYho7qxTbwgYuvkkp",
        "userName": "Eric G. Perry"
    },
    {
        "appVersion": "1.1",
        "at": "2023-07-24 03:05:54",
        "content": "Great app it's been helpful for me already",
        "repliedAt": null,
        "replyContent": null,
        "reviewCreatedVersion": "1.1",
        "reviewId": "70457bc5-aa47-4d85-952b-5668d9a1e707",
        "score": 5,
        "thumbsUpCount": 5,
        "userImage": "https://play-lh.googleusercontent.com/a/ACg8ocJJXCrNRn89oQWy_N0PsOIaUrBMhty-Cm4N15s-j5_z=mo",
        "userName": "Shawn Sabins"
    },
    {
        "appVersion": "1.1",
        "at": "2023-07-09 00:43:44",
        "content": "Only apple iphoned? That sucks big time",
        "repliedAt": null,
        "replyContent": null,
        "reviewCreatedVersion": "1.1",
        "reviewId": "baa97c5f-0ac5-4562-a0ab-3d00b79a345c",
        "score": 1,
        "thumbsUpCount": 7,
        "userImage": "https://play-lh.googleusercontent.com/a/ACg8ocIagFU777le-cmS11NMyC7vdmCq1HELLMarpfJa0ep2=mo",
        "userName": "florence bradfield"
    },
    {
        "appVersion": null,
        "at": "2023-06-08 08:35:04",
        "content": "Awesome thanks",
        "repliedAt": null,
        "replyContent": null,
        "reviewCreatedVersion": null,
        "reviewId": "1921c706-c992-48be-bb24-d033429d3be1",
        "score": 5,
        "thumbsUpCount": 8,
        "userImage": "https://play-lh.googleusercontent.com/a-/ALV-UjWgpuIMh2R6xTQTSbXCY63RaKOVx5nbTfH_E1xq7Ztfwg",
        "userName": "Belinda grubb"
    },
    {
        "appVersion": null,
        "at": "2023-05-26 04:12:54",
        "content": "Rough app",
        "repliedAt": null,
        "replyContent": null,
        "reviewCreatedVersion": null,
        "reviewId": "57d3f544-411b-4abb-b858-057824480525",
        "score": 2,
        "thumbsUpCount": 10,
        "userImage": "https://play-lh.googleusercontent.com/a/ACg8ocJA4kbRo51d3lGBa6tGvEen5MZa0eNyJV8_tkHYH6xB=mo",
        "userName": "Rolando Acosta"
    }
]