[
    {
        "appVersion": null,
        "at": "2023-07-23 20:30:07",
        "content": "A very nonsense app very confusing totally scame",
        "repliedAt": "2023-07-24 05:18:56",
        "replyContent": "We're sorry to hear that the DogeChain explorer application didn't meet your expectations. Please refer to the Dogecoin community to address your needs.",
        "reviewCreatedVersion": null,
        "reviewId": "be630b22-8133-4b01-85f2-d4221d30e9bf",
        "score": 1,
        "thumbsUpCount": 0,
        "userImage": "https://play-lh.googleusercontent.com/a-/ALV-UjWonrgGVMEL8fRgtzIvwm_R1zvzzy7wkfWvUg-BUNudkA",
        "userName": "Ikechukwu Chukwunonso"
    }
]