[
    {
        "appVersion": "1.0.3",
        "at": "2023-11-19 13:40:45",
        "content": "So nice and awesome",
        "repliedAt": null,
        "replyContent": null,
        "reviewCreatedVersion": "1.0.3",
        "reviewId": "b4988c0f-5c77-413c-a1c8-9685c5463e4e",
        "score": 5,
        "thumbsUpCount": 0,
        "userImage": "https://play-lh.googleusercontent.com/a-/ALV-UjWMjyj9OLB3-pueHtpDIHIHG22dt5Rn3Y9MpUtMWxHmew",
        "userName": "Shadia1626"
    },
    {
        "appVersion": "1.0.4",
        "at": "2023-11-17 14:05:53",
        "content": "Change withdraw method Cwallet",
        "repliedAt": null,
        "replyContent": null,
        "reviewCreatedVersion": "1.0.4",
        "reviewId": "599d6f0f-96ee-4025-80a3-c83e3e0f047c",
        "score": 1,
        "thumbsUpCount": 0,
        "userImage": "https://play-lh.googleusercontent.com/a-/ALV-UjXMQcLWyjFLTY_Mkch_2SFDwhUkqUplbTonrUVMlMKNug4",
        "userName": "Gaurav Bhattarai"
    },
    {
        "appVersion": "1.0.4",
        "at": "2023-11-17 04:38:28",
        "content": "good",
        "repliedAt": null,
        "replyContent": null,
        "reviewCreatedVersion": "1.0.4",
        "reviewId": "bf18bb95-0dab-44df-8126-67cfe0065b98",
        "score": 5,
        "thumbsUpCount": 0,
        "userImage": "https://play-lh.googleusercontent.com/a-/ALV-UjUE-TDF0TJwCOyLnk5q4aGcWraASihMg9oU7CqK9vwM6A",
        "userName": "Urias Davila"
    },
    {
        "appVersion": "1.0.4",
        "at": "2023-11-14 12:31:07",
        "content": "Not working",
        "repliedAt": null,
        "replyContent": null,
        "reviewCreatedVersion": "1.0.4",
        "reviewId": "3e5230e6-06b9-4cc0-9613-2146cb20bd5c",
        "score": 1,
        "thumbsUpCount": 0,
        "userImage": "https://play-lh.googleusercontent.com/a-/ALV-UjXbTu2X59V5Zq0ZJim2D2xObf8UAgE_sdFpE7pEgqQVKQ",
        "userName": "Mohammad Raju"
    },
    {
        "appVersion": "1.0.4",
        "at": "2023-11-14 10:58:34",
        "content": "Good project",
        "repliedAt": null,
        "replyContent": null,
        "reviewCreatedVersion": "1.0.4",
        "reviewId": "57dd030f-9bf6-4983-a032-a0757f895d5e",
        "score": 5,
        "thumbsUpCount": 0,
        "userImage": "https://play-lh.googleusercontent.com/a-/ALV-UjXEoX1LpLPzfnyofT8LDBSzY_tLuAe43YYMvny5duwm4Q",
        "userName": "Olayiwola Rasaq Ayobami (ayrasaq)"
    },
    {
        "appVersion": "1.0.4",
        "at": "2023-11-13 08:06:33",
        "content": "It is a good app only need to work on refferal as I have tried and didn't get token floki's...and also couldn't mail to support team about it.",
        "repliedAt": null,
        "replyContent": null,
        "reviewCreatedVersion": "1.0.4",
        "reviewId": "43397b36-44b0-480e-aebf-b3a66ae1c7f5",
        "score": 3,
        "thumbsUpCount": 0,
        "userImage": "https://play-lh.googleusercontent.com/a-/ALV-UjXezzDWra52to_V6eAJiO8YRmSfLZoJBA2d6y-VZ3lnSjU",
        "userName": "AKSHAY PATIL"
    },
    {
        "appVersion": null,
        "at": "2023-11-13 07:32:48",
        "content": "Nice",
        "repliedAt": null,
        "replyContent": null,
        "reviewCreatedVersion": null,
        "reviewId": "bafebe79-c883-4540-8ce4-b3963185db61",
        "score": 5,
        "thumbsUpCount": 0,
        "userImage": "https://play-lh.googleusercontent.com/a-/ALV-UjXKU35soUex87X3dFonT_xTLENwfvFYSVibh3MdJ5ogGM8",
        "userName": "Ibrahim daurawa"
    },
    {
        "appVersion": "1.0.4",
        "at": "2023-11-10 23:53:07",
        "content": "its good and legit...",
        "repliedAt": null,
        "replyContent": null,
        "reviewCreatedVersion": "1.0.4",
        "reviewId": "3e99cf9d-01e1-4471-8493-84c09801cee9",
        "score": 5,
        "thumbsUpCount": 0,
        "userImage": "https://play-lh.googleusercontent.com/a-/ALV-UjUDgyL36rdMOPzitJqwqmZaME4wq2G_NeI3oCc2fSuADJg",
        "userName": "Hafizal Aziz"
    },
    {
        "appVersion": "1.0.4",
        "at": "2023-11-06 20:58:22",
        "content": "Good app",
        "repliedAt": null,
        "replyContent": null,
        "reviewCreatedVersion": "1.0.4",
        "reviewId": "9681d632-af1e-4359-b986-d966ff6993b3",
        "score": 5,
        "thumbsUpCount": 0,
        "userImage": "https://play-lh.googleusercontent.com/a/ACg8ocLwTRkCBNbpYyRSNm3abK-9NOqiuQGXwqaFY9PPHmly=mo",
        "userName": "ahmad md"
    },
    {
        "appVersion": "1.0.4",
        "at": "2023-11-03 08:56:38",
        "content": "nice crypto coin floki faucet",
        "repliedAt": null,
        "replyContent": null,
        "reviewCreatedVersion": "1.0.4",
        "reviewId": "d015e7e1-8110-4f88-889d-2ffa0dcd4787",
        "score": 3,
        "thumbsUpCount": 0,
        "userImage": "https://play-lh.googleusercontent.com/a-/ALV-UjV0O8aDJnn6h9OBv_QUUpHH84Awie8NWj6my01r35n4fw",
        "userName": "K.A. BABU"
    },
    {
        "appVersion": "1.0.4",
        "at": "2023-11-03 06:29:45",
        "content": "good",
        "repliedAt": null,
        "replyContent": null,
        "reviewCreatedVersion": "1.0.4",
        "reviewId": "286fda1a-e0c7-46fa-ae2a-299850c03f29",
        "score": 3,
        "thumbsUpCount": 0,
        "userImage": "https://play-lh.googleusercontent.com/a-/ALV-UjUznG7q80QnOJzWBvEjiMbkVLGVF6mbfKIJiDF92ISVzQ",
        "userName": "Gk Samibinge"
    },
    {
        "appVersion": "1.0.4",
        "at": "2023-11-02 03:15:17",
        "content": "The platform is amazing..I hope it pay out once I reach the threshold but I have related app for Pepe which truly pays. once I receive my floki to my wallet I will come back to give 5star",
        "repliedAt": null,
        "replyContent": null,
        "reviewCreatedVersion": "1.0.4",
        "reviewId": "7120eaf9-3368-4152-87ad-c9fabba4b7ae",
        "score": 3,
        "thumbsUpCount": 0,
        "userImage": "https://play-lh.googleusercontent.com/a-/ALV-UjVWR2scamkzP4dXPSXxNzcbD8enxDJOPC0QbLvUQL2xoQ",
        "userName": "Yomi Williams Idowu"
    },
    {
        "appVersion": "1.0.4",
        "at": "2023-10-31 14:01:02",
        "content": "Good app",
        "repliedAt": null,
        "replyContent": null,
        "reviewCreatedVersion": "1.0.4",
        "reviewId": "51d9832b-7b72-4ce6-9a05-305023a8187e",
        "score": 5,
        "thumbsUpCount": 0,
        "userImage": "https://play-lh.googleusercontent.com/a-/ALV-UjUqMNa3qGmi7myS1KoHH98cAdGjqBTPMm-uKyX1YmZFJA",
        "userName": "Seraz Tonmoy"
    },
    {
        "appVersion": "1.0.4",
        "at": "2023-10-29 01:10:55",
        "content": "Apps problem",
        "repliedAt": null,
        "replyContent": null,
        "reviewCreatedVersion": "1.0.4",
        "reviewId": "a9f1be52-267b-418c-a211-cedf2aa085fe",
        "score": 1,
        "thumbsUpCount": 0,
        "userImage": "https://play-lh.googleusercontent.com/a/ACg8ocKvC5CIsagsdooYulAG3o3PGf66WH10NgMP4RdGQLrD=mo",
        "userName": "soner bangla"
    },
    {
        "appVersion": null,
        "at": "2023-10-28 20:40:15",
        "content": "Good",
        "repliedAt": null,
        "replyContent": null,
        "reviewCreatedVersion": null,
        "reviewId": "1b178160-e453-4508-a652-a75176aaead8",
        "score": 5,
        "thumbsUpCount": 0,
        "userImage": "https://play-lh.googleusercontent.com/a/ACg8ocKGfKnrC76a41XMrqDW7MjUTUFFkj37CFTWVTkap26x=mo",
        "userName": "Shabir Mughal"
    },
    {
        "appVersion": "1.0.4",
        "at": "2023-10-28 13:59:49",
        "content": "Best paying app I have ever seen, direct to your Bianace. So am giving them five star",
        "repliedAt": null,
        "replyContent": null,
        "reviewCreatedVersion": "1.0.4",
        "reviewId": "48bd33bd-3354-4f0a-9556-1a7390ba8554",
        "score": 5,
        "thumbsUpCount": 0,
        "userImage": "https://play-lh.googleusercontent.com/a/ACg8ocIOmdAJKJ1S9N4gJbvt7bApUKvo7jq6c_Eg-OUCIx59=mo",
        "userName": "Ezeobi Blessing"
    },
    {
        "appVersion": null,
        "at": "2023-10-27 08:40:47",
        "content": "Trash",
        "repliedAt": null,
        "replyContent": null,
        "reviewCreatedVersion": null,
        "reviewId": "fcadb339-4676-45ca-82db-dfd788f60335",
        "score": 1,
        "thumbsUpCount": 0,
        "userImage": "https://play-lh.googleusercontent.com/a/ACg8ocL8CfO-jJHEiUo4-1MHiyfk30Gl6LXC8bhOaVrRpLqx=mo",
        "userName": "GOLDEN BOY"
    },
    {
        "appVersion": "1.0.4",
        "at": "2023-10-26 18:39:12",
        "content": "Floki faucet is legit. Withdrawal into binance wallet confirmed.",
        "repliedAt": null,
        "replyContent": null,
        "reviewCreatedVersion": "1.0.4",
        "reviewId": "32449d94-6c7b-4eec-a135-7e62ba558302",
        "score": 5,
        "thumbsUpCount": 0,
        "userImage": "https://play-lh.googleusercontent.com/a/ACg8ocJXkDEBfriXcmH6v3ytZYKARPyCzqpNTZ2WhhjebDkL=mo",
        "userName": "GOODLUCK U IRHIEMI"
    },
    {
        "appVersion": "1.0.4",
        "at": "2023-10-25 22:24:40",
        "content": "May pamat not rasive binance acont 5 day",
        "repliedAt": null,
        "replyContent": null,
        "reviewCreatedVersion": "1.0.4",
        "reviewId": "d751a899-7454-4235-ad2f-0f63c6093f9d",
        "score": 2,
        "thumbsUpCount": 0,
        "userImage": "https://play-lh.googleusercontent.com/a-/ALV-UjUuiy9UzCg4jtIAXtwkblFx3QJ4n6XxSPfASzaV5Rw68Q",
        "userName": "Naveed hanif"
    },
    {
        "appVersion": "1.0.4",
        "at": "2023-10-24 05:43:50",
        "content": "Good App very easy earn crypto",
        "repliedAt": null,
        "replyContent": null,
        "reviewCreatedVersion": "1.0.4",
        "reviewId": "d1a99bad-630c-41e9-9b7d-4c6a23781d86",
        "score": 5,
        "thumbsUpCount": 0,
        "userImage": "https://play-lh.googleusercontent.com/a-/ALV-UjUq3haDc1BltNTWlf5NtFv1LMHRJVJgmPgkiL4eZeljudI",
        "userName": "Faizu and you"
    },
    {
        "appVersion": "1.0.4",
        "at": "2023-10-24 00:37:52",
        "content": "Good job here payment is fast but work on the adds pls",
        "repliedAt": null,
        "replyContent": null,
        "reviewCreatedVersion": "1.0.4",
        "reviewId": "342cb63a-8d32-4159-b653-8614ea75502a",
        "score": 4,
        "thumbsUpCount": 0,
        "userImage": "https://play-lh.googleusercontent.com/a-/ALV-UjXcrKANN6Rwm2RYtL965dCQ44NwkWItY3RY-fM6mb2sNnI",
        "userName": "Ernest Obinna"
    },
    {
        "appVersion": "1.0.4",
        "at": "2023-10-22 14:24:00",
        "content": "This app recommend for everyone it's really pay Don't be erected with ad there are alot of ad but it's really pay Thanks to app developer",
        "repliedAt": null,
        "replyContent": null,
        "reviewCreatedVersion": "1.0.4",
        "reviewId": "772caf60-52c4-4d12-a8e5-65d756c9e721",
        "score": 5,
        "thumbsUpCount": 1,
        "userImage": "https://play-lh.googleusercontent.com/a-/ALV-UjXZ7D1loYvPriAHWipm9EOxJqpIZnlGIYK1WHOjCtoBwag",
        "userName": "travel with kallu"
    },
    {
        "appVersion": "1.0.4",
        "at": "2023-10-21 21:46:24",
        "content": "It seems to be a reliable and fast in it's functionality",
        "repliedAt": null,
        "replyContent": null,
        "reviewCreatedVersion": "1.0.4",
        "reviewId": "3fcf688e-7fbf-481c-a649-578381d1ceeb",
        "score": 5,
        "thumbsUpCount": 0,
        "userImage": "https://play-lh.googleusercontent.com/a/ACg8ocLSsIPlIYpaNzyjOhplFUL1C-4QZQ2qHMqwlEo4IfCP=mo",
        "userName": "Archilaus Burchard"
    },
    {
        "appVersion": "1.0.4",
        "at": "2023-10-20 18:37:20",
        "content": "l make it ,3 Star",
        "repliedAt": null,
        "replyContent": null,
        "reviewCreatedVersion": "1.0.4",
        "reviewId": "aadb25b5-2492-4231-8795-ffd4e6b4ee92",
        "score": 3,
        "thumbsUpCount": 0,
        "userImage": "https://play-lh.googleusercontent.com/a/ACg8ocLLhFoQHD8cvWdwCZKXtkT0ikSvKOoGQj0sFvwrK7P3=mo",
        "userName": "ABDULRASHEED ABDULLAHI"
    },
    {
        "appVersion": "1.0.4",
        "at": "2023-10-17 08:27:19",
        "content": "I love this app",
        "repliedAt": null,
        "replyContent": null,
        "reviewCreatedVersion": "1.0.4",
        "reviewId": "9291fbf7-da69-4ccd-b384-9325990add74",
        "score": 5,
        "thumbsUpCount": 0,
        "userImage": "https://play-lh.googleusercontent.com/a/ACg8ocKzIYuiVoudOXw4-u0Yp8-UuXmEEVrEd1SwF9nl-J9f=mo",
        "userName": "Folorunsho Martins"
    },
    {
        "appVersion": "1.0.4",
        "at": "2023-10-17 05:28:51",
        "content": "Perfect App. Delivers promptly.",
        "repliedAt": null,
        "replyContent": null,
        "reviewCreatedVersion": "1.0.4",
        "reviewId": "b2bb8851-ff96-4bca-90ee-cfa87276c908",
        "score": 5,
        "thumbsUpCount": 0,
        "userImage": "https://play-lh.googleusercontent.com/a/ACg8ocLpdS9OR_jfkwnxx4kqL5QQEOaZDQyVVp_Pku7GfcA4=mo",
        "userName": "Godwill Nwankwonta"
    },
    {
        "appVersion": null,
        "at": "2023-10-16 23:22:53",
        "content": "Approved \ud83d\udc4d\ud83d\udc49\ud83d\udc49\u2665\ufe0f\u2665\ufe0f\u2665\ufe0f",
        "repliedAt": null,
        "replyContent": null,
        "reviewCreatedVersion": null,
        "reviewId": "00ccc88f-53e9-4135-8f7c-b455e62ae1a6",
        "score": 5,
        "thumbsUpCount": 0,
        "userImage": "https://play-lh.googleusercontent.com/a-/ALV-UjXBkNZDt4VG6bpf9jJsxH_TBNs9tVQSFbW_iP6oib_xzaY",
        "userName": "Yani Ardiyanto"
    },
    {
        "appVersion": "1.0.4",
        "at": "2023-10-16 13:57:33",
        "content": "the app is good is paying someone to go and download it right now",
        "repliedAt": null,
        "replyContent": null,
        "reviewCreatedVersion": "1.0.4",
        "reviewId": "8443fd16-efda-4df6-88c7-e3776819fd95",
        "score": 5,
        "thumbsUpCount": 0,
        "userImage": "https://play-lh.googleusercontent.com/a-/ALV-UjUkzOKP-SamqCN2EYXn2DtsWLnsTRkdP9PGp92TZS35bw",
        "userName": "Opara Wisdom"
    },
    {
        "appVersion": "1.0.3",
        "at": "2023-10-16 05:05:16",
        "content": "Great",
        "repliedAt": null,
        "replyContent": null,
        "reviewCreatedVersion": "1.0.3",
        "reviewId": "e6885ec2-d5fc-47a2-aec9-5b47bcdede36",
        "score": 4,
        "thumbsUpCount": 0,
        "userImage": "https://play-lh.googleusercontent.com/a-/ALV-UjUo4eeaEHaqPkRe1TnzRT_aWyvi2cUs7Vgl4DSFKdl0cX8",
        "userName": "Shimul Kibria"
    },
    {
        "appVersion": "1.0.3",
        "at": "2023-10-14 17:09:51",
        "content": "it ok been here but need include daily bonus and percentage to increase day by day but the set up is good",
        "repliedAt": null,
        "replyContent": null,
        "reviewCreatedVersion": "1.0.3",
        "reviewId": "dbea1388-9251-402a-afc3-19845743c696",
        "score": 5,
        "thumbsUpCount": 0,
        "userImage": "https://play-lh.googleusercontent.com/a/ACg8ocIX2tIh6uLtdnVCilb_k_lImTxgwqnMmEr02N40Jbjg=mo",
        "userName": "Abiodun Olarewaju"
    },
    {
        "appVersion": "1.0.3",
        "at": "2023-10-14 01:35:05",
        "content": "Free earning app and withdraw receive",
        "repliedAt": null,
        "replyContent": null,
        "reviewCreatedVersion": "1.0.3",
        "reviewId": "c9c828dc-d252-4dfd-83b4-81b2c5e97b17",
        "score": 5,
        "thumbsUpCount": 0,
        "userImage": "https://play-lh.googleusercontent.com/a-/ALV-UjUHwWk8oipPh1atDW6tmpTZgAoJYsX_jBKmtDOKUej33i8",
        "userName": "niaz sawand"
    },
    {
        "appVersion": "1.0.3",
        "at": "2023-10-13 04:29:35",
        "content": "This app is working well with good rewards.",
        "repliedAt": null,
        "replyContent": null,
        "reviewCreatedVersion": "1.0.3",
        "reviewId": "2208139b-f24f-47fe-9fb3-e94be247ef91",
        "score": 5,
        "thumbsUpCount": 0,
        "userImage": "https://play-lh.googleusercontent.com/a-/ALV-UjUpPd2Ad0WPF6G1DOMAAL8HyvhftVhUj2uyQZa9BC_5CA",
        "userName": "Christopher Ejiogu"
    },
    {
        "appVersion": "1.0.3",
        "at": "2023-10-11 22:47:58",
        "content": "Approved \ud83d\udc4d\ud83d\udc4d\ud83d\udc4d\ud83d\udc4d\ud83d\udc4d\ud83d\udc4d",
        "repliedAt": null,
        "replyContent": null,
        "reviewCreatedVersion": "1.0.3",
        "reviewId": "a333831e-9f6b-4772-b975-30d7d206138c",
        "score": 5,
        "thumbsUpCount": 0,
        "userImage": "https://play-lh.googleusercontent.com/a/ACg8ocJx5HtRQnmVDLrrlFtDdZ1ggwQMMW-pBTtByMwse0wR=mo",
        "userName": "Yani Ardiyanto"
    },
    {
        "appVersion": null,
        "at": "2023-10-11 16:01:42",
        "content": "Thanks Sir",
        "repliedAt": null,
        "replyContent": null,
        "reviewCreatedVersion": null,
        "reviewId": "b04b5215-2cbd-4fe3-bcb0-25a115152783",
        "score": 5,
        "thumbsUpCount": 0,
        "userImage": "https://play-lh.googleusercontent.com/a-/ALV-UjUci0xaXIdk3x-QqH020r_7gRZs0cFuTxhqk-uvhT6dURg",
        "userName": "Shorts Maker"
    },
    {
        "appVersion": "1.0.2",
        "at": "2023-10-10 10:59:31",
        "content": "Not working no point collecting \ud83d\udca9\ud83e\udd2e\ud83d\udca9\ud83e\udd2e",
        "repliedAt": null,
        "replyContent": null,
        "reviewCreatedVersion": "1.0.2",
        "reviewId": "4b349766-a05a-4969-8c24-2424c22f40a7",
        "score": 1,
        "thumbsUpCount": 0,
        "userImage": "https://play-lh.googleusercontent.com/a-/ALV-UjWi0-ock_Gull3kkcoq7fDDNabyc_61Iheglm63f18xXtI",
        "userName": "Dilshan Dabarera"
    },
    {
        "appVersion": null,
        "at": "2023-10-08 19:47:21",
        "content": "A very good platform. Your all apps really pay. But i missed Bnb faucet.",
        "repliedAt": null,
        "replyContent": null,
        "reviewCreatedVersion": null,
        "reviewId": "998d04ae-0f56-4628-a14a-0713a73713d2",
        "score": 5,
        "thumbsUpCount": 0,
        "userImage": "https://play-lh.googleusercontent.com/a/ACg8ocIkGSjr1v4VHF0qophFDznn3_VIizRvkC51pJ6DfVWv=mo",
        "userName": "Nafeesa Murtaza"
    },
    {
        "appVersion": "1.0.0",
        "at": "2023-10-08 12:16:20",
        "content": "It is good app but it is hard to withdraw",
        "repliedAt": null,
        "replyContent": null,
        "reviewCreatedVersion": "1.0.0",
        "reviewId": "bc7bb842-271d-4d21-bb7d-827d54cc392a",
        "score": 2,
        "thumbsUpCount": 0,
        "userImage": "https://play-lh.googleusercontent.com/a-/ALV-UjUqsN1vzX4L0HDInW3e0qayAgv9QO7uv-CXXPlLBurHsE4",
        "userName": "Halid Hussein"
    },
    {
        "appVersion": "1.0.0",
        "at": "2023-10-06 15:12:03",
        "content": "Ban payait !!!?",
        "repliedAt": null,
        "replyContent": null,
        "reviewCreatedVersion": "1.0.0",
        "reviewId": "7110ca4d-39b4-428b-990b-0c2c3b768b48",
        "score": 1,
        "thumbsUpCount": 0,
        "userImage": "https://play-lh.googleusercontent.com/a-/ALV-UjXaW38ioRX1U3_795x9IXfe0pbAO-lF6kVORQ7USmCvThw",
        "userName": "Kamal Bedir"
    },
    {
        "appVersion": "1.0.0",
        "at": "2023-10-05 16:00:26",
        "content": "I can't withdraw",
        "repliedAt": null,
        "replyContent": null,
        "reviewCreatedVersion": "1.0.0",
        "reviewId": "3c2276b4-6b0e-4cb4-b977-acc779fcd2b4",
        "score": 1,
        "thumbsUpCount": 0,
        "userImage": "https://play-lh.googleusercontent.com/a-/ALV-UjUlh9y5IJlfMr01F6Wq7Sgmvd9KgP_SQYSbusf8kp1b_w",
        "userName": "Said Regani"
    }
]