[
    {
        "appVersion": "1.4",
        "at": "2023-10-12 00:03:12",
        "content": "Nice \ud83d\udc4d",
        "repliedAt": null,
        "replyContent": null,
        "reviewCreatedVersion": "1.4",
        "reviewId": "f4ec0c81-e887-43f4-84c3-63c1d9359085",
        "score": 5,
        "thumbsUpCount": 3,
        "userImage": "https://play-lh.googleusercontent.com/a-/ALV-UjWAOYeGGW3s4rSGKkIDPXDw-6pkWv2mtWc8GCrOXgIR8CU",
        "userName": "Ranjana Singh"
    },
    {
        "appVersion": null,
        "at": "2023-10-05 06:46:41",
        "content": "Nice app",
        "repliedAt": null,
        "replyContent": null,
        "reviewCreatedVersion": null,
        "reviewId": "7988d858-b9f7-47a4-ba43-3ae317c9526b",
        "score": 5,
        "thumbsUpCount": 0,
        "userImage": "https://play-lh.googleusercontent.com/a/ACg8ocLuuyUgy4v5kGQqMfkSXST28ewivxg8PXzvM-IsZmUz=mo",
        "userName": "Sumeda Gunasekara"
    },
    {
        "appVersion": "1.4",
        "at": "2023-10-01 01:18:33",
        "content": "Super app",
        "repliedAt": null,
        "replyContent": null,
        "reviewCreatedVersion": "1.4",
        "reviewId": "6fe29d75-5a80-4c24-8db6-1f86f712dd53",
        "score": 5,
        "thumbsUpCount": 0,
        "userImage": "https://play-lh.googleusercontent.com/a/ACg8ocICgWcCp--Ke1tBzw-Tfu88kuNgknBeVjMpKORKcBiR=mo",
        "userName": "Mhatre Manoj"
    },
    {
        "appVersion": "1.3",
        "at": "2023-09-26 07:16:10",
        "content": "Nice",
        "repliedAt": null,
        "replyContent": null,
        "reviewCreatedVersion": "1.3",
        "reviewId": "b9def998-3115-49ce-9ea0-74c1c10e049c",
        "score": 5,
        "thumbsUpCount": 0,
        "userImage": "https://play-lh.googleusercontent.com/a/ACg8ocJEmto7opJm79lEYbzg7_Jzudv-sSij9L83KrvvIDIo=mo",
        "userName": "Mina Soni"
    },
    {
        "appVersion": "1.3",
        "at": "2023-08-18 02:05:56",
        "content": "Good application",
        "repliedAt": null,
        "replyContent": null,
        "reviewCreatedVersion": "1.3",
        "reviewId": "d0f8e1a9-34d2-4bca-a318-1f44422b16da",
        "score": 5,
        "thumbsUpCount": 1,
        "userImage": "https://play-lh.googleusercontent.com/a-/ALV-UjXECGZ6u0POhMDfsJF9Jubyq2J6CyxL5dDl_XiNJ7vWzg",
        "userName": "biddika Mahesh"
    },
    {
        "appVersion": "1.3",
        "at": "2023-08-06 10:41:30",
        "content": "It's great apps. Thank you",
        "repliedAt": null,
        "replyContent": null,
        "reviewCreatedVersion": "1.3",
        "reviewId": "2ee54169-8df4-4f06-a0ca-e6b0c270982d",
        "score": 5,
        "thumbsUpCount": 6,
        "userImage": "https://play-lh.googleusercontent.com/a-/ALV-UjVMeV-UqmTtR1aBjZSMDIy4QuP71_-INIkEgJNzzBscOQ",
        "userName": "Rose petals"
    },
    {
        "appVersion": "1.3",
        "at": "2023-05-16 14:35:08",
        "content": "I really really love this app plz go for it guys",
        "repliedAt": null,
        "replyContent": null,
        "reviewCreatedVersion": "1.3",
        "reviewId": "8bdd6a6e-8664-47c0-82ef-de297944c53b",
        "score": 5,
        "thumbsUpCount": 5,
        "userImage": "https://play-lh.googleusercontent.com/a-/ALV-UjWRflk7v21ZlyAUV1hpcpV16JUZ3wBi-LxnPGmnjcUufA",
        "userName": "Nandy Shopping lover"
    },
    {
        "appVersion": "1.3",
        "at": "2023-05-02 01:33:14",
        "content": "Excellent",
        "repliedAt": null,
        "replyContent": null,
        "reviewCreatedVersion": "1.3",
        "reviewId": "4f992c47-fc33-4718-b20d-17001c6d7578",
        "score": 5,
        "thumbsUpCount": 3,
        "userImage": "https://play-lh.googleusercontent.com/a/ACg8ocL-2arKst3x6pdmqDViRdULw_mnng9ZciVZG6ed0f7d=mo",
        "userName": "Helen Pillai"
    },
    {
        "appVersion": null,
        "at": "2023-03-14 12:01:54",
        "content": "Good",
        "repliedAt": null,
        "replyContent": null,
        "reviewCreatedVersion": null,
        "reviewId": "f1972f48-921e-4a36-a967-3044a2b638ad",
        "score": 1,
        "thumbsUpCount": 1,
        "userImage": "https://play-lh.googleusercontent.com/a/ACg8ocLVCYxm9sNP_U6F1nbl16IERp_xa5WTedRshD7vOg2T=mo",
        "userName": "Sathika Perera"
    },
    {
        "appVersion": "1.3",
        "at": "2023-02-03 20:25:00",
        "content": "Very good",
        "repliedAt": null,
        "replyContent": null,
        "reviewCreatedVersion": "1.3",
        "reviewId": "81ebdcb1-8435-4f24-9bb2-2f64b4e29a7b",
        "score": 5,
        "thumbsUpCount": 4,
        "userImage": "https://play-lh.googleusercontent.com/a/ACg8ocJPl1qziZDLTW9-7XnIqDFqBORuCBd_FPIL4YBhLPRv=mo",
        "userName": "JoNATHAN OMORODION"
    },
    {
        "appVersion": "1.3",
        "at": "2023-01-20 01:09:45",
        "content": "Nice",
        "repliedAt": null,
        "replyContent": null,
        "reviewCreatedVersion": "1.3",
        "reviewId": "bc58cd3e-4083-4342-8338-e679b217ad6d",
        "score": 5,
        "thumbsUpCount": 1,
        "userImage": "https://play-lh.googleusercontent.com/a-/ALV-UjVjBSL-FULvKx4nFEanGdtwdmNEVa42C1GU88HsP6L2a1lZ",
        "userName": "Death gamer yt"
    },
    {
        "appVersion": "1.3",
        "at": "2022-10-13 00:17:11",
        "content": "Gr8",
        "repliedAt": null,
        "replyContent": null,
        "reviewCreatedVersion": "1.3",
        "reviewId": "076ebd2b-956a-40e5-aa4d-a32e5673e839",
        "score": 5,
        "thumbsUpCount": 1,
        "userImage": "https://play-lh.googleusercontent.com/a-/ALV-UjXcNMRv6XQIjvv6_m7CevWTvrP2VUtwhdR8d7VfSYjfy9E",
        "userName": "Jignesh Raval"
    },
    {
        "appVersion": "1.0",
        "at": "2022-07-28 15:23:37",
        "content": "Nice",
        "repliedAt": null,
        "replyContent": null,
        "reviewCreatedVersion": "1.0",
        "reviewId": "87717fa9-1c50-41e2-ba89-8735ad725180",
        "score": 5,
        "thumbsUpCount": 0,
        "userImage": "https://play-lh.googleusercontent.com/a/ACg8ocLmSeI8wcK8CwEU00jdY8C2PYrZz_B_qoyGf1H1eqsJ=mo",
        "userName": "Afia Mirza"
    }
]