[
    {
        "appVersion": null,
        "at": "2023-11-20 10:28:35",
        "content": "Balochi turban photo is a very amazing working application\ud83d\ude0e\ud83d\ude0e",
        "repliedAt": null,
        "replyContent": null,
        "reviewCreatedVersion": null,
        "reviewId": "c1717ae7-d03f-4a85-8363-5a1e4226c1ee",
        "score": 5,
        "thumbsUpCount": 0,
        "userImage": "https://play-lh.googleusercontent.com/a/ACg8ocLZ3CowSfCVEAJKeqpIVdvxIZcHdgYM1R4prh4M_P1F=mo",
        "userName": "Wajha Zr"
    },
    {
        "appVersion": null,
        "at": "2023-11-20 08:40:39",
        "content": "Balochi Turban Photo Editor very amazing app it is very nice app so good app\ud83c\udf34\ud83c\udf34",
        "repliedAt": null,
        "replyContent": null,
        "reviewCreatedVersion": null,
        "reviewId": "13377d43-58d7-4277-bbc4-c9033d0093de",
        "score": 5,
        "thumbsUpCount": 0,
        "userImage": "https://play-lh.googleusercontent.com/a-/ALV-UjVxDeoFhbaahVyi71dxpNkX9_BST5W-6JjfBQdjUkqGhg",
        "userName": "Green Holdar Utd"
    },
    {
        "appVersion": null,
        "at": "2023-11-20 08:36:36",
        "content": "Balochi turban photo editor app is very good all people like this app \ud83e\udd1d",
        "repliedAt": null,
        "replyContent": null,
        "reviewCreatedVersion": null,
        "reviewId": "7296a18f-7ce8-49be-bad6-af1f441ed102",
        "score": 5,
        "thumbsUpCount": 0,
        "userImage": "https://play-lh.googleusercontent.com/a/ACg8ocLN9XB-0buWkIYl2U_faqBGJNC_cvVv5qG0CyZdSBPz=mo",
        "userName": "Ghafoor Malik"
    },
    {
        "appVersion": null,
        "at": "2023-11-20 05:03:56",
        "content": "The Balochi Turban Photo Editor app is a cultural gem, allowing users to embrace the rich tradition of Balochi headwear with ease. Its variety of turban styles and realistic adjustments make for an authentic and fun experience.This app is a must-have for those wanting to adorn themselves with Balochi elegance.\ud83c\udf47",
        "repliedAt": null,
        "replyContent": null,
        "reviewCreatedVersion": null,
        "reviewId": "7de11b3a-2550-4fd4-bca5-e8526a249d1e",
        "score": 5,
        "thumbsUpCount": 0,
        "userImage": "https://play-lh.googleusercontent.com/a-/ALV-UjUh59eRANWHrkfDQDlvBcXH4Pb_oKoAA10p_5_qbF_QyHo",
        "userName": "mehboob MH"
    },
    {
        "appVersion": null,
        "at": "2023-11-20 03:23:21",
        "content": "Nice application and very amazing application\ud83d\ude0e\ud83d\ude0e",
        "repliedAt": null,
        "replyContent": null,
        "reviewCreatedVersion": null,
        "reviewId": "03894010-d228-4498-86a9-4862f9f3268b",
        "score": 5,
        "thumbsUpCount": 0,
        "userImage": "https://play-lh.googleusercontent.com/a-/ALV-UjV3tUI6QxXZ59tSjOJB6YFYAr09dszEFINJWNvLIlK9IA",
        "userName": "Been stock Win"
    },
    {
        "appVersion": null,
        "at": "2023-11-19 14:05:13",
        "content": "Balochi Turban Photo Editor great application easy to use brilliant application easy to use I recommend to all my friends very good application \ud83c\udf47",
        "repliedAt": null,
        "replyContent": null,
        "reviewCreatedVersion": null,
        "reviewId": "d12a712d-5c57-4bdc-9ee4-99b2ede368af",
        "score": 5,
        "thumbsUpCount": 0,
        "userImage": "https://play-lh.googleusercontent.com/a/ACg8ocKrpxaT7x8tyGmRzzGVIqicMbycZz4Rcms1bgQt45u4=mo",
        "userName": "Imran Ilyas"
    },
    {
        "appVersion": "1.0",
        "at": "2023-11-15 11:28:41",
        "content": "Balochi Turban Photo Editor app is a variety of turban styles and realistic adjustments make for an authentic and fun experience. I highly recommended to everyone.\ud83c\udf52",
        "repliedAt": null,
        "replyContent": null,
        "reviewCreatedVersion": "1.0",
        "reviewId": "2fcdc70e-aec9-47de-b3fe-f1fccb11a5c5",
        "score": 5,
        "thumbsUpCount": 1,
        "userImage": "https://play-lh.googleusercontent.com/a/ACg8ocJFXIYC_CoU2jr9koXAoXIyoYn6cdFQ6ieT5w6qs4e6=mo",
        "userName": "Rimsha tahir"
    },
    {
        "appVersion": "1.0",
        "at": "2023-11-15 10:08:11",
        "content": "Balochi turban app is really good and fantastic I like it very much we use to edit our photos and this app belongs to our tradition and culture.\ud83c\udf52",
        "repliedAt": null,
        "replyContent": null,
        "reviewCreatedVersion": "1.0",
        "reviewId": "2954b422-ba68-4137-8e5a-c8f4e09dd27f",
        "score": 5,
        "thumbsUpCount": 0,
        "userImage": "https://play-lh.googleusercontent.com/a/ACg8ocIXac9VPw2wwC7LIF8mfojMSmvBYXO2n1OxwQmoLvtJ=mo",
        "userName": "Afnan Ahmed"
    },
    {
        "appVersion": null,
        "at": "2023-11-15 07:34:36",
        "content": "The \" Balochi Turban photo Editor \" is an incredible app that skillfully combines tradition with technology . With this app you may creatively express your cultural identity while embracing your ancestry in style . An awesome app .\ud83c\udf52",
        "repliedAt": null,
        "replyContent": null,
        "reviewCreatedVersion": null,
        "reviewId": "c823c35a-29c7-40c2-ad6b-8b329deb7e8e",
        "score": 5,
        "thumbsUpCount": 0,
        "userImage": "https://play-lh.googleusercontent.com/a/ACg8ocLLM_KPNOE1X8eVWonIoi-Cn34b0o2JXjOpJu6Ehm_l=mo",
        "userName": "Syedafatima Zahra"
    },
    {
        "appVersion": null,
        "at": "2023-11-11 13:06:01",
        "content": "Balochi turban is awesome and amazing \ud83d\udcaf",
        "repliedAt": null,
        "replyContent": null,
        "reviewCreatedVersion": null,
        "reviewId": "0ee728f5-ed7e-4093-ba80-922a54c88240",
        "score": 5,
        "thumbsUpCount": 1,
        "userImage": "https://play-lh.googleusercontent.com/a/ACg8ocKsb9b5EW0XWlAd9vkeauCafOXIrzuCf7C35z-nodfF=mo",
        "userName": "Huzaifa MKHUHLUoq"
    },
    {
        "appVersion": null,
        "at": "2023-11-07 15:26:32",
        "content": "Balochi turban s very well and famous app \ud83d\udcaf",
        "repliedAt": null,
        "replyContent": null,
        "reviewCreatedVersion": null,
        "reviewId": "f2799ec2-5b1b-4288-ba6c-92922577602f",
        "score": 5,
        "thumbsUpCount": 2,
        "userImage": "https://play-lh.googleusercontent.com/a/ACg8ocItGmHXr4CgBSJ-v6bvNyyUDgS994AxAgYtDL3yvvag=mo",
        "userName": "Zania mkha"
    },
    {
        "appVersion": "1.0",
        "at": "2023-11-06 13:28:22",
        "content": "Balochi turban photo editor is very wonderful it's features are amazing I like it very much ##",
        "repliedAt": null,
        "replyContent": null,
        "reviewCreatedVersion": "1.0",
        "reviewId": "69d47951-3eb9-4165-abbb-a6d0ca2661cb",
        "score": 5,
        "thumbsUpCount": 0,
        "userImage": "https://play-lh.googleusercontent.com/a-/ALV-UjVh3LY85-Hqxm8pXlHOTi6oAYmyqTePPYhrTHump7uFBQ0",
        "userName": "Zaibi ka kitchen"
    },
    {
        "appVersion": "1.0",
        "at": "2023-11-06 11:26:37",
        "content": "The Balochi Turban Photo Editor is an incredible app that skillfully combines tradition with technology. With this app you may creatively express your cultural identity while embracing your ancestry in style. An awesome app\u270c\ud83c\udffb",
        "repliedAt": null,
        "replyContent": null,
        "reviewCreatedVersion": "1.0",
        "reviewId": "990de74e-48de-4492-881e-037d2266c3c6",
        "score": 5,
        "thumbsUpCount": 1,
        "userImage": "https://play-lh.googleusercontent.com/a-/ALV-UjVj0wL1YNJLc-AK4bHZxdjmtNgUTPqje0dvsFJLYE97rdE",
        "userName": "knowledge cafe"
    },
    {
        "appVersion": "1.0",
        "at": "2023-11-06 10:43:22",
        "content": "Balochi turban photo editor How is a good app this application will help you in choosing with information##",
        "repliedAt": null,
        "replyContent": null,
        "reviewCreatedVersion": "1.0",
        "reviewId": "d1a7d42c-3353-42c4-a98e-4b973444dc48",
        "score": 5,
        "thumbsUpCount": 0,
        "userImage": "https://play-lh.googleusercontent.com/a-/ALV-UjV1a8tCYxb8SIPcVu2Q9nYypLju9TLIWaTni7p7tyTmaFo",
        "userName": "Hafeez Rehman Zone1"
    },
    {
        "appVersion": "1.0",
        "at": "2023-11-06 07:41:26",
        "content": "Balochi Turban Photo Editor App is very fantastic application and easy to use everyone for their photo editing##",
        "repliedAt": null,
        "replyContent": null,
        "reviewCreatedVersion": "1.0",
        "reviewId": "72d06fc3-cc6d-46c9-8839-4aa38c235ef5",
        "score": 5,
        "thumbsUpCount": 0,
        "userImage": "https://play-lh.googleusercontent.com/a-/ALV-UjXQI7KbAORLahJ4zt8npcR8T_enWw89Vx8A_CgJc8VRVw",
        "userName": "Momina Afzal Jazd1"
    },
    {
        "appVersion": null,
        "at": "2023-11-06 05:19:00",
        "content": "Balochi Turban Photo Editor this application is very fantastic and very super and very %%",
        "repliedAt": null,
        "replyContent": null,
        "reviewCreatedVersion": null,
        "reviewId": "3f7ffd71-cce7-4b36-8feb-ca8c91325403",
        "score": 5,
        "thumbsUpCount": 0,
        "userImage": "https://play-lh.googleusercontent.com/a/ACg8ocIUU5U5VAFanQKxgsPLrLkNcmwgtPPx4fKxBO_aj40a=mo",
        "userName": "SHAHZAD Ffm"
    },
    {
        "appVersion": null,
        "at": "2023-11-05 07:30:40",
        "content": "Very amazing and very beautiful application%%",
        "repliedAt": null,
        "replyContent": null,
        "reviewCreatedVersion": null,
        "reviewId": "68fad87b-6764-4d31-8ed7-852de71b3f29",
        "score": 5,
        "thumbsUpCount": 0,
        "userImage": "https://play-lh.googleusercontent.com/a/ACg8ocLSZXhtQRGGrNHsGxD2p7lkqF9vJEktj6ntkrrZvRE1=mo",
        "userName": "Jack By king"
    },
    {
        "appVersion": null,
        "at": "2023-11-05 03:46:24",
        "content": "Balochi Turban Photo EditorGreat application easy to very useful application I recommend to all my friends ##",
        "repliedAt": null,
        "replyContent": null,
        "reviewCreatedVersion": null,
        "reviewId": "46d1faa8-0a12-4cb4-a605-e4751fcd2885",
        "score": 5,
        "thumbsUpCount": 0,
        "userImage": "https://play-lh.googleusercontent.com/a/ACg8ocKoRq8XOfFe-a_JFr4I6EH-EHUcZ3QSGcwyOYxfmpq9=mo",
        "userName": "Imran Rajpoot"
    },
    {
        "appVersion": null,
        "at": "2023-11-05 03:44:56",
        "content": "Balochi Turban Photo Editor this application is very super and very great app\ud83c\udf34\ud83c\udf34",
        "repliedAt": null,
        "replyContent": null,
        "reviewCreatedVersion": null,
        "reviewId": "eb09c1e4-8fec-4e2b-8349-d7d191af7e79",
        "score": 5,
        "thumbsUpCount": 0,
        "userImage": "https://play-lh.googleusercontent.com/a/ACg8ocKc5kRwCFIxPVGDASxIUHFxOAlzdcZwiIYc1OjmdKgO=mo",
        "userName": "Jacklen boss"
    },
    {
        "appVersion": null,
        "at": "2023-11-05 02:26:27",
        "content": "It's very stunning application have a great features and easy to used and apply any photo editor in the blue cheater bun editor \ud83d\udcaf",
        "repliedAt": null,
        "replyContent": null,
        "reviewCreatedVersion": null,
        "reviewId": "9040de98-99e8-4251-9304-24778a195fae",
        "score": 5,
        "thumbsUpCount": 0,
        "userImage": "https://play-lh.googleusercontent.com/a-/ALV-UjUI5P8q1FnKbNJOQkyJsEq735ylTmPYIpdzwKtzIxutvA",
        "userName": "Shaista KamboDHS"
    },
    {
        "appVersion": null,
        "at": "2023-11-04 13:28:30",
        "content": "Balochi turban photo editor mind blowing app this is so amazing I really like so much \ud83d\ude0d",
        "repliedAt": null,
        "replyContent": null,
        "reviewCreatedVersion": null,
        "reviewId": "b64d2e11-54bc-4ac6-af44-abdf59cd8ff0",
        "score": 4,
        "thumbsUpCount": 0,
        "userImage": "https://play-lh.googleusercontent.com/a/ACg8ocLL3DlAVx2cykg86fBg68Sal9fON7VgtJb1CpaJh69G=mo",
        "userName": "Abdul Qureshi R.R.B1"
    },
    {
        "appVersion": null,
        "at": "2023-11-04 13:10:24",
        "content": "Open photo editor application is very useful%%",
        "repliedAt": null,
        "replyContent": null,
        "reviewCreatedVersion": null,
        "reviewId": "a080b409-229b-4621-96c7-63328492512a",
        "score": 5,
        "thumbsUpCount": 0,
        "userImage": "https://play-lh.googleusercontent.com/a/ACg8ocKZqKJqPCwAjoQQWSx4JYTm9bEQTI7hcoWDNYyaMS4S=mo",
        "userName": "Eliot Ness Pop"
    },
    {
        "appVersion": null,
        "at": "2023-11-04 12:54:46",
        "content": "Balochi Durban photo editor is a useful application I love to use this%%",
        "repliedAt": null,
        "replyContent": null,
        "reviewCreatedVersion": null,
        "reviewId": "fddd261e-ff00-4f9c-b865-d678005f27c7",
        "score": 5,
        "thumbsUpCount": 0,
        "userImage": "https://play-lh.googleusercontent.com/a/ACg8ocKljzpy_W3-BwNNdDWM1ua-JAhMVcjkIqaxgeT2dQOh=mo",
        "userName": "Ammbin Zr"
    },
    {
        "appVersion": null,
        "at": "2023-11-04 07:01:59",
        "content": "This is a very good and very, very beautiful app.%",
        "repliedAt": null,
        "replyContent": null,
        "reviewCreatedVersion": null,
        "reviewId": "80f53ad1-19cc-4ee7-9579-36ca2c18fe9c",
        "score": 5,
        "thumbsUpCount": 0,
        "userImage": "https://play-lh.googleusercontent.com/a/ACg8ocJPUzCrswdalGEZ4wou5WO71w_M_cCJv1q1_ISUIoP0=mo",
        "userName": "New Jersey DC"
    },
    {
        "appVersion": null,
        "at": "2023-11-04 03:35:16",
        "content": "Balochi Turban Photo Editor this app guides us about Balochi culture.frome this app we can know about Balochi calture.this is a very good and fun app",
        "repliedAt": null,
        "replyContent": null,
        "reviewCreatedVersion": null,
        "reviewId": "2a123579-b379-43ed-b390-220f648eb0b7",
        "score": 5,
        "thumbsUpCount": 0,
        "userImage": "https://play-lh.googleusercontent.com/a/ACg8ocJAMAR31WjA4lYjJ0p9RTYb6fVrCZUKT1AuRtujneiO=mo",
        "userName": "MEER HADi Jen1"
    },
    {
        "appVersion": "1.0",
        "at": "2023-11-03 19:11:13",
        "content": "Balochi turban Photo Editer good Editing app With great Frames Easier to Understand Its Method ##",
        "repliedAt": null,
        "replyContent": null,
        "reviewCreatedVersion": "1.0",
        "reviewId": "71f851cc-0e00-4062-8854-2f40f52c34d1",
        "score": 5,
        "thumbsUpCount": 0,
        "userImage": "https://play-lh.googleusercontent.com/a/ACg8ocLQPwHZPwscBMETz6SAoV7_o2t6wGPiD8zHK7XD0csU=mo",
        "userName": "Meher Ali Khan"
    },
    {
        "appVersion": null,
        "at": "2023-11-03 14:51:30",
        "content": "Balochi turban photo editor is a amazing app,for beautiful Balochi people.its really easy to use and its features are really good, recommend to all of you ##",
        "repliedAt": null,
        "replyContent": null,
        "reviewCreatedVersion": null,
        "reviewId": "26ee900c-b4ed-4c2d-b5c8-a665e63d7818",
        "score": 5,
        "thumbsUpCount": 0,
        "userImage": "https://play-lh.googleusercontent.com/a-/ALV-UjWRlYl5vvw-NfupEB3AJvf9B_q_-MfavNx7Tt0i3C1D9Q",
        "userName": "Mab13"
    },
    {
        "appVersion": null,
        "at": "2023-11-03 08:52:02",
        "content": "Balochi Turban Photo Editor ia beautiful application. Beautify your photo with this amazing app.It is very easy to use ##",
        "repliedAt": null,
        "replyContent": null,
        "reviewCreatedVersion": null,
        "reviewId": "54b29b6e-b7da-4339-969a-7d28bbcc2471",
        "score": 5,
        "thumbsUpCount": 0,
        "userImage": "https://play-lh.googleusercontent.com/a-/ALV-UjUowQA0A43iIwWSa2bKSWnRnxMFxwKgxhcA__nJWzT8Aw",
        "userName": "Arfan 990"
    },
    {
        "appVersion": null,
        "at": "2023-11-03 08:33:50",
        "content": "Balochi Turban photo editor is mind blowing application ##",
        "repliedAt": null,
        "replyContent": null,
        "reviewCreatedVersion": null,
        "reviewId": "4cc62369-a3b1-407e-af8e-8ccfeeb82cd4",
        "score": 5,
        "thumbsUpCount": 0,
        "userImage": "https://play-lh.googleusercontent.com/a/ACg8ocK9GBIkWJ-z0fkFDngIbvSsCbyJ_474-GzSSjFYk7DH=mo",
        "userName": "Shahwaiz Baloch m99"
    },
    {
        "appVersion": null,
        "at": "2023-11-02 15:19:06",
        "content": "Balochi turban photo editor is really amazing and great application ##",
        "repliedAt": null,
        "replyContent": null,
        "reviewCreatedVersion": null,
        "reviewId": "81f71fe6-fd43-43b1-9184-7298a628fbab",
        "score": 5,
        "thumbsUpCount": 0,
        "userImage": "https://play-lh.googleusercontent.com/a-/ALV-UjU2wLJBGPhzcdV-suqxAcdPDMXCNuwD9Ga_m678c8AkImM",
        "userName": "Laiba yB1"
    },
    {
        "appVersion": null,
        "at": "2023-11-02 13:09:20",
        "content": "Balochi Turban photo editor is the best application and easy to use ##",
        "repliedAt": null,
        "replyContent": null,
        "reviewCreatedVersion": null,
        "reviewId": "c1bffa7c-4475-462d-b50f-6cfbf52fba44",
        "score": 5,
        "thumbsUpCount": 0,
        "userImage": "https://play-lh.googleusercontent.com/a/ACg8ocJqQDTJCnFXn_YXcInNlXvE7aenLWuthNJB58f_6NwN=mo",
        "userName": "qasim BR1"
    },
    {
        "appVersion": null,
        "at": "2023-11-01 05:01:25",
        "content": "Amazing application and very best application%%",
        "repliedAt": null,
        "replyContent": null,
        "reviewCreatedVersion": null,
        "reviewId": "fb5c36e4-03f0-4dcb-bd49-54147c5fbca9",
        "score": 5,
        "thumbsUpCount": 0,
        "userImage": "https://play-lh.googleusercontent.com/a/ACg8ocKtUzkjEfw3CYOX74k3rrWyxhr-Uo4dBoefrF88x8XS=mo",
        "userName": "Babaji by King"
    },
    {
        "appVersion": "1.0",
        "at": "2023-10-31 14:49:49",
        "content": "Balochi turban photo editor is best application. It is easy to use .And graphics are outstanding.\ud83d\udd25\ud83d\udd25",
        "repliedAt": null,
        "replyContent": null,
        "reviewCreatedVersion": "1.0",
        "reviewId": "c7e0a41a-2030-4778-9c41-034842c2705d",
        "score": 5,
        "thumbsUpCount": 1,
        "userImage": "https://play-lh.googleusercontent.com/a/ACg8ocLYSIcw-taKamEzbqJyiieqTpKx1dtLzfi1dZclwUZc=mo",
        "userName": "Farah batool"
    },
    {
        "appVersion": null,
        "at": "2023-10-31 11:39:46",
        "content": "The Balochi Turban Photo Editor app is a cultural gem, allowing users to embrace the rich tradition of Balochi headwear with ease. Its variety of turban styles and realistic adjustments make for an authentic and fun experience.This app is a must-have for those wanting to adorn themselves with Balochi elegance.\ud83d\udd25\ud83d\udd25",
        "repliedAt": null,
        "replyContent": null,
        "reviewCreatedVersion": null,
        "reviewId": "9c1a40ac-02cb-42dd-9945-07d80a7d13f2",
        "score": 5,
        "thumbsUpCount": 14,
        "userImage": "https://play-lh.googleusercontent.com/a-/ALV-UjWabmsoE8pEzMp_QpynljlebQIwp3cYtqURLbQecjdJ2A",
        "userName": "Mantasha Khalil"
    },
    {
        "appVersion": null,
        "at": "2023-10-31 04:55:24",
        "content": "Balochi Turban Photo Editor this application is very easy download from play store beautiful application%%",
        "repliedAt": null,
        "replyContent": null,
        "reviewCreatedVersion": null,
        "reviewId": "60b0c3c1-98bb-46e8-b7c1-a687ff95d998",
        "score": 5,
        "thumbsUpCount": 0,
        "userImage": "https://play-lh.googleusercontent.com/a/ACg8ocIZk85g5yXmoubCpFB2eOHknlLiPX2-PlXnFGP3Ch6b=mo",
        "userName": "Dhoni Sm"
    },
    {
        "appVersion": null,
        "at": "2023-10-31 00:21:27",
        "content": "Balochi Turban Photo editor is very good app.Its gor turban lovers.you can add turban in your pictures and gives unique look to hou photos ##",
        "repliedAt": null,
        "replyContent": null,
        "reviewCreatedVersion": null,
        "reviewId": "bc074bac-f1c8-4785-ac71-82915e4691f1",
        "score": 5,
        "thumbsUpCount": 0,
        "userImage": "https://play-lh.googleusercontent.com/a/ACg8ocIMdzrsjpfg_X0dA2w0MIjI7cJzrFey_fkMLGDT6LPk=mo",
        "userName": "Faisal SD00"
    },
    {
        "appVersion": null,
        "at": "2023-10-29 12:03:51",
        "content": "balochi turabn is very best photo editor very amazing and very fantastic application %%",
        "repliedAt": null,
        "replyContent": null,
        "reviewCreatedVersion": null,
        "reviewId": "1997d64c-871c-4586-bfdc-8fb86db1eb3d",
        "score": 5,
        "thumbsUpCount": 0,
        "userImage": "https://play-lh.googleusercontent.com/a-/ALV-UjV0IaDhNYdq0aCHT5R1B2U2JQmm0TIUnXga-_w99gLu6g",
        "userName": "Khan Baloch nnn"
    },
    {
        "appVersion": null,
        "at": "2023-10-29 11:42:51",
        "content": "Lachitaran photo editor application is very well working and useful application %%",
        "repliedAt": null,
        "replyContent": null,
        "reviewCreatedVersion": null,
        "reviewId": "4f22bd07-917f-4e66-957c-e394a397fee6",
        "score": 5,
        "thumbsUpCount": 0,
        "userImage": "https://play-lh.googleusercontent.com/a/ACg8ocIT6A2_frk76R5E7UqAuGEGPjGqiXP5G4zKuEuMRaaz=mo",
        "userName": "Isabella msk"
    },
    {
        "appVersion": null,
        "at": "2023-10-29 04:47:51",
        "content": "This is very nice and amazing balochi turban photo editor application this is very fantastic application \ud83c\udf34\ud83c\udf34",
        "repliedAt": null,
        "replyContent": null,
        "reviewCreatedVersion": null,
        "reviewId": "b21a56f4-f52f-4701-934a-7b310ef7d2c8",
        "score": 5,
        "thumbsUpCount": 0,
        "userImage": "https://play-lh.googleusercontent.com/a/ACg8ocI1xP69Y2FY_9TpnQZuSn7DHMxR62wNn1EbKJS3zPIF=mo",
        "userName": "Kareshma kapor Msk"
    },
    {
        "appVersion": null,
        "at": "2023-10-27 13:44:14",
        "content": "Balochi Turban Photo Editor this is a very wonderfulness application \ud83c\udf34\ud83c\udf34",
        "repliedAt": null,
        "replyContent": null,
        "reviewCreatedVersion": null,
        "reviewId": "8a89a514-8d82-4d65-a676-77cf40f6ab4f",
        "score": 5,
        "thumbsUpCount": 0,
        "userImage": "https://play-lh.googleusercontent.com/a/ACg8ocJF51Y8oWyQ2dTwk6Pn3DUSk3rBNr6agjT_g3Em1c6X=mo",
        "userName": "Army Tvs"
    },
    {
        "appVersion": null,
        "at": "2023-10-27 12:14:32",
        "content": "It is a very fantastic very useful wonderful and very great\ud83c\udf34\ud83c\udf34",
        "repliedAt": null,
        "replyContent": null,
        "reviewCreatedVersion": null,
        "reviewId": "6949fd92-82e2-4cc9-bd64-273ce910864a",
        "score": 5,
        "thumbsUpCount": 0,
        "userImage": "https://play-lh.googleusercontent.com/a-/ALV-UjWKX47mcK7LCLTjCIfrixIylBKXsohF3YNvfod_8BqBcQ",
        "userName": "Sarvindarsing Spt"
    },
    {
        "appVersion": null,
        "at": "2023-10-27 11:11:04",
        "content": "Balochi Turban Photo Editor is one of the best and great editing application. By using this app you can edit your photos to Balochi Turban For the Balochi Turban lovers easily. I like this app very much.\u270c\ud83c\udffb",
        "repliedAt": null,
        "replyContent": null,
        "reviewCreatedVersion": null,
        "reviewId": "f1718ef6-fbfc-4992-a132-fb7a0d5b1c04",
        "score": 5,
        "thumbsUpCount": 0,
        "userImage": "https://play-lh.googleusercontent.com/a/ACg8ocL1_0Jay42YaMmXDEWd_jCg88d5R4W4fJp-VAECe_Zg=mo",
        "userName": "Alina AlinaNasir"
    },
    {
        "appVersion": null,
        "at": "2023-10-27 07:49:00",
        "content": "This is one a nice and amazing blowjeet turban for editor application %%",
        "repliedAt": null,
        "replyContent": null,
        "reviewCreatedVersion": null,
        "reviewId": "5b20ec90-2883-4dd5-a436-8701be508300",
        "score": 5,
        "thumbsUpCount": 0,
        "userImage": "https://play-lh.googleusercontent.com/a/ACg8ocJPcY5aOWn9yX6b_DaHhQqqgvWczQvToCySv6eK2Qf8=mo",
        "userName": "Daniel Msk"
    },
    {
        "appVersion": null,
        "at": "2023-10-27 07:16:49",
        "content": "Balochi Turban Photo editor This is best app for photo editing I'm very use this app and very like it's best app for using.\u270c\ufe0f",
        "repliedAt": null,
        "replyContent": null,
        "reviewCreatedVersion": null,
        "reviewId": "cfd3e9a2-ac1b-45f3-b72f-707eef27674c",
        "score": 5,
        "thumbsUpCount": 0,
        "userImage": "https://play-lh.googleusercontent.com/a/ACg8ocL7ddYgaNV4LI1r-I0cG9DAWdvFOHqMwOcEkOVAqyKi=mo",
        "userName": "Ghullam Abbas Khaskhali"
    },
    {
        "appVersion": "1.0",
        "at": "2023-10-26 13:10:22",
        "content": "Balochi turban photo editor is amazing app on playstore .i like this app this editor is really a amazing thing on playstore \ud83d\udd25",
        "repliedAt": null,
        "replyContent": null,
        "reviewCreatedVersion": "1.0",
        "reviewId": "3bbed386-0762-4bcf-b9f2-557ce01c2391",
        "score": 5,
        "thumbsUpCount": 1,
        "userImage": "https://play-lh.googleusercontent.com/a/ACg8ocJlMeCSPdMaahGvyS2bmtj7WX5wFwN5j0wyY4qKhFXx=mo",
        "userName": "Benish Zain"
    },
    {
        "appVersion": null,
        "at": "2023-10-26 13:06:27",
        "content": "Malachi turban photo editor is very fantastic app\ud83c\udf34\ud83c\udf34",
        "repliedAt": null,
        "replyContent": null,
        "reviewCreatedVersion": null,
        "reviewId": "fae3e9d8-790a-4fbc-9674-2d09457f4c3d",
        "score": 5,
        "thumbsUpCount": 0,
        "userImage": "https://play-lh.googleusercontent.com/a-/ALV-UjXd-s--GjbeU0mi1E28pxhztHVmLmTSSW9pBNLK4QLs",
        "userName": "Virat Spt"
    },
    {
        "appVersion": null,
        "at": "2023-10-26 06:58:35",
        "content": "Balochi Turban Photo Editor Very interesting and goodworking application\ud83c\udf34\ud83c\udf34",
        "repliedAt": null,
        "replyContent": null,
        "reviewCreatedVersion": null,
        "reviewId": "2ae531dd-4931-4eed-a6c0-914e2c10e126",
        "score": 5,
        "thumbsUpCount": 0,
        "userImage": "https://play-lh.googleusercontent.com/a/ACg8ocIpbUcVhtRdxrUsueVX9tSu8FK-2WZOAQ49bgW32myT=mo",
        "userName": "Nemra Zr"
    },
    {
        "appVersion": null,
        "at": "2023-10-25 11:10:04",
        "content": "Balochi Turban Photo Editor I like it very good working application very fast working app\ud83c\udf34\ud83c\udf34",
        "repliedAt": null,
        "replyContent": null,
        "reviewCreatedVersion": null,
        "reviewId": "e5770009-b0cf-4bf2-baca-8f79ad6e3c32",
        "score": 5,
        "thumbsUpCount": 0,
        "userImage": "https://play-lh.googleusercontent.com/a/ACg8ocKMShQ8ek61kSNSQHpH30zfIBBhswT4oFTnZ3K1S6c=mo",
        "userName": "selling fox Pt"
    },
    {
        "appVersion": null,
        "at": "2023-10-25 00:42:32",
        "content": "Awesome app Balochi turbon awesome good app features are really very nice amazing awesome good app features are really very nice \ud83d\ude18\ud83d\ude18",
        "repliedAt": null,
        "replyContent": null,
        "reviewCreatedVersion": null,
        "reviewId": "767ae421-e9d0-4f07-8966-d8291c173f1c",
        "score": 5,
        "thumbsUpCount": 2,
        "userImage": "https://play-lh.googleusercontent.com/a/ACg8ocJoyaFyz7W5EGKwQw77IKY81G3Hq0TM1JOM-tL6Wc3b=mo",
        "userName": "Martin Joham Javeed"
    },
    {
        "appVersion": "1.0",
        "at": "2023-10-24 12:25:51",
        "content": "Balochi turban photo editor is a great application. I like this style . Photos and features are amazing ##",
        "repliedAt": null,
        "replyContent": null,
        "reviewCreatedVersion": "1.0",
        "reviewId": "085dc565-6ceb-459f-8dfd-3f4bbd92d0be",
        "score": 5,
        "thumbsUpCount": 0,
        "userImage": "https://play-lh.googleusercontent.com/a-/ALV-UjXZ2s6Va01SDO5hN-9zIlrQKzTKQEH-_zmHK7yHtj8gbYw",
        "userName": "Nighat Mughal"
    },
    {
        "appVersion": null,
        "at": "2023-10-24 06:02:34",
        "content": "Balochi Turban Photo Editor this application is very nice and very awesome and very best app\ud83c\udf34\ud83c\udf34",
        "repliedAt": null,
        "replyContent": null,
        "reviewCreatedVersion": null,
        "reviewId": "ba9d6882-5def-43b2-a1cc-3fdaa964932a",
        "score": 5,
        "thumbsUpCount": 0,
        "userImage": "https://play-lh.googleusercontent.com/a/ACg8ocIV1oafCvSapEMlsyonuvQHC1crKB7t8fz6gDgy0eC-=mo",
        "userName": "Murza Boss"
    },
    {
        "appVersion": null,
        "at": "2023-10-22 13:52:19",
        "content": "Balochi turban is the great and the best app for use it is the fantastic app it take small place from your device i recomend all you to install this app ##",
        "repliedAt": null,
        "replyContent": null,
        "reviewCreatedVersion": null,
        "reviewId": "9635a444-6267-4f29-b428-cd21a29af048",
        "score": 5,
        "thumbsUpCount": 0,
        "userImage": "https://play-lh.googleusercontent.com/a-/ALV-UjVZa1zCzGYHdnAIEETvyUeXPh417OtTDC-3wVp06sL5Cw",
        "userName": "CHAUHDARY HUZAIFA"
    },
    {
        "appVersion": null,
        "at": "2023-10-22 02:03:19",
        "content": "This is a very, very beautiful application.%%",
        "repliedAt": null,
        "replyContent": null,
        "reviewCreatedVersion": null,
        "reviewId": "c07fe933-17cf-4237-9923-66597978fc92",
        "score": 5,
        "thumbsUpCount": 0,
        "userImage": "https://play-lh.googleusercontent.com/a/ACg8ocLgDYCeItQ3A1QcOfQmjgtbNP7ReFYWxjcfNCz-n7lo=mo",
        "userName": "NIDA DC"
    },
    {
        "appVersion": null,
        "at": "2023-10-21 08:39:56",
        "content": "Balochi Turban Photo Editor app its very best app \ud83c\udf34\ud83c\udf34",
        "repliedAt": null,
        "replyContent": null,
        "reviewCreatedVersion": null,
        "reviewId": "a33c5245-98bb-42b9-93fd-0faa4e80768d",
        "score": 5,
        "thumbsUpCount": 0,
        "userImage": "https://play-lh.googleusercontent.com/a-/ALV-UjVW2BlZzFvvDWN_zQ4jPV6ihDu1M0fWG-RkGtM1Wji3Eg",
        "userName": "Rishi Khan AAA"
    },
    {
        "appVersion": null,
        "at": "2023-10-21 03:41:33",
        "content": "Balochi Turban Photo Editor is very famous app it is very amazing app%%",
        "repliedAt": null,
        "replyContent": null,
        "reviewCreatedVersion": null,
        "reviewId": "381c872f-9bbf-4627-b8ef-15cb406cce8c",
        "score": 5,
        "thumbsUpCount": 0,
        "userImage": "https://play-lh.googleusercontent.com/a/ACg8ocKZaun0Iojq-mSsq70XS4pq2hfeyqf6Yn43LtNpnBEk=mo",
        "userName": "Munty Trk"
    },
    {
        "appVersion": null,
        "at": "2023-10-21 01:40:11",
        "content": "Balochi Turban Photo Editor Is a wonderful working application I like it%%",
        "repliedAt": null,
        "replyContent": null,
        "reviewCreatedVersion": null,
        "reviewId": "9f1943e7-e984-463c-a9f1-7d8e02949473",
        "score": 5,
        "thumbsUpCount": 0,
        "userImage": "https://play-lh.googleusercontent.com/a/ACg8ocJ83Yvm29SIXbzPDr03KSj6Xn5zZRasVudkb6zam_JT=mo",
        "userName": "Aaroop asd zr"
    },
    {
        "appVersion": "1.0",
        "at": "2023-09-25 07:53:31",
        "content": "balochi turban photo editing app is good application with all latest turban editing good android app \ud83c\udde8\ud83c\uddf3",
        "repliedAt": null,
        "replyContent": null,
        "reviewCreatedVersion": "1.0",
        "reviewId": "489fa0ff-1de5-4770-a227-d0775940fd0e",
        "score": 5,
        "thumbsUpCount": 0,
        "userImage": "https://play-lh.googleusercontent.com/a-/ALV-UjU9hZEJW2eKmyb-HQEdYM3REKlSlEx_11wxfMQzbtS5Ng",
        "userName": "hashir malik"
    },
    {
        "appVersion": null,
        "at": "2023-09-24 11:44:01",
        "content": "Bluetooth and one photo editor application is very fantastic application \u2b50",
        "repliedAt": null,
        "replyContent": null,
        "reviewCreatedVersion": null,
        "reviewId": "11bd4abd-340a-4ed3-a6b8-d87ad2b1e03e",
        "score": 5,
        "thumbsUpCount": 0,
        "userImage": "https://play-lh.googleusercontent.com/a/ACg8ocLH3U3oZjsGHKtYMDsWeZ5L1WwHyhSS3LUkQPq65Uad=mo",
        "userName": "Mark msk"
    },
    {
        "appVersion": null,
        "at": "2023-09-21 07:21:10",
        "content": "This is a very nice and very amazing app.\ud83d\ude0e",
        "repliedAt": null,
        "replyContent": null,
        "reviewCreatedVersion": null,
        "reviewId": "700d038f-be00-4bbd-9683-1ef96d50562e",
        "score": 5,
        "thumbsUpCount": 0,
        "userImage": "https://play-lh.googleusercontent.com/a/ACg8ocITwOfgYBheXp2SszEQHTvhcwOAmrw3iOp0qbt7ft4G=mo",
        "userName": "kumar DC"
    },
    {
        "appVersion": null,
        "at": "2023-09-14 13:56:42",
        "content": "Balochi Turban Photo Editor Application is really wonderful, awesome and fabulous heart touching Photo editing application. \u2b50",
        "repliedAt": null,
        "replyContent": null,
        "reviewCreatedVersion": null,
        "reviewId": "c4fecb82-20ed-4f95-b19a-284e4b964319",
        "score": 5,
        "thumbsUpCount": 1,
        "userImage": "https://play-lh.googleusercontent.com/a-/ALV-UjWM8vb8RyEjXP6EMPTKBenuabAA2kZoP0jYqRy1uR6ltA",
        "userName": "ZAHID IQBAL 628"
    },
    {
        "appVersion": null,
        "at": "2023-09-14 10:06:19",
        "content": "Nice app \u270c\ufe0f",
        "repliedAt": null,
        "replyContent": null,
        "reviewCreatedVersion": null,
        "reviewId": "78f60373-5c66-456f-a551-4f873ffee94c",
        "score": 5,
        "thumbsUpCount": 0,
        "userImage": "https://play-lh.googleusercontent.com/a-/ALV-UjW1VgP0l-5nuGadIQgi23HihqlkPmlyXa17hUDj4RZqMg",
        "userName": "Heeran Fruiti"
    },
    {
        "appVersion": null,
        "at": "2023-09-13 19:31:22",
        "content": "Balochi Turban Photo Editor is really wonderful. It's features are amazing.It is easy to use and graphically outstanding. I like it very much.\ud83c\udf47",
        "repliedAt": null,
        "replyContent": null,
        "reviewCreatedVersion": null,
        "reviewId": "ec47b420-480a-4b4f-aa6b-a7a222914fce",
        "score": 5,
        "thumbsUpCount": 7,
        "userImage": "https://play-lh.googleusercontent.com/a/ACg8ocIQ5wOg-YgZ1QdWAYBDrRw03rvb9Gc3QIudYirJOERK=mo",
        "userName": "Asadullah Kamboh"
    },
    {
        "appVersion": null,
        "at": "2023-09-12 12:39:49",
        "content": "Balochi turban app is very nice app i like it very much \ud83c\udf47",
        "repliedAt": null,
        "replyContent": null,
        "reviewCreatedVersion": null,
        "reviewId": "19cd9e38-0088-4e7d-a442-9e2b25e1ceeb",
        "score": 5,
        "thumbsUpCount": 0,
        "userImage": "https://play-lh.googleusercontent.com/a/ACg8ocIgW3SlsjXm5FcWYijhSqx9qlDWCN5N7tFkHXY-HzHx=mo",
        "userName": "Alvi Us"
    },
    {
        "appVersion": null,
        "at": "2023-09-12 02:27:49",
        "content": "Best aap Punjabi turban editor. This aap is easy to use and convenient \ud83c\udf47",
        "repliedAt": null,
        "replyContent": null,
        "reviewCreatedVersion": null,
        "reviewId": "f46e5909-6fb7-4fba-8ea1-245a5bb6ba2e",
        "score": 5,
        "thumbsUpCount": 1,
        "userImage": "https://play-lh.googleusercontent.com/a/ACg8ocKYTimg-1BY1ZVLCIeFnku_DLwW7hnUfgi4IcgkcRjv=mo",
        "userName": "Hafsa Hk1"
    },
    {
        "appVersion": null,
        "at": "2023-09-08 12:41:08",
        "content": "Amazing and very useful application\u270c",
        "repliedAt": null,
        "replyContent": null,
        "reviewCreatedVersion": null,
        "reviewId": "9bc2f4ec-fefa-435e-8f6b-c192e160c1d7",
        "score": 5,
        "thumbsUpCount": 1,
        "userImage": "https://play-lh.googleusercontent.com/a/ACg8ocImPGOCPcDdQqfbLUsLHNmiVF8mHPmc4MKzNuRGECM=mo",
        "userName": "Johny Parvesh yyy"
    },
    {
        "appVersion": null,
        "at": "2023-09-08 02:06:46",
        "content": "Balochi Turban Photo Editor isgood \u2b50",
        "repliedAt": null,
        "replyContent": null,
        "reviewCreatedVersion": null,
        "reviewId": "d4e09487-919b-492e-9f85-7ce5be708dd1",
        "score": 5,
        "thumbsUpCount": 1,
        "userImage": "https://play-lh.googleusercontent.com/a/ACg8ocL8TDY8z_GTwCGUSyr04bDcGE6tuNtI6iQuki_YKdmH=mo",
        "userName": "tiktok abaa"
    },
    {
        "appVersion": null,
        "at": "2023-09-08 01:58:57",
        "content": "Balochi Turban Photo Editor is so nice \u2b50",
        "repliedAt": null,
        "replyContent": null,
        "reviewCreatedVersion": null,
        "reviewId": "2e23d8b1-6c57-4f17-8f6d-ad4460c94d00",
        "score": 5,
        "thumbsUpCount": 1,
        "userImage": "https://play-lh.googleusercontent.com/a/ACg8ocIsSGQY3Tpk-oRN7Q-FqgJRwVqeCvY3ummofgHPa6pO=mo",
        "userName": "subhan khalil abaa"
    },
    {
        "appVersion": null,
        "at": "2023-09-07 15:10:07",
        "content": "Balochi Turban Photo Editor is an exceptional app that adds cultural charm to your photos effortlessly. With a wide range of turban styles and a user-friendly interface, it's a delightful tool to celebrate Balochi traditions in the digital era. Highly recommended\ud83d\ude0d\ud83d\ude0d\ud83d\ude0d",
        "repliedAt": null,
        "replyContent": null,
        "reviewCreatedVersion": null,
        "reviewId": "8edb2e15-dc68-47ef-9996-f8e80c2ff4ea",
        "score": 5,
        "thumbsUpCount": 9,
        "userImage": "https://play-lh.googleusercontent.com/a-/ALV-UjWl0e12-HqiLHqzKaYnEPeH80bT1wNMbKARtq9tWq5tUw",
        "userName": "Rimsha Choudhry"
    },
    {
        "appVersion": null,
        "at": "2023-09-07 12:31:56",
        "content": "Balochi turban edit application is my favourite. Bcz i am also Balochi \u2705",
        "repliedAt": null,
        "replyContent": null,
        "reviewCreatedVersion": null,
        "reviewId": "6395567a-0053-40dd-b0c5-27c090932b43",
        "score": 5,
        "thumbsUpCount": 0,
        "userImage": "https://play-lh.googleusercontent.com/a/ACg8ocImjv968yUoaPFAB1Ko7dv8bfJa8Vz-_OtqO4o6RA7LPw=mo",
        "userName": "Adee 294h"
    },
    {
        "appVersion": null,
        "at": "2023-09-07 11:56:31",
        "content": "Balochi Turban Photo Editor is very amazing and fantastic application \u2705",
        "repliedAt": null,
        "replyContent": null,
        "reviewCreatedVersion": null,
        "reviewId": "2ebf9839-2200-414c-87ac-1e1ebefcea56",
        "score": 5,
        "thumbsUpCount": 0,
        "userImage": "https://play-lh.googleusercontent.com/a/ACg8ocJ4kLcQjDVbbEpax6N6NNo4wJrpw-u68JH7t-9l6SsLLQ=mo",
        "userName": "Aimaa 26un"
    },
    {
        "appVersion": null,
        "at": "2023-09-06 10:22:10",
        "content": "This application is very easy and good application@@",
        "repliedAt": null,
        "replyContent": null,
        "reviewCreatedVersion": null,
        "reviewId": "adf579e4-6d07-464a-b022-ef5990526e8e",
        "score": 5,
        "thumbsUpCount": 1,
        "userImage": "https://play-lh.googleusercontent.com/a/ACg8ocITPuYuW1ldHxgBGehqB6m1dn8jP3xYldwJBJMOoaAS=mo",
        "userName": "Kunal Sm"
    },
    {
        "appVersion": "1.0",
        "at": "2023-09-06 08:24:12",
        "content": "This application is very useful with amazing features. It is quite interesting application. \ud83c\udf53\ud83c\udf53",
        "repliedAt": null,
        "replyContent": null,
        "reviewCreatedVersion": "1.0",
        "reviewId": "3e96369f-95b5-4241-a392-e4be3fa4676e",
        "score": 5,
        "thumbsUpCount": 0,
        "userImage": "https://play-lh.googleusercontent.com/a/ACg8ocKOV_EzNBeFjsYj1E_q_EUyk5cr1-HV-4TNOCE-bAP2=mo",
        "userName": "Tehreem Fatima"
    },
    {
        "appVersion": null,
        "at": "2023-09-06 08:23:46",
        "content": "This is a very good photo editor \u270c",
        "repliedAt": null,
        "replyContent": null,
        "reviewCreatedVersion": null,
        "reviewId": "5c0312b0-3106-47f8-8d08-bdf022451caf",
        "score": 5,
        "thumbsUpCount": 0,
        "userImage": "https://play-lh.googleusercontent.com/a-/ALV-UjXmi70mG1Nliw4NI_hqWX9PpGTKdoYB-C89KSUFpVFKYg",
        "userName": "Sunil Buk"
    },
    {
        "appVersion": null,
        "at": "2023-09-05 11:57:03",
        "content": "Balochi turbans photo editor app is an attractive application .This is an amazing photo editor and collage maker application with amazing Balochi Turban \ud83c\udf47",
        "repliedAt": null,
        "replyContent": null,
        "reviewCreatedVersion": null,
        "reviewId": "204c769a-d397-4722-a44d-0707c16552bf",
        "score": 5,
        "thumbsUpCount": 0,
        "userImage": "https://play-lh.googleusercontent.com/a/ACg8ocKG6CtMkoVbM7yxowO_0RsdrKoCse44P36FqHRcCfCN=mo",
        "userName": "Lonkin in A. M"
    },
    {
        "appVersion": null,
        "at": "2023-09-05 08:31:00",
        "content": "Photo Editor is a very good and very great app.\u270c\ufe0f",
        "repliedAt": null,
        "replyContent": null,
        "reviewCreatedVersion": null,
        "reviewId": "30e24900-268e-4d79-b53d-897142e3a27f",
        "score": 5,
        "thumbsUpCount": 0,
        "userImage": "https://play-lh.googleusercontent.com/a/ACg8ocLVqEpAtlRKYqyLR58hq_IOHCRZP7WftHNaOFSQI0FK=mo",
        "userName": "Munium Qhr"
    },
    {
        "appVersion": null,
        "at": "2023-09-04 13:04:41",
        "content": "Very nice and very working good application@@",
        "repliedAt": null,
        "replyContent": null,
        "reviewCreatedVersion": null,
        "reviewId": "7e4bcd9f-d155-4347-90be-f6785feb8ecd",
        "score": 5,
        "thumbsUpCount": 1,
        "userImage": "https://play-lh.googleusercontent.com/a/ACg8ocJoJAokgYxmXJcTaJ-3vo_Zw_DC2EWIZ2L3R_Srm6tU=mo",
        "userName": "Dunk Aj"
    },
    {
        "appVersion": null,
        "at": "2023-09-04 10:59:53",
        "content": "balochi turban photo editor very awesome working app \u270c\ufe0f",
        "repliedAt": null,
        "replyContent": null,
        "reviewCreatedVersion": null,
        "reviewId": "752c20cb-feb1-4984-96d7-560b973823df",
        "score": 5,
        "thumbsUpCount": 0,
        "userImage": "https://play-lh.googleusercontent.com/a-/ALV-UjV6HmJ1MFbDMfMvdFOSL4Z0EDMl5-mRdUkmZCLkAkWhJA",
        "userName": "DC Jonny"
    },
    {
        "appVersion": null,
        "at": "2023-09-04 04:29:17",
        "content": "Very good and very best app.\u270c\ufe0f",
        "repliedAt": null,
        "replyContent": null,
        "reviewCreatedVersion": null,
        "reviewId": "a72c8483-406d-4af9-a0ba-f15eca44d4ea",
        "score": 5,
        "thumbsUpCount": 0,
        "userImage": "https://play-lh.googleusercontent.com/a/ACg8ocLrTglfJgb-6_Tu7Ch0eZ8IN6qkiXBzUYKmZAHJwE0e=mo",
        "userName": "aakarsh DC"
    },
    {
        "appVersion": null,
        "at": "2023-09-02 10:15:05",
        "content": "Nice Balochi Turban Photo Editor \u270c",
        "repliedAt": null,
        "replyContent": null,
        "reviewCreatedVersion": null,
        "reviewId": "1e282f78-f07e-4537-9cbd-3eaf7684c8ee",
        "score": 5,
        "thumbsUpCount": 0,
        "userImage": "https://play-lh.googleusercontent.com/a-/ALV-UjXjJUOC5GzivOPAX5dGu5UXd9ULd0GeMHB0IUaKWTvjCw",
        "userName": "Humaish Buk"
    },
    {
        "appVersion": null,
        "at": "2023-09-02 08:12:05",
        "content": "Photo Editor is a very good and very best app. Licking.\u270c\ufe0f",
        "repliedAt": null,
        "replyContent": null,
        "reviewCreatedVersion": null,
        "reviewId": "eaae11c3-54dc-490e-8db4-a99ffd7f6034",
        "score": 5,
        "thumbsUpCount": 0,
        "userImage": "https://play-lh.googleusercontent.com/a/ACg8ocJ7nThjHBpvTc0MxPOEOZ4MgDTe7iY-wdhh-y1xgMXc=mo",
        "userName": "keshondra shana"
    },
    {
        "appVersion": null,
        "at": "2023-08-31 10:36:49",
        "content": "Baluchi turban photo editor application have good functions for used %%",
        "repliedAt": null,
        "replyContent": null,
        "reviewCreatedVersion": null,
        "reviewId": "1f40ee19-b2fa-4ed4-8f65-5c6ddac9feef",
        "score": 5,
        "thumbsUpCount": 0,
        "userImage": "https://play-lh.googleusercontent.com/a/ACg8ocJWqGyvAEpKnyaZI9XAAmVpJ_QJOtqD-2SX8WDy1DJe=mo",
        "userName": "Sabrina Yba"
    },
    {
        "appVersion": null,
        "at": "2023-08-31 04:01:56",
        "content": "Very nice and very useful application@@",
        "repliedAt": null,
        "replyContent": null,
        "reviewCreatedVersion": null,
        "reviewId": "f2d8679a-eb22-4faa-9d60-e2afb24ee7df",
        "score": 5,
        "thumbsUpCount": 0,
        "userImage": "https://play-lh.googleusercontent.com/a/ACg8ocIBDOmfkwXA4hApZp627FwjUSc8zJ4ogNhFlQhVin3F=mo",
        "userName": "szr Max"
    },
    {
        "appVersion": null,
        "at": "2023-08-30 00:27:39",
        "content": "Balochi Turban Photo Editor nice app I really enjoy this application\ud83d\udcaf",
        "repliedAt": null,
        "replyContent": null,
        "reviewCreatedVersion": null,
        "reviewId": "6984bad2-cd16-4320-8f49-d53193a703e0",
        "score": 5,
        "thumbsUpCount": 0,
        "userImage": "https://play-lh.googleusercontent.com/a/ACg8ocIaKDrFZ-G4h_4qEnEitUgGZOM2aJ6DgApN1Nn0WMlc=mo",
        "userName": "Daniel Ahti"
    },
    {
        "appVersion": null,
        "at": "2023-08-30 00:16:24",
        "content": "Balochi turban photo editor lovely applicatio\ud83d\udcaf",
        "repliedAt": null,
        "replyContent": null,
        "reviewCreatedVersion": null,
        "reviewId": "a39e21c7-15bf-4bcd-b47d-2d098e4da500",
        "score": 5,
        "thumbsUpCount": 0,
        "userImage": "https://play-lh.googleusercontent.com/a/ACg8ocI5hzNWLWYy7n2kXYxEBa2F1Rg-6TYupuU1CJ5SIrda=mo",
        "userName": "Goumnam EER"
    },
    {
        "appVersion": null,
        "at": "2023-08-29 12:36:55",
        "content": "It is one of the best application I like it%%",
        "repliedAt": null,
        "replyContent": null,
        "reviewCreatedVersion": null,
        "reviewId": "4b4ac0d7-0b78-45ef-974c-f88f8f9513f5",
        "score": 5,
        "thumbsUpCount": 0,
        "userImage": "https://play-lh.googleusercontent.com/a/ACg8ocJO1MYziGv0Fb2SAFuN0vaZ4f7jvkeBaUyUa8Ak2oMQ=mo",
        "userName": "Qissa yousuf Pak"
    },
    {
        "appVersion": null,
        "at": "2023-08-29 08:36:08",
        "content": "Very easy application so working application@@",
        "repliedAt": null,
        "replyContent": null,
        "reviewCreatedVersion": null,
        "reviewId": "fe3db33d-9e43-41ae-95c1-7f932b5b1dfb",
        "score": 5,
        "thumbsUpCount": 0,
        "userImage": "https://play-lh.googleusercontent.com/a/ACg8ocLz5UqCTHQxjqo2OA3lGvRURtH6yeKaU6QxjwvFaZod=mo",
        "userName": "Vikram By Ryk"
    },
    {
        "appVersion": null,
        "at": "2023-08-29 05:24:23",
        "content": "Balochi Turban Photo Editor this application is very super application%%",
        "repliedAt": null,
        "replyContent": null,
        "reviewCreatedVersion": null,
        "reviewId": "d85033e4-73aa-414b-adc3-eae6e595ab55",
        "score": 5,
        "thumbsUpCount": 0,
        "userImage": "https://play-lh.googleusercontent.com/a/ACg8ocLj6eKB1P0yzhK6RUtnr7kdQRiPh6-Fk1zMxE4VxTpZ=mo",
        "userName": "Zombii Boss"
    },
    {
        "appVersion": "1.0",
        "at": "2023-08-28 11:52:31",
        "content": "Baloch is very brave, respectable and beautiful people, baloach are traditional people and love very much to own tradition.So we bring baloachi turbans editor to all the Balochi, Pakistani, Iranian and Afghani peoples.this app has a very rich collection of baloachi turbans, easy in use, and a very low size\ud83c\udf53\ud83c\udf53",
        "repliedAt": null,
        "replyContent": null,
        "reviewCreatedVersion": "1.0",
        "reviewId": "df513f9b-7765-4fc4-b480-464acb5e6f57",
        "score": 5,
        "thumbsUpCount": 0,
        "userImage": "https://play-lh.googleusercontent.com/a/ACg8ocJNoV4zUzPv-hqeuEG3HwO-VVbd8DEoMKcVByldMO4O=mo",
        "userName": "Saim Jutt"
    },
    {
        "appVersion": null,
        "at": "2023-08-28 00:15:14",
        "content": "This one application is so wonderful%%",
        "repliedAt": null,
        "replyContent": null,
        "reviewCreatedVersion": null,
        "reviewId": "a7e9fa20-7814-4a5a-bd2d-64469bdc7972",
        "score": 5,
        "thumbsUpCount": 1,
        "userImage": "https://play-lh.googleusercontent.com/a-/ALV-UjVsEEMimhyfnNEW9rV8c3fbdRzYO1HsU-JZscZyqUce9w",
        "userName": "Ricky ICN Zko"
    },
    {
        "appVersion": null,
        "at": "2023-08-27 08:00:19",
        "content": "Very useful application I like this application very much.%%",
        "repliedAt": null,
        "replyContent": null,
        "reviewCreatedVersion": null,
        "reviewId": "2bb4a5a5-6e62-4bab-88d2-b3a9cc5bfb45",
        "score": 5,
        "thumbsUpCount": 0,
        "userImage": "https://play-lh.googleusercontent.com/a/ACg8ocJxWayi5PL37PAkniz6Rr8wR7NPmwD-43liZBvTLfmG=mo",
        "userName": "Aahan DC"
    },
    {
        "appVersion": null,
        "at": "2023-08-24 12:51:26",
        "content": "Balochi Turban Photo EditorI just have downloaded the app its interface is good, and easy to use, and provides all info about pregnancy as signs of pregnency \ud83c\udf53\ud83c\udf53",
        "repliedAt": null,
        "replyContent": null,
        "reviewCreatedVersion": null,
        "reviewId": "7e7c383f-107d-4577-830e-2d602e73ce22",
        "score": 5,
        "thumbsUpCount": 2,
        "userImage": "https://play-lh.googleusercontent.com/a/ACg8ocJP7FILulg9UnN4LtoH8TE0WKgiZwVNDgD-oO7LUgM2=mo",
        "userName": "ASAD RAI"
    },
    {
        "appVersion": null,
        "at": "2023-08-24 03:33:39",
        "content": "Very great and very working application@@",
        "repliedAt": null,
        "replyContent": null,
        "reviewCreatedVersion": null,
        "reviewId": "a31e5f5e-8fc4-4474-bd67-5e1c28f3eb82",
        "score": 5,
        "thumbsUpCount": 0,
        "userImage": "https://play-lh.googleusercontent.com/a/ACg8ocIawIFnQxm_Z8kma9ex1duddS0K58cDeHyRsQiMQppu=mo",
        "userName": "Ramii Sm"
    },
    {
        "appVersion": "1.0",
        "at": "2023-08-24 02:44:03",
        "content": "Balochi trubn photo editor is very good and fantastic application. I like this application. Download and try this now. \ud83c\udf53\ud83c\udf53",
        "repliedAt": null,
        "replyContent": null,
        "reviewCreatedVersion": "1.0",
        "reviewId": "3bc6880d-7a39-4e92-9158-add5dd1859fb",
        "score": 5,
        "thumbsUpCount": 0,
        "userImage": "https://play-lh.googleusercontent.com/a/ACg8ocKp6u9LOI36PJHIYMEhWzMJ2BkfEJRh4ET1ZP86B7PH=mo",
        "userName": "Fariya Malik"
    },
    {
        "appVersion": null,
        "at": "2023-08-23 07:20:39",
        "content": "This is very well working application%%",
        "repliedAt": null,
        "replyContent": null,
        "reviewCreatedVersion": null,
        "reviewId": "36c5b22d-1271-441c-b8cb-7992a1b37122",
        "score": 5,
        "thumbsUpCount": 0,
        "userImage": "https://play-lh.googleusercontent.com/a/ACg8ocLjT3KKmzOjbSms8Nr1bUhCdrQd4pelpvkH3TM0k_4Q=mo",
        "userName": "Reddy Msk"
    },
    {
        "appVersion": null,
        "at": "2023-08-22 09:24:13",
        "content": "very very good %%",
        "repliedAt": null,
        "replyContent": null,
        "reviewCreatedVersion": null,
        "reviewId": "d35ea487-4e21-4c3f-a0cb-047ece9d24bc",
        "score": 5,
        "thumbsUpCount": 0,
        "userImage": "https://play-lh.googleusercontent.com/a/ACg8ocIckQ-GLiDMN76spid64ZGhxbOr7ApiN6t0mJFZKsiM=mo",
        "userName": "David Warner gii"
    },
    {
        "appVersion": null,
        "at": "2023-08-21 07:59:51",
        "content": "This application is very easy to download from play store easy application@@",
        "repliedAt": null,
        "replyContent": null,
        "reviewCreatedVersion": null,
        "reviewId": "f22cbfb7-fef7-4ab0-bb43-db9f62d3dcce",
        "score": 5,
        "thumbsUpCount": 0,
        "userImage": "https://play-lh.googleusercontent.com/a/ACg8ocIGGTqHVvS8hggSbISudhE8IhIVPmIkq86RQzdo0U1a=mo",
        "userName": "Naghum by King"
    },
    {
        "appVersion": null,
        "at": "2023-08-21 03:06:50",
        "content": "Balochi Turban Photo my best and my favorite and very easy application%%",
        "repliedAt": null,
        "replyContent": null,
        "reviewCreatedVersion": null,
        "reviewId": "19cc945f-29f8-4a3e-b46d-fd162d858ea7",
        "score": 5,
        "thumbsUpCount": 1,
        "userImage": "https://play-lh.googleusercontent.com/a/ACg8ocIwrVLkHgDY9sfFFGovmcIfQZYKcI8MCrKA5qfLhTJt=mo",
        "userName": "call Verizon Us"
    },
    {
        "appVersion": null,
        "at": "2023-08-15 08:58:20",
        "content": "Beautiful application so nice.%%",
        "repliedAt": null,
        "replyContent": null,
        "reviewCreatedVersion": null,
        "reviewId": "671e8c53-f1dd-4e05-9d68-8d357c598a2c",
        "score": 5,
        "thumbsUpCount": 0,
        "userImage": "https://play-lh.googleusercontent.com/a/ACg8ocL5CjffOCw2j5CVymP8KZYHmGixnqJAf6PKfYf8Rnv2=mo",
        "userName": "aarvin vm"
    },
    {
        "appVersion": null,
        "at": "2023-08-08 08:40:13",
        "content": "Cute application and very amazing application%%",
        "repliedAt": null,
        "replyContent": null,
        "reviewCreatedVersion": null,
        "reviewId": "9a8f596f-286a-44e7-8d37-6ac82540bcd7",
        "score": 5,
        "thumbsUpCount": 0,
        "userImage": "https://play-lh.googleusercontent.com/a/ACg8ocLYJ6Xu0P2_T7aDPL21HKnIIfNmAyZsTe5k0B_cI5JA=mo",
        "userName": "Pant dc"
    },
    {
        "appVersion": null,
        "at": "2023-08-08 01:48:25",
        "content": "Balochi Turban photo additor app is a modern photo editor app..We can made our pics beautiful with balochi turbans ##",
        "repliedAt": null,
        "replyContent": null,
        "reviewCreatedVersion": null,
        "reviewId": "105e46fa-22e3-4bae-847e-faf0522992c4",
        "score": 5,
        "thumbsUpCount": 0,
        "userImage": "https://play-lh.googleusercontent.com/a/ACg8ocIvyopcHk8I7UAxTljW_L2EJiX4xqRfGhYMq2h-xJg=mo",
        "userName": "Good Morning A. M"
    },
    {
        "appVersion": null,
        "at": "2023-08-06 12:41:38",
        "content": "Very nice and very amazing application@@",
        "repliedAt": null,
        "replyContent": null,
        "reviewCreatedVersion": null,
        "reviewId": "d2e00d79-ac43-408d-8b04-d7b969f245bf",
        "score": 5,
        "thumbsUpCount": 0,
        "userImage": "https://play-lh.googleusercontent.com/a/ACg8ocI85WzofYi5QM0X7hBIW9dOPfjm-_vj0RDr1nyYlGzd=mo",
        "userName": "Imad Aj"
    },
    {
        "appVersion": null,
        "at": "2023-08-06 09:36:08",
        "content": "I like it very much application my test application$$",
        "repliedAt": null,
        "replyContent": null,
        "reviewCreatedVersion": null,
        "reviewId": "20f0453c-809f-4c39-a192-a3b0c43c599f",
        "score": 5,
        "thumbsUpCount": 0,
        "userImage": "https://play-lh.googleusercontent.com/a/ACg8ocLJGY28xAsC6XWFmT2o9ayi3ILNOppFBinnwbFPi2FB=mo",
        "userName": "Kashish Pt"
    },
    {
        "appVersion": null,
        "at": "2023-08-06 08:50:53",
        "content": "This is an amazing and awesome photo edited application %",
        "repliedAt": null,
        "replyContent": null,
        "reviewCreatedVersion": null,
        "reviewId": "a1ab6689-9960-483d-8613-4b8660bb9f88",
        "score": 5,
        "thumbsUpCount": 0,
        "userImage": "https://play-lh.googleusercontent.com/a/ACg8ocLq8x8akIGk1cIUk27TlXHYgvbutquYAaVb49k_eNCe=mo",
        "userName": "Bhola Msk"
    },
    {
        "appVersion": null,
        "at": "2023-08-06 03:42:18",
        "content": "Outstanding and brilliant have I like it@@",
        "repliedAt": null,
        "replyContent": null,
        "reviewCreatedVersion": null,
        "reviewId": "05899457-d8b2-4b51-b9b3-f608de8050ca",
        "score": 5,
        "thumbsUpCount": 0,
        "userImage": "https://play-lh.googleusercontent.com/a/ACg8ocImbCTAPpJqfkUK452d_ARV6g8fx-6-84fH-vkQNTxo=mo",
        "userName": "Jason KG"
    },
    {
        "appVersion": null,
        "at": "2023-08-06 02:31:01",
        "content": "Very useful application my favorite application@@",
        "repliedAt": null,
        "replyContent": null,
        "reviewCreatedVersion": null,
        "reviewId": "d0317c92-f17c-4afc-a134-8b42846819ec",
        "score": 5,
        "thumbsUpCount": 0,
        "userImage": "https://play-lh.googleusercontent.com/a/ACg8ocLDvcQricwc-hxJ8MxiV1ivnj8Z9sRIU8moozjXpU0=mo",
        "userName": "Hazarz Max"
    },
    {
        "appVersion": null,
        "at": "2023-08-05 10:57:10",
        "content": "This is very good application@@",
        "repliedAt": null,
        "replyContent": null,
        "reviewCreatedVersion": null,
        "reviewId": "eb36eae9-80a7-4a2e-869f-a4921fd08764",
        "score": 5,
        "thumbsUpCount": 0,
        "userImage": "https://play-lh.googleusercontent.com/a/ACg8ocKS-EACEhGhXCq72RqCZz9bpx1yC2hhhLwdtMSEkBRS=mo",
        "userName": "Afnoon KG"
    },
    {
        "appVersion": null,
        "at": "2023-08-05 00:46:46",
        "content": "make me happy every day and every time I like it very much$$",
        "repliedAt": null,
        "replyContent": null,
        "reviewCreatedVersion": null,
        "reviewId": "dc7e3ee8-8edd-4892-be05-19c7b98d6326",
        "score": 5,
        "thumbsUpCount": 1,
        "userImage": "https://play-lh.googleusercontent.com/a/ACg8ocKkXysc8I3He6ZFV6rzallakX2q_ozCGRDmGTaqKydQ=mo",
        "userName": "Burns 05 Mcb"
    },
    {
        "appVersion": null,
        "at": "2023-08-04 09:32:28",
        "content": "Balochi Turbans photo editor app is an amazing application for decorate your pics with amazing different styles of Balochi turbans ##",
        "repliedAt": null,
        "replyContent": null,
        "reviewCreatedVersion": null,
        "reviewId": "289c40c0-3f34-49d6-8fa6-d7f14f58cb4f",
        "score": 5,
        "thumbsUpCount": 0,
        "userImage": "https://play-lh.googleusercontent.com/a/ACg8ocL4zxNuPjH_z2z9AXcB1zK6cwtgQNFDAlfVWJrcWtUX=mo",
        "userName": "Lifeline* A. M"
    },
    {
        "appVersion": null,
        "at": "2023-08-04 08:37:20",
        "content": "Very great and very nice application nice@@",
        "repliedAt": null,
        "replyContent": null,
        "reviewCreatedVersion": null,
        "reviewId": "0898e9a8-ca15-422f-9917-f05ae992a0a1",
        "score": 5,
        "thumbsUpCount": 0,
        "userImage": "https://play-lh.googleusercontent.com/a-/ALV-UjXEmouevscW1j8dzxHlg00TcXZdHFDe-tYw6Bk_eBj05g",
        "userName": "Amelia Win"
    },
    {
        "appVersion": null,
        "at": "2023-08-04 04:08:16",
        "content": "very amazing and very@@",
        "repliedAt": null,
        "replyContent": null,
        "reviewCreatedVersion": null,
        "reviewId": "1f3b1354-af8b-4082-a80b-696ca1ebd79a",
        "score": 5,
        "thumbsUpCount": 0,
        "userImage": "https://play-lh.googleusercontent.com/a/ACg8ocKYOk-mB871RwxI0IBYppXW3TyBO_36CVqjIaAs2BdR=mo",
        "userName": "eilliot jack Kg"
    },
    {
        "appVersion": null,
        "at": "2023-08-04 03:31:32",
        "content": "nice one app %",
        "repliedAt": null,
        "replyContent": null,
        "reviewCreatedVersion": null,
        "reviewId": "0c07e452-2307-4e7d-b833-20553d9f3a65",
        "score": 5,
        "thumbsUpCount": 0,
        "userImage": "https://play-lh.googleusercontent.com/a/ACg8ocIECwpfPadJsmrL574Es0WCo-xLMUDnDYFF_coWfKzL=mo",
        "userName": "Jiya S Zko"
    },
    {
        "appVersion": null,
        "at": "2023-08-04 02:53:59",
        "content": "i like it very much very fast@@",
        "repliedAt": null,
        "replyContent": null,
        "reviewCreatedVersion": null,
        "reviewId": "e989cbe5-a3e5-4756-ac15-303a387dd3ab",
        "score": 5,
        "thumbsUpCount": 0,
        "userImage": "https://play-lh.googleusercontent.com/a/ACg8ocK9iPPUzXVR5wEcKEEziKVksRbH8tUidXrLNwOnI65t=mo",
        "userName": "love you by ryk"
    },
    {
        "appVersion": null,
        "at": "2023-08-03 12:53:19",
        "content": "This application is very best and still working application@@",
        "repliedAt": null,
        "replyContent": null,
        "reviewCreatedVersion": null,
        "reviewId": "91e0fc8a-0abe-492c-b08d-e8af20782de5",
        "score": 5,
        "thumbsUpCount": 0,
        "userImage": "https://play-lh.googleusercontent.com/a/ACg8ocKaNy7MVdeY9Uknzy11H0HXpPLUqf0V6fDbMASFxb-R=mo",
        "userName": "Shah syed max"
    },
    {
        "appVersion": null,
        "at": "2023-08-02 11:30:32",
        "content": "Very nice and very great application I like it very much@@@",
        "repliedAt": null,
        "replyContent": null,
        "reviewCreatedVersion": null,
        "reviewId": "a8466b0a-9e45-4a1d-9b92-99f4d8b19ac0",
        "score": 5,
        "thumbsUpCount": 0,
        "userImage": "https://play-lh.googleusercontent.com/a/ACg8ocJ3ouv_1Ff40rxGJtShcEEsLd-RQY77ZVd6zHjulFsH=mo",
        "userName": "Gani KG"
    },
    {
        "appVersion": null,
        "at": "2023-08-02 09:54:21",
        "content": "Blotchi we thought it turban photo editor application is very well working application \ud83d\ude0d\ud83d\ude0d",
        "repliedAt": null,
        "replyContent": null,
        "reviewCreatedVersion": null,
        "reviewId": "d77c3313-42a0-4400-8a9e-023895390562",
        "score": 5,
        "thumbsUpCount": 0,
        "userImage": "https://play-lh.googleusercontent.com/a/ACg8ocL-Ob4zws0FyoF4BcWe2NaCKgTS6gJw_Mr7nH9b7BCE=mo",
        "userName": "Anabia izhar Yba"
    },
    {
        "appVersion": null,
        "at": "2023-08-02 06:27:54",
        "content": "Balochi Turban Photo Editor limit use an app I love to use this%",
        "repliedAt": null,
        "replyContent": null,
        "reviewCreatedVersion": null,
        "reviewId": "840d754e-545e-447d-9740-3b4144aefbdf",
        "score": 5,
        "thumbsUpCount": 0,
        "userImage": "https://play-lh.googleusercontent.com/a/ACg8ocLMfv2YY410WbQMVq1KPqgn3-qYx4jqGGvo3BhetipA=mo",
        "userName": "Arbi asd zr"
    },
    {
        "appVersion": null,
        "at": "2023-08-02 04:24:51",
        "content": "Balochi Turban Photo Editor very interesting application %",
        "repliedAt": null,
        "replyContent": null,
        "reviewCreatedVersion": null,
        "reviewId": "14a71005-fafe-4b19-b32a-8603378f0ee8",
        "score": 5,
        "thumbsUpCount": 0,
        "userImage": "https://play-lh.googleusercontent.com/a/ACg8ocJpBaWeHeYi8w33oZGVX-TCZUxQXxUfZv4a8xz1S8A1=mo",
        "userName": "Nyce Tvs"
    },
    {
        "appVersion": "1.0",
        "at": "2023-08-02 00:10:20",
        "content": "Using Balochi Turban Photo Editor app you can easily edit your photo to make your photo with turban photo$$",
        "repliedAt": null,
        "replyContent": null,
        "reviewCreatedVersion": "1.0",
        "reviewId": "a109c54b-86aa-4563-b0a3-15c37106bdd9",
        "score": 5,
        "thumbsUpCount": 4,
        "userImage": "https://play-lh.googleusercontent.com/a/ACg8ocIJv-bQbbxHU5FrsWPLqt8kYMSxU9lsdyHziHwd3ZfL=mo",
        "userName": "Malik shabbir Akb"
    },
    {
        "appVersion": null,
        "at": "2023-08-01 15:49:59",
        "content": "Balochi Turban is very amazing application **",
        "repliedAt": null,
        "replyContent": null,
        "reviewCreatedVersion": null,
        "reviewId": "a8af6040-5f37-4997-a576-1e4a1d9ef2b5",
        "score": 5,
        "thumbsUpCount": 0,
        "userImage": "https://play-lh.googleusercontent.com/a/ACg8ocKDzq2zgqxXLKPgzk7TigUi1OOcw3KMuQO-Y3kbxaYQ=mo",
        "userName": "Syed Ali 26un"
    },
    {
        "appVersion": null,
        "at": "2023-08-01 09:37:13",
        "content": "This is amazing and one of the best below 3 turban photo editor app%",
        "repliedAt": null,
        "replyContent": null,
        "reviewCreatedVersion": null,
        "reviewId": "8d3f43aa-de30-49bd-8959-e70b9763637b",
        "score": 5,
        "thumbsUpCount": 0,
        "userImage": "https://play-lh.googleusercontent.com/a-/ALV-UjVwF9S6uh5pxHHIaTuLtX8YuFEbr7DHYlsomZBANDupCA",
        "userName": "Shakil jaan Pop"
    },
    {
        "appVersion": null,
        "at": "2023-08-01 09:36:34",
        "content": "Blodgett urban photo editor app is my favourite app%",
        "repliedAt": null,
        "replyContent": null,
        "reviewCreatedVersion": null,
        "reviewId": "7440869f-48a7-4f6b-b1cf-a5b12ef51e32",
        "score": 5,
        "thumbsUpCount": 0,
        "userImage": "https://play-lh.googleusercontent.com/a/ACg8ocJyUaeSpQ4Zhd_fLIycDQEoomTnsTGvSyar7kx-wgVY=mo",
        "userName": "Shakeel sain Ymo"
    },
    {
        "appVersion": null,
        "at": "2023-08-01 08:41:49",
        "content": "Better useful application and very best application@@",
        "repliedAt": null,
        "replyContent": null,
        "reviewCreatedVersion": null,
        "reviewId": "d03f1c1a-397b-4ea9-9cbb-ac4b227331a5",
        "score": 5,
        "thumbsUpCount": 0,
        "userImage": "https://play-lh.googleusercontent.com/a/ACg8ocJfiiaGe_-7YKotaolhGesuR7ZA0t0mikoorz4rYeHH=mo",
        "userName": "Rizwan king King"
    },
    {
        "appVersion": "1.0",
        "at": "2023-08-01 07:52:31",
        "content": "This is an amazing and very well working application %",
        "repliedAt": null,
        "replyContent": null,
        "reviewCreatedVersion": "1.0",
        "reviewId": "9a195bfc-6e06-404d-b649-a72e0faa0000",
        "score": 5,
        "thumbsUpCount": 6,
        "userImage": "https://play-lh.googleusercontent.com/a/ACg8ocL9tLfnmjWHGUTIfLwUEkyhduj5t9icYx48RLxBsx-E=mo",
        "userName": "Paul Ksm"
    },
    {
        "appVersion": null,
        "at": "2023-08-01 02:01:56",
        "content": "very well and very beautiful all system very easy application$$",
        "repliedAt": null,
        "replyContent": null,
        "reviewCreatedVersion": null,
        "reviewId": "dbcd9161-262e-4d60-9dc3-10957ef0a09f",
        "score": 5,
        "thumbsUpCount": 1,
        "userImage": "https://play-lh.googleusercontent.com/a-/ALV-UjU5ga6s2Dt6h7Wa8UZtGG7kEvk2Y5dTcsGpY7tIKGC7pg",
        "userName": "Lvan By so"
    },
    {
        "appVersion": null,
        "at": "2023-07-31 09:04:03",
        "content": "Balochi turban photo editor application is very awesome application %%",
        "repliedAt": null,
        "replyContent": null,
        "reviewCreatedVersion": null,
        "reviewId": "69356879-c14b-4f78-a818-b13b01f6ef19",
        "score": 5,
        "thumbsUpCount": 0,
        "userImage": "https://play-lh.googleusercontent.com/a/ACg8ocJVMv239IM5PMg5HfRMPJfMmBXuHybaBwF56iE6mlEA=mo",
        "userName": "Grace Say"
    },
    {
        "appVersion": null,
        "at": "2023-07-31 08:33:11",
        "content": "We're best and very useful application easy application@@",
        "repliedAt": null,
        "replyContent": null,
        "reviewCreatedVersion": null,
        "reviewId": "dadfd571-0bf0-43f8-b071-4a11a2bebe75",
        "score": 5,
        "thumbsUpCount": 0,
        "userImage": "https://play-lh.googleusercontent.com/a/ACg8ocJPDyJspL_pph4LXhmqBx_em6MGRtRakjqkaHkILVXb=mo",
        "userName": "Bumra Sm"
    },
    {
        "appVersion": null,
        "at": "2023-07-31 00:07:48",
        "content": "Balochi Turban Photo Editor app is my favourite editing app in the world i like its features it is easy to use this is the game changer app \ud83e\uddd0",
        "repliedAt": null,
        "replyContent": null,
        "reviewCreatedVersion": null,
        "reviewId": "8dc1de82-cc92-4792-ba05-cd6bc5cc05bd",
        "score": 5,
        "thumbsUpCount": 0,
        "userImage": "https://play-lh.googleusercontent.com/a/ACg8ocJVaYj-g_GnTTBWY0SDXT8IfkfcdnbmBp2Q-82XKi34=mo",
        "userName": "Gurpal Hora"
    },
    {
        "appVersion": null,
        "at": "2023-07-30 13:23:11",
        "content": "I like it very nice application$$",
        "repliedAt": null,
        "replyContent": null,
        "reviewCreatedVersion": null,
        "reviewId": "b33149be-59d5-443c-8c5f-bb307ff4c994",
        "score": 5,
        "thumbsUpCount": 0,
        "userImage": "https://play-lh.googleusercontent.com/a-/ALV-UjUAgCW_QgLsSgsAVteqMn9cOKzxbhRH3IvXCietKwCXow",
        "userName": "Aac Am"
    },
    {
        "appVersion": null,
        "at": "2023-07-30 08:35:56",
        "content": "Balochi Turban Photo Editor Is it useful and brilliant app%%",
        "repliedAt": null,
        "replyContent": null,
        "reviewCreatedVersion": null,
        "reviewId": "5954e6f4-7821-4317-8636-892145304750",
        "score": 5,
        "thumbsUpCount": 0,
        "userImage": "https://play-lh.googleusercontent.com/a/ACg8ocLpy5hAyxiYpiaHZUvUa-KPepleuuS5_xYtd8CX0Mk4=mo",
        "userName": "Kashmala Zr"
    },
    {
        "appVersion": null,
        "at": "2023-07-30 08:30:44",
        "content": "nice app %%",
        "repliedAt": null,
        "replyContent": null,
        "reviewCreatedVersion": null,
        "reviewId": "ba391823-ce4a-455d-8335-8aa72c7341f2",
        "score": 5,
        "thumbsUpCount": 1,
        "userImage": "https://play-lh.googleusercontent.com/a/ACg8ocJhv3dTuctY_XIcOfr2udVRt1KbsS2ooS6NUkkuqJyR=mo",
        "userName": "avg baby"
    },
    {
        "appVersion": null,
        "at": "2023-07-30 08:12:23",
        "content": "balochi turban very amazing application %%",
        "repliedAt": null,
        "replyContent": null,
        "reviewCreatedVersion": null,
        "reviewId": "6bbd0968-aba1-48da-b725-494604909fa7",
        "score": 5,
        "thumbsUpCount": 1,
        "userImage": "https://play-lh.googleusercontent.com/a/ACg8ocIWIEuXZAw7wx_BSvElZp-84ULeyJyog4NROGThMyjK=mo",
        "userName": "Kkdd munir 5"
    },
    {
        "appVersion": null,
        "at": "2023-07-30 03:36:31",
        "content": "Balochi Turban photo Editor is good Application**",
        "repliedAt": null,
        "replyContent": null,
        "reviewCreatedVersion": null,
        "reviewId": "cdbf304d-3f87-48c0-8a66-13feb2c797be",
        "score": 5,
        "thumbsUpCount": 0,
        "userImage": "https://play-lh.googleusercontent.com/a-/ALV-UjWw68ygVfPsPvJIV4330PL8kr_B52m69SckBhBfwZWuRA",
        "userName": "Habiba Naeem"
    },
    {
        "appVersion": null,
        "at": "2023-07-30 02:59:38",
        "content": "Great application easy to use **",
        "repliedAt": null,
        "replyContent": null,
        "reviewCreatedVersion": null,
        "reviewId": "bd689681-e7cf-48d0-8b6d-b936ab6810bf",
        "score": 5,
        "thumbsUpCount": 0,
        "userImage": "https://play-lh.googleusercontent.com/a/ACg8ocLHGKm2WUeH_H-qr7yUUVWU92i7ieU9fkQJkzK1vVzR=mo",
        "userName": "Riyaz Khan"
    },
    {
        "appVersion": null,
        "at": "2023-07-30 01:58:14",
        "content": "Very nice and very working application@@",
        "repliedAt": null,
        "replyContent": null,
        "reviewCreatedVersion": null,
        "reviewId": "e3a963b1-6b95-4711-846d-346b54a6dcc6",
        "score": 5,
        "thumbsUpCount": 0,
        "userImage": "https://play-lh.googleusercontent.com/a/ACg8ocLYViCyvRNtdx0OC4U4TbkS-413vZlBZsEjvEOZE8ws=mo",
        "userName": "Resmesh By king"
    },
    {
        "appVersion": null,
        "at": "2023-07-29 13:48:53",
        "content": "this app is very nice %%",
        "repliedAt": null,
        "replyContent": null,
        "reviewCreatedVersion": null,
        "reviewId": "00741c29-c802-449f-8f12-8fe63025ab6b",
        "score": 5,
        "thumbsUpCount": 1,
        "userImage": "https://play-lh.googleusercontent.com/a/ACg8ocJORfBCfSsHSa5dMnw-VexfmPB4bN_FGtmZNUtNNbMJ=mo",
        "userName": "Surya Kumar Mio"
    },
    {
        "appVersion": null,
        "at": "2023-07-29 06:52:09",
        "content": "Balochi Turban Photo Editor i like it %%",
        "repliedAt": null,
        "replyContent": null,
        "reviewCreatedVersion": null,
        "reviewId": "f637981e-1aa1-4568-b846-fb7c3ff2b057",
        "score": 5,
        "thumbsUpCount": 1,
        "userImage": "https://play-lh.googleusercontent.com/a/ACg8ocLCsC7hFZ-inVus7uC09_sY5xoi8ZiMzhLF8CWLQ5GH=mo",
        "userName": "Fazzo Dc"
    },
    {
        "appVersion": null,
        "at": "2023-07-29 03:20:02",
        "content": "Nice application and very best working app@@",
        "repliedAt": null,
        "replyContent": null,
        "reviewCreatedVersion": null,
        "reviewId": "3355b1b9-0bd0-4b37-a3b4-17acb25523c0",
        "score": 5,
        "thumbsUpCount": 0,
        "userImage": "https://play-lh.googleusercontent.com/a/ACg8ocISrkUuyW8EG_PRk88rFBgAugXEGRCOd2oGsmN00P8=mo",
        "userName": "Somo KG"
    },
    {
        "appVersion": null,
        "at": "2023-07-29 03:16:18",
        "content": "Wonderful photo editing app with different styles of Balochi turbans **",
        "repliedAt": null,
        "replyContent": null,
        "reviewCreatedVersion": null,
        "reviewId": "fde55735-6bc6-4245-bff4-9c63fe2536f7",
        "score": 5,
        "thumbsUpCount": 0,
        "userImage": "https://play-lh.googleusercontent.com/a/ACg8ocKksLwYOFkAFhwDY4JSbfDldkXfJpmYN5Z9YEHoqMTW=mo",
        "userName": "Suriya A. M"
    },
    {
        "appVersion": null,
        "at": "2023-07-29 02:47:05",
        "content": "BALOCHI TURBAN PHOTO EDITOR APP ::DRESS UP YOURSELF AS STUNNING BALOCHI **",
        "repliedAt": null,
        "replyContent": null,
        "reviewCreatedVersion": null,
        "reviewId": "9624b19d-9001-4c00-a36c-8990683fc98f",
        "score": 5,
        "thumbsUpCount": 0,
        "userImage": "https://play-lh.googleusercontent.com/a/ACg8ocJCm_3CjOvYtX08MWIuV8_oyl2pQJca2P2gU-FyjvTR=mo",
        "userName": "James Vince AGMY"
    },
    {
        "appVersion": null,
        "at": "2023-07-28 11:37:39",
        "content": "balochi turban very nice app % %",
        "repliedAt": null,
        "replyContent": null,
        "reviewCreatedVersion": null,
        "reviewId": "b1dc4812-f9bd-464c-bf15-20ab4ff6f067",
        "score": 5,
        "thumbsUpCount": 0,
        "userImage": "https://play-lh.googleusercontent.com/a/ACg8ocKveVmqfq3XNwb-B24ClaBnoOCVJJ-LgJlIozd-5Uju=mo",
        "userName": "Yttesba arj"
    },
    {
        "appVersion": null,
        "at": "2023-07-28 11:24:19",
        "content": "Balochi Turban photo Editor app is really an amazing application **",
        "repliedAt": null,
        "replyContent": null,
        "reviewCreatedVersion": null,
        "reviewId": "6f118a72-c5a3-48ab-9ddb-414538016bf0",
        "score": 5,
        "thumbsUpCount": 0,
        "userImage": "https://play-lh.googleusercontent.com/a/ACg8ocJc5dkwk34fXwaWRZ-ySmhWc2dvWxFcKvPKulqizmei=mo",
        "userName": "Online earning 1 A M"
    },
    {
        "appVersion": null,
        "at": "2023-07-28 08:46:54",
        "content": "Balochi Turban photo is a modern application decorate your pics with beautiful balochi turbans. Features Of this applications are very unique.. this application is very easy to use and install **",
        "repliedAt": null,
        "replyContent": null,
        "reviewCreatedVersion": null,
        "reviewId": "ca78d33f-435f-4ecf-a3cb-bec9ea8fbbc9",
        "score": 5,
        "thumbsUpCount": 0,
        "userImage": "https://play-lh.googleusercontent.com/a/ACg8ocIWNsCVT-hdwM7gzezvr2VYkHCCQerdk_TuiBr_P9UR=mo",
        "userName": "Freedom A. M"
    },
    {
        "appVersion": null,
        "at": "2023-07-28 06:03:19",
        "content": "Balochi Turban Photo Editor this application is very super and very excellent and very great app$$",
        "repliedAt": null,
        "replyContent": null,
        "reviewCreatedVersion": null,
        "reviewId": "f8e89561-8c27-44d7-8235-e2767a4db67d",
        "score": 5,
        "thumbsUpCount": 0,
        "userImage": "https://play-lh.googleusercontent.com/a/ACg8ocIcs8224QtTyQYzHewXxsOAOINZ-VCO54-4XaujlnHk=mo",
        "userName": "Seeni Boss"
    },
    {
        "appVersion": null,
        "at": "2023-07-28 03:47:43",
        "content": "Balochi Turban Photo Editor is best additor app t \ud83e\uddd0",
        "repliedAt": null,
        "replyContent": null,
        "reviewCreatedVersion": null,
        "reviewId": "ce4f8996-7e44-4376-9a50-44161cc7847d",
        "score": 5,
        "thumbsUpCount": 0,
        "userImage": "https://play-lh.googleusercontent.com/a/ACg8ocIU5lKCxaatzjiinfNhPAYP27yXfY_zBUcCDvpOXuUP=mo",
        "userName": "58Monica Abas"
    },
    {
        "appVersion": null,
        "at": "2023-07-28 03:26:37",
        "content": "Very nice and very great and so working application@@",
        "repliedAt": null,
        "replyContent": null,
        "reviewCreatedVersion": null,
        "reviewId": "572cbe94-add8-44bf-893c-2a257c9001d9",
        "score": 5,
        "thumbsUpCount": 0,
        "userImage": "https://play-lh.googleusercontent.com/a/ACg8ocJD4z1hwcCdQZ9FlEwnbTYlWq9ge2I09kSiNr3FOJ7A=mo",
        "userName": "Sataner Sm"
    },
    {
        "appVersion": null,
        "at": "2023-07-28 01:34:22",
        "content": "Balochi Turban Photo Editor Application is incredible, fabulous heart touching and useful creation on Google play store. \ud83e\uddd0",
        "repliedAt": null,
        "replyContent": null,
        "reviewCreatedVersion": null,
        "reviewId": "7de5fdd4-1408-4e28-b68e-c6f12599d0d5",
        "score": 5,
        "thumbsUpCount": 0,
        "userImage": "https://play-lh.googleusercontent.com/a/ACg8ocKyskRxqaTSBVdPSbQ68mIuMoL31i3xh9fWlgSQbM3m=mo",
        "userName": "ZAHID IQBAL IYW"
    },
    {
        "appVersion": null,
        "at": "2023-07-27 14:19:44",
        "content": "this application makes me happy %%",
        "repliedAt": null,
        "replyContent": null,
        "reviewCreatedVersion": null,
        "reviewId": "ffe49941-d921-4e80-a982-aedf7339cb41",
        "score": 5,
        "thumbsUpCount": 0,
        "userImage": "https://play-lh.googleusercontent.com/a/ACg8ocK5bY2G5Zw7KVGn7sgu4tu_L-GX4spaSGS5FlwMsKRv=mo",
        "userName": "Rizwan kkdd"
    },
    {
        "appVersion": null,
        "at": "2023-07-26 12:41:10",
        "content": "This is an amazing and very nice application $$",
        "repliedAt": null,
        "replyContent": null,
        "reviewCreatedVersion": null,
        "reviewId": "b916ad6c-45a4-44d4-8228-4da3f6a5592f",
        "score": 5,
        "thumbsUpCount": 1,
        "userImage": "https://play-lh.googleusercontent.com/a/ACg8ocLuM7rBUyxwnj7nrJfxBi0T_GEnYqTs6pT0Ih0PA5SD=mo",
        "userName": "Muneer shah Msk"
    },
    {
        "appVersion": null,
        "at": "2023-07-26 10:24:23",
        "content": "Baluchi turban photo editor application have good functions were used %%",
        "repliedAt": null,
        "replyContent": null,
        "reviewCreatedVersion": null,
        "reviewId": "8dae145e-ecbf-4881-9e05-4aa50917bed4",
        "score": 5,
        "thumbsUpCount": 0,
        "userImage": "https://play-lh.googleusercontent.com/a/ACg8ocLzZx3Y7J196-e_xC-65GfhU08TRSFQv6EN7pnBu276=mo",
        "userName": "Lal Khan Say"
    },
    {
        "appVersion": null,
        "at": "2023-07-26 08:27:20",
        "content": "where you wonderful game and very good game best game@@",
        "repliedAt": null,
        "replyContent": null,
        "reviewCreatedVersion": null,
        "reviewId": "ec900531-ff6d-4445-a36a-3e7dbdffa686",
        "score": 5,
        "thumbsUpCount": 0,
        "userImage": "https://play-lh.googleusercontent.com/a/ACg8ocL1vPNEhUV1j_70o5t4IJD6tLQ4-5Izum8H2QvOtW71=mo",
        "userName": "Munir shah Kg"
    },
    {
        "appVersion": "1.0",
        "at": "2023-07-25 15:58:22",
        "content": "Gawader port st John Lutheran home and get my car back in my car and funk railroad tracks and get the video GNC women's basketball roster in Madden rating on tires in the house for the house \ud83c\udfe1 the video GNC women's basketball roster and get the rest of my life and funk railroad tracks on tires mean you have and get my stuff together for the house and get the rest are and I will send the house \ud83c\udfe1 and funk flex seal tape on tires mean you have to do is fine with me and get my life together for th",
        "repliedAt": null,
        "replyContent": null,
        "reviewCreatedVersion": "1.0",
        "reviewId": "da7f26d7-b7d2-4693-9be6-77e6d3732fbe",
        "score": 1,
        "thumbsUpCount": 0,
        "userImage": "https://play-lh.googleusercontent.com/a/ACg8ocLtdogj6d9HnMr8xfVDF_amQ89hCGXPUFQm6dw93TeN=mo",
        "userName": "Hanif Nigori"
    },
    {
        "appVersion": null,
        "at": "2023-07-25 14:01:04",
        "content": "Balochi Turban Photo Editor app is my favourite editing app in the world i like its features it is easy to use this is the game changer app %%",
        "repliedAt": null,
        "replyContent": null,
        "reviewCreatedVersion": null,
        "reviewId": "1af39916-9581-4da8-af77-6584b49c54fd",
        "score": 5,
        "thumbsUpCount": 4,
        "userImage": "https://play-lh.googleusercontent.com/a/ACg8ocILbxXEP9BMuf7cIw5E97fVt_v_4kS_wa8Fdr1kgTBR=mo",
        "userName": "Alon Zzss"
    },
    {
        "appVersion": null,
        "at": "2023-07-25 13:38:21",
        "content": "it is very best app%%",
        "repliedAt": null,
        "replyContent": null,
        "reviewCreatedVersion": null,
        "reviewId": "7eb8b15e-146a-4a37-824f-914d454aa67b",
        "score": 5,
        "thumbsUpCount": 0,
        "userImage": "https://play-lh.googleusercontent.com/a/ACg8ocJr5AnErY_IHzwcMhIkLeLkrav3QwtVvhakX8U5N6SX=mo",
        "userName": "Umaar shah Yba"
    },
    {
        "appVersion": null,
        "at": "2023-07-25 10:51:38",
        "content": "Balochi Turban is really beautiful and amazing application for Balochi turban lovers \ud83d\udc4d",
        "repliedAt": null,
        "replyContent": null,
        "reviewCreatedVersion": null,
        "reviewId": "47173ae5-e6a9-4423-b86d-a71baa80c5e7",
        "score": 5,
        "thumbsUpCount": 0,
        "userImage": "https://play-lh.googleusercontent.com/a-/ALV-UjX1ReSMHGIlXooZGW2Vg0FYaJf_BZ5N8YpYXrP9PTK4UmGo",
        "userName": "Anum Shafique #1"
    },
    {
        "appVersion": null,
        "at": "2023-07-25 09:42:41",
        "content": "It is very good and very wonderful application\ud83d\udc4d",
        "repliedAt": null,
        "replyContent": null,
        "reviewCreatedVersion": null,
        "reviewId": "776b2d48-bd9d-4322-ab6f-d2a7714481a9",
        "score": 5,
        "thumbsUpCount": 0,
        "userImage": "https://play-lh.googleusercontent.com/a/ACg8ocLaqsEE1B2_HyDWNg4sD7e-P20nDhoAq5_Ip2J3C7f8=mo",
        "userName": "Merab Fatima Pak"
    },
    {
        "appVersion": null,
        "at": "2023-07-25 07:06:51",
        "content": "So working application and my favourite application@@",
        "repliedAt": null,
        "replyContent": null,
        "reviewCreatedVersion": null,
        "reviewId": "d14ff9b1-0bc3-4a16-a916-72b8030e401c",
        "score": 5,
        "thumbsUpCount": 1,
        "userImage": "https://play-lh.googleusercontent.com/a/ACg8ocK9gRMnXdxWKUDy_5V3dtqUSHgc2Otmzait5L2dS4dT=mo",
        "userName": "M ali Sm"
    },
    {
        "appVersion": "1.0",
        "at": "2023-03-22 20:15:17",
        "content": "its very nice but if you dont have hade woar you fut turbun",
        "repliedAt": null,
        "replyContent": null,
        "reviewCreatedVersion": "1.0",
        "reviewId": "803b73df-cae0-4905-bed1-4d3eb88e6080",
        "score": 1,
        "thumbsUpCount": 0,
        "userImage": "https://play-lh.googleusercontent.com/a-/ALV-UjXeJU7ZcqGLDWb9A76idebwZSjYWSZuHD3TMT8LCPivS2E",
        "userName": "Mirza Gulam Robbani"
    }
]