[
    {
        "appVersion": "1.3.5",
        "at": "2023-11-13 16:25:32",
        "content": "Pictures are few",
        "repliedAt": null,
        "replyContent": null,
        "reviewCreatedVersion": "1.3.5",
        "reviewId": "eaadeedd-f5fd-46a7-a5f6-3a604afc756b",
        "score": 2,
        "thumbsUpCount": 0,
        "userImage": "https://play-lh.googleusercontent.com/a-/ALV-UjWO9xBDo6A5bEczGIVekZ7Lja5e404Zt-B-MhcajErvFtA",
        "userName": "Hilary Munyonho"
    },
    {
        "appVersion": "1.3.5",
        "at": "2023-11-11 09:11:28",
        "content": "ok",
        "repliedAt": null,
        "replyContent": null,
        "reviewCreatedVersion": "1.3.5",
        "reviewId": "83fb99a0-adff-4e2f-b884-34816a5273fe",
        "score": 5,
        "thumbsUpCount": 0,
        "userImage": "https://play-lh.googleusercontent.com/a/ACg8ocJYV2ooCBeFpsn1mmWhewCQ7HRY0mdG9kMwg3YoN5ZX=mo",
        "userName": "Stanley Olisa"
    },
    {
        "appVersion": "1.3.5",
        "at": "2023-11-05 15:54:37",
        "content": "good",
        "repliedAt": "2023-11-07 00:00:18",
        "replyContent": "Thanks for the 5 star rating. Hope you continue to use our app. If you have any feedback or suggestions, please write to us at vorevo.apps@gmail.com. We would love to hear from you!",
        "reviewCreatedVersion": "1.3.5",
        "reviewId": "bd06acdb-4d95-4996-aec0-cd56ec99c913",
        "score": 5,
        "thumbsUpCount": 0,
        "userImage": "https://play-lh.googleusercontent.com/a/ACg8ocKkUFqyHj68jAJD7MUYXRcdabKKlUcTwVgF_uBeETpa=mo",
        "userName": "Meitekini Shady"
    },
    {
        "appVersion": "1.3.5",
        "at": "2023-10-31 09:47:27",
        "content": "nice",
        "repliedAt": "2023-11-07 00:00:43",
        "replyContent": "Thanks for the 5 star rating. Hope you continue to use our app. If you have any feedback or suggestions, please write to us at vorevo.apps@gmail.com. We would love to hear from you!",
        "reviewCreatedVersion": "1.3.5",
        "reviewId": "907cce7a-de3a-4439-88b0-4cde6c627349",
        "score": 5,
        "thumbsUpCount": 0,
        "userImage": "https://play-lh.googleusercontent.com/a/ACg8ocKiRbB3DAWKZZC_3aTA5f-2qx2v14egQIE8jtQY-l1L=mo",
        "userName": "Achime Marvellous"
    },
    {
        "appVersion": "1.3.5",
        "at": "2023-10-30 11:25:57",
        "content": "I love the app",
        "repliedAt": "2023-11-07 00:00:36",
        "replyContent": "Thanks for the 5 star rating. Hope you continue to use our app. If you have any feedback or suggestions, please write to us at vorevo.apps@gmail.com. We would love to hear from you!",
        "reviewCreatedVersion": "1.3.5",
        "reviewId": "fa9853f3-11e4-462b-a5e8-36b9c006a39d",
        "score": 5,
        "thumbsUpCount": 0,
        "userImage": "https://play-lh.googleusercontent.com/a-/ALV-UjVQnZ70rs2mW3DOuogMNnhRbmuVP8TWCXnG4jzbanllxcs",
        "userName": "Poundz Sterling"
    },
    {
        "appVersion": "1.3.5",
        "at": "2023-10-27 07:36:56",
        "content": "I'm interested",
        "repliedAt": "2023-11-07 00:00:30",
        "replyContent": "Thanks for the 5 star rating. Hope you continue to use our app. If you have any feedback or suggestions, please write to us at vorevo.apps@gmail.com. We would love to hear from you!",
        "reviewCreatedVersion": "1.3.5",
        "reviewId": "548a0e92-89e8-4618-8f09-8502287b644a",
        "score": 5,
        "thumbsUpCount": 0,
        "userImage": "https://play-lh.googleusercontent.com/a/ACg8ocLWOfIU2vW2QyL1bWmmOLjioHXE3lQ_9nocE5vcDkgT=mo",
        "userName": "Lil goAt Raphera"
    },
    {
        "appVersion": "1.3.4",
        "at": "2023-10-21 10:31:49",
        "content": "so nice",
        "repliedAt": "2023-10-23 07:16:40",
        "replyContent": "Thanks for the 5 star rating. Hope you continue to use our app. If you have any feedback or suggestions, please write to us at vorevo.apps@gmail.com. We would love to hear from you!",
        "reviewCreatedVersion": "1.3.4",
        "reviewId": "c00547b4-f066-461c-8a49-8eaa406524ac",
        "score": 5,
        "thumbsUpCount": 0,
        "userImage": "https://play-lh.googleusercontent.com/a/ACg8ocLwDHvOMsME9kVrWTRVpL0PImHduoJbdNkPEfJAFeoY=mo",
        "userName": "Ali Omar"
    },
    {
        "appVersion": "1.3.4",
        "at": "2023-10-16 07:28:05",
        "content": "professional",
        "repliedAt": "2023-10-23 07:16:18",
        "replyContent": "Thanks for the review. If you like our app, would you mind rating us 5 stars? That would be very encouraging for us.",
        "reviewCreatedVersion": "1.3.4",
        "reviewId": "869f328b-eda9-4b8d-a192-ccc0be32d841",
        "score": 1,
        "thumbsUpCount": 0,
        "userImage": "https://play-lh.googleusercontent.com/a/ACg8ocLmYm1By1uoZ7afppDK4VNp7zm92Hafcw6eLUO-hfSp=mo",
        "userName": "Chinedu Mark"
    },
    {
        "appVersion": null,
        "at": "2023-10-08 05:50:00",
        "content": "ay",
        "repliedAt": "2023-10-23 07:16:23",
        "replyContent": "Thank you! If you enjoy using the app, please rate us 5 stars. It would encourage us to continue improving the app!",
        "reviewCreatedVersion": null,
        "reviewId": "de219ac5-9ca7-4476-8ccb-a3f204ce2863",
        "score": 1,
        "thumbsUpCount": 0,
        "userImage": "https://play-lh.googleusercontent.com/a/ACg8ocJeKEMw7yb9a-ppNwc8pGGXRKKV3vFQIFqtWzvcHeRQ=mo",
        "userName": "adeyemo Abdullah"
    },
    {
        "appVersion": "1.3.4",
        "at": "2023-09-26 18:50:11",
        "content": "awesome",
        "repliedAt": "2023-10-03 12:29:18",
        "replyContent": "Thank you for your review. Enjoy the app & keep supporting us :)\nIf you have any feedback or suggestion, you could write to us at vorevo.apps@gmail.com. We would love to hear from you!",
        "reviewCreatedVersion": "1.3.4",
        "reviewId": "9efbf99a-3202-4549-a08e-133927192f6a",
        "score": 5,
        "thumbsUpCount": 0,
        "userImage": "https://play-lh.googleusercontent.com/a/ACg8ocLqD_MQlgYKWNKPhPGLZD0qSF5Y30ArG9bhiivWVf8R=mo",
        "userName": "Timmy Jones"
    },
    {
        "appVersion": "1.3.4",
        "at": "2023-09-06 16:45:16",
        "content": "how do do dreads",
        "repliedAt": "2023-09-18 19:51:18",
        "replyContent": "Hi, we are sorry that you did not enjoy the app as much. We will try to resolve the issue as soon as possible.",
        "reviewCreatedVersion": "1.3.4",
        "reviewId": "1a495ffe-44bf-4a84-9725-95f2258254e7",
        "score": 1,
        "thumbsUpCount": 0,
        "userImage": "https://play-lh.googleusercontent.com/a/ACg8ocLLPS1ms4Bn0BA8kn1XTdB1wNf1b2NyVMpyaTRMTbMR=mo",
        "userName": "Louise Moore"
    },
    {
        "appVersion": "1.3.4",
        "at": "2023-08-09 23:56:55",
        "content": "junior",
        "repliedAt": "2023-08-15 09:35:52",
        "replyContent": "Thank you so much for your encouraging star ratings!\n",
        "reviewCreatedVersion": "1.3.4",
        "reviewId": "2673755e-5969-47d9-8df5-406dda6c2c4b",
        "score": 5,
        "thumbsUpCount": 0,
        "userImage": "https://play-lh.googleusercontent.com/a-/ALV-UjVeeUxqW1ZPjfdqV1J7c2vaXGW8qQMOjHMwi0_dUExTpA",
        "userName": "Erima"
    },
    {
        "appVersion": "1.3.4",
        "at": "2023-08-07 11:47:33",
        "content": "Western region",
        "repliedAt": "2023-08-15 09:35:31",
        "replyContent": "We are continuously looking to expand our language support for other regions. Please continue to check back and let our support know in case of any additional questions/issues.",
        "reviewCreatedVersion": "1.3.4",
        "reviewId": "22dd8b63-78ef-4898-a5c6-774306ef8d6a",
        "score": 2,
        "thumbsUpCount": 0,
        "userImage": "https://play-lh.googleusercontent.com/a/ACg8ocINcmlaaPQV_6kCOFqJ5n_57xIOqXAn4eE-b95Ryleh=mo",
        "userName": "God Fada"
    },
    {
        "appVersion": "1.3.4",
        "at": "2023-07-30 19:51:46",
        "content": "best app I appreciate",
        "repliedAt": "2023-08-05 18:36:51",
        "replyContent": "Dear friend, we are really glad that you like our app. Your support and voice are very important to us.",
        "reviewCreatedVersion": "1.3.4",
        "reviewId": "75b0b974-0116-4eb0-9ebd-5586d5633fe4",
        "score": 5,
        "thumbsUpCount": 0,
        "userImage": "https://play-lh.googleusercontent.com/a/ACg8ocKw0c5ZfCkFnH1pgaaiwOELfPDgcc3f1RUUG2bufuEQ=mo",
        "userName": "Ikechukwu Onyekachi407"
    },
    {
        "appVersion": "1.3.4",
        "at": "2023-07-19 18:14:35",
        "content": "kovera",
        "repliedAt": "2023-07-19 22:25:12",
        "replyContent": "Thank you! If you enjoy using the app, please rate us 5 stars. It would encourage us to continue improving the app!",
        "reviewCreatedVersion": "1.3.4",
        "reviewId": "622fa3ea-70b9-4ace-be28-4e63639e2580",
        "score": 1,
        "thumbsUpCount": 0,
        "userImage": "https://play-lh.googleusercontent.com/a/ACg8ocJwZobG1TmGxHk4bUB4aPJafjW1eKgbwZ-Hn-gMlGXT=mo",
        "userName": "Benedict Kaita"
    },
    {
        "appVersion": null,
        "at": "2023-07-19 14:01:30",
        "content": "Nice app",
        "repliedAt": "2023-07-19 22:25:35",
        "replyContent": "Thank you for your review. Enjoy the app & keep supporting us :)\nIf you have any feedback or suggestion, you could write to us at vorevo.apps@gmail.com. We would love to hear from you!",
        "reviewCreatedVersion": null,
        "reviewId": "92a209de-e933-40a6-aa5f-c03486f53c40",
        "score": 5,
        "thumbsUpCount": 0,
        "userImage": "https://play-lh.googleusercontent.com/a/ACg8ocLKE7bGLb2ZuEMkIOv_qVEkphGVhmDj3iism4wX-2o=mo",
        "userName": "Ntume Lawrence"
    },
    {
        "appVersion": "1.3.4",
        "at": "2023-07-15 00:47:33",
        "content": "this is the best men dreadlocks hairstyles",
        "repliedAt": "2023-07-18 10:12:51",
        "replyContent": "Thanks for the 5 star rating. Hope you continue to use our app. If you have any feedback or suggestions, please write to us at vorevo.apps@gmail.com. We would love to hear from you!",
        "reviewCreatedVersion": "1.3.4",
        "reviewId": "03e845d9-1152-48dd-940e-af5c33ec0f8e",
        "score": 5,
        "thumbsUpCount": 3,
        "userImage": "https://play-lh.googleusercontent.com/a/ACg8ocLDBuSW-uX-pYh1I_06S6cSbNyPTXKvogg7jjzHYb5O=mo",
        "userName": "Ade Wale"
    },
    {
        "appVersion": "1.3.3",
        "at": "2023-07-09 06:49:04",
        "content": "Good app",
        "repliedAt": "2023-07-12 18:47:49",
        "replyContent": "Thanks for the 5 star rating. Hope you continue to use our app. If you have any feedback or suggestions, please write to us at vorevo.apps@gmail.com. We would love to hear from you!",
        "reviewCreatedVersion": "1.3.3",
        "reviewId": "a89a3ab9-1db6-4db2-8a48-78bd3ec5918e",
        "score": 5,
        "thumbsUpCount": 1,
        "userImage": "https://play-lh.googleusercontent.com/a-/ALV-UjU3aT1ifWZk5QB-Jglxsq9xOucKzoKZjuz9BMKkm99JaQ",
        "userName": "Brian Makumbinde"
    },
    {
        "appVersion": "1.3.3",
        "at": "2023-07-02 14:24:29",
        "content": "very optimistic",
        "repliedAt": "2023-07-05 10:43:54",
        "replyContent": "Thanks for taking out time to rate us. It really helps us to keep going and delivering the best :)",
        "reviewCreatedVersion": "1.3.3",
        "reviewId": "6b2f5aff-15ba-4fd3-8bb0-172d228f8393",
        "score": 5,
        "thumbsUpCount": 0,
        "userImage": "https://play-lh.googleusercontent.com/a/ACg8ocJsRQ4a72W_9JAwrO34ieKtOzBolvhlXyrUs4krpb07=mo",
        "userName": "Weddle Mtonga"
    },
    {
        "appVersion": "1.3.2",
        "at": "2023-06-23 17:10:01",
        "content": "variety ov dreads",
        "repliedAt": "2023-06-26 18:14:51",
        "replyContent": "Thanks for the review. If you like our app, would you mind rating us 5 stars? That would be very encouraging for us.",
        "reviewCreatedVersion": "1.3.2",
        "reviewId": "34d3b26d-22a1-49c0-9099-8ab84f9ea99a",
        "score": 2,
        "thumbsUpCount": 0,
        "userImage": "https://play-lh.googleusercontent.com/a/ACg8ocIk90ywSK8MWhFKV-rl9c-RT6Gmg7VinsLP5-8oaFrQ=mo",
        "userName": "Umar Zeroes"
    },
    {
        "appVersion": "1.3.2",
        "at": "2023-06-12 07:23:51",
        "content": "Good",
        "repliedAt": "2023-06-13 19:43:24",
        "replyContent": "Thanks for the review. If you like our app, would you mind rating us 5 stars? That would be very encouraging for us.",
        "reviewCreatedVersion": "1.3.2",
        "reviewId": "d22368d6-ae6b-4132-94f9-dd7afbd1e447",
        "score": 1,
        "thumbsUpCount": 0,
        "userImage": "https://play-lh.googleusercontent.com/a/ACg8ocLQXAu7cUqrY3abldhaitqiFHUs1Y-llHDL3x5p6q4z0A=mo",
        "userName": "Loveable prince Money cash back"
    },
    {
        "appVersion": "1.3.2",
        "at": "2023-06-05 13:23:15",
        "content": "variety of hair styles",
        "repliedAt": "2023-06-09 18:08:21",
        "replyContent": "Thanks for the review. If you like our app, would you mind rating us 5 stars? That would be very encouraging for us.",
        "reviewCreatedVersion": "1.3.2",
        "reviewId": "2d4e3a5d-d93a-46fb-8e25-b8351192d559",
        "score": 3,
        "thumbsUpCount": 3,
        "userImage": "https://play-lh.googleusercontent.com/a/ACg8ocIo1iH-i_05y0zvDPGkd9Ojz69-XVG_jG9X-3qFXm4K=mo",
        "userName": "Joshua Foh"
    },
    {
        "appVersion": "1.3.2",
        "at": "2023-05-14 08:58:24",
        "content": "nice",
        "repliedAt": "2023-05-15 04:46:27",
        "replyContent": "Thanks for the review. If you like our app, would you mind rating us 5 stars? That would be very encouraging for us.",
        "reviewCreatedVersion": "1.3.2",
        "reviewId": "0f5ff533-6c4b-43f1-a5d4-727e5d55bd8e",
        "score": 1,
        "thumbsUpCount": 0,
        "userImage": "https://play-lh.googleusercontent.com/a/ACg8ocI1r-K8Cfz9ka2J0AFd7IfvTFp9uK3Mwy-UEvlXRtmh=mo",
        "userName": "Amo Amoswestmoreland"
    },
    {
        "appVersion": "1.3.2",
        "at": "2023-05-13 12:26:04",
        "content": "Very nice hairstyles",
        "repliedAt": "2023-05-15 04:46:15",
        "replyContent": "Thanks for taking out time to rate us. It really helps us to keep going and delivering the best :)",
        "reviewCreatedVersion": "1.3.2",
        "reviewId": "a6efc829-ea54-45a9-8709-ed54c4ec3fa4",
        "score": 5,
        "thumbsUpCount": 0,
        "userImage": "https://play-lh.googleusercontent.com/a/ACg8ocKN5xEoRDUGjchp4LB4oxlpiKhKYFzbdh4OikUckmZI=mo",
        "userName": "Phyllis Mutsigo"
    },
    {
        "appVersion": "1.3.2",
        "at": "2023-05-05 11:57:20",
        "content": "I want to lean how do dreadlocks",
        "repliedAt": "2023-05-10 19:53:29",
        "replyContent": "Hello, Thank you for your review. What can we do to get five stars? :)",
        "reviewCreatedVersion": "1.3.2",
        "reviewId": "abe82ad0-d536-4a33-a59a-d83f51d798bd",
        "score": 1,
        "thumbsUpCount": 0,
        "userImage": "https://play-lh.googleusercontent.com/a/ACg8ocJPXH7IzcsE20K5pLej7J7nVOtAT8WDDzGRiLt1pX-K=mo",
        "userName": "Harod Bulus"
    },
    {
        "appVersion": "1.3.2",
        "at": "2023-05-04 15:37:37",
        "content": "respect",
        "repliedAt": "2023-05-10 19:53:07",
        "replyContent": "Thanks for the review. If you like our app, would you mind rating us 5 stars? That would be very encouraging for us.",
        "reviewCreatedVersion": "1.3.2",
        "reviewId": "3ffe3c65-d785-4a9f-9822-c57fa712d36e",
        "score": 3,
        "thumbsUpCount": 0,
        "userImage": "https://play-lh.googleusercontent.com/a-/ALV-UjX82bh4bdtWytHTZioWO0wPXQP-6o_6rjIok2jFjo1BXts",
        "userName": "Kdazzy Mr punisher"
    },
    {
        "appVersion": "1.3.2",
        "at": "2023-05-02 14:29:25",
        "content": "Awesome \ud83d\udcaf",
        "repliedAt": "2023-05-10 19:52:19",
        "replyContent": "Thank you for your review. Enjoy reading & keep supporting us :)\nIf you have any feedback or suggestion, you could write to us at vorevo.apps@gmail.com. We would love to hear from you!",
        "reviewCreatedVersion": "1.3.2",
        "reviewId": "65814939-90b0-4adc-8fe0-40dc6b1129e2",
        "score": 5,
        "thumbsUpCount": 0,
        "userImage": "https://play-lh.googleusercontent.com/a/ACg8ocJqmz2uCZ0I8F9zpz-bQosYOU6UjNBVVTSo2hGSA2vY=mo",
        "userName": "denise lloyd"
    },
    {
        "appVersion": "1.3.2",
        "at": "2023-04-30 08:20:06",
        "content": "nice",
        "repliedAt": "2023-05-10 19:52:55",
        "replyContent": "Thanks for the review. If you like our app, would you mind rating us 5 stars? That would be very encouraging for us.",
        "reviewCreatedVersion": "1.3.2",
        "reviewId": "38a83a51-20ca-4528-b213-21bb8fff15d6",
        "score": 3,
        "thumbsUpCount": 0,
        "userImage": "https://play-lh.googleusercontent.com/a-/ALV-UjUhG2s-5WXAjImZjegeUYysATK_wukm_XyntYCE70ATvA",
        "userName": "Renxon Swazniger"
    },
    {
        "appVersion": "1.3.2",
        "at": "2023-04-29 20:43:33",
        "content": "Let me try it first",
        "repliedAt": "2023-05-10 19:52:42",
        "replyContent": "Hi, can you please provide details so that we know the reason for the low rating. This will help our team to improve our app and serve you better. Looking forward for your response. You can also reach out to vorevo.apps@gmail.com.",
        "reviewCreatedVersion": "1.3.2",
        "reviewId": "f0947c22-21bf-4dd1-818c-84f309ae1b2d",
        "score": 1,
        "thumbsUpCount": 1,
        "userImage": "https://play-lh.googleusercontent.com/a-/ALV-UjVSEmt5mPLC_iyrzS4NghbIvlJAi0DQr5O8x41r6qj8fw",
        "userName": "DOMINIC OLUEBUBE"
    },
    {
        "appVersion": "1.3.2",
        "at": "2023-04-22 16:17:21",
        "content": "cool",
        "repliedAt": "2023-04-23 03:11:57",
        "replyContent": "Hello,\nThank you for your review. What can we do to get five stars? :)",
        "reviewCreatedVersion": "1.3.2",
        "reviewId": "25753f37-66d8-49be-b13f-f1ba47c08ea2",
        "score": 4,
        "thumbsUpCount": 0,
        "userImage": "https://play-lh.googleusercontent.com/a/ACg8ocKdXHhKb0JBpzy4qC6ywW6F2mIbauy-I8-6ERrt2RIOZw=mo",
        "userName": "JOHN NJOGU"
    },
    {
        "appVersion": "1.3.2",
        "at": "2023-04-20 22:42:24",
        "content": "good night",
        "repliedAt": "2023-04-23 03:12:07",
        "replyContent": "Thank you so much for your encouraging star ratings!\n",
        "reviewCreatedVersion": "1.3.2",
        "reviewId": "593ebbd2-c05f-4872-800d-3c99d7b7c18a",
        "score": 5,
        "thumbsUpCount": 0,
        "userImage": "https://play-lh.googleusercontent.com/a-/ALV-UjXR_80XfkRwNKFa3qEFKZFdE-QUnH2EcsT4PJNGiPulCQ",
        "userName": "Ayomide Sunday"
    },
    {
        "appVersion": "1.3.2",
        "at": "2023-04-15 05:20:49",
        "content": "very good",
        "repliedAt": "2023-04-15 23:12:03",
        "replyContent": "Thank you very much. Keep using our app :)",
        "reviewCreatedVersion": "1.3.2",
        "reviewId": "3fa1c66e-1074-4a2b-b19d-5d4a7d26e096",
        "score": 5,
        "thumbsUpCount": 0,
        "userImage": "https://play-lh.googleusercontent.com/a/ACg8ocI7_NmqP3QMF4oCWB_ph5S--CDz8LLMkVweX95i_8pd=mo",
        "userName": "Henry Maikarfi"
    },
    {
        "appVersion": "1.3.2",
        "at": "2023-04-12 23:00:05",
        "content": "wow what a wonderful experience on the app, got to learn new unique styles",
        "repliedAt": "2023-04-13 00:30:22",
        "replyContent": "Dear User, thank you very much for sharing your valuable & useful feedback. If you have other feedback or suggestions, please write to us at vorevo.apps@gmail.com. We would love to hear from you!",
        "reviewCreatedVersion": "1.3.2",
        "reviewId": "2d429130-71bd-4862-955a-c82bfcc80f5e",
        "score": 5,
        "thumbsUpCount": 5,
        "userImage": "https://play-lh.googleusercontent.com/a/ACg8ocJGpjvyBOZNMtq1TbXqCSWcPlzTDhoPJz7ZKdUliVSz=mo",
        "userName": "Solomon Adetayo"
    },
    {
        "appVersion": "1.3.2",
        "at": "2023-04-05 23:40:24",
        "content": "good",
        "repliedAt": "2023-04-06 03:02:12",
        "replyContent": "Thanks for the review. If you like our app, would you mind rating us 5 stars? That would be very encouraging for us.",
        "reviewCreatedVersion": "1.3.2",
        "reviewId": "38db6b2b-bfdf-4117-bb8e-03c33819b434",
        "score": 1,
        "thumbsUpCount": 0,
        "userImage": "https://play-lh.googleusercontent.com/a/ACg8ocK3L4YzbRScu65WJmEO8kbS6K09mG4STRMbLgQKVEX7=mo",
        "userName": "DARIA Hebene"
    },
    {
        "appVersion": "1.3.2",
        "at": "2023-04-04 10:38:41",
        "content": "like it",
        "repliedAt": "2023-04-04 17:52:26",
        "replyContent": "Thank you so much for taking the time to leave us a 5-star review. Keep using our app.",
        "reviewCreatedVersion": "1.3.2",
        "reviewId": "dd59a67e-4674-4989-b580-729e2684f765",
        "score": 5,
        "thumbsUpCount": 0,
        "userImage": "https://play-lh.googleusercontent.com/a/ACg8ocJjClS0SEGfvGrCyrMtV3fuzgN8eFHpLG4rt6w1pBj4=mo",
        "userName": "Paulus s Haiweka"
    },
    {
        "appVersion": "1.3.2",
        "at": "2023-02-08 01:42:07",
        "content": "I want to do my dreads get awesome",
        "repliedAt": "2023-02-08 04:49:08",
        "replyContent": "Thanks for your love. If you have any questions, please contact us at vorevo.apps@gmail.com.",
        "reviewCreatedVersion": "1.3.2",
        "reviewId": "44c3effc-52ad-4c71-8631-fa1ea13b9e60",
        "score": 5,
        "thumbsUpCount": 1,
        "userImage": "https://play-lh.googleusercontent.com/a/ACg8ocKg8MojedI3fw35Zs1WQmmJNfY3nshPOTuI1wRkfRVN=mo",
        "userName": "Jacob Monokwane"
    },
    {
        "appVersion": "1.3.2",
        "at": "2023-01-29 08:51:23",
        "content": "Nice app",
        "repliedAt": "2023-01-29 11:32:37",
        "replyContent": "Thank you for your review. Enjoy the app & keep supporting us :)\nIf you have any feedback or suggestion, you could write to us at vorevo.apps@gmail.com. We would love to hear from you!",
        "reviewCreatedVersion": "1.3.2",
        "reviewId": "f7a11fe4-3e12-412b-bbd6-dab85eb5191f",
        "score": 5,
        "thumbsUpCount": 1,
        "userImage": "https://play-lh.googleusercontent.com/a/ACg8ocKOH3csb1fFFfaFXTZe8lv5n9YZuD09U23yShgq9yI3=mo",
        "userName": "Stargal Ncube"
    }
]