[
    {
        "appVersion": "1.0.3",
        "at": "2022-11-12 04:30:56",
        "content": "Love quotes are amazing app and in which deffrent quotes and deffrent features are really Owsome \u263a\ufe0f\ud83d\ude0d",
        "repliedAt": null,
        "replyContent": null,
        "reviewCreatedVersion": "1.0.3",
        "reviewId": "4617cb8d-885c-4b86-acfc-f648d541010b",
        "score": 5,
        "thumbsUpCount": 0,
        "userImage": "https://play-lh.googleusercontent.com/a-/ALV-UjVEwFJr6bKIFhYfjELqa7X1hjQ-bFd4_r1xUrF-s6g1Ng",
        "userName": "Day dremer Day dremer"
    },
    {
        "appVersion": "1.0.3",
        "at": "2022-11-09 03:22:21",
        "content": "Love Quotes is really good application",
        "repliedAt": null,
        "replyContent": null,
        "reviewCreatedVersion": "1.0.3",
        "reviewId": "47edb666-214c-4739-8443-c68d391328c3",
        "score": 5,
        "thumbsUpCount": 0,
        "userImage": "https://play-lh.googleusercontent.com/a/ACg8ocJAG0lu5DBUE29R_Sz2gIXnUeG0mzravznuFhRS7T3p=mo",
        "userName": "Iam Sakshisingh"
    },
    {
        "appVersion": "1.0.3",
        "at": "2022-11-05 06:57:09",
        "content": "Love quotes are very amazing. I like it so much. Different type of brilliant quotes. \u2764\ufe0f",
        "repliedAt": null,
        "replyContent": null,
        "reviewCreatedVersion": "1.0.3",
        "reviewId": "b14f6f4a-adc4-4d84-832b-7b0f1805f813",
        "score": 5,
        "thumbsUpCount": 0,
        "userImage": "https://play-lh.googleusercontent.com/a/ACg8ocIYPn1e9zkyz_GBvpLbNagaegJ2EUd3_6z5fsiTe2mU=mo",
        "userName": "Faiz Ullah"
    },
    {
        "appVersion": "1.0.3",
        "at": "2022-11-05 06:20:05",
        "content": "Nice app for quote , life thoughts, love quotes and many more , download it",
        "repliedAt": null,
        "replyContent": null,
        "reviewCreatedVersion": "1.0.3",
        "reviewId": "f70deecd-63ea-4044-afad-59c8a2bd4359",
        "score": 5,
        "thumbsUpCount": 0,
        "userImage": "https://play-lh.googleusercontent.com/a-/ALV-UjU1LfQ5e5Z2lBVcFsWTKaNvbAMxW967vl2HseLnqhTZJCo",
        "userName": "Swapnil Urade"
    },
    {
        "appVersion": "1.0.3",
        "at": "2022-11-03 14:34:33",
        "content": "Nice love quotes and captions for status. Its easy to express your fellings with these deep quotes. Love the designer which give nice multiple backgrounds to your favourite quotes.",
        "repliedAt": null,
        "replyContent": null,
        "reviewCreatedVersion": "1.0.3",
        "reviewId": "fd14e1ad-56d3-4671-aad7-f44b693a6b63",
        "score": 5,
        "thumbsUpCount": 0,
        "userImage": "https://play-lh.googleusercontent.com/a/ACg8ocJWFJ6I3fJP0Yn88EqIfCuYeCersMIfj59Mc69Gk6oB=mo",
        "userName": "David Staurt"
    },
    {
        "appVersion": "1.0.3",
        "at": "2022-11-01 11:48:40",
        "content": "Love quotes is really expressing what I'm feeling now.",
        "repliedAt": null,
        "replyContent": null,
        "reviewCreatedVersion": "1.0.3",
        "reviewId": "8f2d45e1-6fb9-43c2-bae9-a441bad93601",
        "score": 5,
        "thumbsUpCount": 0,
        "userImage": "https://play-lh.googleusercontent.com/a/ACg8ocKthkeC3_Ngy0UUp0gZFFjVQsOpybcWYgjUln37rYS8nQ=mo",
        "userName": "Firman Susanto"
    },
    {
        "appVersion": "1.0.3",
        "at": "2022-11-01 11:37:54",
        "content": "Love quotes is amazing app Wow so cute in this app I really like it \ud83e\udd70\ud83e\udd70\ud83e\udd70\ud83e\udd70\ud83e\udd70",
        "repliedAt": null,
        "replyContent": null,
        "reviewCreatedVersion": "1.0.3",
        "reviewId": "0c491169-7456-499b-b368-000cf1f295eb",
        "score": 5,
        "thumbsUpCount": 0,
        "userImage": "https://play-lh.googleusercontent.com/a/ACg8ocJ5wv3nWGthq8KC1uAIFp-4t8l_x6cgO4V87wk6Vfmj=mo",
        "userName": "Nadia Khan"
    },
    {
        "appVersion": "1.0.3",
        "at": "2022-10-31 11:42:39",
        "content": "Love Quotes one of the best app I have used so far works perfectly.",
        "repliedAt": null,
        "replyContent": null,
        "reviewCreatedVersion": "1.0.3",
        "reviewId": "5253f578-e84f-4bf0-8e34-e755441ac839",
        "score": 5,
        "thumbsUpCount": 0,
        "userImage": "https://play-lh.googleusercontent.com/a-/ALV-UjUOEH29tgtOY6ZCKNLv7ojv2LpFRkLoYCpViTrPkNL4Fw",
        "userName": "Abertih Laugh"
    },
    {
        "appVersion": "1.0.3",
        "at": "2022-10-31 11:32:22",
        "content": "Love quotes app has Best collection of captions \ud83d\ude0d",
        "repliedAt": null,
        "replyContent": null,
        "reviewCreatedVersion": "1.0.3",
        "reviewId": "867157cf-5ad9-4816-a904-81d89f7f0949",
        "score": 5,
        "thumbsUpCount": 0,
        "userImage": "https://play-lh.googleusercontent.com/a-/ALV-UjW7U6df4SuofiItpj1ZVj-P7b6gx7SQRXOuTn9v_Zd74cs",
        "userName": "Janak Thakkar"
    },
    {
        "appVersion": null,
        "at": "2022-10-05 07:48:07",
        "content": "Love Quotes having incredible text for caption using grat words and perfectly design Love quote",
        "repliedAt": null,
        "replyContent": null,
        "reviewCreatedVersion": null,
        "reviewId": "d813527c-0dd5-4019-a6f4-e857ff22858d",
        "score": 5,
        "thumbsUpCount": 0,
        "userImage": "https://play-lh.googleusercontent.com/a-/ALV-UjWWMnayW5b2n6LSxXJxFr1ZXryeS634ViafFO5ZkQym_A",
        "userName": "Cute Noor"
    },
    {
        "appVersion": null,
        "at": "2022-10-04 14:58:04",
        "content": "Love quotes is very nice app to use... Very useful app for daily usage... Love quotes\ud83e\uddd0",
        "repliedAt": null,
        "replyContent": null,
        "reviewCreatedVersion": null,
        "reviewId": "bced40a4-843f-4630-8252-b8309a292893",
        "score": 5,
        "thumbsUpCount": 0,
        "userImage": "https://play-lh.googleusercontent.com/a/ACg8ocIpHuUpyXkMQsNAzLsDGhnVt3BB5FUeMpRPsrPbLaah=mo",
        "userName": "Adolf"
    },
    {
        "appVersion": null,
        "at": "2022-10-04 14:32:55",
        "content": "Love quotes is very amazing app for quotes lover it has very good quotes and large variety of quotes \ud83e\uddd0",
        "repliedAt": null,
        "replyContent": null,
        "reviewCreatedVersion": null,
        "reviewId": "43caaa7f-7369-4647-9628-9688c6ba14ac",
        "score": 5,
        "thumbsUpCount": 0,
        "userImage": "https://play-lh.googleusercontent.com/a-/ALV-UjWVdxDVHuBRlAL6m6WHbxRTwE9_8IUFNPIQtfudrlqSGg",
        "userName": "Inoxenty 102 BSENG"
    },
    {
        "appVersion": null,
        "at": "2022-10-04 13:44:16",
        "content": "Love Quotes app is very good .it is very easy to use .it is very important and amazing app",
        "repliedAt": null,
        "replyContent": null,
        "reviewCreatedVersion": null,
        "reviewId": "9d32f2cc-12f8-4afe-8d88-ad511db2cfa4",
        "score": 5,
        "thumbsUpCount": 0,
        "userImage": "https://play-lh.googleusercontent.com/a/ACg8ocJNl4klp8n45ksulvUH-No6sWOmSpYh3MgFubGa8iY6=mo",
        "userName": "Greek Uwz"
    },
    {
        "appVersion": null,
        "at": "2022-10-04 13:32:56",
        "content": "Love Quotes Caption fo...USA the bast I'd abutyfull app play\ud83e\uddd0",
        "repliedAt": null,
        "replyContent": null,
        "reviewCreatedVersion": null,
        "reviewId": "3c784ae7-3fdd-44bf-b6ab-a6d612729224",
        "score": 5,
        "thumbsUpCount": 0,
        "userImage": "https://play-lh.googleusercontent.com/a/ACg8ocLra7WF2hvF-Xw54pxJMDZCyGwCjAve1mZHjpyzSbL9=mo",
        "userName": "Wareg Koli"
    },
    {
        "appVersion": null,
        "at": "2022-10-04 12:47:05",
        "content": "Love Quotes: Caption photos is a badly and not amazing application and also not amazing features this use is very difficult\ud83e\uddd0",
        "repliedAt": null,
        "replyContent": null,
        "reviewCreatedVersion": null,
        "reviewId": "0560710d-8a81-4c44-b51f-06b8ad8fcaa2",
        "score": 5,
        "thumbsUpCount": 2,
        "userImage": "https://play-lh.googleusercontent.com/a/ACg8ocIj1xyZ4d6rb1mGIyb2713OoYXXsNi10acbOE_VZeH7=mo",
        "userName": "King G"
    },
    {
        "appVersion": null,
        "at": "2022-10-04 12:35:01",
        "content": "Love quotes caption for photo app is very fantastic and very gorgeous and beautiful application \ud83e\uddd0",
        "repliedAt": null,
        "replyContent": null,
        "reviewCreatedVersion": null,
        "reviewId": "47542421-c5e8-45dd-98a4-e86771344e58",
        "score": 5,
        "thumbsUpCount": 0,
        "userImage": "https://play-lh.googleusercontent.com/a/ACg8ocKydIu0XvnvrETzqMi1m8NjtwuBxVv3_3Xl-H9UpYrj=mo",
        "userName": "Hacker 54"
    },
    {
        "appVersion": null,
        "at": "2022-10-04 10:32:57",
        "content": "Love quotes :captions for photos is very good app it easy to use and amazing app\ud83e\uddd0",
        "repliedAt": null,
        "replyContent": null,
        "reviewCreatedVersion": null,
        "reviewId": "f62d9500-6c6c-493d-a64e-e8d46e8b65a1",
        "score": 5,
        "thumbsUpCount": 0,
        "userImage": "https://play-lh.googleusercontent.com/a/ACg8ocIxpb4iPLj7V8VFNUupge8GC30wkFTxruRCz3iN2PR8=mo",
        "userName": "Tulip Sherry"
    },
    {
        "appVersion": null,
        "at": "2022-10-04 09:48:35",
        "content": "Love quotes having best and romantic quotes on it. I am really like this quote \ud83e\uddd0",
        "repliedAt": null,
        "replyContent": null,
        "reviewCreatedVersion": null,
        "reviewId": "8de92b43-57d9-4ded-8869-35fd20b757a7",
        "score": 5,
        "thumbsUpCount": 0,
        "userImage": "https://play-lh.googleusercontent.com/a/ACg8ocIVCnfiyUpvP8S87n3hnQftnvgeeZwWexw3AIzW-YDb=mo",
        "userName": "Mango12"
    },
    {
        "appVersion": null,
        "at": "2022-10-04 08:59:11",
        "content": "Love Quotes: Caption for Photo is amazing app for text quotes for your loved ones \ud83e\uddd0",
        "repliedAt": null,
        "replyContent": null,
        "reviewCreatedVersion": null,
        "reviewId": "05903685-4fc8-4c1d-80fc-3a2f50478b3f",
        "score": 5,
        "thumbsUpCount": 0,
        "userImage": "https://play-lh.googleusercontent.com/a/ACg8ocIZ4U4NTJbRtekC6itoMTkovEJyLPf0K1wXOK_qXBBV=mo",
        "userName": "Victoria HJ"
    },
    {
        "appVersion": null,
        "at": "2022-10-04 08:47:55",
        "content": "Love Quotes: Caption for Photo is the best app to impress your love one with your speaking ability or by text messages \ud83e\uddd0",
        "repliedAt": null,
        "replyContent": null,
        "reviewCreatedVersion": null,
        "reviewId": "e1b29b7c-3dc8-4476-86d0-9679907e9c88",
        "score": 5,
        "thumbsUpCount": 0,
        "userImage": "https://play-lh.googleusercontent.com/a/ACg8ocIPn8pV79WoAP-Hy4y5kTK7IcRxMZPCwMem7acbFuXK=mo",
        "userName": "Sarika HJ"
    },
    {
        "appVersion": null,
        "at": "2022-10-04 07:46:23",
        "content": "Love Quotes caption for photo is best app it is very interesting and unique this app is very easy to download and it is easy to use\ud83e\uddd0",
        "repliedAt": null,
        "replyContent": null,
        "reviewCreatedVersion": null,
        "reviewId": "298ac1c8-7fad-4e9b-8b66-ac2006d11aba",
        "score": 5,
        "thumbsUpCount": 0,
        "userImage": "https://play-lh.googleusercontent.com/a/ACg8ocLDaL2FLm-o6VA1gcyGL7ainzhMqg-v_R8wYs7I8QoV=mo",
        "userName": "Robert Zubair09"
    },
    {
        "appVersion": null,
        "at": "2022-10-04 06:51:45",
        "content": "Love Quotes application is very lovely it's provide love \ud83e\uddd0",
        "repliedAt": null,
        "replyContent": null,
        "reviewCreatedVersion": null,
        "reviewId": "dd5e9952-fcc9-4664-9e82-fb7977d17017",
        "score": 5,
        "thumbsUpCount": 0,
        "userImage": "https://play-lh.googleusercontent.com/a-/ALV-UjWwrlKbOIbRo1E-ytSwhsYP_NHwgw74OZwvoMD0Kdlqhw",
        "userName": "Jhony Sins28"
    },
    {
        "appVersion": null,
        "at": "2022-10-04 00:06:24",
        "content": "Love Quotes Caption on photo is very esay to install and use by using this app we can editing the love quotes on photo frame this is very good and amazing app I like it \ud83e\uddd0",
        "repliedAt": null,
        "replyContent": null,
        "reviewCreatedVersion": null,
        "reviewId": "77dd404f-d054-4436-905d-fb33531d7e62",
        "score": 5,
        "thumbsUpCount": 0,
        "userImage": "https://play-lh.googleusercontent.com/a/ACg8ocJl-hFVFLBp6zNEWGk5fICP6JsciIqm5BRS7uExzesd=mo",
        "userName": "BS CS02"
    },
    {
        "appVersion": null,
        "at": "2022-09-23 13:54:47",
        "content": "Love quotes Is a mind blowing application this application is very useful I love this types of applications try this",
        "repliedAt": null,
        "replyContent": null,
        "reviewCreatedVersion": null,
        "reviewId": "db8f484e-800e-460d-b6af-9e7c5518b5a1",
        "score": 5,
        "thumbsUpCount": 1,
        "userImage": "https://play-lh.googleusercontent.com/a-/ALV-UjV7I4tCniBGrpjrkmYgJhz2-3SEO4601G_xIviErC6fuA",
        "userName": "Jhony Sins13"
    },
    {
        "appVersion": null,
        "at": "2022-09-23 11:15:26",
        "content": "Love Quotes is Outstanding app on play store You can share this easily with your friends. I have read all the Quotes All the Quotes is nice. I really appreciate this app .I recommend it to All of u",
        "repliedAt": null,
        "replyContent": null,
        "reviewCreatedVersion": null,
        "reviewId": "97c02a6d-e5ce-4696-b244-9505d64383b0",
        "score": 5,
        "thumbsUpCount": 1,
        "userImage": "https://play-lh.googleusercontent.com/a/ACg8ocLFgBtnpUC2fvcqq32r2QK1Xvw6fTBGLzSmEQaKNt5F=mo",
        "userName": "Robert Zubair09"
    },
    {
        "appVersion": "1.0.2",
        "at": "2022-09-16 08:25:36",
        "content": "Love quotes is very nice app.",
        "repliedAt": null,
        "replyContent": null,
        "reviewCreatedVersion": "1.0.2",
        "reviewId": "16ffc03b-a625-4017-b482-44101dd0909b",
        "score": 5,
        "thumbsUpCount": 0,
        "userImage": "https://play-lh.googleusercontent.com/a/ACg8ocK_-1PyddcOQgoBKYGHYj-xLlyTFOqlHuV9dhWhrRm1=mo",
        "userName": "Sameera"
    },
    {
        "appVersion": "1.0.2",
        "at": "2022-09-15 05:00:20",
        "content": "Love quotes app made my life easy to make my gf happy . So i am happy to",
        "repliedAt": null,
        "replyContent": null,
        "reviewCreatedVersion": "1.0.2",
        "reviewId": "421905d6-3d2f-430c-b2ec-995cd55bf32e",
        "score": 5,
        "thumbsUpCount": 0,
        "userImage": "https://play-lh.googleusercontent.com/a/ACg8ocKf7tWUpJdZNuI-KUaP6-XwahoSGrjC2nUHjT8YZmQ9=mo",
        "userName": "Waqar Waqar"
    },
    {
        "appVersion": "1.0.2",
        "at": "2022-09-14 11:10:20",
        "content": "Nice application...easily use and share our friends..I like all the quotes..beautiful and outstanding..highly recommended..must install..I like it very much..thanks developers..",
        "repliedAt": null,
        "replyContent": null,
        "reviewCreatedVersion": "1.0.2",
        "reviewId": "9ae28554-4d14-48c2-82ab-bc3652ded832",
        "score": 5,
        "thumbsUpCount": 0,
        "userImage": "https://play-lh.googleusercontent.com/a-/ALV-UjUygvBkvTfS7Og0paoMAH6wAIM0QCMQgYlsNSkpFJavius",
        "userName": "Zainab khan"
    },
    {
        "appVersion": "1.0.2",
        "at": "2022-09-14 06:03:46",
        "content": "Love quotes app is the best app. I got best quotes from this app.",
        "repliedAt": null,
        "replyContent": null,
        "reviewCreatedVersion": "1.0.2",
        "reviewId": "4c2db1b5-9836-424f-8ba9-d36464b8442c",
        "score": 5,
        "thumbsUpCount": 0,
        "userImage": "https://play-lh.googleusercontent.com/a/ACg8ocKuTyApsxeFLhjm0YGcKUwDmTPNF5S3qbWz-cSYif9E=mo",
        "userName": "Amit Choudhary"
    },
    {
        "appVersion": "1.0.2",
        "at": "2022-06-24 22:28:33",
        "content": "This is lovely app and all Quotes is lovely I like it.",
        "repliedAt": null,
        "replyContent": null,
        "reviewCreatedVersion": "1.0.2",
        "reviewId": "f1a9086f-b7bf-496a-adca-78200ab7b967",
        "score": 5,
        "thumbsUpCount": 0,
        "userImage": "https://play-lh.googleusercontent.com/a-/ALV-UjVRkUQP9KmDVHYXkmYGOVA3ZMdljb1xzY4emaM3PIGgew",
        "userName": "Meski begitu"
    },
    {
        "appVersion": "1.0.2",
        "at": "2022-06-22 05:51:17",
        "content": "best love quotes app with images .... Love Quotes-photo caption is lovely app I like it and I send Quotes my lovely friend I like it",
        "repliedAt": null,
        "replyContent": null,
        "reviewCreatedVersion": "1.0.2",
        "reviewId": "d8db0d47-80d7-4030-8575-ff4d969dc11b",
        "score": 5,
        "thumbsUpCount": 1,
        "userImage": "https://play-lh.googleusercontent.com/a-/ALV-UjVLvlrX1ojp8shXN0QbBrIdueTe2-fW1esOxwRzbie6Q-M",
        "userName": "Udit"
    },
    {
        "appVersion": "1.0.2",
        "at": "2022-06-21 04:16:38",
        "content": "The editor allows you to add love quote with your photos, you can view and edit your photos and add quotes to the photo according to your choice. You can change the fonts, color of the text and also you can change the background to the quotes according to your choice.",
        "repliedAt": null,
        "replyContent": null,
        "reviewCreatedVersion": "1.0.2",
        "reviewId": "4ba4cba1-306d-4fc4-89ef-c861e5bcccbe",
        "score": 5,
        "thumbsUpCount": 0,
        "userImage": "https://play-lh.googleusercontent.com/a-/ALV-UjVl4yurkNYhB20I9YPTPOiFRIDyfhkvbVAefVbcRefoHA",
        "userName": "Tahreem Fatima"
    },
    {
        "appVersion": null,
        "at": "2022-06-20 12:18:30",
        "content": "Nice \ud83d\udc4d app I like it so much I downloaded it from the playstore",
        "repliedAt": null,
        "replyContent": null,
        "reviewCreatedVersion": null,
        "reviewId": "15abf7c8-5a7f-432b-98f7-ca72d6126d07",
        "score": 5,
        "thumbsUpCount": 0,
        "userImage": "https://play-lh.googleusercontent.com/a/ACg8ocJQfAZOXYuVLuNaZIwjDhrOmgFW61Gz18BllzuwbIbZ=mo",
        "userName": "Arrain 4"
    },
    {
        "appVersion": null,
        "at": "2022-01-01 05:17:48",
        "content": "Love photos application this app is very beautiful and very wonderful I love this my favorite",
        "repliedAt": null,
        "replyContent": null,
        "reviewCreatedVersion": null,
        "reviewId": "93440f65-467b-4c06-930d-e251a6bd6e83",
        "score": 5,
        "thumbsUpCount": 0,
        "userImage": "https://play-lh.googleusercontent.com/a/ACg8ocJroFPaZaqamZoDGO_wkvw54lJHuUsnBGfVYD3zdUmt=mo",
        "userName": "Roman reigns Ms"
    },
    {
        "appVersion": null,
        "at": "2021-12-31 01:00:20",
        "content": "Love Qutes Application Toh Kamal Kiya Hai Very Nice And Very Great Application Are You All My Best App",
        "repliedAt": null,
        "replyContent": null,
        "reviewCreatedVersion": null,
        "reviewId": "60530d28-3794-47d0-bcdc-ebddb2869881",
        "score": 5,
        "thumbsUpCount": 0,
        "userImage": "https://play-lh.googleusercontent.com/a/ACg8ocKo6b1zTf0bnxEfEfknHkAnOY5mGmUzwOChWiVMUFPS=mo",
        "userName": "Jaffar Qureshi afs"
    },
    {
        "appVersion": null,
        "at": "2021-12-29 01:27:47",
        "content": "Love quotes is very brilliant and useful app .Its graphics is very beautiful and amazing level.app",
        "repliedAt": null,
        "replyContent": null,
        "reviewCreatedVersion": null,
        "reviewId": "8eedca06-5fb7-45d9-a249-71a203934016",
        "score": 5,
        "thumbsUpCount": 0,
        "userImage": "https://play-lh.googleusercontent.com/a/ACg8ocIbX7cAmsq9TWKd3-DNd0AO4RGPyo1TYncc8SCUhLU=mo",
        "userName": "Bandesha 1 94"
    },
    {
        "appVersion": "1.0.0",
        "at": "2021-06-02 02:58:18",
        "content": "Love quotes are really amazing app ... you can find many good quotes ...",
        "repliedAt": null,
        "replyContent": null,
        "reviewCreatedVersion": "1.0.0",
        "reviewId": "350fd968-bd50-4640-affe-78656be6d4b4",
        "score": 5,
        "thumbsUpCount": 0,
        "userImage": "https://play-lh.googleusercontent.com/a/ACg8ocKR7O5f21zfP9ppLZBoDrIg3ZPfnd2ggZ1gzCXiAWFs=mo",
        "userName": "jennifer jenny"
    },
    {
        "appVersion": null,
        "at": "2021-06-01 16:49:37",
        "content": "Love qoutes is great app its quite amazing contains awesome loves qoutes. If you like love qoutes u must download this app",
        "repliedAt": null,
        "replyContent": null,
        "reviewCreatedVersion": null,
        "reviewId": "7812b3fd-9fb3-46a1-9715-d89238ba3b9f",
        "score": 5,
        "thumbsUpCount": 0,
        "userImage": "https://play-lh.googleusercontent.com/a/ACg8ocKA6lToPDKd3FE_oPcoFEmGlQIUyCSTxc7qv0WGS8xF=mo",
        "userName": "Amit Yadav"
    },
    {
        "appVersion": "1.0.0",
        "at": "2021-06-01 16:44:19",
        "content": "Awesome app Highly recommend...",
        "repliedAt": null,
        "replyContent": null,
        "reviewCreatedVersion": "1.0.0",
        "reviewId": "d89b84cd-b125-4c27-8d34-b0c067f645e6",
        "score": 5,
        "thumbsUpCount": 0,
        "userImage": "https://play-lh.googleusercontent.com/a/ACg8ocJDEMHt7kOWV5nfsT_rImg57Pa9MGPmfJ6QfgFupc3V=mo",
        "userName": "Abilasha Tripathi"
    },
    {
        "appVersion": "1.0.0",
        "at": "2021-06-01 13:46:39",
        "content": "Love quotes and caption of photos are really fantastic. It gives us a lots of categories of quotes. And the caption of photo is also really fantastic",
        "repliedAt": null,
        "replyContent": null,
        "reviewCreatedVersion": "1.0.0",
        "reviewId": "9818d97c-ab55-46ba-94c5-9561a3610817",
        "score": 5,
        "thumbsUpCount": 3,
        "userImage": "https://play-lh.googleusercontent.com/a/ACg8ocLCtDH4VTVlmpcnX3CLS94kgZXwg63nSKStlAskkAWS=mo",
        "userName": "Mony William"
    },
    {
        "appVersion": null,
        "at": "2021-06-01 13:10:58",
        "content": "Love quotes and caption of photos. Beautifull and interesting quotes are available in this good apps. Very impressed this.",
        "repliedAt": null,
        "replyContent": null,
        "reviewCreatedVersion": null,
        "reviewId": "46ba0b44-2d33-4e0a-abbb-53d38a0f430c",
        "score": 5,
        "thumbsUpCount": 0,
        "userImage": "https://play-lh.googleusercontent.com/a/ACg8ocJR8Xzzfyao060NoFTmC6lnThF-DZQAJ1sszLRKagfI=mo",
        "userName": "Lakhwera Nawab Lakhwera Nawab"
    },
    {
        "appVersion": "1.0.0",
        "at": "2021-06-01 13:02:49",
        "content": "Love quotes is provided large collection of your favourite quotes. And the caption of photos are also brilliant. It's really good and useful app",
        "repliedAt": null,
        "replyContent": null,
        "reviewCreatedVersion": "1.0.0",
        "reviewId": "6c9ef36a-e6ce-4d40-bd9d-46a9729ec1df",
        "score": 5,
        "thumbsUpCount": 1,
        "userImage": "https://play-lh.googleusercontent.com/a-/ALV-UjULPr9TOeQDDuv3Qx1BTtTJnEuXJ70eOmrrj0kS9gemiQ",
        "userName": "Jaccab Smith"
    },
    {
        "appVersion": null,
        "at": "2021-06-01 13:02:44",
        "content": "They having best love quotes I have using this from so long and I love read and posted them on status",
        "repliedAt": null,
        "replyContent": null,
        "reviewCreatedVersion": null,
        "reviewId": "998808c7-b905-45e1-9248-247c749d380e",
        "score": 5,
        "thumbsUpCount": 0,
        "userImage": "https://play-lh.googleusercontent.com/a/ACg8ocI3umEfjsIkST6zBEoHBuxZhVop4go9YMD5gz_3qp0J=mo",
        "userName": "Tanya Kaul"
    },
    {
        "appVersion": null,
        "at": "2021-06-01 12:57:17",
        "content": "Love quotes caption for photoes Really amazing experience with this app Love this app Amazing app",
        "repliedAt": null,
        "replyContent": null,
        "reviewCreatedVersion": null,
        "reviewId": "55c9c619-44f2-4c61-ab13-fbdad9aeea2e",
        "score": 5,
        "thumbsUpCount": 0,
        "userImage": "https://play-lh.googleusercontent.com/a/ACg8ocJQiPRaUjQamF6GqdmMLFJjyiJVi7g4YEEfCXm74bbX=mo",
        "userName": "Pandi Boy"
    },
    {
        "appVersion": null,
        "at": "2021-06-01 12:32:38",
        "content": "Love Qoutes Amazing application working very great well very easy to usefulness APP i like this app",
        "repliedAt": null,
        "replyContent": null,
        "reviewCreatedVersion": null,
        "reviewId": "4b11cd37-8adb-4c07-bfdb-6f97b69dfd81",
        "score": 5,
        "thumbsUpCount": 0,
        "userImage": "https://play-lh.googleusercontent.com/a/ACg8ocL0eU0S250yw2gsNKwBpYUjBM377_AMBZSrNZuEhlT6=mo",
        "userName": "Shahnwaz Air force"
    },
    {
        "appVersion": "1.0.0",
        "at": "2021-06-01 12:15:17",
        "content": "Love quotes are really amazing app ....you can find many quotes in this app ... Highly recommended...",
        "repliedAt": null,
        "replyContent": null,
        "reviewCreatedVersion": "1.0.0",
        "reviewId": "d01f1a5e-7c8f-4637-af96-92c22972bea8",
        "score": 5,
        "thumbsUpCount": 0,
        "userImage": "https://play-lh.googleusercontent.com/a/ACg8ocKheZALU91S-b9I2B_U8a12r34Qb4tkB6uBxauKMbM=mo",
        "userName": "Preston Preston"
    },
    {
        "appVersion": null,
        "at": "2021-06-01 04:39:01",
        "content": "Amezing love quotes and caption of photos app. I like it this app. I highly recommend for this downy app",
        "repliedAt": null,
        "replyContent": null,
        "reviewCreatedVersion": null,
        "reviewId": "7bed5868-9db1-470a-80f4-55bb46bd38ca",
        "score": 5,
        "thumbsUpCount": 0,
        "userImage": "https://play-lh.googleusercontent.com/a-/ALV-UjWWT0GOgjFGOApWMZc0YKdvjLZL2M9au1_Jo7y6DLpCDd4",
        "userName": "Vinay Pasilkar"
    },
    {
        "appVersion": "1.0.0",
        "at": "2021-06-01 02:49:40",
        "content": "So many good collections of love quotes, very useful app to find good quotes",
        "repliedAt": null,
        "replyContent": null,
        "reviewCreatedVersion": "1.0.0",
        "reviewId": "1e91291d-db33-4600-9c9b-52090be2af5d",
        "score": 5,
        "thumbsUpCount": 0,
        "userImage": "https://play-lh.googleusercontent.com/a-/ALV-UjVKO4shwbeTpUyJGgLRbBgmds9vOWbBXhDW4LBv5Wq49Q",
        "userName": "Sutanto C"
    },
    {
        "appVersion": null,
        "at": "2021-05-31 14:29:52",
        "content": "This application have huge collection of love quotes. caption of photos also available in this application",
        "repliedAt": null,
        "replyContent": null,
        "reviewCreatedVersion": null,
        "reviewId": "f20c31fd-5e46-4188-a4fa-5419736e4430",
        "score": 5,
        "thumbsUpCount": 0,
        "userImage": "https://play-lh.googleusercontent.com/a/ACg8ocLsMkMiEtqeRbXuz-d8Iln8VbdBmQuP3Eq-HWhgbfNq=mo",
        "userName": "Umer Farooq"
    },
    {
        "appVersion": "1.0.0",
        "at": "2021-05-31 14:18:32",
        "content": "Really great application for quotes. It has outstanding love quotes I really love this application",
        "repliedAt": null,
        "replyContent": null,
        "reviewCreatedVersion": "1.0.0",
        "reviewId": "0dcc91dd-e873-40b5-b8c3-878fc8ccbeba",
        "score": 5,
        "thumbsUpCount": 0,
        "userImage": "https://play-lh.googleusercontent.com/a/ACg8ocKh9cMoVV5pqzAPAVdRl5JYNkB5GOoHWCbJKiC9MBgt=mo",
        "userName": "Muhammad Aslam"
    },
    {
        "appVersion": null,
        "at": "2021-05-30 06:52:32",
        "content": "Wow great quotes in this app I really loved it qoutes. I would recommend u if u like the love qoutes",
        "repliedAt": null,
        "replyContent": null,
        "reviewCreatedVersion": null,
        "reviewId": "c39f387b-277b-46c4-a396-3ff13698b6dd",
        "score": 5,
        "thumbsUpCount": 0,
        "userImage": "https://play-lh.googleusercontent.com/a/ACg8ocJcBAFJc_yYGw-xCQgV_6vpTQssGgf5itbqV5vJU_F4=mo",
        "userName": "Ahmed Baloch"
    },
    {
        "appVersion": "1.0.0",
        "at": "2021-05-29 10:36:10",
        "content": "Love quotes and caption of photos are really fantastic app. I really like this app. Recommended to download this app",
        "repliedAt": null,
        "replyContent": null,
        "reviewCreatedVersion": "1.0.0",
        "reviewId": "cf4b64bb-9087-4a9f-a491-b9e4c91a586e",
        "score": 5,
        "thumbsUpCount": 0,
        "userImage": "https://play-lh.googleusercontent.com/a/ACg8ocIBzV7nsTjXIG6nq-pz79ZGEi75Cj1x8HeyBDPnlQcy=mo",
        "userName": "Mohammed Ali"
    },
    {
        "appVersion": "1.0.0",
        "at": "2021-05-28 07:35:51",
        "content": "Awesome app as well as quotes I really loved it.",
        "repliedAt": null,
        "replyContent": null,
        "reviewCreatedVersion": "1.0.0",
        "reviewId": "28bab53e-48f4-43c2-8765-bc35dbd95b12",
        "score": 5,
        "thumbsUpCount": 0,
        "userImage": "https://play-lh.googleusercontent.com/a/ACg8ocIkDVE_lMMpirG5wsxJ8l8p1wdPvOdaba7z-2eUuCwm=mo",
        "userName": "Meesha Khan"
    },
    {
        "appVersion": "1.0.0",
        "at": "2021-05-27 03:32:58",
        "content": "Love quotes app is amazing for captions.",
        "repliedAt": null,
        "replyContent": null,
        "reviewCreatedVersion": "1.0.0",
        "reviewId": "26545431-3977-4b6f-891d-437b4c6dcafb",
        "score": 5,
        "thumbsUpCount": 0,
        "userImage": "https://play-lh.googleusercontent.com/a-/ALV-UjVuRe44UJi-8eUxhz_o59xeheBC9ZdnllgHCAO1CohC7g",
        "userName": "nisha rawat"
    },
    {
        "appVersion": "1.0.0",
        "at": "2021-05-05 13:37:55",
        "content": "Really awesome and interesting app. This love quotes and caption of photos app is great and useful to caption my photos",
        "repliedAt": null,
        "replyContent": null,
        "reviewCreatedVersion": "1.0.0",
        "reviewId": "0837347e-a1d6-4ba1-8772-bf926659656e",
        "score": 5,
        "thumbsUpCount": 0,
        "userImage": "https://play-lh.googleusercontent.com/a/ACg8ocKDoxJV8EqePmtDs10Ai0TBLSFWtOb8eQKB1BmqLkZW4w=mo",
        "userName": "Nwaneri Kingsley"
    },
    {
        "appVersion": "1.0.0",
        "at": "2021-05-05 13:19:48",
        "content": "Love quotes application is amazing for me. This app solve my daily quotes searching problem. Highly recommended",
        "repliedAt": null,
        "replyContent": null,
        "reviewCreatedVersion": "1.0.0",
        "reviewId": "e4033b39-c8b6-4071-8cea-a130deed66c1",
        "score": 5,
        "thumbsUpCount": 0,
        "userImage": "https://play-lh.googleusercontent.com/a/ACg8ocLNF0f1CMfXbYAWA7DCT3k2FSs_sKzHOZYmrPJufMCH=mo",
        "userName": "Rana Shahzad"
    },
    {
        "appVersion": null,
        "at": "2021-05-05 05:29:42",
        "content": "Very useful app. All features are perfect",
        "repliedAt": null,
        "replyContent": null,
        "reviewCreatedVersion": null,
        "reviewId": "2a4bd703-de82-48e0-a3ed-adb0156f7416",
        "score": 5,
        "thumbsUpCount": 0,
        "userImage": "https://play-lh.googleusercontent.com/a/ACg8ocKPlDWX8x-rUJHLbTXWq_PIyHIITKkneNDNzOs0cNrr=mo",
        "userName": "Joe Trask"
    },
    {
        "appVersion": "1.0.0",
        "at": "2021-05-04 13:47:45",
        "content": "Love quotes is an amazing application. I really love this app. This application solved my daily quotes problems. And secondly captions photos a also a great addition. Highly recommended \u2764\ufe0f",
        "repliedAt": null,
        "replyContent": null,
        "reviewCreatedVersion": "1.0.0",
        "reviewId": "0ca905cf-3ef3-4029-9735-8d4fb08b3e57",
        "score": 5,
        "thumbsUpCount": 3,
        "userImage": "https://play-lh.googleusercontent.com/a-/ALV-UjXiExSP0S_wy1Uvab8dtvYm5HZz0AjTD2525obIhDy-fQw",
        "userName": "Usama Dear"
    },
    {
        "appVersion": "1.0.0",
        "at": "2021-05-04 07:43:31",
        "content": "Amezing love qutoes caption for photo app. I use this app for daily. I like it",
        "repliedAt": null,
        "replyContent": null,
        "reviewCreatedVersion": "1.0.0",
        "reviewId": "00b72761-6a67-4fc4-8ed6-1e25fb5f81cb",
        "score": 5,
        "thumbsUpCount": 0,
        "userImage": "https://play-lh.googleusercontent.com/a/ACg8ocJF51hiCO4ZGQbZbmJHzn_djFsfk-1eJW9oEtxmv4tm=mo",
        "userName": "vinay isktech"
    },
    {
        "appVersion": "1.0.0",
        "at": "2021-05-03 13:35:02",
        "content": "I love the qutoes and they have great caption for suitable picture I love love quotes",
        "repliedAt": null,
        "replyContent": null,
        "reviewCreatedVersion": "1.0.0",
        "reviewId": "556efbb8-f793-4db0-9257-07f0ecf96da1",
        "score": 5,
        "thumbsUpCount": 0,
        "userImage": "https://play-lh.googleusercontent.com/a-/ALV-UjUraG6R7QhSVSCvmey6ddD3iml9AmQn266viq8dCy7zDA",
        "userName": "Samantha Sa."
    },
    {
        "appVersion": "1.0.0",
        "at": "2021-05-03 10:36:16",
        "content": "Love quotes is a really amazing app which has amazing caption for photos",
        "repliedAt": null,
        "replyContent": null,
        "reviewCreatedVersion": "1.0.0",
        "reviewId": "9d675bd9-39db-4a8b-a982-809999184f32",
        "score": 5,
        "thumbsUpCount": 0,
        "userImage": "https://play-lh.googleusercontent.com/a/ACg8ocJ-xgHlLer7pt0pER7bQfpLfdUvdRQ6fzQWJMO_VLU=mo",
        "userName": "Cognito Drenoid"
    },
    {
        "appVersion": null,
        "at": "2021-05-03 08:03:32",
        "content": "Love Quotes is a very good app. It is really amazing app. Highly recommend it.",
        "repliedAt": null,
        "replyContent": null,
        "reviewCreatedVersion": null,
        "reviewId": "976e736f-5fbc-4b9a-894b-b2b3128c42fc",
        "score": 5,
        "thumbsUpCount": 0,
        "userImage": "https://play-lh.googleusercontent.com/a-/ALV-UjU1KKaKXstKuVaScISW2srpf_A5pU5qX66YW3FlFz3D3XEy",
        "userName": "Parth Ramani"
    },
    {
        "appVersion": "1.0.0",
        "at": "2021-05-02 13:17:52",
        "content": "LOVE Quotes app is amazing and i love this app more fun with this app i suggest people to dowloand this app",
        "repliedAt": null,
        "replyContent": null,
        "reviewCreatedVersion": "1.0.0",
        "reviewId": "90a20228-e4d2-4ec3-83d9-51fff8b62fa9",
        "score": 5,
        "thumbsUpCount": 0,
        "userImage": "https://play-lh.googleusercontent.com/a/ACg8ocJemc7147Jid3MPkZF5g628QnWfiMelX4PthbAsxoHU=mo",
        "userName": "mashood zaidi"
    },
    {
        "appVersion": "1.0.0",
        "at": "2021-05-01 06:28:11",
        "content": "Love qoutes and captions for photos best qoutes I have found in this app its really amazing and nice qoutes",
        "repliedAt": null,
        "replyContent": null,
        "reviewCreatedVersion": "1.0.0",
        "reviewId": "b9919285-aa9b-4ddc-bcc5-0eea52e2e003",
        "score": 5,
        "thumbsUpCount": 0,
        "userImage": "https://play-lh.googleusercontent.com/a-/ALV-UjVArSNOqgpOVumYhv3KhR58V-KhaSb_c4y8u8MovuB4FeVP",
        "userName": "Adeel Rana"
    },
    {
        "appVersion": null,
        "at": "2021-04-30 13:32:44",
        "content": "Love quoters is best captions app.... It is very usfuly app.....please try it..",
        "repliedAt": null,
        "replyContent": null,
        "reviewCreatedVersion": null,
        "reviewId": "ad30c183-cf18-45bf-97fa-60696e7c3e7c",
        "score": 5,
        "thumbsUpCount": 0,
        "userImage": "https://play-lh.googleusercontent.com/a-/ALV-UjVA7Q0WO4ScTC2xaRCbAGVDkahrzKDdc6F-Hx8gbxjDxg",
        "userName": "Md Rakibul Hasan"
    },
    {
        "appVersion": "1.0.0",
        "at": "2021-04-30 13:25:25",
        "content": "Very dense and nice organised captions for photos. It has more then Love quotes\ud83d\udc4f\ud83d\udc4d",
        "repliedAt": null,
        "replyContent": null,
        "reviewCreatedVersion": "1.0.0",
        "reviewId": "b153116f-2f0d-4a57-b32d-3eee021c5cb4",
        "score": 5,
        "thumbsUpCount": 0,
        "userImage": "https://play-lh.googleusercontent.com/a-/ALV-UjV-dVRXd-pVejsfCeg00IopoDAg4hQqhENOPlP9HaHToQ",
        "userName": "Daniel Mihoc"
    },
    {
        "appVersion": null,
        "at": "2021-04-29 16:05:41",
        "content": "Love quotes is best application for all types of beautiful quotes, i can easily share any quotes using this app,",
        "repliedAt": null,
        "replyContent": null,
        "reviewCreatedVersion": null,
        "reviewId": "45c9b612-1122-4cba-9e7c-8ca713be8d7e",
        "score": 5,
        "thumbsUpCount": 0,
        "userImage": "https://play-lh.googleusercontent.com/a-/ALV-UjXGpbegwbfq3CQW4RYL2ekauAwEVn9VgYDYnzSvc9BEOBo",
        "userName": "Atiq ur Rehman"
    },
    {
        "appVersion": "1.0.0",
        "at": "2021-04-29 13:27:51",
        "content": "Awesome love quotes application, It gives you nice captions for photos, I highly recommend this app.",
        "repliedAt": null,
        "replyContent": null,
        "reviewCreatedVersion": "1.0.0",
        "reviewId": "c4d8beac-1b19-4452-b70c-18e5718d908f",
        "score": 5,
        "thumbsUpCount": 0,
        "userImage": "https://play-lh.googleusercontent.com/a-/ALV-UjUsTOhkabxrBzJCRquHnO39wXQVTw3C4pz6CuYHU010pw",
        "userName": "Kishore Sriwastwa"
    },
    {
        "appVersion": "1.0.0",
        "at": "2021-04-29 09:18:41",
        "content": "Love Quotes app is amazing and easy to use app and very smooth fast app i highly recommend this.",
        "repliedAt": null,
        "replyContent": null,
        "reviewCreatedVersion": "1.0.0",
        "reviewId": "504416ec-a920-4303-a766-6d14172f1462",
        "score": 5,
        "thumbsUpCount": 0,
        "userImage": "https://play-lh.googleusercontent.com/a-/ALV-UjWRupiXZxH8HxRxSjQHHfE6B6DrniTNIwZx3yALRAMr6w",
        "userName": "raza bhatti"
    },
    {
        "appVersion": "1.0.0",
        "at": "2021-04-28 15:10:59",
        "content": "Love quotes is the best and amazing app. And also use the caption of photos from this app.I like it so much",
        "repliedAt": null,
        "replyContent": null,
        "reviewCreatedVersion": "1.0.0",
        "reviewId": "59b2f66b-d965-4ac5-987a-4a531aebaa97",
        "score": 5,
        "thumbsUpCount": 0,
        "userImage": "https://play-lh.googleusercontent.com/a/ACg8ocLNJB-8Pou8AOEEH-kZ6xMgdeNg8HUHyUrBBvHYyUQI=mo",
        "userName": "posh poshoo"
    },
    {
        "appVersion": "1.0.0",
        "at": "2021-04-28 04:39:40",
        "content": "Very interesting app Love Quotes . Graphics, all Quotes ordering are amazing, easy to get all Quotes. Much love it.",
        "repliedAt": null,
        "replyContent": null,
        "reviewCreatedVersion": "1.0.0",
        "reviewId": "94d592ef-24c7-475b-9470-6cd299ec3200",
        "score": 5,
        "thumbsUpCount": 1,
        "userImage": "https://play-lh.googleusercontent.com/a/ACg8ocJgZObfmsguFQby3S_CvB3KSmsiRbNkbUwWBb0SGHAF=mo",
        "userName": "Dream To Rise"
    },
    {
        "appVersion": "1.0.0",
        "at": "2021-04-28 02:27:56",
        "content": "Love quotes is one of the best app. Easy to use caption of photos. It's really good app. Recommended to download this app",
        "repliedAt": null,
        "replyContent": null,
        "reviewCreatedVersion": "1.0.0",
        "reviewId": "2f9f7076-b532-40f1-9ed9-4c3800bfb4c9",
        "score": 5,
        "thumbsUpCount": 0,
        "userImage": "https://play-lh.googleusercontent.com/a-/ALV-UjU0g0nmQbBzMnXQH_VnfqXRldyK7YJ1WtXpF5rYeKvpF0o",
        "userName": "Muhammad Atif"
    },
    {
        "appVersion": "1.0.0",
        "at": "2021-04-27 10:42:39",
        "content": "caption for photos that can be easily be save and share with friends. Love Quotes app contain editor functionality.",
        "repliedAt": null,
        "replyContent": null,
        "reviewCreatedVersion": "1.0.0",
        "reviewId": "f594e9be-d402-4db7-940c-210f29eca921",
        "score": 5,
        "thumbsUpCount": 1,
        "userImage": "https://play-lh.googleusercontent.com/a/ACg8ocIxE7srpM4WKXxzJReAsmlmoPZsxiBr37iPl3EqQB8w=mo",
        "userName": "Avik Shing"
    },
    {
        "appVersion": "1.0.0",
        "at": "2021-04-26 22:12:43",
        "content": "this Love quotes easy to use others app .this app provide multiple edit, captions for photos.",
        "repliedAt": null,
        "replyContent": null,
        "reviewCreatedVersion": "1.0.0",
        "reviewId": "b6daf3ce-49c1-4204-8363-a72852bafa3f",
        "score": 5,
        "thumbsUpCount": 0,
        "userImage": "https://play-lh.googleusercontent.com/a-/ALV-UjWRBsjQDybAmbBFBp7iRW85b9vVjBAr1kZBx6brH6_Y15Y",
        "userName": "Fahad Hassan"
    },
    {
        "appVersion": "1.0.0",
        "at": "2021-04-25 01:52:57",
        "content": "Love quotes is an amazing app. Easy to use caption of photos. I like it so much. Recommended to download this app",
        "repliedAt": null,
        "replyContent": null,
        "reviewCreatedVersion": "1.0.0",
        "reviewId": "425d5be3-a51c-41d1-b30e-1ba753a47a4f",
        "score": 5,
        "thumbsUpCount": 0,
        "userImage": "https://play-lh.googleusercontent.com/a-/ALV-UjWY5OEKveneVnf582Ih9xgekEEJsQhSNcdhJ310-xONA5c",
        "userName": "Atiq ur Rehman"
    },
    {
        "appVersion": "1.0.0",
        "at": "2021-04-23 04:31:46",
        "content": "Love quotes is amzing application easy to use caption for photos,I will recommand",
        "repliedAt": null,
        "replyContent": null,
        "reviewCreatedVersion": "1.0.0",
        "reviewId": "03274c29-93f2-4de8-a613-0813d36787f1",
        "score": 5,
        "thumbsUpCount": 0,
        "userImage": "https://play-lh.googleusercontent.com/a-/ALV-UjU0-Zvf-Ur16MPSs9Hw1BQBEq0SIPc7Rzpwp4e4qMLZETM",
        "userName": "Hentai Pie"
    },
    {
        "appVersion": "1.0.0",
        "at": "2021-04-22 23:18:36",
        "content": "Love quotes app is very interesting and amazing.I love this app",
        "repliedAt": null,
        "replyContent": null,
        "reviewCreatedVersion": "1.0.0",
        "reviewId": "df1276ce-6bbb-4d12-9a23-709ffb7ba1b0",
        "score": 5,
        "thumbsUpCount": 0,
        "userImage": "https://play-lh.googleusercontent.com/a/ACg8ocLxXJU1bHU1-eLOpMCmnZLWr3XN7HpIB7qrYuUEgJ1w=mo",
        "userName": "Taohid Islam"
    },
    {
        "appVersion": "1.0.0",
        "at": "2021-04-22 14:16:41",
        "content": "i love this app for quotes and caption photos good work",
        "repliedAt": null,
        "replyContent": null,
        "reviewCreatedVersion": "1.0.0",
        "reviewId": "46e282ce-ddae-44da-871c-00cc961e8e78",
        "score": 5,
        "thumbsUpCount": 0,
        "userImage": "https://play-lh.googleusercontent.com/a/ACg8ocKkNvckjWl0TjndvDcL37fz7Gm-FrDGsuC8ZIQgVw8w=mo",
        "userName": "Mourad Ghalmi"
    },
    {
        "appVersion": "1.0.0",
        "at": "2021-04-22 06:41:32",
        "content": "Amazing love quotes, Best and beautiful captions for photos. Love it",
        "repliedAt": null,
        "replyContent": null,
        "reviewCreatedVersion": "1.0.0",
        "reviewId": "b3f38f0f-0d81-4665-ac2a-91994060aebe",
        "score": 5,
        "thumbsUpCount": 0,
        "userImage": "https://play-lh.googleusercontent.com/a-/ALV-UjWU6XQM2ea5ziGvbFdbyN0-5lU87y_XVRpi6WQAWKoH0g",
        "userName": "Liam Dean"
    },
    {
        "appVersion": "1.0.0",
        "at": "2021-04-21 08:45:51",
        "content": "Love Quotes have the large collection of quotes and caption of photos.",
        "repliedAt": null,
        "replyContent": null,
        "reviewCreatedVersion": "1.0.0",
        "reviewId": "36940e66-cbd9-4101-8636-13593ab0d5c6",
        "score": 5,
        "thumbsUpCount": 0,
        "userImage": "https://play-lh.googleusercontent.com/a-/ALV-UjXcdXILNmsC_tNAFsT_g-PoS1bSMaFhR5EDCY2SVW5C",
        "userName": "Priya Moni"
    },
    {
        "appVersion": "1.0.0",
        "at": "2021-04-21 05:37:52",
        "content": "One of the best quotes app. Caption and graphics properties are well. THANKS Love quoets.",
        "repliedAt": null,
        "replyContent": null,
        "reviewCreatedVersion": "1.0.0",
        "reviewId": "a9e8ab4d-9d7c-4926-8d62-180943ad1ffa",
        "score": 5,
        "thumbsUpCount": 0,
        "userImage": "https://play-lh.googleusercontent.com/a-/ALV-UjWbEmcxHzZ-v5KoVgCN5oIC52Tit0ZMSjOe-Xx18Iu1l0k",
        "userName": "Rayhan _"
    },
    {
        "appVersion": "1.0.0",
        "at": "2021-04-21 04:25:31",
        "content": "Love quotes is one of the best quotes app. Caption for photos is available lots of caption hug category of captions.",
        "repliedAt": null,
        "replyContent": null,
        "reviewCreatedVersion": "1.0.0",
        "reviewId": "c159ca9c-75fb-446c-91a4-c8663d8fa2c7",
        "score": 5,
        "thumbsUpCount": 0,
        "userImage": "https://play-lh.googleusercontent.com/a/ACg8ocJo4-tGqq3OI-oEkbzYp0c9UFNlsrrDiIM3iVPTadho=mo",
        "userName": "Fantastic Mind"
    },
    {
        "appVersion": null,
        "at": "2021-04-20 14:30:49",
        "content": "Caption For Photos is amazing and very useful app i really love it and recommend to all",
        "repliedAt": null,
        "replyContent": null,
        "reviewCreatedVersion": null,
        "reviewId": "a47dc585-08fa-4dd7-aa65-159ab085bcea",
        "score": 5,
        "thumbsUpCount": 0,
        "userImage": "https://play-lh.googleusercontent.com/a/ACg8ocKxi6OoMYblYmQ7uN3Wp9p9qm0WwzMOyNDDKSvDRzGg=mo",
        "userName": "Rohit awasti"
    },
    {
        "appVersion": "1.0.0",
        "at": "2021-04-20 14:16:28",
        "content": "Love quotes is the best app. Captions of photes are easyto use from this app. Love to use this app",
        "repliedAt": null,
        "replyContent": null,
        "reviewCreatedVersion": "1.0.0",
        "reviewId": "c30a89a7-9b01-4cf7-830c-c20f93e33552",
        "score": 5,
        "thumbsUpCount": 0,
        "userImage": "https://play-lh.googleusercontent.com/a-/ALV-UjWRvgGBWC-Q8la-5Xjp_yQHuDLJkN3lVYH9wt47sX1-mP4",
        "userName": "Usman Shafique"
    },
    {
        "appVersion": "1.0.0",
        "at": "2021-04-20 13:59:56",
        "content": "Love quotes app is very usefully guys, please download this app,I have benefited a lot from using it.I love this app\ud83d\ude0d\ud83d\ude0d\ud83d\ude0d",
        "repliedAt": null,
        "replyContent": null,
        "reviewCreatedVersion": "1.0.0",
        "reviewId": "02496863-ce6c-42be-8c08-9b68f90e3a37",
        "score": 5,
        "thumbsUpCount": 0,
        "userImage": "https://play-lh.googleusercontent.com/a-/ALV-UjWmjAjz71LAkMj7G6ol5_g8M6C5QUJ6ZFk7adaOx_lFVw",
        "userName": "Md Rakibul Hasan"
    },
    {
        "appVersion": null,
        "at": "2021-04-20 13:39:05",
        "content": "Loves quotes and caption for photos is best app having good user interface. Highly recommend this app to all",
        "repliedAt": null,
        "replyContent": null,
        "reviewCreatedVersion": null,
        "reviewId": "d1a002d1-18c8-4154-a434-a3b0e5b1ac59",
        "score": 5,
        "thumbsUpCount": 0,
        "userImage": "https://play-lh.googleusercontent.com/a/ACg8ocL2KAZypbUmgJRq55qOLuv7jb3Tu35_34kc7enELqlm=mo",
        "userName": "Varsha Sanas"
    },
    {
        "appVersion": "1.0.0",
        "at": "2021-04-20 03:21:58",
        "content": "Best love quotes app! There are many captions for photos through which I get ideas for posting on social media.",
        "repliedAt": null,
        "replyContent": null,
        "reviewCreatedVersion": "1.0.0",
        "reviewId": "6dda45f5-88ce-4d85-abb2-0b6c4b3475f6",
        "score": 5,
        "thumbsUpCount": 0,
        "userImage": "https://play-lh.googleusercontent.com/a-/ALV-UjW4EgbvC2JPRJONi0XCnCMq0S5bSSRbwJc4etX0_NyRe68",
        "userName": "Karan Morwani"
    },
    {
        "appVersion": "1.0.0",
        "at": "2021-04-19 06:00:04",
        "content": "Interesting app Love quotes have large collection of quotes and also have many categories about captions for photos I enjoy this love quotes app I really like it and I recommended to all of you",
        "repliedAt": null,
        "replyContent": null,
        "reviewCreatedVersion": "1.0.0",
        "reviewId": "6ff2dd24-36f3-4020-95e0-be739f87e5ca",
        "score": 5,
        "thumbsUpCount": 0,
        "userImage": "https://play-lh.googleusercontent.com/a-/ALV-UjXSboLamOc4GiEvCwTIgpJ1RC_Qw3w-I_lk-NV3LgvmGQ",
        "userName": "Ella Anna"
    }
]