[
    {
        "appVersion": "1.1",
        "at": "2022-03-21 05:30:37",
        "content": "Fantastic and worth looking at",
        "repliedAt": null,
        "replyContent": null,
        "reviewCreatedVersion": "1.1",
        "reviewId": "68d645d2-b01f-45e7-b6c9-0a2a96a204f4",
        "score": 5,
        "thumbsUpCount": 0,
        "userImage": "https://play-lh.googleusercontent.com/a-/ALV-UjWKON2cECGyhVqM27hwfkAwEh0WbGnSlYHNHUNyIVxKKw",
        "userName": "Renee Horigan"
    },
    {
        "appVersion": "1.1",
        "at": "2019-11-22 21:01:23",
        "content": "This is a very helpful. I will pass this app on to my bowling friends. Help me understand how to improve my game",
        "repliedAt": null,
        "replyContent": null,
        "reviewCreatedVersion": "1.1",
        "reviewId": "3b6f1e66-650b-438b-9f6d-0739efd5f453",
        "score": 5,
        "thumbsUpCount": 8,
        "userImage": "https://play-lh.googleusercontent.com/EGemoI2NTXmTsBVtJqk8jxF9rh8ApRWfsIMQSt2uE4OcpQqbFu7f7NbTK05lx80nuSijCz7sc3a277R67g",
        "userName": "A Google user"
    },
    {
        "appVersion": "1.1",
        "at": "2019-03-13 17:22:46",
        "content": "Great information for all levels.",
        "repliedAt": null,
        "replyContent": null,
        "reviewCreatedVersion": "1.1",
        "reviewId": "a10730e1-5673-4a33-ae1b-e252fd3ad6be",
        "score": 5,
        "thumbsUpCount": 8,
        "userImage": "https://play-lh.googleusercontent.com/EGemoI2NTXmTsBVtJqk8jxF9rh8ApRWfsIMQSt2uE4OcpQqbFu7f7NbTK05lx80nuSijCz7sc3a277R67g",
        "userName": "A Google user"
    },
    {
        "appVersion": "1.1",
        "at": "2019-03-12 16:13:48",
        "content": "Very good basics!!!",
        "repliedAt": null,
        "replyContent": null,
        "reviewCreatedVersion": "1.1",
        "reviewId": "2da53c8f-1668-4f41-8d49-02d6b6005657",
        "score": 5,
        "thumbsUpCount": 4,
        "userImage": "https://play-lh.googleusercontent.com/EGemoI2NTXmTsBVtJqk8jxF9rh8ApRWfsIMQSt2uE4OcpQqbFu7f7NbTK05lx80nuSijCz7sc3a277R67g",
        "userName": "A Google user"
    },
    {
        "appVersion": "1.1",
        "at": "2019-02-04 14:33:43",
        "content": "good",
        "repliedAt": null,
        "replyContent": null,
        "reviewCreatedVersion": "1.1",
        "reviewId": "300ed01c-844d-452e-ab6f-09ee3d532e59",
        "score": 5,
        "thumbsUpCount": 1,
        "userImage": "https://play-lh.googleusercontent.com/EGemoI2NTXmTsBVtJqk8jxF9rh8ApRWfsIMQSt2uE4OcpQqbFu7f7NbTK05lx80nuSijCz7sc3a277R67g",
        "userName": "A Google user"
    },
    {
        "appVersion": "1.1",
        "at": "2019-01-06 21:04:50",
        "content": "good works",
        "repliedAt": null,
        "replyContent": null,
        "reviewCreatedVersion": "1.1",
        "reviewId": "aea23e9e-8e1e-43df-98a0-ae6fe7dcbe8b",
        "score": 5,
        "thumbsUpCount": 2,
        "userImage": "https://play-lh.googleusercontent.com/EGemoI2NTXmTsBVtJqk8jxF9rh8ApRWfsIMQSt2uE4OcpQqbFu7f7NbTK05lx80nuSijCz7sc3a277R67g",
        "userName": "A Google user"
    },
    {
        "appVersion": "1.1",
        "at": "2018-07-16 15:24:47",
        "content": "It can teach you better ways to bowl",
        "repliedAt": null,
        "replyContent": null,
        "reviewCreatedVersion": "1.1",
        "reviewId": "dd95a89e-3dc9-47bb-8e0b-b62f79c43520",
        "score": 5,
        "thumbsUpCount": 3,
        "userImage": "https://play-lh.googleusercontent.com/EGemoI2NTXmTsBVtJqk8jxF9rh8ApRWfsIMQSt2uE4OcpQqbFu7f7NbTK05lx80nuSijCz7sc3a277R67g",
        "userName": "A Google user"
    },
    {
        "appVersion": "1.1",
        "at": "2018-06-27 23:40:08",
        "content": "Not bad at all, good basic info. Wish there were more of it.",
        "repliedAt": null,
        "replyContent": null,
        "reviewCreatedVersion": "1.1",
        "reviewId": "a8873c67-f6cd-42b6-a06b-71b72ffeb52d",
        "score": 5,
        "thumbsUpCount": 4,
        "userImage": "https://play-lh.googleusercontent.com/EGemoI2NTXmTsBVtJqk8jxF9rh8ApRWfsIMQSt2uE4OcpQqbFu7f7NbTK05lx80nuSijCz7sc3a277R67g",
        "userName": "A Google user"
    },
    {
        "appVersion": "1.0",
        "at": "2018-04-05 08:28:44",
        "content": "Great app. Has alot of useful info. Great for a beginner, however I wish there was a better breakdown of balls, ie; particle coverstocks. Keep up the good work guys!",
        "repliedAt": null,
        "replyContent": null,
        "reviewCreatedVersion": "1.0",
        "reviewId": "51014835-0417-4d15-ac6f-708db8093e26",
        "score": 5,
        "thumbsUpCount": 4,
        "userImage": "https://play-lh.googleusercontent.com/EGemoI2NTXmTsBVtJqk8jxF9rh8ApRWfsIMQSt2uE4OcpQqbFu7f7NbTK05lx80nuSijCz7sc3a277R67g",
        "userName": "A Google user"
    }
]