[
    {
        "appVersion": "1.1.0",
        "at": "2023-10-13 23:30:12",
        "content": "Very helpful.",
        "repliedAt": null,
        "replyContent": null,
        "reviewCreatedVersion": "1.1.0",
        "reviewId": "48575e9b-400e-4844-9b29-8801a6aee83b",
        "score": 5,
        "thumbsUpCount": 0,
        "userImage": "https://play-lh.googleusercontent.com/a/ACg8ocJ09_2NRi-kK9DzbUgJHrlmqv80WlQmYrxAUq3e8c7X=mo",
        "userName": "ravikanniah naidu"
    },
    {
        "appVersion": "1.0.9",
        "at": "2023-07-17 06:04:43",
        "content": "Daily motivational is Fantastic App. I really enjoy this App.",
        "repliedAt": null,
        "replyContent": null,
        "reviewCreatedVersion": "1.0.9",
        "reviewId": "7941c4ae-6de0-4aa7-b686-b9e56556eb93",
        "score": 5,
        "thumbsUpCount": 0,
        "userImage": "https://play-lh.googleusercontent.com/a-/ALV-UjUq7tBksWH-CuO4uuZ_Wo4nfn9py9M3cJJ1Scw24rX5x_M",
        "userName": "Hsnain Ashfaq NK"
    },
    {
        "appVersion": null,
        "at": "2023-07-16 10:51:38",
        "content": "Daily motivation quotes about us awesome motived lines love this quotes must b read I think this AP is best .... I also read this quotes must be installed",
        "repliedAt": null,
        "replyContent": null,
        "reviewCreatedVersion": null,
        "reviewId": "c6bacbce-73ac-4427-953e-5cc5dc89c839",
        "score": 5,
        "thumbsUpCount": 2,
        "userImage": "https://play-lh.googleusercontent.com/a-/ALV-UjWGyXeh781yOV9pn4Wzpye6yi1I4ioLTksFI1GA2o97MiGs",
        "userName": "Riaz Afi"
    },
    {
        "appVersion": "1.0.9",
        "at": "2023-07-16 10:47:45",
        "content": "Daily motivation quotes is really wonderful super awesome application and good working experience I recommend",
        "repliedAt": null,
        "replyContent": null,
        "reviewCreatedVersion": "1.0.9",
        "reviewId": "05687636-131b-4169-aa63-1aa40a3bb68d",
        "score": 5,
        "thumbsUpCount": 2,
        "userImage": "https://play-lh.googleusercontent.com/a-/ALV-UjV-jH5FJoW65jWNHfpOvH-HxM-MJS5hHBDSDR__zli7uw",
        "userName": "Abdul Mohsin"
    },
    {
        "appVersion": "1.0.9",
        "at": "2023-01-18 13:30:44",
        "content": "This is a nice app but it's not easy to share , share button doesn't work",
        "repliedAt": null,
        "replyContent": null,
        "reviewCreatedVersion": "1.0.9",
        "reviewId": "ba72a4a4-295f-4d03-9d27-74b050850387",
        "score": 2,
        "thumbsUpCount": 0,
        "userImage": "https://play-lh.googleusercontent.com/a-/ALV-UjWJ3tSq7-asjEABaSh9AgR5uyF5DXsbMpTTSgRY2qBMbAw",
        "userName": "Susan Wyzik"
    },
    {
        "appVersion": "1.0.9",
        "at": "2022-12-08 05:52:40",
        "content": "So amazing quotes",
        "repliedAt": null,
        "replyContent": null,
        "reviewCreatedVersion": "1.0.9",
        "reviewId": "721cf27f-5a0f-48f9-af5f-85175175eea7",
        "score": 5,
        "thumbsUpCount": 0,
        "userImage": "https://play-lh.googleusercontent.com/a-/ALV-UjUA_Pvr3507Jj6fe16_kcO3-06VLP002sDD3y6MWiQdjlg",
        "userName": "Hafiza Maryam"
    },
    {
        "appVersion": null,
        "at": "2022-10-25 07:03:19",
        "content": "Daily motivational quotes is very outstanding app and good features",
        "repliedAt": null,
        "replyContent": null,
        "reviewCreatedVersion": null,
        "reviewId": "e6f4c25b-2d4c-4807-9f87-eda6a4b609c0",
        "score": 5,
        "thumbsUpCount": 1,
        "userImage": "https://play-lh.googleusercontent.com/a-/ALV-UjV2HZH05Y7cHr7LTfzvqh_nis-39nCZcPFoUrM0p-nLog",
        "userName": "Sahil Patel"
    },
    {
        "appVersion": null,
        "at": "2022-10-23 04:17:12",
        "content": "This is excellent working application I loved this app good features motivational quotes application is lovely quotes application",
        "repliedAt": null,
        "replyContent": null,
        "reviewCreatedVersion": null,
        "reviewId": "fa5f1a13-9116-4f90-9689-3fe7c4e5807e",
        "score": 5,
        "thumbsUpCount": 1,
        "userImage": "https://play-lh.googleusercontent.com/a-/ALV-UjWL-dTu1vuWZkw-BgNJM1CRNJvKYYwJqp8dRlXp4jsj4mk",
        "userName": "Kala SIDHU"
    },
    {
        "appVersion": null,
        "at": "2022-10-14 08:25:40",
        "content": "Motivational quotes is also good application must be used very easy to motivational quotes I also loved this quotes",
        "repliedAt": null,
        "replyContent": null,
        "reviewCreatedVersion": null,
        "reviewId": "a46e233f-0a29-474d-aa8e-2239c960b2e1",
        "score": 5,
        "thumbsUpCount": 1,
        "userImage": "https://play-lh.googleusercontent.com/a-/ALV-UjWC6xZcPKm-HU8JTa7HM3BrxcHSOG_FU_DgZC-fd6b3ZQ",
        "userName": "Ali PariNew"
    },
    {
        "appVersion": "1.0.9",
        "at": "2022-10-12 08:13:37",
        "content": "Daily motivational quote app is true life making and moral motivated quotes include from all over world history, really super super duper app\u2764\ud83d\ude0a\ud83c\udf1f",
        "repliedAt": null,
        "replyContent": null,
        "reviewCreatedVersion": "1.0.9",
        "reviewId": "55f830fa-f1ce-41ba-a021-83aeaff000df",
        "score": 5,
        "thumbsUpCount": 2,
        "userImage": "https://play-lh.googleusercontent.com/a/ACg8ocJR_2iIfNOBiDltbRn5MUti8Rye0TjQ1YGoAGwaSQ1k=mo",
        "userName": "Ahmed Saleem"
    },
    {
        "appVersion": "1.0.9",
        "at": "2022-10-12 03:34:49",
        "content": "Daily Motivationl Quote is the best app it's very interesting and fantastic app I like this app",
        "repliedAt": null,
        "replyContent": null,
        "reviewCreatedVersion": "1.0.9",
        "reviewId": "05f4a65c-e162-4521-87af-cf740f4d0b60",
        "score": 5,
        "thumbsUpCount": 1,
        "userImage": "https://play-lh.googleusercontent.com/a/ACg8ocKMP607KD8JofE4qO4t3qWMRXvh_QMQFhpjGeruvmSA=mo",
        "userName": "Rohid AT Sharma"
    },
    {
        "appVersion": "1.0.9",
        "at": "2022-10-12 02:51:14",
        "content": "This is a good application that must be used I also recommended this application very easy to motivational quotes best quotes",
        "repliedAt": null,
        "replyContent": null,
        "reviewCreatedVersion": "1.0.9",
        "reviewId": "3f576e1d-3f13-49c6-b41b-e44eb83f6983",
        "score": 5,
        "thumbsUpCount": 4,
        "userImage": "https://play-lh.googleusercontent.com/a/ACg8ocJAWnBfSrpzWK-qiZm6aP9q3a4dwUmV-qb2_SzqrXvO=mo",
        "userName": "Alok"
    },
    {
        "appVersion": "1.0.9",
        "at": "2022-10-11 07:32:14",
        "content": "Motivational quotes is really good Awesome application I also recommended this application very good best quotes must be read. . loved this app",
        "repliedAt": null,
        "replyContent": null,
        "reviewCreatedVersion": "1.0.9",
        "reviewId": "e6363a05-7ec8-418b-99a9-65ab8d63ba33",
        "score": 5,
        "thumbsUpCount": 1,
        "userImage": "https://play-lh.googleusercontent.com/a-/ALV-UjXL1bQd5D9GcE2zdVkv7yxh0yQed6OBmdtt_jp9ubvOs-U",
        "userName": "Asif Choudhary"
    },
    {
        "appVersion": "1.0.9",
        "at": "2022-10-10 09:37:20",
        "content": "Motivational quotes for excellent quotes application must be used I love this app best quotes",
        "repliedAt": null,
        "replyContent": null,
        "reviewCreatedVersion": "1.0.9",
        "reviewId": "e64ae6f9-829d-45d0-99da-ac447f1b6ae0",
        "score": 5,
        "thumbsUpCount": 2,
        "userImage": "https://play-lh.googleusercontent.com/a-/ALV-UjVnhp6OQW8sUGPdEuQT5URK4cAtsCGtVKb6ujNK60jtv3M",
        "userName": "3x Scope Gaming Channel"
    },
    {
        "appVersion": "1.0.9",
        "at": "2022-10-10 04:25:58",
        "content": "This is Excellent application for motivational quotes I love it",
        "repliedAt": null,
        "replyContent": null,
        "reviewCreatedVersion": "1.0.9",
        "reviewId": "0cd65f12-0f63-40dc-85c8-70f63b2a4961",
        "score": 5,
        "thumbsUpCount": 2,
        "userImage": "https://play-lh.googleusercontent.com/a-/ALV-UjUmRidJzpNFLV7ZhLv987OZseRpLIT9wOdQ5xXkOqHHtg",
        "userName": "Ali Hamza"
    },
    {
        "appVersion": "1.0.9",
        "at": "2022-10-10 03:39:12",
        "content": "Motivational Quote is very unique application I also read this quote..so I loved once try it \u2764\ufe0f\ud83d\ude0a\ud83c\udfb5\u2b50",
        "repliedAt": null,
        "replyContent": null,
        "reviewCreatedVersion": "1.0.9",
        "reviewId": "587beeff-7594-4e1a-873e-a8909efd5aff",
        "score": 5,
        "thumbsUpCount": 3,
        "userImage": "https://play-lh.googleusercontent.com/a/ACg8ocLWoO3nKBnCS_gyoCYu8nmsUMUL32wBlnJ6dXQ3tJPH=mo",
        "userName": "Shahzaib Ali"
    },
    {
        "appVersion": null,
        "at": "2022-10-09 12:14:22",
        "content": "Daily motivational Quote app is true life making and moral motivated quotes include from all over world history, really super duper app\u2764\ufe0f\ud83d\ude0a\ud83c\udfb5\u2b50",
        "repliedAt": null,
        "replyContent": null,
        "reviewCreatedVersion": null,
        "reviewId": "7ecb2113-21ec-4b17-8f42-d69c87a79523",
        "score": 5,
        "thumbsUpCount": 3,
        "userImage": "https://play-lh.googleusercontent.com/a/ACg8ocINy8x2esKLKR08Vlhp7MJsnWzVHBDxTGHdGUdUm6SQ=mo",
        "userName": "Haya Rajpoot"
    },
    {
        "appVersion": "1.0.9",
        "at": "2022-10-07 11:56:15",
        "content": "Daily motivational quotes app is very usefull an intresting app ots app is very use full i like itvery much \u2764\ufe0f\ud83d\ude0a\ud83c\udfb5\u2b50",
        "repliedAt": null,
        "replyContent": null,
        "reviewCreatedVersion": "1.0.9",
        "reviewId": "dd9c6e7e-d4d9-48ab-9874-68ce4b2b4f2e",
        "score": 5,
        "thumbsUpCount": 2,
        "userImage": "https://play-lh.googleusercontent.com/a/ACg8ocJYNYcUHVCkS5Bk48KnwlXNb3B4IPD5qYGtniFz1qqc=mo",
        "userName": "Zainoog: pop pbv Baig"
    },
    {
        "appVersion": "1.0.9",
        "at": "2022-10-07 11:18:08",
        "content": "Daily motivational Quote is the best app,it's theme is best ,amazing and fantastic I love this app\u2764\ufe0f\ud83d\ude0a\ud83c\udfb5\u2b50",
        "repliedAt": null,
        "replyContent": null,
        "reviewCreatedVersion": "1.0.9",
        "reviewId": "9ccc3b75-f48f-4b6c-ae73-80197e724cfa",
        "score": 5,
        "thumbsUpCount": 2,
        "userImage": "https://play-lh.googleusercontent.com/a/ACg8ocKd9rCB7hg9kCqdR_6pMgb8UIo3gvQoENcJ5BzaKn_H=mo",
        "userName": "Nadeem khan"
    },
    {
        "appVersion": "1.0.9",
        "at": "2022-10-07 11:03:13",
        "content": "Daily motivational quotes is very unique designing application I also read this motivational quotes I loved this quote..... must be used application",
        "repliedAt": null,
        "replyContent": null,
        "reviewCreatedVersion": "1.0.9",
        "reviewId": "f938a16c-6555-49eb-a88f-007560b0f66c",
        "score": 5,
        "thumbsUpCount": 2,
        "userImage": "https://play-lh.googleusercontent.com/a-/ALV-UjW7U6df4SuofiItpj1ZVj-P7b6gx7SQRXOuTn9v_Zd74cs",
        "userName": "Janak Thakkar"
    },
    {
        "appVersion": "1.0.9",
        "at": "2022-10-07 10:22:27",
        "content": "Daily motivational Quote is the best app,its features are very awesome and interesting app ,This app is very well working application \u2764\ud83d\ude0a\ud83c\udfb5\u2b50",
        "repliedAt": null,
        "replyContent": null,
        "reviewCreatedVersion": "1.0.9",
        "reviewId": "8465b0de-481e-473b-9172-2080c4e8c25e",
        "score": 5,
        "thumbsUpCount": 1,
        "userImage": "https://play-lh.googleusercontent.com/a/ACg8ocIDkUFKyt6-UFOYr2Nx8e16Z14sddDioOv4HdsZQkml=mo",
        "userName": "Chanda Masih"
    },
    {
        "appVersion": "1.0.9",
        "at": "2022-10-07 09:47:25",
        "content": "daily motivational quotes app is true life making and moral motivated quotes included from all over world history, really super duper app \ud83d\udc4d",
        "repliedAt": null,
        "replyContent": null,
        "reviewCreatedVersion": "1.0.9",
        "reviewId": "2cbc5c1b-fd3d-4052-b8ba-0175217b66f1",
        "score": 5,
        "thumbsUpCount": 1,
        "userImage": "https://play-lh.googleusercontent.com/a-/ALV-UjUdhnoY39BV7toiABxrajpia5aBmW3v2Lx0Mkl9v3zrwg",
        "userName": "Secure Games"
    },
    {
        "appVersion": "1.0.9",
        "at": "2022-10-03 11:36:45",
        "content": "Motivational quotes is very unique application I also read this quotes I loved once try it",
        "repliedAt": null,
        "replyContent": null,
        "reviewCreatedVersion": "1.0.9",
        "reviewId": "200969fc-889d-43fe-a747-79be7b862e6b",
        "score": 5,
        "thumbsUpCount": 2,
        "userImage": "https://play-lh.googleusercontent.com/a-/ALV-UjX0F_O3zBFmyH9I_HCCvy9ih2jj0MvKSt7ryQxCi_ghUw",
        "userName": "Avinash Mehra"
    },
    {
        "appVersion": "1.0.9",
        "at": "2022-10-03 10:52:59",
        "content": "Motivational quotes is good application I also used must be very easy to daily motivational quotes is best quotes application I also recommended",
        "repliedAt": null,
        "replyContent": null,
        "reviewCreatedVersion": "1.0.9",
        "reviewId": "28f3eb95-d900-492b-9ba4-8c3be5fa285e",
        "score": 5,
        "thumbsUpCount": 2,
        "userImage": "https://play-lh.googleusercontent.com/a/ACg8ocI0Nee4IvuWrWanduse_axvmhKZmj4XBGXjFlc2PcJi=mo",
        "userName": "Lahcen Guazir"
    },
    {
        "appVersion": "1.0.9",
        "at": "2022-10-02 03:14:41",
        "content": "It's very good motivation quotes I also recommended I love this qoutes very good also read .....\ud83d\udcaf\ud83d\udc4d\ud83d\udc4d\ud83d\udc4d\ud83d\udc4d",
        "repliedAt": null,
        "replyContent": null,
        "reviewCreatedVersion": "1.0.9",
        "reviewId": "ae1582ef-b4a3-45f1-881d-1787b9eb88b6",
        "score": 5,
        "thumbsUpCount": 2,
        "userImage": "https://play-lh.googleusercontent.com/a/ACg8ocJ2ecNef9iZ9r0NhsbvrpgHh-SlwX5wBlepYNIZhAPy=mo",
        "userName": "abdul maqtadir"
    },
    {
        "appVersion": "1.0.9",
        "at": "2022-09-27 11:13:09",
        "content": "Motivational quotes is very unique application must be used very easy to I also loved motivational quotes....\ud83d\udc4d\ud83d\udc4d\ud83d\udc4d\ud83d\udcaf\ud83d\udcaf\ud83d\udcaf",
        "repliedAt": null,
        "replyContent": null,
        "reviewCreatedVersion": "1.0.9",
        "reviewId": "dd169ed7-d0a8-4777-aea5-9a40393f0a1a",
        "score": 5,
        "thumbsUpCount": 4,
        "userImage": "https://play-lh.googleusercontent.com/a/ACg8ocJp-IIwb1a7gGEy0dHJhi_2nL3sojh5Lfp1Mknfwsvp=mo",
        "userName": "tom vardy"
    },
    {
        "appVersion": "1.0.9",
        "at": "2022-09-25 06:47:38",
        "content": "Motivational quotes is very unique working application.....fast dawnloader easy to used I recommend all my friends used this on divice......I also liked this quotes.....nice app ....\ud83d\ude0d\ud83d\ude0d\ud83d\ude0d\ud83d\ude0d\ud83d\udc4d\ud83d\udc4d\ud83d\udc4d\ud83d\udc4d\ud83d\udc4d\ud83d\udc4d\ud83d\udda4\ud83d\udda4\ud83d\udda4\ud83d\udda4\ud83d\udc4d\ud83d\udc4d\ud83d\udc4d",
        "repliedAt": null,
        "replyContent": null,
        "reviewCreatedVersion": "1.0.9",
        "reviewId": "14ad36a7-a512-49eb-9678-0a0dd666e157",
        "score": 5,
        "thumbsUpCount": 3,
        "userImage": "https://play-lh.googleusercontent.com/a/ACg8ocKeOt5uxMlkCJIy4ibULc2NmGY8e6Kdq1fhaYpCv05Z=mo",
        "userName": "Rana Shahnawaz"
    },
    {
        "appVersion": "1.0.9",
        "at": "2022-09-25 05:14:00",
        "content": "Excellent every day motivational quotes. Sorted by categories so it's easy to find what you want. You can also share it with friends in just a few steps. Thank you!",
        "repliedAt": null,
        "replyContent": null,
        "reviewCreatedVersion": "1.0.9",
        "reviewId": "daefd3b7-ca92-4f44-a8a1-dd721918f7fe",
        "score": 5,
        "thumbsUpCount": 6,
        "userImage": "https://play-lh.googleusercontent.com/a-/ALV-UjURtyjcpIRmiGo8CbMO3R4Y7Hw0TOp2O38XYcnvpO9vSA",
        "userName": "Maria Celeste"
    },
    {
        "appVersion": "1.0.9",
        "at": "2022-09-24 07:39:34",
        "content": "Daily motivational quotes is very good app....I loved this I also recommended \ud83c\udf1f\ud83d\udc4d\ud83d\udc4d\ud83d\udc4d\ud83d\udc4dyou must try it.... outstanding motivational quotes ......",
        "repliedAt": null,
        "replyContent": null,
        "reviewCreatedVersion": "1.0.9",
        "reviewId": "6eed664f-7fae-4685-a893-340017f72dc2",
        "score": 5,
        "thumbsUpCount": 1,
        "userImage": "https://play-lh.googleusercontent.com/a/ACg8ocIii6Y9rln3b7b_9Pfhj-UP9VnjDfzEPoxqqXKJK7xd=mo",
        "userName": "Khushi Kapoor"
    },
    {
        "appVersion": "1.0.9",
        "at": "2022-09-24 07:04:08",
        "content": "This is outstanding application must be used it very good quotes...... motivational quotes wooowwww it's awesome....I loved this",
        "repliedAt": null,
        "replyContent": null,
        "reviewCreatedVersion": "1.0.9",
        "reviewId": "093441a4-1777-4612-931b-0ce0b57a58b4",
        "score": 5,
        "thumbsUpCount": 1,
        "userImage": "https://play-lh.googleusercontent.com/a/ACg8ocJJT-cDgvSaSoYBfDubjyVDAe0BQRCKdRQy17cWdOEr=mo",
        "userName": "Prince Faheem"
    },
    {
        "appVersion": "1.0.9",
        "at": "2022-09-24 04:30:43",
        "content": "Motivational quotes is very unique application must designing is awesome app. .. good app.....\ud83d\udc4d\ud83c\udf1f\ud83c\udf1f",
        "repliedAt": null,
        "replyContent": null,
        "reviewCreatedVersion": "1.0.9",
        "reviewId": "be5e020b-5157-4da3-bfc8-aca4961e8c8a",
        "score": 5,
        "thumbsUpCount": 2,
        "userImage": "https://play-lh.googleusercontent.com/a-/ALV-UjU5C4EQTCuVmOU2tvRDlNgMm1Ck_-1mQtWZUhfOQTjLyC4",
        "userName": "Shubham Sharma Moudgil"
    },
    {
        "appVersion": "1.0.9",
        "at": "2022-09-23 09:05:21",
        "content": "Motivational Quotes is nice app . Inspirational Quotes daily has a huge collection of quotes for different Categories",
        "repliedAt": null,
        "replyContent": null,
        "reviewCreatedVersion": "1.0.9",
        "reviewId": "c3be41f3-5bd0-43b3-8024-b62eebe5063b",
        "score": 5,
        "thumbsUpCount": 3,
        "userImage": "https://play-lh.googleusercontent.com/a/ACg8ocLd0kT3yeOtyJYWJjcNbNGRWS0Yh_o5ZDSaXgEUNwe4=mo",
        "userName": "Val Cruz"
    },
    {
        "appVersion": "1.0.9",
        "at": "2022-09-22 10:35:54",
        "content": "Motivational quotes for good working application must be used very easy to fast dawnloader application.......\ud83c\udf1f\ud83c\udf1f\ud83c\udf1f\ud83d\udc4d\ud83d\udc4d\ud83d\udc4d",
        "repliedAt": null,
        "replyContent": null,
        "reviewCreatedVersion": "1.0.9",
        "reviewId": "259207fc-dc4a-441e-b4ce-4b0f8fc8d229",
        "score": 5,
        "thumbsUpCount": 2,
        "userImage": "https://play-lh.googleusercontent.com/a-/ALV-UjXCQAcVA2AP5Iw09pZJCISuhAZNt0f1_2zfO7oZ82SvDKk",
        "userName": "Azmaan Malik"
    },
    {
        "appVersion": "1.0.9",
        "at": "2022-09-21 12:15:40",
        "content": "Motivational quotes for good working application must be used very good quotes.....\ud83d\udc4d\ud83c\udf1f\ud83c\udf1f\ud83c\udf1f",
        "repliedAt": null,
        "replyContent": null,
        "reviewCreatedVersion": "1.0.9",
        "reviewId": "24ab70aa-d37b-4dc9-8732-727e6aa3b032",
        "score": 5,
        "thumbsUpCount": 1,
        "userImage": "https://play-lh.googleusercontent.com/a-/ALV-UjXfZ0H31V8NqxPgqwxL_j-GqhKLVf59ERThmxbAbDj-O5o",
        "userName": "Mohit"
    },
    {
        "appVersion": "1.0.9",
        "at": "2022-09-21 07:34:26",
        "content": "Daily motivational quotes is very unique application must be used very fast dawnloader application I also used this app......\ud83d\udc4d\ud83d\udc4d\ud83d\udc4d\ud83d\udc4d\ud83c\udf1f\ud83c\udf1f\ud83c\udf1f\ud83c\udf1f\ud83d\udda4",
        "repliedAt": null,
        "replyContent": null,
        "reviewCreatedVersion": "1.0.9",
        "reviewId": "8cad667a-ec18-4219-a667-35620e618720",
        "score": 5,
        "thumbsUpCount": 1,
        "userImage": "https://play-lh.googleusercontent.com/a/ACg8ocLumOPz7B5ywQdnJYUC8lLKlYtfjSNXd7-h495qAQpl=mo",
        "userName": "Yasmeena"
    },
    {
        "appVersion": "1.0.9",
        "at": "2022-09-21 06:54:29",
        "content": "This is the best application for daily Motivational quotes. excellent afford Thanx\ud83d\ude0d\ud83d\ude0d",
        "repliedAt": null,
        "replyContent": null,
        "reviewCreatedVersion": "1.0.9",
        "reviewId": "f2724640-273e-446c-aa7f-1ced9cbe383d",
        "score": 5,
        "thumbsUpCount": 1,
        "userImage": "https://play-lh.googleusercontent.com/a-/ALV-UjWXOjkrNzzRrlbXM589gQZWiLAWs5iPX_UO300YeKyBW9sm",
        "userName": "Mr_Basit Javed (Mr-Experts)"
    },
    {
        "appVersion": "1.0.9",
        "at": "2022-09-20 12:55:28",
        "content": "Motivational quotes is very unique app once try it best quotes.... loved this app \ud83d\udc4d\ud83c\udf1f\ud83c\udf1f",
        "repliedAt": null,
        "replyContent": null,
        "reviewCreatedVersion": "1.0.9",
        "reviewId": "3b0422c5-f00f-48ec-b23b-20020b3fb03e",
        "score": 5,
        "thumbsUpCount": 1,
        "userImage": "https://play-lh.googleusercontent.com/a/ACg8ocIxioSPeuIrvGHZn49DgHIiynw42O2vaMSwLwHpvbdT=mo",
        "userName": "Rane Badshah"
    },
    {
        "appVersion": null,
        "at": "2022-09-17 08:37:42",
        "content": "This application can help us in making a YouTube shorts videos and give you a motivational quotes according to your need. I love it \u2764\ufe0f",
        "repliedAt": null,
        "replyContent": null,
        "reviewCreatedVersion": null,
        "reviewId": "779cb4fd-61cd-499f-abb5-23b912d8f195",
        "score": 5,
        "thumbsUpCount": 1,
        "userImage": "https://play-lh.googleusercontent.com/a/ACg8ocKRGMoWYt50QQvsGoxcH2uU8AMhA7BcvCtCBzkbfQze=mo",
        "userName": "Zeeshan Ahmad"
    },
    {
        "appVersion": "1.0.9",
        "at": "2022-09-15 06:34:06",
        "content": "Motivational quotes is very easy to used...nice quests nice features... very interesting quites once try it must be used...\u2764\ufe0f\ud83d\udda4\ud83c\udf1f\ud83d\udc4d",
        "repliedAt": null,
        "replyContent": null,
        "reviewCreatedVersion": "1.0.9",
        "reviewId": "5970bcd0-2e09-459e-b051-e53a71a19757",
        "score": 5,
        "thumbsUpCount": 5,
        "userImage": "https://play-lh.googleusercontent.com/a/ACg8ocKSxUl4Ot7cXbF-TvCfD4N0F3hpS6Rfh7O3AgLDou0Z=mo",
        "userName": "Xyz abc"
    },
    {
        "appVersion": null,
        "at": "2022-01-01 05:19:27",
        "content": "Status application this app is very easily download and Isley player I love this my favorite application",
        "repliedAt": null,
        "replyContent": null,
        "reviewCreatedVersion": null,
        "reviewId": "332b5fda-da33-4a16-a7a5-4b58d9dfc876",
        "score": 5,
        "thumbsUpCount": 0,
        "userImage": "https://play-lh.googleusercontent.com/a/ACg8ocLwi6ylkLvI6EYjcsFzfJkiDaRMbwW_ZR2QfZwHa0q3=mo",
        "userName": "James Ms"
    },
    {
        "appVersion": null,
        "at": "2021-12-30 21:43:57",
        "content": "Quotes and status saver is avery wondeful and amazing appbit have lots of function i like it",
        "repliedAt": null,
        "replyContent": null,
        "reviewCreatedVersion": null,
        "reviewId": "770938a6-74f4-44b1-9033-78ce6f4f18d6",
        "score": 5,
        "thumbsUpCount": 0,
        "userImage": "https://play-lh.googleusercontent.com/a/ACg8ocKhvwQr7Cy8sK0j8-Yo2wdFKGniD9BncZhqj4l88lHj=mo",
        "userName": "Abdullah Qini"
    },
    {
        "appVersion": null,
        "at": "2021-12-27 10:52:48",
        "content": "Quotes and status is it very famous and very amazing app and very popular and great app and it is very useful and famous app and very beneficial app",
        "repliedAt": null,
        "replyContent": null,
        "reviewCreatedVersion": null,
        "reviewId": "4397dbb3-8267-477e-bace-20d9b7e9202a",
        "score": 5,
        "thumbsUpCount": 0,
        "userImage": "https://play-lh.googleusercontent.com/a/ACg8ocILi5ziZ6jDo8NtHBwzM7p2b4Vx4d3gnYFKI6eJIytN=mo",
        "userName": "fisher SL55"
    },
    {
        "appVersion": null,
        "at": "2021-12-27 09:08:11",
        "content": "Quotes The application is very good and very awesome, its good is very important this is very awesome application",
        "repliedAt": null,
        "replyContent": null,
        "reviewCreatedVersion": null,
        "reviewId": "21388a1c-5f5f-4c23-9d77-0dead613ba9c",
        "score": 5,
        "thumbsUpCount": 0,
        "userImage": "https://play-lh.googleusercontent.com/a/ACg8ocLVQVJU7r0aHPlK4SaW4p6PZkYd6GjyKvg-xppAsmSn=mo",
        "userName": "Mr Julion PT"
    },
    {
        "appVersion": null,
        "at": "2021-12-25 01:20:54",
        "content": "Quotes and status Best collection application i like it very much and very great application",
        "repliedAt": null,
        "replyContent": null,
        "reviewCreatedVersion": null,
        "reviewId": "b840f0e0-dc91-49b2-b238-53029d7e444c",
        "score": 5,
        "thumbsUpCount": 1,
        "userImage": "https://play-lh.googleusercontent.com/a/ACg8ocJVa5ubssp4J_YvGYC1duQanUDBDk6vqRx24kNiclPI=mo",
        "userName": "Doll Tvs"
    },
    {
        "appVersion": null,
        "at": "2021-12-24 08:13:16",
        "content": "Quotes and status very interested application i like it very much and very best application",
        "repliedAt": null,
        "replyContent": null,
        "reviewCreatedVersion": null,
        "reviewId": "49d707ef-c2bc-46e8-8539-ff3ed24223bc",
        "score": 5,
        "thumbsUpCount": 2,
        "userImage": "https://play-lh.googleusercontent.com/a/ACg8ocK-aPG_VAHVsDjvYUPIaiDwvDe2FleUGqEW4bYG1Lh5=mo",
        "userName": "Tom Tvs"
    },
    {
        "appVersion": null,
        "at": "2021-12-24 01:08:17",
        "content": "Quotes and nuce app beautifull app amezing app lovely app best app app i like it app",
        "repliedAt": null,
        "replyContent": null,
        "reviewCreatedVersion": null,
        "reviewId": "44aef671-7f17-4135-b823-b8117db9010e",
        "score": 5,
        "thumbsUpCount": 0,
        "userImage": "https://play-lh.googleusercontent.com/a/ACg8ocLnlKdpVyxlukL2f1YI3AKdp3qdE2BCfXnYEPKb4Ero=mo",
        "userName": "Asad Boobak 94"
    },
    {
        "appVersion": "1.0.9",
        "at": "2021-11-18 09:28:22",
        "content": "The app Quotes & Motivational Quotes is pretty remarkable. I enjoy these sorts of apps that deliver a beautiful message. This application was very useful.",
        "repliedAt": null,
        "replyContent": null,
        "reviewCreatedVersion": "1.0.9",
        "reviewId": "7fd5a1c8-6fea-4ebb-a5ec-fbca429fa3b1",
        "score": 5,
        "thumbsUpCount": 3,
        "userImage": "https://play-lh.googleusercontent.com/a-/ALV-UjU27eRnvgxBREmMBG9qX5sVUHtjz_Dl7tGuxRW3cV-MpCA",
        "userName": "Moses Aaron"
    },
    {
        "appVersion": "1.0.9",
        "at": "2021-11-16 10:58:08",
        "content": "Very informative",
        "repliedAt": null,
        "replyContent": null,
        "reviewCreatedVersion": "1.0.9",
        "reviewId": "ac972fc6-b667-4b7a-87bc-c87a0b281a6f",
        "score": 5,
        "thumbsUpCount": 0,
        "userImage": "https://play-lh.googleusercontent.com/a/ACg8ocJwkVDopVR7JmFSiGNw1ANLh-us4Qmk_JJljql-FM_u=mo",
        "userName": "Misri Khan"
    },
    {
        "appVersion": null,
        "at": "2021-11-16 09:55:02",
        "content": "Quotes and status app is really awesome I like it",
        "repliedAt": null,
        "replyContent": null,
        "reviewCreatedVersion": null,
        "reviewId": "1954395e-a4bb-4510-8524-9a5cf6b73cec",
        "score": 5,
        "thumbsUpCount": 0,
        "userImage": "https://play-lh.googleusercontent.com/a/ACg8ocIP0R3qpE6WpYdViTUd0B9gIj4beY_ZSgYsZWTwyT4W=mo",
        "userName": "\u0644\u0628\u06cc\u0643 \u06cc\u0627 \u0645\u0647\u062f\u06cc"
    },
    {
        "appVersion": "1.0.9",
        "at": "2021-11-16 01:08:31",
        "content": "amazing",
        "repliedAt": null,
        "replyContent": null,
        "reviewCreatedVersion": "1.0.9",
        "reviewId": "d21439b2-71e4-4927-b732-a3cf46f56050",
        "score": 5,
        "thumbsUpCount": 0,
        "userImage": "https://play-lh.googleusercontent.com/a/ACg8ocKtdXFAiffczXQzhBNjAAQqkVQwQzx1C9vqC7Aud3Qc=mo",
        "userName": "Muhammad Hamza"
    },
    {
        "appVersion": "1.0.9",
        "at": "2021-11-15 14:07:41",
        "content": "Best quotes and status app I am happy to use it",
        "repliedAt": null,
        "replyContent": null,
        "reviewCreatedVersion": "1.0.9",
        "reviewId": "5450a9d5-7313-4efc-9b10-3fa4e3480132",
        "score": 5,
        "thumbsUpCount": 0,
        "userImage": "https://play-lh.googleusercontent.com/a-/ALV-UjUCziSOsFcxocfRSi108RNuvrdgR11ucoUxBXsjjZk4dQ0",
        "userName": "Abdul Wahab"
    },
    {
        "appVersion": "1.0.9",
        "at": "2021-11-14 16:28:44",
        "content": "It's very interesting app quotes and status big thumb for this app",
        "repliedAt": null,
        "replyContent": null,
        "reviewCreatedVersion": "1.0.9",
        "reviewId": "bf9bd707-80a8-4d96-a607-426ebd6d26e1",
        "score": 5,
        "thumbsUpCount": 0,
        "userImage": "https://play-lh.googleusercontent.com/a/ACg8ocKF42ID-EUJ9sbNM6vAQzl82XFCrNo7M3gMjeKgeHbU=mo",
        "userName": "Usman Maqsood"
    },
    {
        "appVersion": null,
        "at": "2021-11-14 06:15:43",
        "content": "Quotes and status is very helpfull app . By using this we can get any quotes of the day or wishes Highly recommend",
        "repliedAt": null,
        "replyContent": null,
        "reviewCreatedVersion": null,
        "reviewId": "47636e48-057c-40ed-bb28-ad2a58d79d2d",
        "score": 5,
        "thumbsUpCount": 0,
        "userImage": "https://play-lh.googleusercontent.com/a/ACg8ocKpVZnOjF_6pVUtrIFpxuz7S-CZC5fj0a8OZ3acTXRQ=mo",
        "userName": "Saim Ali"
    },
    {
        "appVersion": "1.0.9",
        "at": "2021-11-14 06:09:49",
        "content": "Best Quotes and status ever loved it . Simple & easy to used.",
        "repliedAt": null,
        "replyContent": null,
        "reviewCreatedVersion": "1.0.9",
        "reviewId": "89a23d38-cb80-403d-bb16-efc3079a235e",
        "score": 5,
        "thumbsUpCount": 0,
        "userImage": "https://play-lh.googleusercontent.com/a/ACg8ocKrRXjY2H3QEwQC_lBW996UGNRpgMbPARdPQPHwik8=mo",
        "userName": "Anju grg"
    },
    {
        "appVersion": "1.0.9",
        "at": "2021-11-14 05:55:43",
        "content": "Awesome",
        "repliedAt": null,
        "replyContent": null,
        "reviewCreatedVersion": "1.0.9",
        "reviewId": "c965c4df-d9c3-4dee-9471-becddf332443",
        "score": 5,
        "thumbsUpCount": 0,
        "userImage": "https://play-lh.googleusercontent.com/a-/ALV-UjWGhijRiLGTRfjkHa51l_YWYpEpLt1g-eliX6eibcTjWA",
        "userName": "alex cerry"
    },
    {
        "appVersion": null,
        "at": "2021-11-14 04:26:25",
        "content": "Contain best quotes and status\ud83d\udc4c\ud83c\udffd",
        "repliedAt": null,
        "replyContent": null,
        "reviewCreatedVersion": null,
        "reviewId": "a325d176-d17a-4bcb-959d-8c21cd0a2449",
        "score": 5,
        "thumbsUpCount": 0,
        "userImage": "https://play-lh.googleusercontent.com/a/ACg8ocIHgc97o7e9I65GBQGbgqyLh0rrvCLxbOH81CPRjGDr=mo",
        "userName": "Rehana Kiyani"
    },
    {
        "appVersion": "1.0.9",
        "at": "2021-11-13 15:28:00",
        "content": "Quotes and status app is good . Super readable and love the content\ud83d\udc4c\ud83d\udc4d",
        "repliedAt": null,
        "replyContent": null,
        "reviewCreatedVersion": "1.0.9",
        "reviewId": "5312c7c0-ae21-4f7f-aadc-ed17e8f66622",
        "score": 5,
        "thumbsUpCount": 0,
        "userImage": "https://play-lh.googleusercontent.com/a/ACg8ocJo5RxydIDQszJqsoiFYtHIwxtKRPi6JAgHilaNU0Fk=mo",
        "userName": "Ishtiaq Khan"
    },
    {
        "appVersion": "1.0.9",
        "at": "2021-11-12 22:24:34",
        "content": "This is a very nice application.In a word, a wonderful application. You can download the application if you want.",
        "repliedAt": null,
        "replyContent": null,
        "reviewCreatedVersion": "1.0.9",
        "reviewId": "fd26b728-9c13-43ee-ac17-81abcc7ce208",
        "score": 5,
        "thumbsUpCount": 0,
        "userImage": "https://play-lh.googleusercontent.com/a/ACg8ocICGAreVGTaSTxRPWwNmfOY4CFLwXef98OqytPSaovjtw=mo",
        "userName": "Md Kawsar"
    },
    {
        "appVersion": null,
        "at": "2021-11-11 11:47:30",
        "content": "Excellent app having good user interface",
        "repliedAt": null,
        "replyContent": null,
        "reviewCreatedVersion": null,
        "reviewId": "9179e7c8-5b5c-461c-9bb4-5f5dc3502a77",
        "score": 5,
        "thumbsUpCount": 0,
        "userImage": "https://play-lh.googleusercontent.com/a/ACg8ocLppyn5Al4F44zM8cc28wXrj7_xP91sRKI0V2zaW1Se=mo",
        "userName": "Sunita Sharma"
    },
    {
        "appVersion": "1.0.9",
        "at": "2021-11-06 15:44:50",
        "content": "Good application available in playstore without any thoughts at all.",
        "repliedAt": null,
        "replyContent": null,
        "reviewCreatedVersion": "1.0.9",
        "reviewId": "8ccc5fc5-01e9-4b2a-86f1-9f38ba4776d9",
        "score": 5,
        "thumbsUpCount": 1,
        "userImage": "https://play-lh.googleusercontent.com/a/ACg8ocJ2UvSBpmbuccgKh2jEInD3HqDy18S4sP-qDpPUrkIl=mo",
        "userName": "avantika chkravorty"
    },
    {
        "appVersion": "1.0.9",
        "at": "2021-11-05 11:49:45",
        "content": "Good application!! Got many inspirational thoughts \u2764\ufe0f",
        "repliedAt": null,
        "replyContent": null,
        "reviewCreatedVersion": "1.0.9",
        "reviewId": "99d79a62-06d2-487b-9b69-76118ca09788",
        "score": 5,
        "thumbsUpCount": 0,
        "userImage": "https://play-lh.googleusercontent.com/a/ACg8ocKeDw_vqzd77G1Z5jLAyUDFRzVcAkdFs3lSsip5zODZ=mo",
        "userName": "Paragat"
    },
    {
        "appVersion": "1.0.9",
        "at": "2021-11-04 18:36:54",
        "content": "Quotes and status are brilliant",
        "repliedAt": null,
        "replyContent": null,
        "reviewCreatedVersion": "1.0.9",
        "reviewId": "9702be00-a1ed-4acf-a6fa-ade6067c76e6",
        "score": 5,
        "thumbsUpCount": 0,
        "userImage": "https://play-lh.googleusercontent.com/a/ACg8ocKxhfmlCTFZw8D7GvpsY7UXVtibzIS8-JXAkd6XU8Wz=mo",
        "userName": "Nimra Khan"
    },
    {
        "appVersion": "1.0.9",
        "at": "2021-11-04 17:00:09",
        "content": "Quotes are really very amazing. Definitely a thumbs up for this amazing app. I really like it.",
        "repliedAt": null,
        "replyContent": null,
        "reviewCreatedVersion": "1.0.9",
        "reviewId": "85655274-e2fd-431b-93ce-a9c4c0561c48",
        "score": 5,
        "thumbsUpCount": 1,
        "userImage": "https://play-lh.googleusercontent.com/a-/ALV-UjUqpXaCKsYTjWi3f6P3DoYNQXAmpZa3FxH3xcGBzktNEZR9",
        "userName": "Yatin Taneja"
    },
    {
        "appVersion": "1.0.9",
        "at": "2021-11-04 15:34:50",
        "content": "Its a good and helpful app for beautiful quotes...",
        "repliedAt": null,
        "replyContent": null,
        "reviewCreatedVersion": "1.0.9",
        "reviewId": "6cf6fa39-a167-49d2-bfea-b73603adab88",
        "score": 5,
        "thumbsUpCount": 0,
        "userImage": "https://play-lh.googleusercontent.com/a/ACg8ocI2SmB7XkaUHW1Hjths09fMYGyhNLLXuEtPK_SJ4Qlo=mo",
        "userName": "SizZling Mughal"
    },
    {
        "appVersion": "1.0.9",
        "at": "2021-11-03 12:20:37",
        "content": "Quotes and status app is good.",
        "repliedAt": null,
        "replyContent": null,
        "reviewCreatedVersion": "1.0.9",
        "reviewId": "853f9218-3db9-49dc-a736-5323eb81c7f6",
        "score": 5,
        "thumbsUpCount": 0,
        "userImage": "https://play-lh.googleusercontent.com/a-/ALV-UjUenvdG4s0MXXlFnUVniiVcwXGPzyvmBz7C57sAq9ijLg",
        "userName": "Hira Gurung"
    },
    {
        "appVersion": "1.0.9",
        "at": "2021-11-03 11:14:17",
        "content": "Quotes and statas is amazing app",
        "repliedAt": null,
        "replyContent": null,
        "reviewCreatedVersion": "1.0.9",
        "reviewId": "960f474e-cd95-455e-9062-2c6a20fa53b2",
        "score": 5,
        "thumbsUpCount": 0,
        "userImage": "https://play-lh.googleusercontent.com/a/ACg8ocJVplboR53iSA9XU3LoTRYasTDv_RL2QSw4G0F8YDYY=mo",
        "userName": "Saood Jamil"
    },
    {
        "appVersion": "1.0.9",
        "at": "2021-10-29 04:23:54",
        "content": "quotes and status is amazing app \u263a\ufe0f. Contains to many categories for quotes and status I love \ud83d\udc95 love quotes ,motivational quotes and funny quotes...",
        "repliedAt": null,
        "replyContent": null,
        "reviewCreatedVersion": "1.0.9",
        "reviewId": "d0a09c87-8b92-4d6c-9532-5dabda3b4c97",
        "score": 5,
        "thumbsUpCount": 1,
        "userImage": "https://play-lh.googleusercontent.com/a-/ALV-UjXJixcSSlmxX3ntXkvR7O3z_9h5ldI-ii5FqimNxNAkAfI",
        "userName": "ROCKY Khan"
    },
    {
        "appVersion": "1.0.6",
        "at": "2021-09-03 05:59:30",
        "content": "This app is the best app for best quotos and status",
        "repliedAt": null,
        "replyContent": null,
        "reviewCreatedVersion": "1.0.6",
        "reviewId": "a7e7f905-92b6-4625-8663-91d295c8f4bc",
        "score": 5,
        "thumbsUpCount": 0,
        "userImage": "https://play-lh.googleusercontent.com/a-/ALV-UjVXA-9ECuJXQi5YsW_tvWw2ZFKv9BVi3FZwPrUWr_uyTQ",
        "userName": "Irfan Ali"
    },
    {
        "appVersion": null,
        "at": "2021-06-05 04:46:13",
        "content": "Best Quotes and Status amazing app. Where you can get any type of Quote. Great UI easy to use. Very awesome all over the app highly recommended to all",
        "repliedAt": null,
        "replyContent": null,
        "reviewCreatedVersion": null,
        "reviewId": "93a3f6c1-2750-4f68-9a70-8ff9e9489607",
        "score": 5,
        "thumbsUpCount": 1,
        "userImage": "https://play-lh.googleusercontent.com/a/ACg8ocKATh21hz6XLf7xqoOHDMFMOwYETY9wj0ll8mg7lhdv=mo",
        "userName": "Amelia Stiffen"
    },
    {
        "appVersion": "1.0.0",
        "at": "2021-06-05 04:44:52",
        "content": "I like this app this app always motivated me thanks for making this app.",
        "repliedAt": null,
        "replyContent": null,
        "reviewCreatedVersion": "1.0.0",
        "reviewId": "951b84fe-c895-42d0-8665-6fee4827bc21",
        "score": 5,
        "thumbsUpCount": 0,
        "userImage": "https://play-lh.googleusercontent.com/a-/ALV-UjWpK38W3_wLA3FuXhfA303wH6uLzQ7mxdgrZGfBB5FZPg",
        "userName": "Phad Krishna"
    },
    {
        "appVersion": "1.0.0",
        "at": "2021-06-05 04:31:40",
        "content": "Best Quotes and Status Application is really powerful tremendous and an excellent app. It's very helpful and useful.",
        "repliedAt": null,
        "replyContent": null,
        "reviewCreatedVersion": "1.0.0",
        "reviewId": "13329d27-6526-4ed0-a14a-dfaf8cc180cd",
        "score": 5,
        "thumbsUpCount": 1,
        "userImage": "https://play-lh.googleusercontent.com/a/ACg8ocL5cHuO_8oEJbfFBCzDDs3bnlBI_Ci7oipQFEvGT5e6=mo",
        "userName": "Alex Hales 19"
    },
    {
        "appVersion": "1.0.0",
        "at": "2021-06-04 12:17:34",
        "content": "Best quotes and status is amazing app. Highly recommend to everyone",
        "repliedAt": null,
        "replyContent": null,
        "reviewCreatedVersion": "1.0.0",
        "reviewId": "19b15589-a700-4901-b084-e2213a414f61",
        "score": 5,
        "thumbsUpCount": 0,
        "userImage": "https://play-lh.googleusercontent.com/a/ACg8ocLxD9drwsJ7B41qXCnnVYnYLyETwldFyCrsCT8NtdB3=mo",
        "userName": "vijay kumar"
    },
    {
        "appVersion": null,
        "at": "2021-06-04 08:19:21",
        "content": "Best quotes and status is such an amazing app on playstore regarding quotes and status.this app has bundles of quotes of real life lagends.like this app",
        "repliedAt": null,
        "replyContent": null,
        "reviewCreatedVersion": null,
        "reviewId": "78cfd680-96a7-4584-b30c-554b5edb9fc0",
        "score": 5,
        "thumbsUpCount": 0,
        "userImage": "https://play-lh.googleusercontent.com/a/ACg8ocIUHlge6Uj8C9vaP5WD44bjSskUNAVtoxUH6OfnKSbq=mo",
        "userName": "Arfa Zaman"
    },
    {
        "appVersion": "1.0.0",
        "at": "2021-06-04 07:56:58",
        "content": "Best quotes and status motivational quotes is amazing it is very helpful in tough time and I will recommend to all my friends to use it",
        "repliedAt": null,
        "replyContent": null,
        "reviewCreatedVersion": "1.0.0",
        "reviewId": "e5da0751-d8ce-483b-9051-61f2bccb75e3",
        "score": 5,
        "thumbsUpCount": 0,
        "userImage": "https://play-lh.googleusercontent.com/a/ACg8ocIPDbF85_x8Ah0YCtGuYJw9zyx7zmvg-L7hUkwfMxkf=mo",
        "userName": "Pankaj Kumar"
    },
    {
        "appVersion": "1.0.0",
        "at": "2021-06-03 09:11:53",
        "content": "Best quotes and status is very stunning app on playstore.this app is very usefull for getting real hero's quotes.love this app",
        "repliedAt": null,
        "replyContent": null,
        "reviewCreatedVersion": "1.0.0",
        "reviewId": "1e30d015-c7e1-45f2-bb36-17cd6c56823a",
        "score": 5,
        "thumbsUpCount": 0,
        "userImage": "https://play-lh.googleusercontent.com/a/ACg8ocLifr237BeWmLASnbsOUB4qL39k1PtO6oXVyBxKX29w=mo",
        "userName": "Kami Malik"
    },
    {
        "appVersion": "1.0.0",
        "at": "2021-06-03 09:10:40",
        "content": "Best quotes and status is very good app.this app has huge collection of lagend's quotes.app is very easy to use.like this app",
        "repliedAt": null,
        "replyContent": null,
        "reviewCreatedVersion": "1.0.0",
        "reviewId": "42d06c93-5719-435b-98de-5e5daf68b82c",
        "score": 5,
        "thumbsUpCount": 0,
        "userImage": "https://play-lh.googleusercontent.com/a/ACg8ocIylaWyzNS7Ny6CRX69Zk0gVeBJpMeOTyiazgI71CUu=mo",
        "userName": "Hussnain Mughal"
    },
    {
        "appVersion": null,
        "at": "2021-06-02 13:08:10",
        "content": "Quotes and status and motivational quotes is really best app. All features are perfect",
        "repliedAt": null,
        "replyContent": null,
        "reviewCreatedVersion": null,
        "reviewId": "19ff425b-e637-4d50-aae9-4d0cac8397a2",
        "score": 5,
        "thumbsUpCount": 0,
        "userImage": "https://play-lh.googleusercontent.com/a-/ALV-UjUC784b3lZhg3HlUVO0KzQ4fCZb9exve-5K9VO9j-Pg7Q",
        "userName": "Md Arif Hossen"
    },
    {
        "appVersion": null,
        "at": "2021-06-02 12:33:56",
        "content": "I used ur app and send u ss as well.even I left review in english on your app.but when u send ur text then I have changed review.",
        "repliedAt": null,
        "replyContent": null,
        "reviewCreatedVersion": null,
        "reviewId": "15738945-4072-4f5b-bf6a-d728986dcad8",
        "score": 5,
        "thumbsUpCount": 0,
        "userImage": "https://play-lh.googleusercontent.com/a-/ALV-UjUTAQMc5y9Ern840_vhyctjELCkkICMxKl1KfXrvQNrrw",
        "userName": "Mary Jhon"
    },
    {
        "appVersion": "1.0.0",
        "at": "2021-06-02 05:59:02",
        "content": "Motivational quotes is interesting application, which can make my day! I recommend this, nice design and simple to use.",
        "repliedAt": null,
        "replyContent": null,
        "reviewCreatedVersion": "1.0.0",
        "reviewId": "49778e93-a7e0-4ea9-8116-461584bc04ae",
        "score": 5,
        "thumbsUpCount": 1,
        "userImage": "https://play-lh.googleusercontent.com/a-/ALV-UjV12GR6ysqobzQGg4tETjHLU0lnw0WCbDZb8_U7i-8HDA",
        "userName": "Alexey Demennikov"
    },
    {
        "appVersion": "1.0.0",
        "at": "2021-06-02 05:42:47",
        "content": "Best qoutes and status app is really fantastic app app.This app provide lots of categories of quotes. My favourite quotes is Motivational quotes. I really like this app",
        "repliedAt": null,
        "replyContent": null,
        "reviewCreatedVersion": "1.0.0",
        "reviewId": "8e026776-2391-4acb-ba89-b0d7b959f7ec",
        "score": 5,
        "thumbsUpCount": 0,
        "userImage": "https://play-lh.googleusercontent.com/a-/ALV-UjUlDC1JkzrnGNyENCkIZCZcPTAV_iAOx6QVYecaktI-",
        "userName": "Abby Guha"
    },
    {
        "appVersion": "1.0.0",
        "at": "2021-05-25 22:05:46",
        "content": "Quotes and status are the really best and fantastic app. In this app lots of categories for quotes and status for everyone.",
        "repliedAt": null,
        "replyContent": null,
        "reviewCreatedVersion": "1.0.0",
        "reviewId": "00f4bf6b-2b3a-4aa7-906d-7919f6d0ab84",
        "score": 5,
        "thumbsUpCount": 0,
        "userImage": "https://play-lh.googleusercontent.com/a-/ALV-UjXz39oHNwz1SswGrq5FKfm-NHDB9DaNTp0fbn-4jUgd79nq",
        "userName": "Salman Ahmad"
    },
    {
        "appVersion": "1.0.0",
        "at": "2021-05-25 16:06:50",
        "content": "Quotes and Motivational quotes are very impressive app. I really like these types of app which convey a Beautiful message. Really appreciated this app",
        "repliedAt": null,
        "replyContent": null,
        "reviewCreatedVersion": "1.0.0",
        "reviewId": "099fd566-3205-44f5-a7ac-7d274ea35339",
        "score": 5,
        "thumbsUpCount": 0,
        "userImage": "https://play-lh.googleusercontent.com/a/ACg8ocLjBWtIxQZswMjZOyCPQlgCB31-qno5sjiszknRCEBr=mo",
        "userName": "Ramamoorthy R"
    },
    {
        "appVersion": null,
        "at": "2021-05-24 11:16:11",
        "content": "This \"Quotes - Motivational Quotes\" app is very good because varieties of quotes are given for you to chose as a wallpaper and this motivational wallpapers motivates me and my dedication to work.Please download it and get motivated.",
        "repliedAt": null,
        "replyContent": null,
        "reviewCreatedVersion": null,
        "reviewId": "1bbba449-5585-4852-8301-51d97a492096",
        "score": 5,
        "thumbsUpCount": 5,
        "userImage": "https://play-lh.googleusercontent.com/a-/ALV-UjW0E1-tqMNy7WcrcbJgXvUuLiJ4piL5p-gRxrsdMKLpAAo",
        "userName": "Jan Ohlsson"
    },
    {
        "appVersion": "1.0.0",
        "at": "2021-05-24 09:01:11",
        "content": "Quotes ... Motivational quotes is really amazing app ... U can find lots of quotes in it ...",
        "repliedAt": null,
        "replyContent": null,
        "reviewCreatedVersion": "1.0.0",
        "reviewId": "220f44de-7b68-4547-bf4b-7193dc3a508e",
        "score": 5,
        "thumbsUpCount": 0,
        "userImage": "https://play-lh.googleusercontent.com/a/ACg8ocLYckeeWnCgAkG8H5Z10xDVQfplKMA2jqvu6fgTNXLO=mo",
        "userName": "Saima Sherazi"
    },
    {
        "appVersion": "1.0.0",
        "at": "2021-05-24 07:52:24",
        "content": "Quotes and Motivational quotes is the brilliant app. This app is so cool and useful. You can enjoy to read your favourite writers quotes from this app",
        "repliedAt": null,
        "replyContent": null,
        "reviewCreatedVersion": "1.0.0",
        "reviewId": "94e6dddc-0a89-4f10-aec5-de5f9f44e391",
        "score": 5,
        "thumbsUpCount": 1,
        "userImage": "https://play-lh.googleusercontent.com/a-/ALV-UjUD1hR35_dberNSVlS1qssBg_u3a7xZJg0w9Il4vuDiHuQ",
        "userName": "Madhan Raj"
    },
    {
        "appVersion": "1.0.0",
        "at": "2021-05-24 07:42:15",
        "content": "Its really amazing app. You can find all type of quotes & status by this app. Appreciate the effort of creator.",
        "repliedAt": null,
        "replyContent": null,
        "reviewCreatedVersion": "1.0.0",
        "reviewId": "17610771-359c-4a58-8ab9-8b0dc4cc4d70",
        "score": 5,
        "thumbsUpCount": 0,
        "userImage": "https://play-lh.googleusercontent.com/a/ACg8ocIISbqbCqEz0QTzTaBBUVpRlxcYX51izEYsbIJbkZTn=mo",
        "userName": "Abhiram Bchan"
    },
    {
        "appVersion": null,
        "at": "2021-05-23 04:51:40",
        "content": "Quotes and status are the fantastic app. I really like and enjoy this app a lot. Thanks developer for making such a nice app",
        "repliedAt": null,
        "replyContent": null,
        "reviewCreatedVersion": null,
        "reviewId": "3d1a0b23-1cae-4b40-86ae-f0700a14e752",
        "score": 5,
        "thumbsUpCount": 0,
        "userImage": "https://play-lh.googleusercontent.com/a-/ALV-UjVpRGg-Yjr-fvqCz_BLabrUwl8kr4rJd40_mAuzNKNBGg",
        "userName": "Max Stunner"
    },
    {
        "appVersion": "1.0.0",
        "at": "2021-05-21 09:06:47",
        "content": "Quotes and status are the nice app. I really enjoy this app because this app provide me all my favourite quotes like Motivational quotes and others.",
        "repliedAt": null,
        "replyContent": null,
        "reviewCreatedVersion": "1.0.0",
        "reviewId": "d3a5155f-fc21-49bb-ad46-6b36fa8601f5",
        "score": 5,
        "thumbsUpCount": 0,
        "userImage": "https://play-lh.googleusercontent.com/a/ACg8ocITbMOzEj2aRSLZgJ3FrYbq_RkZh6c5ijuQEwklexdH=mo",
        "userName": "lisa jay"
    },
    {
        "appVersion": null,
        "at": "2021-05-20 16:02:22",
        "content": "Quotes and status is very nice and amazing app. It's really good and awesome app for quotes lovers because here you find different categories of your favourite quotes",
        "repliedAt": null,
        "replyContent": null,
        "reviewCreatedVersion": null,
        "reviewId": "469504b3-3da3-40ab-91dc-fa885d9f9d15",
        "score": 5,
        "thumbsUpCount": 0,
        "userImage": "https://play-lh.googleusercontent.com/a/ACg8ocIEgYVPagthPqCePn01tn8GtC4JU3j3sgT8bzZXlPNA=mo",
        "userName": "Aman hore"
    },
    {
        "appVersion": "1.0.0",
        "at": "2021-05-20 10:07:21",
        "content": "Motivational quotes are awesome, interface of this app is easy to use and lovely Quotes and status are good and shareable to your friends.",
        "repliedAt": null,
        "replyContent": null,
        "reviewCreatedVersion": "1.0.0",
        "reviewId": "a8081f50-7404-404d-89db-0385f9e63b7d",
        "score": 5,
        "thumbsUpCount": 4,
        "userImage": "https://play-lh.googleusercontent.com/a/ACg8ocKFLBKoY_b9J1svdP_VYVPp2lGw3058GAfydh4O1ZAx=mo",
        "userName": "Mosa Laka"
    },
    {
        "appVersion": "1.0.0",
        "at": "2021-05-20 08:59:25",
        "content": "Motivational quotes and status, Nice and recommend it. So happy when using it, Lovely, thanks you very much",
        "repliedAt": null,
        "replyContent": null,
        "reviewCreatedVersion": "1.0.0",
        "reviewId": "dc942224-9148-47c3-8da9-68e82ffb373b",
        "score": 5,
        "thumbsUpCount": 1,
        "userImage": "https://play-lh.googleusercontent.com/a-/ALV-UjVJI-EJYBonNIZ_0hL108VrVo2T2EVnWfy_I_JgJo3uVNo",
        "userName": "B\u1eafc Tr\u1ea7n"
    },
    {
        "appVersion": "1.0.0",
        "at": "2021-05-19 10:41:59",
        "content": "Motivational quotes is such an amazing app.this app has massive collection of stunning quotes of real lagends.realy like this app and strongly recommend.",
        "repliedAt": null,
        "replyContent": null,
        "reviewCreatedVersion": "1.0.0",
        "reviewId": "ae08268d-e028-4a94-b41e-ec4bff3bedf9",
        "score": 5,
        "thumbsUpCount": 0,
        "userImage": "https://play-lh.googleusercontent.com/a/ACg8ocKQfIIFdVFyUH6-R5-oeHKi3F1aJlEAFBqHyHk1dBay=mo",
        "userName": "Jhon Smith"
    },
    {
        "appVersion": "1.0.0",
        "at": "2021-05-19 09:55:13",
        "content": "Quotes and status is good app. Motivational quotes is my favourite in this app. I like this app so much",
        "repliedAt": null,
        "replyContent": null,
        "reviewCreatedVersion": "1.0.0",
        "reviewId": "9c9efa2b-f31c-4834-ad1f-99a2d73f7d77",
        "score": 5,
        "thumbsUpCount": 0,
        "userImage": "https://play-lh.googleusercontent.com/a/ACg8ocJVxGExAkxEkFUfZ2jNtGQjh4Cp3F2c0clBkWwck4lv=mo",
        "userName": "RAJAT GUPTA"
    },
    {
        "appVersion": "1.0.0",
        "at": "2021-05-19 09:38:47",
        "content": "Qhotes and status is my favorite quotes app. It's really nice and awesome app for different categories quotes. Really enjoy to read different writers quotes.",
        "repliedAt": null,
        "replyContent": null,
        "reviewCreatedVersion": "1.0.0",
        "reviewId": "836f8488-87be-4c6f-b124-f529efff926b",
        "score": 5,
        "thumbsUpCount": 3,
        "userImage": "https://play-lh.googleusercontent.com/a-/ALV-UjUQnZgJAEle_fvE7tEAoNp5ovNB4GX2jdMQXyOczaimwZI",
        "userName": "Adil Sardar"
    },
    {
        "appVersion": null,
        "at": "2021-05-19 09:06:01",
        "content": "Quotes and Motivational quotes is an amazing app. You can find here a large collection of your favourite quotes. Recommended to download this app and enjoy",
        "repliedAt": null,
        "replyContent": null,
        "reviewCreatedVersion": null,
        "reviewId": "f1205ac7-7134-4057-bff0-1fe54c1e3d92",
        "score": 5,
        "thumbsUpCount": 1,
        "userImage": "https://play-lh.googleusercontent.com/a/ACg8ocIgsHGzAcot9dlvvzUv33un2ihZ1Yt2ZJ1qwP6YKqig=mo",
        "userName": "Raj Sharma"
    },
    {
        "appVersion": "1.0.0",
        "at": "2021-05-19 08:48:29",
        "content": "This Quotes app is amazing, best Motivational quotes . Quotes and status collections is good.",
        "repliedAt": null,
        "replyContent": null,
        "reviewCreatedVersion": "1.0.0",
        "reviewId": "da8e52e5-81c4-4f31-a9ed-ddd215edd53d",
        "score": 5,
        "thumbsUpCount": 1,
        "userImage": "https://play-lh.googleusercontent.com/a/ACg8ocLNYCc73fwn0HOt3Dxg2C227Ka-kgvd1C-qCBXCVJXs=mo",
        "userName": "Himesh sharma"
    },
    {
        "appVersion": "1.0.0",
        "at": "2021-05-19 08:26:46",
        "content": "Quotes and status is the best app. I really enjoy this app because in this app I have a different categories of my favourite quotes and also status. I like this app and recommended to download this lovely app.",
        "repliedAt": null,
        "replyContent": null,
        "reviewCreatedVersion": "1.0.0",
        "reviewId": "77e8eac4-053c-40ca-9ea8-52e97b549831",
        "score": 5,
        "thumbsUpCount": 0,
        "userImage": "https://play-lh.googleusercontent.com/a/ACg8ocKsj8eTYcbCzdj1KFDxW3WALYdak6jdvHJjJk5qoAJM=mo",
        "userName": "Selena Carter"
    },
    {
        "appVersion": "1.0.0",
        "at": "2021-05-19 01:28:01",
        "content": "Quotes and status ia a nice app. In this app we have a lots of our favourite categories of quotes. My favourite quotes is Motivational quotes. I really like this app",
        "repliedAt": null,
        "replyContent": null,
        "reviewCreatedVersion": "1.0.0",
        "reviewId": "99ed843a-3a16-4680-b9c3-e89555a92968",
        "score": 5,
        "thumbsUpCount": 0,
        "userImage": "https://play-lh.googleusercontent.com/a-/ALV-UjVuV44ONbuvws3aIS7aeDb5S7r4GfQWvDyVsw17H5QGF-Y",
        "userName": "Basit Ali"
    },
    {
        "appVersion": "1.0.0",
        "at": "2021-05-18 23:16:05",
        "content": "A great idea to start a new day with motivational quotes. So many topics here and I like it\ud83d\udc4d",
        "repliedAt": null,
        "replyContent": null,
        "reviewCreatedVersion": "1.0.0",
        "reviewId": "e9edfe95-74e4-4eca-8cbe-399047f02291",
        "score": 5,
        "thumbsUpCount": 0,
        "userImage": "https://play-lh.googleusercontent.com/a/ACg8ocL9YklUVe64Co6R_MWLdDS3uTqbH9KnZ3sCYmx7pl2h=mo",
        "userName": "maxmany steve"
    },
    {
        "appVersion": "1.0.0",
        "at": "2021-05-18 15:58:36",
        "content": "Quotes and status is one of the best app I ever used in my entire life highly recommended app",
        "repliedAt": null,
        "replyContent": null,
        "reviewCreatedVersion": "1.0.0",
        "reviewId": "4986a956-4955-4113-bd3c-fdd0cc6cc253",
        "score": 5,
        "thumbsUpCount": 0,
        "userImage": "https://play-lh.googleusercontent.com/a/ACg8ocKNnJ0NGJJJ64j7kb961IZ5-uCi6WFGndeNple8OPwZ=mo",
        "userName": "Faizan Zaheer"
    },
    {
        "appVersion": "1.0.0",
        "at": "2021-05-17 17:09:14",
        "content": "When remove item from favourite app crash and close",
        "repliedAt": null,
        "replyContent": null,
        "reviewCreatedVersion": "1.0.0",
        "reviewId": "33a1e4d2-4a86-4f30-917a-524aaeabc8b9",
        "score": 1,
        "thumbsUpCount": 1,
        "userImage": "https://play-lh.googleusercontent.com/a-/ALV-UjWmFeDacDi_I5czjDvoFO4bDKjqxS3mo6ZfkvODu9MPJLQ",
        "userName": "Sabuj Mahmud"
    },
    {
        "appVersion": "1.0.0",
        "at": "2021-05-17 10:38:59",
        "content": "Qoutes and motivational app is the awesome collection of inspiring qoutes. I like this app because this app have a lots of categories. Recommended to download this app",
        "repliedAt": null,
        "replyContent": null,
        "reviewCreatedVersion": "1.0.0",
        "reviewId": "bdfc0b86-d271-44e8-9f9f-7bc172ddb058",
        "score": 5,
        "thumbsUpCount": 0,
        "userImage": "https://play-lh.googleusercontent.com/a/ACg8ocLzQU93uDXSuaDqk4skhnfNwTOgvP9iW4mES3rce6PG=mo",
        "userName": "Rajan Pandey"
    },
    {
        "appVersion": null,
        "at": "2021-05-17 07:44:17",
        "content": "Great application for motivational status and quotes.",
        "repliedAt": null,
        "replyContent": null,
        "reviewCreatedVersion": null,
        "reviewId": "9ea3e8bc-23dd-482f-b423-c1894af6107b",
        "score": 5,
        "thumbsUpCount": 0,
        "userImage": "https://play-lh.googleusercontent.com/a-/ALV-UjVqUKieVwqhmrYlRZnZ-KQVBAROkm772yBVcKI6rIZuiQ",
        "userName": "Rahul Arora"
    },
    {
        "appVersion": "1.0.0",
        "at": "2021-05-17 05:06:31",
        "content": "Quotes and status is very interesting app. I really enjoy this app with my favourite motivational quotes. Recommended to download this app",
        "repliedAt": null,
        "replyContent": null,
        "reviewCreatedVersion": "1.0.0",
        "reviewId": "6bb1ac44-4b01-43d8-8072-b5405c9dab26",
        "score": 5,
        "thumbsUpCount": 0,
        "userImage": "https://play-lh.googleusercontent.com/a/ACg8ocLUEjkvAbLoLLE59Ofh_ADm7gru-avl1MkATvqKKhAF=mo",
        "userName": "patrika savage"
    },
    {
        "appVersion": "1.0.0",
        "at": "2021-05-16 07:19:11",
        "content": "Quotes application is awesome app and motivation is really outstanding",
        "repliedAt": null,
        "replyContent": null,
        "reviewCreatedVersion": "1.0.0",
        "reviewId": "13189460-0405-4af7-a98c-1ded178a486b",
        "score": 5,
        "thumbsUpCount": 0,
        "userImage": "https://play-lh.googleusercontent.com/a/ACg8ocLsLzAxQkRJaL_Cx0459n6oSjrkYF6BSkWENZWlvUN0=mo",
        "userName": "Hassan Alee"
    },
    {
        "appVersion": "1.0.0",
        "at": "2021-05-15 16:15:47",
        "content": "Wow It's good I am happy to use Quotes and States app",
        "repliedAt": null,
        "replyContent": null,
        "reviewCreatedVersion": "1.0.0",
        "reviewId": "faa213bf-f05c-4576-83d5-81ecd738c96d",
        "score": 5,
        "thumbsUpCount": 0,
        "userImage": "https://play-lh.googleusercontent.com/a/ACg8ocLYhEPD3pmZrFiNXMiANDUGlVhdhSHNXJnVD3g_Bv3k=mo",
        "userName": "Sakhawat Ali Ali"
    },
    {
        "appVersion": "1.0.0",
        "at": "2021-05-15 16:14:27",
        "content": "It's really good app I am very happy to use this app Quotes and states",
        "repliedAt": null,
        "replyContent": null,
        "reviewCreatedVersion": "1.0.0",
        "reviewId": "af7971d1-a601-4202-92de-2a6b4c1e58b8",
        "score": 5,
        "thumbsUpCount": 0,
        "userImage": "https://play-lh.googleusercontent.com/a/ACg8ocKP5MR5f89Wy4uo5fHZQVqqMfpwl549v8xqAHrPC6YE=mo",
        "userName": "M Naeem JAVEED"
    },
    {
        "appVersion": "1.0.0",
        "at": "2021-05-15 16:12:58",
        "content": "Its realy good. Motivational quotes and status I am rating this 10/10",
        "repliedAt": null,
        "replyContent": null,
        "reviewCreatedVersion": "1.0.0",
        "reviewId": "66c5b803-3b51-4c09-9470-d012bf35f152",
        "score": 5,
        "thumbsUpCount": 0,
        "userImage": "https://play-lh.googleusercontent.com/a-/ALV-UjXFVy1JkFl450Mq1_Snlo79BsNhz-E9MpePVKZgLTs0DJQ",
        "userName": "Bright Stars School & College (Bright Stars)"
    },
    {
        "appVersion": "1.0.0",
        "at": "2021-05-15 04:39:44",
        "content": "Huge collection of quotes of all categories ...... This app has awesome quotes ...",
        "repliedAt": null,
        "replyContent": null,
        "reviewCreatedVersion": "1.0.0",
        "reviewId": "d14d4601-4d0a-4f75-83c6-a1ba9e7825fc",
        "score": 5,
        "thumbsUpCount": 0,
        "userImage": "https://play-lh.googleusercontent.com/a/ACg8ocIKtPem-yMUQaR3pmgqcvZfMEp-vy98awBhBLs6Ip2G=mo",
        "userName": "Rahul Sharma"
    },
    {
        "appVersion": "1.0.0",
        "at": "2021-05-14 14:08:11",
        "content": "Quotes and status app has a huge collection of quotes for different Categories .",
        "repliedAt": null,
        "replyContent": null,
        "reviewCreatedVersion": "1.0.0",
        "reviewId": "9be388c3-c6fc-417b-822f-c57d4356035e",
        "score": 5,
        "thumbsUpCount": 0,
        "userImage": "https://play-lh.googleusercontent.com/a-/ALV-UjVLqm851lm-cx_yUv5uQV01NPvhp-Ms5lFlE2RciOowhA",
        "userName": "prince sharma"
    },
    {
        "appVersion": "1.0.0",
        "at": "2021-05-14 13:44:38",
        "content": "Qoutes and motivational qoutesare the best app .In this app you have a lots of categories of different types of qoutes.nice app.l like it so much",
        "repliedAt": null,
        "replyContent": null,
        "reviewCreatedVersion": "1.0.0",
        "reviewId": "32157a30-dfc2-45d6-91d4-8e9a78f25c88",
        "score": 5,
        "thumbsUpCount": 0,
        "userImage": "https://play-lh.googleusercontent.com/a/ACg8ocJn7ZjgqO48l1xUFKBLEfAkp0aFEZDoMJg6qjEvNtQc=mo",
        "userName": "uzair Kiyani"
    },
    {
        "appVersion": null,
        "at": "2021-05-14 12:47:45",
        "content": "Motivational Quotes best aap. Very nice collection of heart touching lines. Recommended you guys \ud83d\udc93",
        "repliedAt": null,
        "replyContent": null,
        "reviewCreatedVersion": null,
        "reviewId": "e22096e9-5dde-4f2d-8742-db78fca60304",
        "score": 5,
        "thumbsUpCount": 0,
        "userImage": "https://play-lh.googleusercontent.com/a/ACg8ocLHl5I0uE7Vz7PJstW0mN-rX2duiMxU4uMaRE7xnSIn=mo",
        "userName": "Miss Nirmal"
    },
    {
        "appVersion": "1.0.0",
        "at": "2021-05-13 11:10:30",
        "content": "Qoutes and motivational qoutes are the fantastic app. You can find alots of categories from this app. I like it so much",
        "repliedAt": null,
        "replyContent": null,
        "reviewCreatedVersion": "1.0.0",
        "reviewId": "c5068c37-e60c-4961-9376-baee05c03eb2",
        "score": 5,
        "thumbsUpCount": 0,
        "userImage": "https://play-lh.googleusercontent.com/a/ACg8ocLvibG0Ouj66I14ziS3sMwR4GZx6JF3TNgRknGo-pnl=mo",
        "userName": "Neha Gupta"
    },
    {
        "appVersion": null,
        "at": "2021-05-11 08:01:35",
        "content": "Superb Quotes easy to share in social media loved it with motivational quotes",
        "repliedAt": null,
        "replyContent": null,
        "reviewCreatedVersion": null,
        "reviewId": "7694d549-7911-4d94-9aae-693065b43acc",
        "score": 5,
        "thumbsUpCount": 0,
        "userImage": "https://play-lh.googleusercontent.com/a/ACg8ocIDUh3T8J_zvRajXtZxZkQSvWmhCFDq1f0Nq2vN8eQW=mo",
        "userName": "Angel deekshitha"
    },
    {
        "appVersion": "1.0.0",
        "at": "2021-05-10 15:25:04",
        "content": "very impressive quotes and very motivational too..like this app",
        "repliedAt": null,
        "replyContent": null,
        "reviewCreatedVersion": "1.0.0",
        "reviewId": "e542f0d1-2ff1-4430-b9c0-4c6eaed2f705",
        "score": 5,
        "thumbsUpCount": 0,
        "userImage": "https://play-lh.googleusercontent.com/a-/ALV-UjXiLDWb0snTTCvHWIKbrNCwC-ksfNwHmpovfRKPan-AHaw",
        "userName": "Muhammad Akasha"
    },
    {
        "appVersion": "1.0.0",
        "at": "2021-05-10 03:41:13",
        "content": "Best app for motivational quotes, various status and multiple quotes are available. \ud83d\udc4d\ud83d\udc4d\ud83d\udc4d\ud83d\ude4f Recommended.",
        "repliedAt": null,
        "replyContent": null,
        "reviewCreatedVersion": "1.0.0",
        "reviewId": "7b49e009-b0aa-4625-a399-16bda475d6a7",
        "score": 5,
        "thumbsUpCount": 1,
        "userImage": "https://play-lh.googleusercontent.com/a-/ALV-UjUOLf8g6q5cn3SZ4HlIEf5elp7U05HRzwP89zrOySBoE3o",
        "userName": "Ranjan Kumar"
    },
    {
        "appVersion": "1.0.0",
        "at": "2021-05-10 03:22:37",
        "content": "Qoutes and motivational qoutes are very interesting app.in this app you have a different categories of quotes. I like it so much. Recommended to download this app",
        "repliedAt": null,
        "replyContent": null,
        "reviewCreatedVersion": "1.0.0",
        "reviewId": "4c324ed0-d789-470e-a51a-4e1938223bd6",
        "score": 5,
        "thumbsUpCount": 0,
        "userImage": "https://play-lh.googleusercontent.com/a/ACg8ocIK0YfQl7L18QgqUrVpAfw3dNpgyPZTDDlFPgRKeVak=mo",
        "userName": "Rinky Negi"
    },
    {
        "appVersion": "1.0.0",
        "at": "2021-05-10 02:23:52",
        "content": "This is very nice and useful app. Here i find many good status and i like them. Really very nice quotes app.",
        "repliedAt": null,
        "replyContent": null,
        "reviewCreatedVersion": "1.0.0",
        "reviewId": "4369b5b7-9e16-4ab6-853c-6a4f055246ab",
        "score": 5,
        "thumbsUpCount": 0,
        "userImage": "https://play-lh.googleusercontent.com/a/ACg8ocIcwMV-lAh39eu_sMyQdpm1SdA4f9SCxRAV_mFzloBs=mo",
        "userName": "Lorena William"
    },
    {
        "appVersion": null,
        "at": "2021-05-09 10:22:11",
        "content": "This app is very useful for students.",
        "repliedAt": null,
        "replyContent": null,
        "reviewCreatedVersion": null,
        "reviewId": "e36e8ebd-a6b5-4bfc-9e5d-ab157ac5f73a",
        "score": 5,
        "thumbsUpCount": 0,
        "userImage": "https://play-lh.googleusercontent.com/a-/ALV-UjWyC7_ywgwrDc8p4Jur7YGqBpC9_qHCllgp2hppCFhDxw",
        "userName": "Elisa Williams"
    },
    {
        "appVersion": "1.0.0",
        "at": "2021-05-09 06:57:47",
        "content": "Quotes and Motivational app is brilliant app easy to use and it's adds a lot of knowledge who use these apps.",
        "repliedAt": null,
        "replyContent": null,
        "reviewCreatedVersion": "1.0.0",
        "reviewId": "74acf7ba-9073-4086-ba74-3cac47e3f434",
        "score": 5,
        "thumbsUpCount": 0,
        "userImage": "https://play-lh.googleusercontent.com/a/ACg8ocJnVRngG_66h9kiS7QXGc_xAGPbutz6sV7sDu8WUYLy=mo",
        "userName": "Awais Mukhtar"
    },
    {
        "appVersion": "1.0.0",
        "at": "2021-05-07 08:54:28",
        "content": "Movitational qoutes ia an excellent product of the developed. I really like this application. now i have a great collection of qoutes.",
        "repliedAt": null,
        "replyContent": null,
        "reviewCreatedVersion": "1.0.0",
        "reviewId": "1a2fdbe4-a110-46a8-a8d9-0de1b20d7359",
        "score": 5,
        "thumbsUpCount": 0,
        "userImage": "https://play-lh.googleusercontent.com/a/ACg8ocIMIeOF_H_eQ8yoS4iuZUJGj_RpUs6vyLzM9qF2Yhzl=mo",
        "userName": "Shahid Masoon"
    },
    {
        "appVersion": null,
        "at": "2021-05-06 14:17:56",
        "content": "Quotes: Motivational Quotes, Quotes and Status for whatsapp, insta, twitter and much more ... Highly recommended very nice app... Cool design and User interface... Great work by the developer.... I like this app very much \ud83d\ude0d",
        "repliedAt": null,
        "replyContent": null,
        "reviewCreatedVersion": null,
        "reviewId": "be60c769-c90b-4215-895c-e8d90b24e7ff",
        "score": 5,
        "thumbsUpCount": 1,
        "userImage": "https://play-lh.googleusercontent.com/a/ACg8ocIYEwPuySky7QiT24kl1ih9xDq9Kbp2H4QDb0CqVj9K=mo",
        "userName": "Ahsiii Riaz"
    },
    {
        "appVersion": "1.0.0",
        "at": "2021-05-04 20:26:00",
        "content": "Quotes and motivational quotes is very enjoyable app I really like it all categories have large collection of quotes unbelievable non stop and its offline quotes I like the most friendship quotes and love quotes I recommended to all of you",
        "repliedAt": null,
        "replyContent": null,
        "reviewCreatedVersion": "1.0.0",
        "reviewId": "b6bfd71b-0b7e-40de-9688-c3330941b728",
        "score": 5,
        "thumbsUpCount": 0,
        "userImage": "https://play-lh.googleusercontent.com/a-/ALV-UjUm6SS8lcctYbcrakwiFzB3tqCqtuCgOmhAXCOs3c0E07I",
        "userName": "sidiali maghchiche"
    },
    {
        "appVersion": "1.0.0",
        "at": "2021-05-03 20:21:04",
        "content": "Quotes and status is best app for quotes. I really like motivational quotes and this app have alot of categories and quotes of famous people it's really amazing app I really like it and I recommended this quotes app to all of you",
        "repliedAt": null,
        "replyContent": null,
        "reviewCreatedVersion": "1.0.0",
        "reviewId": "b6ecc3bb-83e3-4367-8f5f-925a8162c19c",
        "score": 5,
        "thumbsUpCount": 0,
        "userImage": "https://play-lh.googleusercontent.com/a/ACg8ocLsnQVE2BMn6QlRgjH1IH0MH0GQyRBIritLcTstE8vr=mo",
        "userName": "Zobab Qurashi"
    },
    {
        "appVersion": "1.0.0",
        "at": "2021-04-18 21:16:07",
        "content": "Quotes and status is very amazing app it's really stunning quoted of famous peoples and have large collection of motivational quotes and other so many categories of quotes I really like it and I recommended this quotes app to all of you",
        "repliedAt": null,
        "replyContent": null,
        "reviewCreatedVersion": "1.0.0",
        "reviewId": "5ee42f24-983b-4282-870d-ca3868a805f3",
        "score": 5,
        "thumbsUpCount": 0,
        "userImage": "https://play-lh.googleusercontent.com/a/ACg8ocIrPPYBi5qc2qLgfqypXmEkatsSjKS3bV3CKhHAjgD1=mo",
        "userName": "Mohsin AliMohs"
    },
    {
        "appVersion": "1.0.0",
        "at": "2021-04-18 13:45:12",
        "content": "Quotes app have large collection of quotes I like motivational quotes and success quotes and have many categories I recommend this quotes to all of you",
        "repliedAt": null,
        "replyContent": null,
        "reviewCreatedVersion": "1.0.0",
        "reviewId": "85da0a5f-d083-477b-b4e5-144575be3d3a",
        "score": 5,
        "thumbsUpCount": 0,
        "userImage": "https://play-lh.googleusercontent.com/a-/ALV-UjVed9FaJVo_hU-VpFWN2ZRLNeNYJwyfkwyVRIGVLdoSH44",
        "userName": "Md Rihan Hossain"
    },
    {
        "appVersion": "1.0.0",
        "at": "2021-04-18 08:25:27",
        "content": "Motivational quotes is best app i really enjoy specialy inspirational quotes and success quotes I recommended this quotes app to other",
        "repliedAt": null,
        "replyContent": null,
        "reviewCreatedVersion": "1.0.0",
        "reviewId": "c70b74ce-9d76-42a8-aa55-003dfaae196b",
        "score": 5,
        "thumbsUpCount": 0,
        "userImage": "https://play-lh.googleusercontent.com/a-/ALV-UjWh54C0Ms3iOe33q9GFo3iT-tGMlV6ebOQrn0gF6TzZS3A",
        "userName": "Univers Way"
    },
    {
        "appVersion": "1.0.0",
        "at": "2021-04-18 07:58:50",
        "content": "Motivational quotes is amazing app. Very easy to use. Heighly recommended",
        "repliedAt": null,
        "replyContent": null,
        "reviewCreatedVersion": "1.0.0",
        "reviewId": "09f8d22a-6a02-44b5-98f5-d711ec55b3c1",
        "score": 5,
        "thumbsUpCount": 0,
        "userImage": "https://play-lh.googleusercontent.com/a/ACg8ocJBQPn3O0Oz5UJzjG8_ghxh-xSL4ON-9G3c7I85J_tV=mo",
        "userName": "Faris Nadeem"
    },
    {
        "appVersion": "1.0.0",
        "at": "2021-04-17 11:41:08",
        "content": "Quotes and motivational quotes is amazing and very nice app lots of categories unlimited quoted easy to use highly recommended",
        "repliedAt": null,
        "replyContent": null,
        "reviewCreatedVersion": "1.0.0",
        "reviewId": "02d8cebd-bc84-4c93-a6e8-245a6051f748",
        "score": 5,
        "thumbsUpCount": 0,
        "userImage": "https://play-lh.googleusercontent.com/a/ACg8ocJ1_ugiQvngDAIPDzXzGT6K1F-E_5MfYMjA78GA0t38=mo",
        "userName": "Anaya Anam"
    },
    {
        "appVersion": "1.0.0",
        "at": "2021-04-16 09:01:13",
        "content": "Quotes Motivational app is one of the best app easy to use I really like it good work by developer to develop this type of app.",
        "repliedAt": null,
        "replyContent": null,
        "reviewCreatedVersion": "1.0.0",
        "reviewId": "f8578bc0-0f82-4a3a-b0e4-fe2f3a77dbbf",
        "score": 5,
        "thumbsUpCount": 0,
        "userImage": "https://play-lh.googleusercontent.com/a-/ALV-UjW3srgDTpt1xGOi7vLQa1llpyDxiqRB-mUaTxEL6Md_Og",
        "userName": "Tresa Steitz"
    },
    {
        "appVersion": "1.0.0",
        "at": "2021-04-15 14:40:05",
        "content": "Wonderful idea quotes is the best i love it . it's amazing for motivation and is very helpful",
        "repliedAt": null,
        "replyContent": null,
        "reviewCreatedVersion": "1.0.0",
        "reviewId": "42e764cf-36f0-46bc-84d5-a8485d1eb120",
        "score": 5,
        "thumbsUpCount": 0,
        "userImage": "https://play-lh.googleusercontent.com/a/ACg8ocKA3QOe3_y_w49T2UeKLD25P6IdB2jztf2SZhpuGC9u=mo",
        "userName": "Essalama Ever"
    },
    {
        "appVersion": "1.0.0",
        "at": "2021-04-10 14:46:24",
        "content": "Quotes and status is wonderful app I saw many quotes and more categories about quotes with famous peoples I really like this quotes app and recommend to all",
        "repliedAt": null,
        "replyContent": null,
        "reviewCreatedVersion": "1.0.0",
        "reviewId": "c0aa6c4d-2220-488d-9299-7d967700ebb0",
        "score": 5,
        "thumbsUpCount": 0,
        "userImage": "https://play-lh.googleusercontent.com/a-/ALV-UjXDDurskcvhQSOX__j2S9Ahf_ZkzSKVxn_5iRQdIZF_qA",
        "userName": "zohaib chattha"
    },
    {
        "appVersion": "1.0.0",
        "at": "2021-04-10 12:06:57",
        "content": "quotes, motivational quotes app is really great when i download it. Quotes and status will give thousands of quotes",
        "repliedAt": null,
        "replyContent": null,
        "reviewCreatedVersion": "1.0.0",
        "reviewId": "bdcaefc4-a76f-4ffa-bbf0-9d8672626d73",
        "score": 5,
        "thumbsUpCount": 0,
        "userImage": "https://play-lh.googleusercontent.com/a/ACg8ocKUnnCaqP_anw7eAqcuRPw_p7njx515RT1mHNvfMRRt=mo",
        "userName": "Munnu Jan"
    },
    {
        "appVersion": "1.0.0",
        "at": "2021-04-10 08:13:02",
        "content": "Best Caption and Quotes are turn on for me with a specific pic on the things I would do.",
        "repliedAt": null,
        "replyContent": null,
        "reviewCreatedVersion": "1.0.0",
        "reviewId": "e487da91-1097-49ed-8ace-e91494ae2e24",
        "score": 5,
        "thumbsUpCount": 1,
        "userImage": "https://play-lh.googleusercontent.com/a-/ALV-UjXMnsO4-IgD4B-JWgG1yBULZnl2mttrGzJRGKaGST9SYw",
        "userName": "Mary Daniel"
    },
    {
        "appVersion": "1.0.0",
        "at": "2021-04-08 01:49:55",
        "content": "Very motivating Quotes. it's boost up our self for getting successful. I like all of Quotes in this app.",
        "repliedAt": null,
        "replyContent": null,
        "reviewCreatedVersion": "1.0.0",
        "reviewId": "3d8d5280-ff3b-424e-8404-f6d07973ac2b",
        "score": 5,
        "thumbsUpCount": 0,
        "userImage": "https://play-lh.googleusercontent.com/a-/ALV-UjXi44iHrQWiNHmPtI06Z1J-Ggh_t7_ZX4_J_D_wsmcTbQ",
        "userName": "SHRISTI SHARMA"
    },
    {
        "appVersion": "1.0.0",
        "at": "2021-04-07 03:45:24",
        "content": "Wow it's amazing \ud83d\ude0dBest Caption and Quotes is an app that provide large collection of quotes.. highly recommend it",
        "repliedAt": null,
        "replyContent": null,
        "reviewCreatedVersion": "1.0.0",
        "reviewId": "dd82c54a-b5c9-4208-bdb8-803dbb9df705",
        "score": 5,
        "thumbsUpCount": 0,
        "userImage": "https://play-lh.googleusercontent.com/a-/ALV-UjXsRbQvdBYFJl96l5VFoldv8DH7lXHBZDdSpXRo07kb788",
        "userName": "haris arif"
    },
    {
        "appVersion": "1.0.0",
        "at": "2021-04-06 10:47:56",
        "content": "Caption Quotes it is very interesting app.easy to use amazing.i like it very much.i like it very much. Easy to use amazing highly recommended.",
        "repliedAt": null,
        "replyContent": null,
        "reviewCreatedVersion": "1.0.0",
        "reviewId": "7ad6ee9d-e38f-489c-b398-98b9b75a2d2c",
        "score": 5,
        "thumbsUpCount": 0,
        "userImage": "https://play-lh.googleusercontent.com/a-/ALV-UjVJZeF58FkL6euXj3Ihf_vwDw7W50NOot0nT6cpExROAw",
        "userName": "AMS Motivation"
    }
]