[
    {
        "appVersion": "1.2",
        "at": "2023-07-08 23:32:49",
        "content": "Good app",
        "repliedAt": null,
        "replyContent": null,
        "reviewCreatedVersion": "1.2",
        "reviewId": "4838e0d5-aa98-467c-88e1-f19117ce70ff",
        "score": 4,
        "thumbsUpCount": 1,
        "userImage": "https://play-lh.googleusercontent.com/a/ACg8ocKDdWGWDg2I8gRaLwBi1szLp7vizRa_EdrQRXCrTqys=mo",
        "userName": "Naina Ch"
    },
    {
        "appVersion": "1.2",
        "at": "2023-02-02 11:13:14",
        "content": "Nice",
        "repliedAt": null,
        "replyContent": null,
        "reviewCreatedVersion": "1.2",
        "reviewId": "e08b316a-19d4-49ca-8e8c-49b3944c6d74",
        "score": 5,
        "thumbsUpCount": 7,
        "userImage": "https://play-lh.googleusercontent.com/a/ACg8ocIdmTENQNR9Aoxi9v_OgxqVsUvMumxzzoBy3kKhc-fs=mo",
        "userName": "Upaisa Kamran"
    },
    {
        "appVersion": "1.2",
        "at": "2023-01-23 11:49:50",
        "content": "All.network.app.good.hi.",
        "repliedAt": null,
        "replyContent": null,
        "reviewCreatedVersion": "1.2",
        "reviewId": "12f7087b-f32a-4af1-bd01-1c92dd50bced",
        "score": 5,
        "thumbsUpCount": 11,
        "userImage": "https://play-lh.googleusercontent.com/a/ACg8ocKlMXY2i5Z92moTCKQLdKPyqftfG74TNJPkPp3fHsDJ=mo",
        "userName": "Ali Nawaz"
    },
    {
        "appVersion": "1.2",
        "at": "2023-01-12 00:18:46",
        "content": "Irfan",
        "repliedAt": null,
        "replyContent": null,
        "reviewCreatedVersion": "1.2",
        "reviewId": "be180512-c57f-4ad9-9018-0b1cf33445f4",
        "score": 5,
        "thumbsUpCount": 15,
        "userImage": "https://play-lh.googleusercontent.com/a-/ALV-UjVpMF3_DhFB7iSMXarEDQWbBmWRY0WpcxylAmACgrnJLg",
        "userName": "Zeeshan Jameel"
    },
    {
        "appVersion": null,
        "at": "2022-06-29 07:01:28",
        "content": "\ud83d\udc4c\ud83d\udc4c",
        "repliedAt": null,
        "replyContent": null,
        "reviewCreatedVersion": null,
        "reviewId": "e94a95fc-2219-4567-af46-569b0e08ddb0",
        "score": 5,
        "thumbsUpCount": 7,
        "userImage": "https://play-lh.googleusercontent.com/a/ACg8ocJrhHK8a6jUoaKGndnpvNXtKibQqTKX_kDSNRfa85xw=mo",
        "userName": "Ali Alik"
    },
    {
        "appVersion": null,
        "at": "2022-06-18 04:12:15",
        "content": "Malikggg",
        "repliedAt": null,
        "replyContent": null,
        "reviewCreatedVersion": null,
        "reviewId": "3a11ccdf-749c-476d-bc26-a148f6e10128",
        "score": 5,
        "thumbsUpCount": 9,
        "userImage": "https://play-lh.googleusercontent.com/a/ACg8ocLhjm62eZf1BrTZL7Bn_Cjxu3JvbS_78Z8WUqwRQbid=mo",
        "userName": "Muhammad Mushtaq"
    }
]