[
    {
        "appVersion": null,
        "at": "2020-12-24 07:57:08",
        "content": "Very bad app.",
        "repliedAt": null,
        "replyContent": null,
        "reviewCreatedVersion": null,
        "reviewId": "bf56326f-2aa5-4fae-823b-9bf0f073d4f0",
        "score": 1,
        "thumbsUpCount": 1,
        "userImage": "https://play-lh.googleusercontent.com/a/ACg8ocJQa86TgawUhKbeBuWcn-Pw9OFAVsODnp12F07fi4YK=mo",
        "userName": "Ameer Hamza"
    },
    {
        "appVersion": "1.0",
        "at": "2020-06-25 22:38:29",
        "content": "Garbage app",
        "repliedAt": null,
        "replyContent": null,
        "reviewCreatedVersion": "1.0",
        "reviewId": "0ce07d63-048a-430b-b104-958598a12115",
        "score": 1,
        "thumbsUpCount": 3,
        "userImage": "https://play-lh.googleusercontent.com/a-/ALV-UjUxy-rrpqwFVaBT2qnBGCyKLoZEqtmCt0D2V4JH2NwJ-XTg",
        "userName": "Daddy Gaming Philippines"
    },
    {
        "appVersion": null,
        "at": "2020-03-14 19:30:43",
        "content": "It was great",
        "repliedAt": null,
        "replyContent": null,
        "reviewCreatedVersion": null,
        "reviewId": "bf32e44a-e570-4140-aecc-2c0ab4a0e8ec",
        "score": 5,
        "thumbsUpCount": 8,
        "userImage": "https://play-lh.googleusercontent.com/EGemoI2NTXmTsBVtJqk8jxF9rh8ApRWfsIMQSt2uE4OcpQqbFu7f7NbTK05lx80nuSijCz7sc3a277R67g",
        "userName": "A Google user"
    }
]