[
    {
        "appVersion": null,
        "at": "2023-04-16 13:40:14",
        "content": "This is not right not showing floss color and and much more",
        "repliedAt": "2023-04-16 17:47:38",
        "replyContent": "Dear User, really appreciate your suggestion. We will consider it and improve our app in the new version. If you have questions or suggestions please contact us at vorevo.apps@gmail.com.",
        "reviewCreatedVersion": null,
        "reviewId": "5628f4db-4730-4e60-95dd-0f5ad93604ba",
        "score": 1,
        "thumbsUpCount": 0,
        "userImage": "https://play-lh.googleusercontent.com/a-/ALV-UjXHsngiqxDPax-jZQmJPMtYcdvDfGduMwCcGxLyoYwTUPQ",
        "userName": "Seamus Noah Matthewson (GingerCubbieBear)"
    },
    {
        "appVersion": "1.3.2",
        "at": "2023-04-15 08:44:31",
        "content": "Very nice app, clear and a nice selection, thanks \ud83d\ude42",
        "repliedAt": "2023-04-15 23:11:20",
        "replyContent": "Thanks for your review! Please recommend our app to your friends, and don\u2019t hesitate to shoot us a note at vorevo.apps@gmail.com if you have any questions.",
        "reviewCreatedVersion": "1.3.2",
        "reviewId": "9e1883d6-ba91-447c-9585-d172d89ef7fb",
        "score": 5,
        "thumbsUpCount": 0,
        "userImage": "https://play-lh.googleusercontent.com/a-/ALV-UjW1q4Qcnh0ohyBGoOYf_Giy4dtVNh4kQlDUkibzHMvSq8M",
        "userName": "John Clutterbuck"
    }
]