[
    {
        "appVersion": null,
        "at": "2023-11-14 11:56:55",
        "content": "unique",
        "repliedAt": null,
        "replyContent": null,
        "reviewCreatedVersion": null,
        "reviewId": "aed0322c-bd2e-43a0-a6fa-91a1c5ab678f",
        "score": 2,
        "thumbsUpCount": 0,
        "userImage": "https://play-lh.googleusercontent.com/a-/ALV-UjWyhnS9o80WUV3jUdT2_8-UatVJG_nhYbzh2k5qdZ4IxP0",
        "userName": "Precious Joshua Williams"
    },
    {
        "appVersion": "1.3.6",
        "at": "2023-10-25 08:18:01",
        "content": "wow",
        "repliedAt": "2023-11-07 00:11:34",
        "replyContent": "Thanks for your review! Please recommend our app to your friends, and don\u2019t hesitate to shoot us a note at vorevo.apps@gmail.com if you have any questions.",
        "reviewCreatedVersion": "1.3.6",
        "reviewId": "e260e43e-2855-4a42-9e10-271ec818dfd3",
        "score": 5,
        "thumbsUpCount": 0,
        "userImage": "https://play-lh.googleusercontent.com/a/ACg8ocIDAFXOQuh65za5v4U-R-NgC-vjUNWe7x-vyRIaS7pE=mo",
        "userName": "Kingsley John"
    },
    {
        "appVersion": "1.3.5",
        "at": "2023-10-12 07:21:58",
        "content": "I love it wow",
        "repliedAt": "2023-10-23 07:23:24",
        "replyContent": "Thanks for the 5 star rating. Hope you continue to use our app. If you have any feedback or suggestions, please write to us at vorevo.apps@gmail.com. We would love to hear from you!",
        "reviewCreatedVersion": "1.3.5",
        "reviewId": "6aa1913a-ab16-459e-8adf-bf9cbcc66a7e",
        "score": 5,
        "thumbsUpCount": 0,
        "userImage": "https://play-lh.googleusercontent.com/a/ACg8ocJfv3O30sRmsOOg0843XFmt2412bBq85NzpzApQ3rlG=mo",
        "userName": "Abdul Raaziq Saani"
    },
    {
        "appVersion": "1.3.5",
        "at": "2023-10-11 06:23:39",
        "content": "for me",
        "repliedAt": "2023-10-23 07:23:40",
        "replyContent": "If you like the app, please give us more stars. Also, let us know if you have any suggestions for improvement at vorevo.apps@gmail.com.",
        "reviewCreatedVersion": "1.3.5",
        "reviewId": "84703c1f-6a2b-4c22-ba04-e5880d7dad97",
        "score": 2,
        "thumbsUpCount": 0,
        "userImage": "https://play-lh.googleusercontent.com/a/ACg8ocIz8iKIGjMoQvmepJiQ1KGARxjmaAOfn1axKwT-B7gN=mo",
        "userName": "Nalumansi Janat"
    },
    {
        "appVersion": "1.3.5",
        "at": "2023-09-30 20:06:42",
        "content": "keanan jumano oliver",
        "repliedAt": "2023-10-03 12:31:47",
        "replyContent": "Thank you so much for your encouraging star ratings!\n",
        "reviewCreatedVersion": "1.3.5",
        "reviewId": "2b923373-e6a7-40e3-b5db-ac9c39094770",
        "score": 5,
        "thumbsUpCount": 0,
        "userImage": "https://play-lh.googleusercontent.com/a/ACg8ocIzwuygrwVfSoLCjAQWNShURV-mkdJjE8VWOGY7yu9x=mo",
        "userName": "Keanan Oliver"
    },
    {
        "appVersion": "1.3.5",
        "at": "2023-09-23 21:12:39",
        "content": "grest",
        "repliedAt": "2023-09-26 07:14:16",
        "replyContent": "If you like the app, please give us more stars. Also, let us know if you have any suggestions for improvement at vorevo.apps@gmail.com.",
        "reviewCreatedVersion": "1.3.5",
        "reviewId": "4ac5e0f3-01f6-4e93-a025-2b24ed19072d",
        "score": 2,
        "thumbsUpCount": 0,
        "userImage": "https://play-lh.googleusercontent.com/a/ACg8ocLmvSdjhMii4cbBES6XzwTKe7x1pPY5hw9qhsxypedt=mo",
        "userName": "Charles Paul"
    },
    {
        "appVersion": "1.3.5",
        "at": "2023-09-16 13:42:49",
        "content": "\ud83c\udf39",
        "repliedAt": "2023-09-18 19:52:34",
        "replyContent": "Thanks for the 5 star rating. Hope you continue to enjoy using our app. If you have any feedback or suggestions, please write to us at vorevo.apps@gmail.com. We would love to hear from you!",
        "reviewCreatedVersion": "1.3.5",
        "reviewId": "305b98cb-23f2-471c-8e22-d1e5d81a4331",
        "score": 5,
        "thumbsUpCount": 0,
        "userImage": "https://play-lh.googleusercontent.com/a-/ALV-UjXBWwXBH3qwtpOhyoMG7KiwB7ArLjXjW7T2dCHCgUwJGyw",
        "userName": "Yiso Ab"
    },
    {
        "appVersion": "1.3.5",
        "at": "2023-09-01 04:43:02",
        "content": "Good",
        "repliedAt": "2023-09-05 19:43:12",
        "replyContent": "Thanks for the 5 star rating. Hope you continue to enjoy using our app. If you have any feedback or suggestions, please write to us at vorevo.apps@gmail.com. We would love to hear from you!",
        "reviewCreatedVersion": "1.3.5",
        "reviewId": "0471efc1-75d9-494f-a795-507396d45286",
        "score": 5,
        "thumbsUpCount": 0,
        "userImage": "https://play-lh.googleusercontent.com/a/ACg8ocIih_KxndalIdmgTVwoENn5OP0_4v8_hTI_RjPm21Em=mo",
        "userName": "Abu Sadiiq"
    },
    {
        "appVersion": null,
        "at": "2023-08-26 07:32:34",
        "content": "thts gud",
        "repliedAt": "2023-08-27 04:12:35",
        "replyContent": "Dear User, we are glad you liked the app. We request you to give us a 5-star rating as it is the best encouragement for our team.",
        "reviewCreatedVersion": null,
        "reviewId": "66794e0c-cfa9-4433-a19e-0f265670ae4e",
        "score": 4,
        "thumbsUpCount": 0,
        "userImage": "https://play-lh.googleusercontent.com/a/ACg8ocIL-mcWeRDQrYA0XGmL1lpA2rfAjMaNz8wsWivJPNk=mo",
        "userName": "Chamunorwa Mhudzi"
    },
    {
        "appVersion": "1.3.4",
        "at": "2023-08-05 06:54:19",
        "content": "wow",
        "repliedAt": "2023-08-05 18:25:02",
        "replyContent": "Thanks for the 5 star rating. Hope you continue to using our app. If you have any feedback or suggestions, please write to us at vorevo.apps@gmail.com. We would love to hear from you!",
        "reviewCreatedVersion": "1.3.4",
        "reviewId": "6e792857-bcb0-4a70-b143-5a949692f7a1",
        "score": 5,
        "thumbsUpCount": 0,
        "userImage": "https://play-lh.googleusercontent.com/a-/ALV-UjVcOaaU5P_Trd54Q4rTVKdUBLilino4jPVlX55Y-Gf2BA",
        "userName": "Tajnuva Tura"
    },
    {
        "appVersion": "1.3.4",
        "at": "2023-07-28 16:56:24",
        "content": "it's a nice app",
        "repliedAt": "2023-08-05 18:25:12",
        "replyContent": "Thank you for downloading our app. We'd love to earn 5 stars, so please write to us at vorevo.apps@gmail.com suggesting what we can do to improve.",
        "reviewCreatedVersion": "1.3.4",
        "reviewId": "6aee88ee-4427-47eb-a5fe-9323ec2f274a",
        "score": 4,
        "thumbsUpCount": 4,
        "userImage": "https://play-lh.googleusercontent.com/a/ACg8ocJoTxQhUHdxwiH8Ufzgx1fiMcZ42G4_mpC-kFsD-qQOBg=mo",
        "userName": "Timilehin Olaitan"
    },
    {
        "appVersion": "1.3.4",
        "at": "2023-07-21 01:11:23",
        "content": "great app",
        "repliedAt": "2023-07-28 01:46:14",
        "replyContent": "Thanks for the 5 star rating. Hope you continue to use our app. If you have any feedback or suggestions, please write to us at vorevo.apps@gmail.com. We would love to hear from you!",
        "reviewCreatedVersion": "1.3.4",
        "reviewId": "b93d5153-7811-40b9-a747-a74d6c49b92c",
        "score": 5,
        "thumbsUpCount": 0,
        "userImage": "https://play-lh.googleusercontent.com/a/ACg8ocJtyZHPAi0yDQp_-7Apv-1aJR27nuEB9qdMC89Cy6QT=mo",
        "userName": "Nura B Ahmed"
    },
    {
        "appVersion": "1.3.4",
        "at": "2023-07-18 15:01:07",
        "content": "cool",
        "repliedAt": "2023-07-18 18:07:16",
        "replyContent": "If you like the app, please give us more stars. Also, let us know if you have any suggestions for improvement at vorevo.apps@gmail.com.",
        "reviewCreatedVersion": "1.3.4",
        "reviewId": "0558ef16-4a89-4033-a712-cac0fe2c5cd5",
        "score": 3,
        "thumbsUpCount": 0,
        "userImage": "https://play-lh.googleusercontent.com/a-/ALV-UjXhfu-UZfVKmMNV5J4ezFiHzK2f6fmY6xTN0s9a4PEd9w",
        "userName": "chefpeters olupot"
    },
    {
        "appVersion": "1.3.3",
        "at": "2023-07-12 04:02:07",
        "content": "This is a really great up my son wants to be an architect in future so it can help him . This sketch makes my son very happy. This app is the best . I rated it 5 Stars because it's hard good pictures of houses. Thank you",
        "repliedAt": "2023-07-12 11:58:31",
        "replyContent": "Hi,\nThanks for your feedback. We are continuously working on adding more features to our app to make your experience better.",
        "reviewCreatedVersion": "1.3.3",
        "reviewId": "ceab03af-9ec2-4d3f-942f-2e629ec76e75",
        "score": 5,
        "thumbsUpCount": 8,
        "userImage": "https://play-lh.googleusercontent.com/a/ACg8ocKFKtXip5kACf1NOr0LNDDkHu-hfgY2O6_unyyKn6x1=mo",
        "userName": "Diana Appertey"
    },
    {
        "appVersion": "1.3.2",
        "at": "2023-07-11 18:20:39",
        "content": "Nice \ud83d\udc4c",
        "repliedAt": "2023-07-12 11:58:54",
        "replyContent": "Thanks for the 5 star rating. Hope you continue to use our app. If you have any feedback or suggestions, please write to us at vorevo.apps@gmail.com. We would love to hear from you!",
        "reviewCreatedVersion": "1.3.2",
        "reviewId": "ccd537c7-4eb8-4111-9f40-71baef007088",
        "score": 5,
        "thumbsUpCount": 0,
        "userImage": "https://play-lh.googleusercontent.com/a-/ALV-UjXgb0QviKZwh_NeCxC40JpwoDZuiXyedxSJkwQQlRhcS3U",
        "userName": "ronaldelijah dusabe"
    },
    {
        "appVersion": "1.3.2",
        "at": "2023-06-11 12:33:06",
        "content": "nice app",
        "repliedAt": "2023-06-13 19:59:47",
        "replyContent": "If you like the app, please give us more stars. Also, let us know if you have any suggestions for improvement at vorevo.apps@gmail.com.",
        "reviewCreatedVersion": "1.3.2",
        "reviewId": "5d28c7cd-c4e8-43a7-a9e8-4245c313856e",
        "score": 2,
        "thumbsUpCount": 1,
        "userImage": "https://play-lh.googleusercontent.com/a/ACg8ocIksp_pUj-wKp-ImdaUk0zp3t2PIt2iVEa7IwpdY8FY=mo",
        "userName": "Bobby micarandayo"
    },
    {
        "appVersion": "1.3.2",
        "at": "2023-05-12 08:21:58",
        "content": "\ud835\udd74\ud835\udd99\ud835\udd98 \ud835\udd9c\ud835\udd94\ud835\udd9c",
        "repliedAt": "2023-05-15 04:52:06",
        "replyContent": "Hi,\nHappy to hear that you find the app good :)\nPlease let us know the reason behind this low rating at vorevo.apps@gmail.com. We'd be happy to improve our app based on your suggestions.\nThanks!",
        "reviewCreatedVersion": "1.3.2",
        "reviewId": "9597d675-a672-4ce8-bdd9-96528f5ab2bc",
        "score": 1,
        "thumbsUpCount": 1,
        "userImage": "https://play-lh.googleusercontent.com/a/ACg8ocJ2h8N7sU79dVMIBFLKkwuL0MWYt65W7IOvafMv1XKK=mo",
        "userName": "Kasande Annet"
    },
    {
        "appVersion": null,
        "at": "2023-05-12 06:57:21",
        "content": "Its not useful and it has no good info,i thought i am gonna find something like how to draw a build with measurements.",
        "repliedAt": "2023-05-15 04:51:55",
        "replyContent": "Dear User, really appreciate your suggestion. We will consider it and improve our app in the new version. If you have questions or suggestions please contact us at vorevo.apps@gmail.com.",
        "reviewCreatedVersion": null,
        "reviewId": "20ebd022-782a-46dd-a828-a4359fd017fb",
        "score": 1,
        "thumbsUpCount": 8,
        "userImage": "https://play-lh.googleusercontent.com/a/ACg8ocJezzcXJ2YaLhfFvuc-Il0FmL2cQr1V6qs9c3Oi3AGd=mo",
        "userName": "Richard Milanzi"
    },
    {
        "appVersion": "1.3.2",
        "at": "2023-05-04 11:49:54",
        "content": "wow amazing \ud83e\udd29\ud83d\ude0d loved it",
        "repliedAt": "2023-05-10 19:54:27",
        "replyContent": "Thank you! If you enjoy using the app, please rate us 5 stars. It would encourage us to continue improving the app!",
        "reviewCreatedVersion": "1.3.2",
        "reviewId": "5a188d77-acf1-4667-b725-e1a2e8129dc5",
        "score": 4,
        "thumbsUpCount": 2,
        "userImage": "https://play-lh.googleusercontent.com/a-/ALV-UjUvpns1t19yptbxoS_4tCj5tdstRTamfkX5CstqxTvdGg",
        "userName": "Joelito Dolfo"
    },
    {
        "appVersion": "1.3.2",
        "at": "2023-04-26 14:29:48",
        "content": "this is a great \ud83d\udc4d",
        "repliedAt": "2023-04-27 11:53:25",
        "replyContent": "Thanks for taking out time to rate us. It really helps us to keep going and delivering the best :)",
        "reviewCreatedVersion": "1.3.2",
        "reviewId": "c00cf6d2-30ae-4f9f-b01e-0eae180fc589",
        "score": 5,
        "thumbsUpCount": 0,
        "userImage": "https://play-lh.googleusercontent.com/a/ACg8ocLyjXLY0FyawJ3pYioCeXMtBbdJNSOqOPNdRv-e_sK6=mo",
        "userName": "Joy Makolo"
    },
    {
        "appVersion": "1.3.2",
        "at": "2023-04-21 01:17:13",
        "content": "work",
        "repliedAt": "2023-04-21 01:31:38",
        "replyContent": "Thank you! If you enjoy using the app, please rate us 5 stars. It would encourage us to continue improving the app!",
        "reviewCreatedVersion": "1.3.2",
        "reviewId": "4e940001-28ae-43b5-b924-ea338ba74e47",
        "score": 4,
        "thumbsUpCount": 0,
        "userImage": "https://play-lh.googleusercontent.com/a-/ALV-UjUnUd6udBT2tYaBOd6ISmXQXFlJxBjtEkRKlCJoLBtbDg",
        "userName": "Arman Saifi"
    },
    {
        "appVersion": "1.3.2",
        "at": "2023-04-13 15:09:36",
        "content": "it's great \ud83d\udc4d\ud83d\ude03",
        "repliedAt": "2023-04-13 16:16:19",
        "replyContent": "Thanks for taking out time to rate us. It really helps us to keep going and delivering the best :)",
        "reviewCreatedVersion": "1.3.2",
        "reviewId": "40da4d6a-66bb-43fd-acac-4aa662e8bb04",
        "score": 5,
        "thumbsUpCount": 2,
        "userImage": "https://play-lh.googleusercontent.com/a/ACg8ocIHyhgMPxbpStchS5Twu4DUuyGF9N6LngH4YqwnbFBk=mo",
        "userName": "Will Charedzera"
    },
    {
        "appVersion": "1.3.2",
        "at": "2023-03-19 11:06:16",
        "content": "what's going with law enforcement in government architecture and my accounts is j Edgar Hoover agents better than field office or secret service agent me king of Egypt my job to be architect ruler doctor cleaner back asap",
        "repliedAt": "2023-03-23 02:49:49",
        "replyContent": "Hi, thank you very much for your feedback.",
        "reviewCreatedVersion": "1.3.2",
        "reviewId": "dcf7afc2-d633-476c-8098-3baa77aed583",
        "score": 5,
        "thumbsUpCount": 5,
        "userImage": "https://play-lh.googleusercontent.com/a/ACg8ocJQbOoyrV0Yo6dwYgH8fECMC53XOopYc1sxb8V4TFOi=mo",
        "userName": "Adollhousetheorymi5nsabelize"
    },
    {
        "appVersion": null,
        "at": "2023-03-09 15:11:52",
        "content": "Nice app.Amazing",
        "repliedAt": "2023-03-09 19:48:27",
        "replyContent": "Hi, if you like the app, could you please give us more stars?",
        "reviewCreatedVersion": null,
        "reviewId": "13931f6d-178b-49c3-91fc-6498a26646e6",
        "score": 1,
        "thumbsUpCount": 0,
        "userImage": "https://play-lh.googleusercontent.com/a/ACg8ocJrfXu-ggJG6ZhLTY7n8arq5dJWfZS75jHyWhvJdf8Z=mo",
        "userName": "Kwabena Stephen"
    },
    {
        "appVersion": "1.3.2",
        "at": "2023-02-22 19:27:06",
        "content": "Its a wallpaper app , thats it !",
        "repliedAt": "2023-02-23 09:35:29",
        "replyContent": "Dear User, really appreciate your suggestion. We will consider it and improve our app in the new version. If you have questions or suggestions please contact us at vorevo.apps@gmail.com.",
        "reviewCreatedVersion": "1.3.2",
        "reviewId": "9142c52f-b946-404a-bd2e-d4a2afd367ca",
        "score": 1,
        "thumbsUpCount": 1,
        "userImage": "https://play-lh.googleusercontent.com/a/ACg8ocIzycHQXWg0fwgJey_Tbx8wO2khgQ1z0P9rsSdUuzzg=mo",
        "userName": "Nate McDonald"
    },
    {
        "appVersion": "1.3.2",
        "at": "2023-02-09 14:31:38",
        "content": "I think it good",
        "repliedAt": "2023-02-09 18:38:42",
        "replyContent": "We care about your feelings and every little encouragement makes us better :) So, if you like this app, please consider giving us a 5-star rating. If you have any suggestions, please let us know at vorevo.apps@gmail.com.",
        "reviewCreatedVersion": "1.3.2",
        "reviewId": "ab699b84-12d5-4d2a-9165-ef9a8c8cfaf8",
        "score": 3,
        "thumbsUpCount": 1,
        "userImage": "https://play-lh.googleusercontent.com/a/ACg8ocIYf-HkOYY8QdumwSP2lMJwmxs7vfEfoKV0yZxz6Y0=mo",
        "userName": "Ramatu kanneh"
    },
    {
        "appVersion": "1.3.2",
        "at": "2023-02-08 14:43:06",
        "content": "honestly unbelievable \ud83d\ude0d\ud83e\udd70\u2764\ufe0f\ud83d\udcaf\ud83d\udcaf",
        "repliedAt": "2023-02-09 00:13:37",
        "replyContent": "Thanks for your love. If you have any questions, please contact us at vorevo.apps@gmail.com.",
        "reviewCreatedVersion": "1.3.2",
        "reviewId": "8e8d6f49-4bae-4ed1-aec5-ebd91df7b4c2",
        "score": 5,
        "thumbsUpCount": 0,
        "userImage": "https://play-lh.googleusercontent.com/a-/ALV-UjUi66GpaFUutGJunJmkH4P5IpMWg9jHDb7aksFbjCUWILvX",
        "userName": "Ind gamer official TM"
    },
    {
        "appVersion": "1.3.2",
        "at": "2023-02-04 18:34:12",
        "content": "Nice app",
        "repliedAt": "2023-02-04 23:40:08",
        "replyContent": "We care about your feelings and every little encouragement makes us better :) So, if you like this app, please consider giving us a 5-star rating. If you have any suggestions, please let us know at vorevo.apps@gmail.com.",
        "reviewCreatedVersion": "1.3.2",
        "reviewId": "eda34009-8ca6-4446-9870-66d976cc115e",
        "score": 4,
        "thumbsUpCount": 0,
        "userImage": "https://play-lh.googleusercontent.com/a-/ALV-UjUd8iIexZIPSxesM2r-hkE9KI57mjA1L3QPdyrZB5NyMMY",
        "userName": "Tendekai Gode"
    },
    {
        "appVersion": null,
        "at": "2023-01-16 23:51:27",
        "content": "I am an engineer student I'm Somali girl who lives in Somalia",
        "repliedAt": "2023-01-17 19:32:46",
        "replyContent": "Thank you so much for your encouraging star ratings!\n",
        "reviewCreatedVersion": null,
        "reviewId": "60c8a13c-b13c-4449-b586-a9491c14a2f5",
        "score": 5,
        "thumbsUpCount": 2,
        "userImage": "https://play-lh.googleusercontent.com/a/ACg8ocIDy9WWc9fbtmWtYV3f-FZ9fVuaOHARhe2gAXZd0EXi=mo",
        "userName": "Ifraax Aadan"
    }
]