[
    {
        "appVersion": "1.0.1",
        "at": "2023-10-01 10:24:12",
        "content": "Superb",
        "repliedAt": null,
        "replyContent": null,
        "reviewCreatedVersion": "1.0.1",
        "reviewId": "45d6fc77-6ad8-4d8c-900f-0234fe4e6e0f",
        "score": 5,
        "thumbsUpCount": 0,
        "userImage": "https://play-lh.googleusercontent.com/a/ACg8ocK2U5iVsyt8IEaeUxgpxkeKVYXrAlT9imOn9PS6Uydh=mo",
        "userName": "Abdou Jammeh"
    },
    {
        "appVersion": "1.0.1",
        "at": "2023-01-14 13:14:18",
        "content": "Very nice, loved my resume . Ultimately helpful! Highly recommended for students",
        "repliedAt": null,
        "replyContent": null,
        "reviewCreatedVersion": "1.0.1",
        "reviewId": "85532803-d70c-4873-815b-5a14f0165d43",
        "score": 5,
        "thumbsUpCount": 0,
        "userImage": "https://play-lh.googleusercontent.com/a-/ALV-UjXurF2x75qEVoJErYIBAEXLkO3BygVqF-FGKl10gu_pj74",
        "userName": "Mustafa Rampurwala"
    },
    {
        "appVersion": null,
        "at": "2023-01-06 12:54:31",
        "content": "Great app. Easy to use and free of ads. More customization options would be great but overall the app is good.",
        "repliedAt": null,
        "replyContent": null,
        "reviewCreatedVersion": null,
        "reviewId": "b8924b18-5a15-4c41-8faa-c5483478b736",
        "score": 5,
        "thumbsUpCount": 0,
        "userImage": "https://play-lh.googleusercontent.com/a/ACg8ocIGwXvirs07UnqrhxoXYkhJtimDzayVmE_vmfXqWFIj=mo",
        "userName": "Sahil Lakhani"
    },
    {
        "appVersion": "1.0.0",
        "at": "2023-01-06 12:46:30",
        "content": "Clean UI and easy to use. The templates are great as well",
        "repliedAt": null,
        "replyContent": null,
        "reviewCreatedVersion": "1.0.0",
        "reviewId": "5b5e688d-8039-493f-92a4-676d439cdcdd",
        "score": 5,
        "thumbsUpCount": 0,
        "userImage": "https://play-lh.googleusercontent.com/a-/ALV-UjXCSZxs4WenhwIj4ueUB4vuzL9x9x4MNHz_IHMJCW-TUsg",
        "userName": "Parth Rangarajan"
    },
    {
        "appVersion": "1.0.0",
        "at": "2022-12-24 15:00:08",
        "content": "A very neat interface with great templates, and free of ads!",
        "repliedAt": null,
        "replyContent": null,
        "reviewCreatedVersion": "1.0.0",
        "reviewId": "6458d749-bbcb-4ccf-aa6b-54a1181b0585",
        "score": 5,
        "thumbsUpCount": 0,
        "userImage": "https://play-lh.googleusercontent.com/a/ACg8ocK3SfstuDIhKE1L7HfidRz9EqdhVjxDMgWYQgEIE422yAs=mo",
        "userName": "Devesh Bafna"
    },
    {
        "appVersion": "1.0.0",
        "at": "2022-12-24 11:05:38",
        "content": "Great app. Very convenient to use and the templates are amazing as well. More customisation options would be great. \ud83d\ude04\ud83d\udc4d",
        "repliedAt": null,
        "replyContent": null,
        "reviewCreatedVersion": "1.0.0",
        "reviewId": "7922afa0-cd01-44a5-ae89-ed074d68f984",
        "score": 5,
        "thumbsUpCount": 2,
        "userImage": "https://play-lh.googleusercontent.com/a-/ALV-UjVUwSGcU_VN39qpX1L6VWETVAgmOsuMipCGckoy8tL4Hb8",
        "userName": "Rohit Ingale"
    },
    {
        "appVersion": "1.0.0",
        "at": "2022-12-24 11:02:44",
        "content": "Amazing app. Very easy to use and free of ads. \ud83d\udc4d\ud83d\udc4d",
        "repliedAt": null,
        "replyContent": null,
        "reviewCreatedVersion": "1.0.0",
        "reviewId": "dbff945d-b67f-4276-aced-5e0d724f0678",
        "score": 5,
        "thumbsUpCount": 0,
        "userImage": "https://play-lh.googleusercontent.com/a/ACg8ocJwaK1UI7g6EEZkP1HOPDoj0qShVw51f9CQEq76bEOb=mo",
        "userName": "Mudar Bharmal"
    },
    {
        "appVersion": "1.0.0",
        "at": "2022-12-24 10:03:19",
        "content": "Good templates",
        "repliedAt": null,
        "replyContent": null,
        "reviewCreatedVersion": "1.0.0",
        "reviewId": "f480b8e5-b55f-4ef6-a64a-d8d86efc0253",
        "score": 5,
        "thumbsUpCount": 0,
        "userImage": "https://play-lh.googleusercontent.com/a-/ALV-UjU2sMKb8bNZbH4Sjj7hIKca8eZDuMDdJJlvi7hl5ZWPbA",
        "userName": "Tanisha Kodam"
    },
    {
        "appVersion": null,
        "at": "2022-12-24 08:32:37",
        "content": "A great app if you don't have a template or format in mind",
        "repliedAt": null,
        "replyContent": null,
        "reviewCreatedVersion": null,
        "reviewId": "0fdf1c97-f515-4bc0-b664-eca440895ea5",
        "score": 5,
        "thumbsUpCount": 0,
        "userImage": "https://play-lh.googleusercontent.com/a/ACg8ocJNqvmkuJfmEWWHugzFAce9eJ8d0_OBkRxW_PYtZPkDDQ=mo",
        "userName": "Dhaval Naik"
    },
    {
        "appVersion": null,
        "at": "2022-12-24 07:34:28",
        "content": "App is nice, easy to use and free of annoying ads or micro transactions. Only problem is that the app needs more customisation features also had some trouble finding the save as PDF button but otherwise app is great \ud83d\udc4d\ud83d\udc4d",
        "repliedAt": null,
        "replyContent": null,
        "reviewCreatedVersion": null,
        "reviewId": "8dde2c78-644d-432d-90cd-a784afbae29d",
        "score": 4,
        "thumbsUpCount": 1,
        "userImage": "https://play-lh.googleusercontent.com/a/ACg8ocKzYJZNQehuTs9ad8unZJmAuvl-QTnuKjG0yrCam3Kz=mo",
        "userName": "Pratik Deshmukh"
    },
    {
        "appVersion": null,
        "at": "2022-12-24 07:02:50",
        "content": "Great app. Needed an app to quickly create a resume under 30 mins for a job application and the app delivered. A small feedback. Took me a bit of time to find the generate resume button. It would be great if it could be added at the top of the form. Anyways overall amazing app.",
        "repliedAt": null,
        "replyContent": null,
        "reviewCreatedVersion": null,
        "reviewId": "5d70f020-433a-420e-8505-eaeb9d1e8fb9",
        "score": 5,
        "thumbsUpCount": 3,
        "userImage": "https://play-lh.googleusercontent.com/a/ACg8ocJKqzo0s1Id1ABkkQOw8xipcPkV9EvHts6oRgbLgbO9=mo",
        "userName": "Atharv Patil"
    }
]