[
    {
        "appVersion": "1.2",
        "at": "2023-05-12 22:06:26",
        "content": "First install. Looks pretty good.",
        "repliedAt": null,
        "replyContent": null,
        "reviewCreatedVersion": "1.2",
        "reviewId": "ef13e5d4-5092-4a32-8cba-47d2fe0a5d56",
        "score": 5,
        "thumbsUpCount": 1,
        "userImage": "https://play-lh.googleusercontent.com/a-/ALV-UjWKTIOb_lb5ATUe3URtvzvbVxwOEFyDqnT0CDeCGhaOeA",
        "userName": "Michael Sherk"
    },
    {
        "appVersion": "1.1",
        "at": "2023-03-24 22:10:12",
        "content": "I hope good working",
        "repliedAt": null,
        "replyContent": null,
        "reviewCreatedVersion": "1.1",
        "reviewId": "5fc01f1d-dcf6-44e0-810f-96b635077bd7",
        "score": 4,
        "thumbsUpCount": 1,
        "userImage": "https://play-lh.googleusercontent.com/a-/ALV-UjVCRiQxKiQcR-0JPKgDEvQ4Mwjljrkw_Y_izQU2p3tIu1M",
        "userName": "faisal Shah"
    }
]