[
    {
        "appVersion": "1.0.0",
        "at": "2023-10-06 09:53:14",
        "content": "Ok",
        "repliedAt": null,
        "replyContent": null,
        "reviewCreatedVersion": "1.0.0",
        "reviewId": "c6e95008-ea1d-4dac-a92f-d919c237ba0f",
        "score": 5,
        "thumbsUpCount": 0,
        "userImage": "https://play-lh.googleusercontent.com/a-/ALV-UjWqXdwche6Nkqp9B8AP4EFo1_KSK16CT0FmHQ-XwE0Bkw",
        "userName": "Annuu b"
    },
    {
        "appVersion": "1.0.0",
        "at": "2023-09-25 11:10:13",
        "content": "\u0633\u064a\u0626",
        "repliedAt": null,
        "replyContent": null,
        "reviewCreatedVersion": "1.0.0",
        "reviewId": "0e6a5194-a7a9-42ab-bec1-d9787dcdcc96",
        "score": 1,
        "thumbsUpCount": 0,
        "userImage": "https://play-lh.googleusercontent.com/a-/ALV-UjUAnlRIzPLhvDxmfs7B9niYwa7zyaAAx8QQ0SyeZ2aIKg",
        "userName": "\u0627\u0644\u0646\u0647\u0627\u064a\u0647"
    },
    {
        "appVersion": "1.0.0",
        "at": "2023-06-09 03:39:02",
        "content": "Fantastic app with great tutorials I would have given 5 stars if you could customized it's speed of training to the individual level of catch up",
        "repliedAt": null,
        "replyContent": null,
        "reviewCreatedVersion": "1.0.0",
        "reviewId": "bc9d96c3-ec8c-42a6-9388-37db39032eb3",
        "score": 4,
        "thumbsUpCount": 1,
        "userImage": "https://play-lh.googleusercontent.com/a/ACg8ocJS7eQ08e08PPO9bjAqrlqJbG8Z8Iu7zx8Y41wJ3XEm=mo",
        "userName": "Burning Spear"
    },
    {
        "appVersion": null,
        "at": "2022-11-20 01:43:53",
        "content": "It is so nice",
        "repliedAt": null,
        "replyContent": null,
        "reviewCreatedVersion": null,
        "reviewId": "818faf90-e1c2-4eec-b287-17ecdfbc4ff1",
        "score": 4,
        "thumbsUpCount": 0,
        "userImage": "https://play-lh.googleusercontent.com/a-/ALV-UjUFeTV6sU-bcEIR5zNaB8m98_rNnKgs10f5gmjLulsctA",
        "userName": "kitavujja moses"
    },
    {
        "appVersion": "1.1",
        "at": "2022-09-11 08:58:00",
        "content": "Good Nice and clearly step by step instructions",
        "repliedAt": null,
        "replyContent": null,
        "reviewCreatedVersion": "1.1",
        "reviewId": "be478c02-3cbd-48c0-851d-ac4c9ea499d6",
        "score": 4,
        "thumbsUpCount": 2,
        "userImage": "https://play-lh.googleusercontent.com/a/ACg8ocK0lUN5FOIGmIOzcDAnSMvVTY6gzeY9EO6JpAj0V6c4=mo",
        "userName": "Gowtham KINGs"
    },
    {
        "appVersion": "1.1",
        "at": "2022-08-07 01:28:41",
        "content": "Great app if I had YouTube.\ud83d\ude41",
        "repliedAt": null,
        "replyContent": null,
        "reviewCreatedVersion": "1.1",
        "reviewId": "a63b0cdc-11cf-4408-a3a3-a4ca4ad89ed9",
        "score": 4,
        "thumbsUpCount": 1,
        "userImage": "https://play-lh.googleusercontent.com/a/ACg8ocIdYFYFoia2CiRi29wetTD_hh-MgXSyACFKxmBRdSYa=mo",
        "userName": "Paytton Lock"
    },
    {
        "appVersion": "1.1",
        "at": "2022-06-22 04:52:34",
        "content": "The video and the pictures make me feel good to fight some people who were trying to attacked me.",
        "repliedAt": null,
        "replyContent": null,
        "reviewCreatedVersion": "1.1",
        "reviewId": "bf9390d5-db70-4ba6-a6c5-9b1f812c5f18",
        "score": 5,
        "thumbsUpCount": 6,
        "userImage": "https://play-lh.googleusercontent.com/a/ACg8ocIVJOFIcHBU1fvPgInp6OGkg3qQjHjO7x4uKYVxy3UJ=mo",
        "userName": "Daniel Jonnes"
    },
    {
        "appVersion": "1.1",
        "at": "2022-05-31 12:12:14",
        "content": "Very good app",
        "repliedAt": null,
        "replyContent": null,
        "reviewCreatedVersion": "1.1",
        "reviewId": "e6893fb3-7e2f-4ce2-837e-df5bb37e4312",
        "score": 5,
        "thumbsUpCount": 0,
        "userImage": "https://play-lh.googleusercontent.com/a/ACg8ocKg7QTwn_26nd-FZfwrWbBztoS23tviDUVRxijSQkTx=mo",
        "userName": "Sunny 28"
    },
    {
        "appVersion": "1.1",
        "at": "2022-04-18 09:56:52",
        "content": "This is okay",
        "repliedAt": null,
        "replyContent": null,
        "reviewCreatedVersion": "1.1",
        "reviewId": "478fd5cc-00e0-41d8-8a87-422a42593b7a",
        "score": 5,
        "thumbsUpCount": 1,
        "userImage": "https://play-lh.googleusercontent.com/a/ACg8ocLmKIwWI2eHowApqd1KEGxMcUaZXMRazYY6bk-QU8ik=mo",
        "userName": "Angel love Bendanillo"
    },
    {
        "appVersion": "1.1",
        "at": "2022-04-14 00:10:26",
        "content": "This is fantastic app to learn kung fu\ud83d\udc4d\ud83d\udc4d\ud83d\udc4d\ud83d\udc4d\ud83d\udc4d\ud83d\udc4d\ud83d\udc4d\ud83d\udc4d\ud83d\udc4d\ud83d\udc4d\ud83d\udc4d\ud83d\udc4d\ud83d\udc4d\ud83d\udc4d\ud83d\udc4d\ud83d\udc4d\ud83d\udc4d\ud83d\udc4d\ud83d\udc4d\ud83d\udc4d\ud83d\udc4d\ud83d\udc4d\ud83d\udc4d\ud83d\udc4d\ud83d\udc4d\ud83d\udc4d\ud83d\udc4d\ud83d\udc4d\ud83d\udc4d\ud83d\udc4d\ud83d\udc4d\ud83d\udc4d\ud83d\udc4d\ud83d\udc4d\ud83d\udc4d\ud83d\udc4d\ud83d\udc4d\ud83d\udc4d\ud83d\udc4d\ud83d\udc4d\ud83d\udc4d\ud83d\udc4d\ud83d\udc4d\ud83d\udc4d\ud83d\udc4d\ud83d\udc4d\ud83d\udc4d\ud83d\udc4d\ud83d\udc4d\ud83d\udc4d\ud83d\udc4d\ud83d\udc4d\ud83d\udc4d\ud83d\udc4d\ud83d\udc4d\ud83d\udc4d\ud83d\udc4d\ud83d\udc4d\ud83d\udc4d\ud83d\udc4d\ud83d\udc4d\ud83d\udc4d\ud83d\udc4d\ud83d\udc4d\ud83d\udc4d\ud83d\udc4d\ud83d\udc4d\ud83d\udc4d\ud83d\udc4d\ud83d\udc4d\ud83d\udc4d\ud83d\udc4d\ud83d\udc4d\ud83d\udc4d\ud83d\udc4d\ud83d\udc4d\ud83d\udc4d\ud83d\udc4d\ud83d\udc4d\ud83d\udc4d\ud83d\udc4d",
        "repliedAt": null,
        "replyContent": null,
        "reviewCreatedVersion": "1.1",
        "reviewId": "11a2a443-c247-47ed-9b85-b50d9686d009",
        "score": 5,
        "thumbsUpCount": 4,
        "userImage": "https://play-lh.googleusercontent.com/a-/ALV-UjUB0XwfgADbFSHmPNhKQPpD2-0MNkka3N4TG6kvDhqDNw",
        "userName": "Chandu"
    },
    {
        "appVersion": "1.1",
        "at": "2020-07-31 03:24:44",
        "content": "Brilliant app",
        "repliedAt": null,
        "replyContent": null,
        "reviewCreatedVersion": "1.1",
        "reviewId": "bdcf5e38-cad3-47f8-828e-fc47911f9508",
        "score": 5,
        "thumbsUpCount": 1,
        "userImage": "https://play-lh.googleusercontent.com/a-/ALV-UjVRsBZfczOVWomyBLFqRqkQbj5-BJ-xUE66C0-7Iej9Pg",
        "userName": "Ashutosh Singh"
    },
    {
        "appVersion": "1.1",
        "at": "2020-06-01 07:10:15",
        "content": "I dont tell nothing bad about this app. I will tell You thanks for create it.",
        "repliedAt": null,
        "replyContent": null,
        "reviewCreatedVersion": "1.1",
        "reviewId": "4d3a7661-6933-4de7-bf45-7f6060d9ba6f",
        "score": 5,
        "thumbsUpCount": 13,
        "userImage": "https://play-lh.googleusercontent.com/a-/ALV-UjU7A3KWoNnZwNFj7W0tjC2CbytTekmdep0QBhI7sKsuDFk",
        "userName": "Geovany Hernandez"
    },
    {
        "appVersion": "1.1",
        "at": "2020-05-01 06:37:42",
        "content": "So nice",
        "repliedAt": null,
        "replyContent": null,
        "reviewCreatedVersion": "1.1",
        "reviewId": "553351d2-96b0-4b09-adaa-67253b8639d4",
        "score": 5,
        "thumbsUpCount": 1,
        "userImage": "https://play-lh.googleusercontent.com/a/ACg8ocLJPrkh34RfW6oiPFOCDd38WQYLN9YKjkaiw-8xOb5T=mo",
        "userName": "Abdur Rehman"
    },
    {
        "appVersion": "1.1",
        "at": "2020-04-25 16:05:14",
        "content": "Loved",
        "repliedAt": null,
        "replyContent": null,
        "reviewCreatedVersion": "1.1",
        "reviewId": "8e189793-2ddb-4208-8c92-e20c3f3ff63a",
        "score": 5,
        "thumbsUpCount": 6,
        "userImage": "https://play-lh.googleusercontent.com/EGemoI2NTXmTsBVtJqk8jxF9rh8ApRWfsIMQSt2uE4OcpQqbFu7f7NbTK05lx80nuSijCz7sc3a277R67g",
        "userName": "A Google user"
    },
    {
        "appVersion": null,
        "at": "2020-04-20 00:03:11",
        "content": "Better use google and youtube.",
        "repliedAt": null,
        "replyContent": null,
        "reviewCreatedVersion": null,
        "reviewId": "32a0b6ff-7440-4668-a25a-4ead8edea35f",
        "score": 1,
        "thumbsUpCount": 9,
        "userImage": "https://play-lh.googleusercontent.com/EGemoI2NTXmTsBVtJqk8jxF9rh8ApRWfsIMQSt2uE4OcpQqbFu7f7NbTK05lx80nuSijCz7sc3a277R67g",
        "userName": "A Google user"
    },
    {
        "appVersion": "1.1",
        "at": "2019-03-14 13:16:02",
        "content": "Nice, very good to learn from you...",
        "repliedAt": null,
        "replyContent": null,
        "reviewCreatedVersion": "1.1",
        "reviewId": "17faac61-a223-4946-8b85-3f1b819d880c",
        "score": 5,
        "thumbsUpCount": 34,
        "userImage": "https://play-lh.googleusercontent.com/EGemoI2NTXmTsBVtJqk8jxF9rh8ApRWfsIMQSt2uE4OcpQqbFu7f7NbTK05lx80nuSijCz7sc3a277R67g",
        "userName": "A Google user"
    },
    {
        "appVersion": "1.1",
        "at": "2018-12-17 10:01:45",
        "content": "Good",
        "repliedAt": null,
        "replyContent": null,
        "reviewCreatedVersion": "1.1",
        "reviewId": "753ba9c8-53bf-4725-88f8-f3801a659aca",
        "score": 5,
        "thumbsUpCount": 3,
        "userImage": "https://play-lh.googleusercontent.com/EGemoI2NTXmTsBVtJqk8jxF9rh8ApRWfsIMQSt2uE4OcpQqbFu7f7NbTK05lx80nuSijCz7sc3a277R67g",
        "userName": "A Google user"
    },
    {
        "appVersion": "1.1",
        "at": "2018-08-04 07:53:09",
        "content": "So good",
        "repliedAt": null,
        "replyContent": null,
        "reviewCreatedVersion": "1.1",
        "reviewId": "de1986fa-aaee-4537-9db6-d6df3266ed5a",
        "score": 5,
        "thumbsUpCount": 15,
        "userImage": "https://play-lh.googleusercontent.com/EGemoI2NTXmTsBVtJqk8jxF9rh8ApRWfsIMQSt2uE4OcpQqbFu7f7NbTK05lx80nuSijCz7sc3a277R67g",
        "userName": "A Google user"
    },
    {
        "appVersion": null,
        "at": "2018-07-03 12:20:45",
        "content": "Nice",
        "repliedAt": null,
        "replyContent": null,
        "reviewCreatedVersion": null,
        "reviewId": "ad5a9688-d03a-4b69-b3ba-2f1f2716a389",
        "score": 5,
        "thumbsUpCount": 3,
        "userImage": "https://play-lh.googleusercontent.com/EGemoI2NTXmTsBVtJqk8jxF9rh8ApRWfsIMQSt2uE4OcpQqbFu7f7NbTK05lx80nuSijCz7sc3a277R67g",
        "userName": "A Google user"
    },
    {
        "appVersion": "1.1",
        "at": "2018-06-29 13:20:49",
        "content": "Don't install",
        "repliedAt": null,
        "replyContent": null,
        "reviewCreatedVersion": "1.1",
        "reviewId": "bfd4d15e-8de5-4097-8177-e8b36f5c1893",
        "score": 1,
        "thumbsUpCount": 15,
        "userImage": "https://play-lh.googleusercontent.com/EGemoI2NTXmTsBVtJqk8jxF9rh8ApRWfsIMQSt2uE4OcpQqbFu7f7NbTK05lx80nuSijCz7sc3a277R67g",
        "userName": "A Google user"
    }
]