[
    {
        "appVersion": "1.3",
        "at": "2023-06-27 08:15:30",
        "content": "Best game ever",
        "repliedAt": null,
        "replyContent": null,
        "reviewCreatedVersion": "1.3",
        "reviewId": "1f8fbd29-e771-4826-a72f-f486d0d52151",
        "score": 5,
        "thumbsUpCount": 0,
        "userImage": "https://play-lh.googleusercontent.com/a/ACg8ocJYjwV_IVo5jH88hmsGxjeBFd7gEhRrN5WtHBRP_GZ_=mo",
        "userName": "Ashley Trumbauer"
    },
    {
        "appVersion": "1.3",
        "at": "2023-04-30 07:39:13",
        "content": "I loved I but after completing the living room bathroom kitchen and bed I can find the next room",
        "repliedAt": null,
        "replyContent": null,
        "reviewCreatedVersion": "1.3",
        "reviewId": "1f5b677d-7479-4a8f-a90c-664e3e6f6333",
        "score": 4,
        "thumbsUpCount": 1,
        "userImage": "https://play-lh.googleusercontent.com/a-/ALV-UjXZC-Za8da1Z8Hj8z8-Ebr54ZJbmpYXSayvtQYhb93q76Jg",
        "userName": "Teresa Young"
    },
    {
        "appVersion": "1.3",
        "at": "2023-04-08 18:31:22",
        "content": "The first house only has a living room, bathroom, bedroom, and kitchen. But it won't let me advance to the next house because there are still unpacked boxes. It keeps saying unlock the next room, but there is no room left to unlock. What's the problem?",
        "repliedAt": null,
        "replyContent": null,
        "reviewCreatedVersion": "1.3",
        "reviewId": "baf688f1-7a5d-48f4-bc86-630922698287",
        "score": 4,
        "thumbsUpCount": 0,
        "userImage": "https://play-lh.googleusercontent.com/a/ACg8ocIftwbfIJtRgwX09UZ8MjVRNgYllXuZ8nK1bOqe7P4a=mo",
        "userName": "Lee French"
    },
    {
        "appVersion": "1.3",
        "at": "2022-12-28 23:31:29",
        "content": "The game could be better. After you finish the 4 rooms on the first house it says you need to unlock the next room, but there aren't anymore rooms in the first house. Can't move on from that. Even has boxes for rooms but no other room. Please fix!!!!",
        "repliedAt": null,
        "replyContent": null,
        "reviewCreatedVersion": "1.3",
        "reviewId": "21f9d3ed-b4d4-4c2b-96da-cdb39d427983",
        "score": 1,
        "thumbsUpCount": 0,
        "userImage": "https://play-lh.googleusercontent.com/a/ACg8ocKFVPxsfhkTAMpRJKpwAqDZeN_UgQCrupBjLb3t0Kik=mo",
        "userName": "Ashley-Sue Eagleson"
    },
    {
        "appVersion": "1.3",
        "at": "2022-12-11 22:26:10",
        "content": "Rikki Zane Sophia Nate my squad wiggles Christmas \u26c4\ud83c\udf84",
        "repliedAt": null,
        "replyContent": null,
        "reviewCreatedVersion": "1.3",
        "reviewId": "fb36cb1c-8566-4435-aa7e-a4d56d64b438",
        "score": 5,
        "thumbsUpCount": 0,
        "userImage": "https://play-lh.googleusercontent.com/EGemoI2NTXmTsBVtJqk8jxF9rh8ApRWfsIMQSt2uE4OcpQqbFu7f7NbTK05lx80nuSijCz7sc3a277R67g",
        "userName": "A Google user"
    }
]