[
    {
        "appVersion": "1.3.2",
        "at": "2023-04-21 09:46:39",
        "content": "cool",
        "repliedAt": "2023-04-22 03:12:06",
        "replyContent": "Thank you for your review. Enjoy the app :) If you have any feedback or suggestion, you could write to us at vorevo.apps@gmail.com. We would love to hear from you!",
        "reviewCreatedVersion": "1.3.2",
        "reviewId": "5a838647-a39c-484b-843a-5cc35d6b48c1",
        "score": 5,
        "thumbsUpCount": 0,
        "userImage": "https://play-lh.googleusercontent.com/a/ACg8ocKJ3OrLb9A1YJ5YJTeK_xkTEOZIElC3nL_i0JG0WRu-=mo",
        "userName": "irmuun irmuun"
    }
]