[
    {
        "appVersion": "1.12",
        "at": "2023-08-29 21:20:30",
        "content": "Great and easy app.",
        "repliedAt": null,
        "replyContent": null,
        "reviewCreatedVersion": "1.12",
        "reviewId": "4164b8bb-084b-40eb-bab1-3714e3e23ded",
        "score": 5,
        "thumbsUpCount": 0,
        "userImage": "https://play-lh.googleusercontent.com/a-/ALV-UjVq9PL0rGT0JfoP0Lkxwa8ZIb3ETCYpgySqEiaKhFBy",
        "userName": "Ricky Caldwell"
    },
    {
        "appVersion": "1.7",
        "at": "2023-05-10 11:09:56",
        "content": "Fun",
        "repliedAt": null,
        "replyContent": null,
        "reviewCreatedVersion": "1.7",
        "reviewId": "809e90b4-9815-4828-a6ff-49182261354c",
        "score": 5,
        "thumbsUpCount": 0,
        "userImage": "https://play-lh.googleusercontent.com/a-/ALV-UjX7T36XR1-pxAtCF30yzZ41VSNy2tCZjqKrdxcBmvKg0Fk",
        "userName": "Justin Reddick"
    },
    {
        "appVersion": "1.7",
        "at": "2023-04-21 17:06:36",
        "content": "Colors are not likeable,and same colors available for all pictures.",
        "repliedAt": null,
        "replyContent": null,
        "reviewCreatedVersion": "1.7",
        "reviewId": "a0066d3d-d14b-41a4-8943-db1f16fae829",
        "score": 3,
        "thumbsUpCount": 0,
        "userImage": "https://play-lh.googleusercontent.com/a/ACg8ocLYHy7eT3jQTrkO-2ZXefKO6ggHhBYl_DJIE-eMukzF=mo",
        "userName": "Ronald Hartland"
    },
    {
        "appVersion": "1.7",
        "at": "2023-04-16 17:42:40",
        "content": "Wow",
        "repliedAt": null,
        "replyContent": null,
        "reviewCreatedVersion": "1.7",
        "reviewId": "a1b91289-de74-4f5c-8f18-00b9f91d6e9c",
        "score": 4,
        "thumbsUpCount": 0,
        "userImage": "https://play-lh.googleusercontent.com/a-/ALV-UjXD9GM4x6_1kAXhgOK8YOUBhhy29oBa_lafSAkP1KQoNgs",
        "userName": "Rusty Velting"
    },
    {
        "appVersion": "1.7",
        "at": "2023-02-26 01:18:21",
        "content": "Good.",
        "repliedAt": null,
        "replyContent": null,
        "reviewCreatedVersion": "1.7",
        "reviewId": "b3cb6a91-6b2b-42f0-a733-8af8d9277eab",
        "score": 5,
        "thumbsUpCount": 0,
        "userImage": "https://play-lh.googleusercontent.com/a/ACg8ocKlh2uQTDlWhbPRoUJSz08xosT3Uc_2iXQDER-MZKub=mo",
        "userName": "Noe Cherity"
    },
    {
        "appVersion": "1.3",
        "at": "2022-09-26 22:08:20",
        "content": "I like it",
        "repliedAt": null,
        "replyContent": null,
        "reviewCreatedVersion": "1.3",
        "reviewId": "b8e7fa56-9527-45d0-bb47-f4925912fd83",
        "score": 5,
        "thumbsUpCount": 0,
        "userImage": "https://play-lh.googleusercontent.com/a-/ALV-UjW2jyTB_Rk6VQ1PEwqnSfb285yGo6wG1fyY3IZL-J9tMdM",
        "userName": "William Draube"
    },
    {
        "appVersion": "1.3",
        "at": "2022-02-22 18:56:01",
        "content": "Its All good.",
        "repliedAt": null,
        "replyContent": null,
        "reviewCreatedVersion": "1.3",
        "reviewId": "80115aa4-87f4-446e-af4d-a2c13e34fd5f",
        "score": 5,
        "thumbsUpCount": 0,
        "userImage": "https://play-lh.googleusercontent.com/a/ACg8ocKhKMXgGnIW4hThuaD9vt9CkSDW855R_WDj9eyN-ntR=mo",
        "userName": "Shelly Shepherd"
    },
    {
        "appVersion": null,
        "at": "2021-04-19 19:07:13",
        "content": "Just",
        "repliedAt": null,
        "replyContent": null,
        "reviewCreatedVersion": null,
        "reviewId": "0b216c6b-aa07-4208-9e62-18615ecd435c",
        "score": 5,
        "thumbsUpCount": 0,
        "userImage": "https://play-lh.googleusercontent.com/a-/ALV-UjVBz-_PMc8uh5AHiW4L7u5LuQO7LHUOyVYlhCuUvJOvLr8p",
        "userName": "Holly Atkinson"
    },
    {
        "appVersion": null,
        "at": "2021-04-14 16:22:06",
        "content": "Please come back",
        "repliedAt": null,
        "replyContent": null,
        "reviewCreatedVersion": null,
        "reviewId": "d90d5fb6-fe14-4a00-8f92-a3a5e9598de3",
        "score": 5,
        "thumbsUpCount": 0,
        "userImage": "https://play-lh.googleusercontent.com/a-/ALV-UjX5rC1GpBC6GBNIIGy5GrjuorXfNpL0Ni3dMeInkZmHZ_w",
        "userName": "James Warton"
    },
    {
        "appVersion": null,
        "at": "2021-04-03 12:35:08",
        "content": "Kids game",
        "repliedAt": null,
        "replyContent": null,
        "reviewCreatedVersion": null,
        "reviewId": "a9e1eb65-25d5-469b-bee7-4dee544d0e3a",
        "score": 2,
        "thumbsUpCount": 0,
        "userImage": "https://play-lh.googleusercontent.com/a/ACg8ocI29UdmMuuW1IAQb0qOZDeke_KSo5p948pTtg0RAkRX=mo",
        "userName": "Harry Guzaliak"
    },
    {
        "appVersion": "1.3",
        "at": "2021-02-20 19:00:20",
        "content": "I love the app because of the cars but I don't like the adds",
        "repliedAt": null,
        "replyContent": null,
        "reviewCreatedVersion": "1.3",
        "reviewId": "432bd13e-b2b8-4085-83cc-541117f33fd4",
        "score": 5,
        "thumbsUpCount": 7,
        "userImage": "https://play-lh.googleusercontent.com/a-/ALV-UjWNIG92YpbwgvsiZxqsvxuXfstf6-xgLohISaJRC3aYxEs",
        "userName": "Dalton Hodgins"
    },
    {
        "appVersion": "1.3",
        "at": "2021-02-19 16:23:26",
        "content": "The games is good",
        "repliedAt": null,
        "replyContent": null,
        "reviewCreatedVersion": "1.3",
        "reviewId": "9d3f8679-6f05-46c5-af81-c10982c82f18",
        "score": 5,
        "thumbsUpCount": 2,
        "userImage": "https://play-lh.googleusercontent.com/a-/ALV-UjVwTrLr4iD-AqLTixilBl0PBMVNDSdIyeqUedVk67WYITg",
        "userName": "Hulk Garcia"
    },
    {
        "appVersion": "1.3",
        "at": "2021-02-15 11:55:25",
        "content": "To much glitter",
        "repliedAt": null,
        "replyContent": null,
        "reviewCreatedVersion": "1.3",
        "reviewId": "e58caead-632e-46d2-be74-07060e079a25",
        "score": 3,
        "thumbsUpCount": 0,
        "userImage": "https://play-lh.googleusercontent.com/a-/ALV-UjXGh993HeX49OpHLm6G-JrFppA1hVR2fbDA4wzWj2XYIYw",
        "userName": "Larry Lopez Sr."
    },
    {
        "appVersion": "1.3",
        "at": "2021-02-05 17:13:11",
        "content": "Fun game to play.",
        "repliedAt": null,
        "replyContent": null,
        "reviewCreatedVersion": "1.3",
        "reviewId": "d1d1be52-bf65-4821-a7af-e92eb0886368",
        "score": 5,
        "thumbsUpCount": 2,
        "userImage": "https://play-lh.googleusercontent.com/a/ACg8ocKWwRzzTveVYKKVfZ_PgihIwrcRKH1mDJYnE0xaD15O=mo",
        "userName": "Stacy Bowen"
    },
    {
        "appVersion": "1.3",
        "at": "2021-01-23 01:04:19",
        "content": "Dont like it",
        "repliedAt": null,
        "replyContent": null,
        "reviewCreatedVersion": "1.3",
        "reviewId": "7a8f40df-780d-4c2c-9eca-602453598e99",
        "score": 1,
        "thumbsUpCount": 0,
        "userImage": "https://play-lh.googleusercontent.com/a/ACg8ocJOpQMnktrsCkBpfPovKS76OglBXXjAuCCMcxbAtTp9=mo",
        "userName": "Jesse Dennison"
    },
    {
        "appVersion": "1.2",
        "at": "2020-12-16 00:37:57",
        "content": "Add for kids under 8 yrs old",
        "repliedAt": null,
        "replyContent": null,
        "reviewCreatedVersion": "1.2",
        "reviewId": "f8041376-759d-4cfe-87aa-adf78314d1de",
        "score": 1,
        "thumbsUpCount": 12,
        "userImage": "https://play-lh.googleusercontent.com/a/ACg8ocKjBJThGifvbZVWwjNvK9oq6Wkva1xZdof2CsfvSWMH=mo",
        "userName": "Sherrie Alicie"
    },
    {
        "appVersion": "1.1",
        "at": "2020-11-16 07:07:37",
        "content": "Cool \ud83d\ude0e",
        "repliedAt": null,
        "replyContent": null,
        "reviewCreatedVersion": "1.1",
        "reviewId": "e243ead3-48ce-4e94-b7ac-de881c7a7d90",
        "score": 5,
        "thumbsUpCount": 3,
        "userImage": "https://play-lh.googleusercontent.com/a/ACg8ocJ4C413SViN89E51vhG96qybK0YeIEXZ0byuHrdGsl5=mo",
        "userName": "Cannon Cane"
    },
    {
        "appVersion": "1.1",
        "at": "2020-10-16 00:28:50",
        "content": "It's great",
        "repliedAt": null,
        "replyContent": null,
        "reviewCreatedVersion": "1.1",
        "reviewId": "afba0c5e-f619-4946-a6c5-cd7baa07f4a1",
        "score": 4,
        "thumbsUpCount": 21,
        "userImage": "https://play-lh.googleusercontent.com/a/ACg8ocKo_WXySpQGYvfHMp5fCZAB-da9EmuJYDLcRIJwA_dC=mo",
        "userName": "Marion Newman"
    },
    {
        "appVersion": "1.1",
        "at": "2020-10-08 02:15:12",
        "content": "Alex gandia 28",
        "repliedAt": null,
        "replyContent": null,
        "reviewCreatedVersion": "1.1",
        "reviewId": "a72da1db-5e6b-4c07-8303-edd3c8889a4e",
        "score": 5,
        "thumbsUpCount": 14,
        "userImage": "https://play-lh.googleusercontent.com/a/ACg8ocK9o8rYNfEXRkgwiOZw0AdZK7i1VqQG0Z531BqerrCy=mo",
        "userName": "Alex Gandia"
    },
    {
        "appVersion": null,
        "at": "2020-06-29 10:20:14",
        "content": "Very fun app me and my nephew loves it very much we we both enjoy and like this app very much",
        "repliedAt": null,
        "replyContent": null,
        "reviewCreatedVersion": null,
        "reviewId": "6b7c43f7-457a-4e98-9abc-c91794d70991",
        "score": 5,
        "thumbsUpCount": 19,
        "userImage": "https://play-lh.googleusercontent.com/a-/ALV-UjVq7d0cVvdkL_lfU7tucuMiIRQPPnO6ugFOqx7vCv3BpgQ",
        "userName": "Baba School of Facts - B.S.F"
    }
]