[
    {
        "appVersion": "1.0.1",
        "at": "2023-11-13 07:15:34",
        "content": "\u092e\u093e\u092e\u0942\u0928\u0939\u0928",
        "repliedAt": null,
        "replyContent": null,
        "reviewCreatedVersion": "1.0.1",
        "reviewId": "6bf74eb2-1ae3-4ea0-8d9b-86d680403f7f",
        "score": 1,
        "thumbsUpCount": 0,
        "userImage": "https://play-lh.googleusercontent.com/a/ACg8ocIgnk0oL5EtPQK2hcVJOkBIfbvl6b7ayoMn6wl9GUUM=mo",
        "userName": "Mamun khan"
    }
]