[
    {
        "appVersion": "1.0",
        "at": "2023-09-10 22:37:21",
        "content": "Good investment and earning apps",
        "repliedAt": null,
        "replyContent": null,
        "reviewCreatedVersion": "1.0",
        "reviewId": "4fac43d6-4c71-4eb5-b1b3-47c6874c2e93",
        "score": 5,
        "thumbsUpCount": 0,
        "userImage": "https://play-lh.googleusercontent.com/a/ACg8ocLXLoPGJpgfo207xokvbvHSCcXPCs6z6-xoIhqq_oZz=mo",
        "userName": "Masum Raja"
    },
    {
        "appVersion": "1.0",
        "at": "2023-01-22 15:28:52",
        "content": "Totally waste. I download in Play Store but app asking invite I'd. Why invite I'd? No one invite me.",
        "repliedAt": null,
        "replyContent": null,
        "reviewCreatedVersion": "1.0",
        "reviewId": "2ba27e7a-9cf9-4c7a-bd33-cce9949b3c6a",
        "score": 1,
        "thumbsUpCount": 0,
        "userImage": "https://play-lh.googleusercontent.com/a-/ALV-UjUGQvbevkTFzzgIZxCrrh7dU6jZNoZvs6LsT8RVrHPYLnxJ",
        "userName": "Ram Ram"
    },
    {
        "appVersion": null,
        "at": "2022-12-04 03:54:17",
        "content": "Is a profitable app",
        "repliedAt": null,
        "replyContent": null,
        "reviewCreatedVersion": null,
        "reviewId": "6ab42a1f-f8cb-498d-918d-b10d91eb8207",
        "score": 5,
        "thumbsUpCount": 0,
        "userImage": "https://play-lh.googleusercontent.com/a-/ALV-UjV88_Sv3mfvP_OZlYW_d-CKxTE9cQ7ff834v07RHPKK9Js",
        "userName": "KAWSAR ALI"
    },
    {
        "appVersion": null,
        "at": "2022-11-12 06:02:04",
        "content": "Good",
        "repliedAt": null,
        "replyContent": null,
        "reviewCreatedVersion": null,
        "reviewId": "64c72611-f1a2-49e6-959d-063c39c44662",
        "score": 5,
        "thumbsUpCount": 0,
        "userImage": "https://play-lh.googleusercontent.com/a/ACg8ocJUWdvz3_GVVFyFdSxvDE0LNxfTQ_ZUt8D7vLbEMkoT=mo",
        "userName": "Top Ten"
    },
    {
        "appVersion": "1.0",
        "at": "2022-10-28 14:22:03",
        "content": "Good",
        "repliedAt": null,
        "replyContent": null,
        "reviewCreatedVersion": "1.0",
        "reviewId": "2ecfd404-05a4-4379-9125-9c1befbe7cf5",
        "score": 5,
        "thumbsUpCount": 0,
        "userImage": "https://play-lh.googleusercontent.com/a/ACg8ocI13XgaDxx5mRXoRoaq6VWs8OuJVPhbbaXbdLEbQvWrsA=mo",
        "userName": "Asim Sk"
    },
    {
        "appVersion": null,
        "at": "2022-10-13 07:34:55",
        "content": "Best apps",
        "repliedAt": null,
        "replyContent": null,
        "reviewCreatedVersion": null,
        "reviewId": "6dc230dc-b372-44eb-a6b4-ec00403aff27",
        "score": 4,
        "thumbsUpCount": 0,
        "userImage": "https://play-lh.googleusercontent.com/a/ACg8ocITrKDZiuqlH2CD_2y0T1aA-smLQxELikLyIjG8ngRi=mo",
        "userName": "MD SELIUL"
    },
    {
        "appVersion": null,
        "at": "2022-10-13 01:14:17",
        "content": "Good income apps",
        "repliedAt": null,
        "replyContent": null,
        "reviewCreatedVersion": null,
        "reviewId": "8047136e-44cb-4360-b64b-7f2424ae28cf",
        "score": 4,
        "thumbsUpCount": 0,
        "userImage": "https://play-lh.googleusercontent.com/a/ACg8ocIlsbxS02sEr4bWgPRBlm7afGHjuJ7YrSn4ySx9rb8j=mo",
        "userName": "Toriku Slam"
    },
    {
        "appVersion": "1.0",
        "at": "2022-10-12 09:23:25",
        "content": "Good app",
        "repliedAt": null,
        "replyContent": null,
        "reviewCreatedVersion": "1.0",
        "reviewId": "2282ad0b-3fb6-4779-aadf-40b5c873f0b7",
        "score": 5,
        "thumbsUpCount": 0,
        "userImage": "https://play-lh.googleusercontent.com/a/ACg8ocJ3yapTjkCB1g8PLytB6TNE4ttQ4DK5GHWbui2ELIdu=mo",
        "userName": "Dildar Dildar ali"
    },
    {
        "appVersion": "1.0",
        "at": "2022-10-12 08:20:12",
        "content": "Good investment and earning app",
        "repliedAt": null,
        "replyContent": null,
        "reviewCreatedVersion": "1.0",
        "reviewId": "cf00d5ea-6eb3-4d13-b5be-4080e4b32a5d",
        "score": 5,
        "thumbsUpCount": 1,
        "userImage": "https://play-lh.googleusercontent.com/a-/ALV-UjVXGQzIe6xIJ4Q538lqpspCd9QP9TAA1-66EOiPQyet3NU",
        "userName": "Mahabub Alam"
    },
    {
        "appVersion": "1.0",
        "at": "2022-10-10 08:20:37",
        "content": "Good investment app",
        "repliedAt": null,
        "replyContent": null,
        "reviewCreatedVersion": "1.0",
        "reviewId": "c7f266a7-9a57-4f12-9ff5-04e501c7188d",
        "score": 5,
        "thumbsUpCount": 1,
        "userImage": "https://play-lh.googleusercontent.com/a/ACg8ocJZirosbM0P_FYd_8QRHhGxEzaXNd6S4BVY7HINolMM=mo",
        "userName": "Ukil Sk"
    }
]