[
    {
        "appVersion": "1.0.0",
        "at": "2023-05-07 13:31:19",
        "content": "Lots of information.",
        "repliedAt": null,
        "replyContent": null,
        "reviewCreatedVersion": "1.0.0",
        "reviewId": "b732d999-3501-4af6-a0dd-df9e1d852adc",
        "score": 5,
        "thumbsUpCount": 2,
        "userImage": "https://play-lh.googleusercontent.com/a/ACg8ocKB32dvK8ioGNVmry5ks_luw6BBSHvabOzdWNN2yejA=mo",
        "userName": "Eddie Blanco"
    },
    {
        "appVersion": null,
        "at": "2022-12-12 13:28:32",
        "content": "Good for people who want to learn sword fighting",
        "repliedAt": null,
        "replyContent": null,
        "reviewCreatedVersion": null,
        "reviewId": "a2cc2dbf-70fb-4672-9d93-091496ee4e47",
        "score": 5,
        "thumbsUpCount": 0,
        "userImage": "https://play-lh.googleusercontent.com/a/ACg8ocJcIhsdAoQnbeoh1u8KZghr2CF1QKFvyh3PJba9q_QU=mo",
        "userName": "Kulwinder Kaur"
    },
    {
        "appVersion": "1.1",
        "at": "2022-11-14 19:13:17",
        "content": "Help me learn how to use a katana properly.l",
        "repliedAt": null,
        "replyContent": null,
        "reviewCreatedVersion": "1.1",
        "reviewId": "86c7ffe0-7489-4af1-8356-2b60778c3a72",
        "score": 5,
        "thumbsUpCount": 0,
        "userImage": "https://play-lh.googleusercontent.com/a/ACg8ocIOV4-xEdlQ8GTdThRlBW1Vvvc_csnzr0nLzJ0kMsT0=mo",
        "userName": "tom hartley"
    },
    {
        "appVersion": "1.1",
        "at": "2022-08-19 13:42:14",
        "content": "Bad bad bad app",
        "repliedAt": null,
        "replyContent": null,
        "reviewCreatedVersion": "1.1",
        "reviewId": "613e2ebe-93ae-4c85-a88a-fb9ee75cedda",
        "score": 1,
        "thumbsUpCount": 0,
        "userImage": "https://play-lh.googleusercontent.com/a/ACg8ocIVu7MrkBsWdRGSbInpGAmwt5MOKZO3c2owuMOJ8NXZ=mo",
        "userName": "shon brener"
    },
    {
        "appVersion": "1.1",
        "at": "2022-03-23 10:36:19",
        "content": "Excellent app it's very insightful. I can't wait to begin practicing Akido with my wife!",
        "repliedAt": null,
        "replyContent": null,
        "reviewCreatedVersion": "1.1",
        "reviewId": "3dfd7c19-0f07-4314-8096-90f680fb7b77",
        "score": 5,
        "thumbsUpCount": 2,
        "userImage": "https://play-lh.googleusercontent.com/a-/ALV-UjVYkSzeOzLImSVNcAAXWQ7jn0tAeF3gTM8u6Gi8_TkDoA",
        "userName": "Marvin Austin"
    },
    {
        "appVersion": "1.1",
        "at": "2022-03-15 09:30:56",
        "content": "Waste",
        "repliedAt": null,
        "replyContent": null,
        "reviewCreatedVersion": "1.1",
        "reviewId": "bd99a5ad-3f16-4b32-9530-0f55a6d30de6",
        "score": 1,
        "thumbsUpCount": 0,
        "userImage": "https://play-lh.googleusercontent.com/a-/ALV-UjUct4RPEfCbM5aMBHDieYiXMU9yCeQ099m5KwsperW7VA",
        "userName": "ADNAN SAWOOD"
    },
    {
        "appVersion": null,
        "at": "2022-02-14 11:49:47",
        "content": "Thks guys, sincerely -Zato-Cubby \ud83d\ude48\ud83d\udc68\u200d\ud83e\uddaf\ud83e\udd77\ud83d\udde1",
        "repliedAt": null,
        "replyContent": null,
        "reviewCreatedVersion": null,
        "reviewId": "a4d16164-6d57-4a5f-b162-ba56a6a4eacb",
        "score": 5,
        "thumbsUpCount": 0,
        "userImage": "https://play-lh.googleusercontent.com/a/ACg8ocJk8l8dU63ivwceTrKWkk9j163QPeeXfU5BKIwzFJhD=mo",
        "userName": "jacob birch"
    },
    {
        "appVersion": "1.1",
        "at": "2022-02-12 05:18:18",
        "content": "\u0646\u0645\u06cc\u0627\u0631\u0647 \u06a9\u0635\u0634\u0631\u0647",
        "repliedAt": null,
        "replyContent": null,
        "reviewCreatedVersion": "1.1",
        "reviewId": "93c20edd-7678-40ac-9645-e2b18c1c2cf6",
        "score": 5,
        "thumbsUpCount": 0,
        "userImage": "https://play-lh.googleusercontent.com/a-/ALV-UjUHuf3STvT81mRSAyXaR5On9zFaBlGr3rcrwBdMEBwQMck",
        "userName": "Fatemeh Arzani"
    },
    {
        "appVersion": "1.1",
        "at": "2022-02-11 01:16:18",
        "content": "Excellent app",
        "repliedAt": null,
        "replyContent": null,
        "reviewCreatedVersion": "1.1",
        "reviewId": "2316dbdf-26ce-4ebd-a206-929143a1c922",
        "score": 5,
        "thumbsUpCount": 0,
        "userImage": "https://play-lh.googleusercontent.com/a-/ALV-UjX_18ohyzuDpeKQRa3g_2aieCK7fpKHwJbxOEno7Y51uug",
        "userName": "Hein Htet Naing"
    },
    {
        "appVersion": null,
        "at": "2022-02-04 11:38:03",
        "content": "\ud83d\udc4d\ud83d\udc4d\ud83d\udc4d\ud83d\udc4d",
        "repliedAt": null,
        "replyContent": null,
        "reviewCreatedVersion": null,
        "reviewId": "cf078450-a0cb-4cb4-b5ce-3d79cc228145",
        "score": 5,
        "thumbsUpCount": 0,
        "userImage": "https://play-lh.googleusercontent.com/a-/ALV-UjWBflR_XL9LV_jLFsEBZhHgbuXIrZ4xL9Ve3phipf1rtQ",
        "userName": "imran Gharwal"
    },
    {
        "appVersion": "1.1",
        "at": "2022-01-20 21:53:02",
        "content": "Vary good to learn from I can say that I love this one",
        "repliedAt": null,
        "replyContent": null,
        "reviewCreatedVersion": "1.1",
        "reviewId": "2709fec0-4be4-4591-9356-4a5f6aae8a66",
        "score": 5,
        "thumbsUpCount": 0,
        "userImage": "https://play-lh.googleusercontent.com/a/ACg8ocIH2K72T52MSiGAhxFlaokkSalINK46jTZNjD5EkZ9I=mo",
        "userName": "kenny salmon"
    },
    {
        "appVersion": null,
        "at": "2021-12-17 05:56:45",
        "content": "Good",
        "repliedAt": null,
        "replyContent": null,
        "reviewCreatedVersion": null,
        "reviewId": "a699e58e-14fe-4004-b649-a159814ad1f7",
        "score": 1,
        "thumbsUpCount": 0,
        "userImage": "https://play-lh.googleusercontent.com/a/ACg8ocJWZSJmYmmUD1_LsOkvTnrFG4hHti-Yrz88IFWYgpc3=mo",
        "userName": "Yetunde Dirisu"
    },
    {
        "appVersion": "1.1",
        "at": "2021-09-13 00:13:34",
        "content": "Its not good for people trying to learn you can learn more from random youtube videos than you can from this terrible teacher and if you have watched about 5-6 videos on katans you already know more than anything this can teach you",
        "repliedAt": null,
        "replyContent": null,
        "reviewCreatedVersion": "1.1",
        "reviewId": "9c6e683d-ba38-48c3-b0ff-5fd6fb90f641",
        "score": 1,
        "thumbsUpCount": 19,
        "userImage": "https://play-lh.googleusercontent.com/a/ACg8ocIH7fqhsb_Emh_PvMXe6D1i7NnhNrQkwhXoxE0W_P7m=mo",
        "userName": "Damon amazeen"
    },
    {
        "appVersion": "1.1",
        "at": "2021-08-31 11:04:52",
        "content": "This app helped me kick some butt",
        "repliedAt": null,
        "replyContent": null,
        "reviewCreatedVersion": "1.1",
        "reviewId": "1069c5f1-b761-441b-8d0e-eb495af9226f",
        "score": 5,
        "thumbsUpCount": 0,
        "userImage": "https://play-lh.googleusercontent.com/a-/ALV-UjVa-dQxZ8Co9Fo8u0IAc9Mo3w-jYwXufsCZoRapltnrdQ",
        "userName": "Sara Ali Khan"
    },
    {
        "appVersion": "1.1",
        "at": "2021-08-29 06:23:05",
        "content": "This app is great for a newbie such as me their's helpfull tip and history about this amazing art.I recommend if you are just starting.",
        "repliedAt": null,
        "replyContent": null,
        "reviewCreatedVersion": "1.1",
        "reviewId": "c40d4816-4413-4991-bb8a-3cfad3ed8e82",
        "score": 5,
        "thumbsUpCount": 14,
        "userImage": "https://play-lh.googleusercontent.com/a/ACg8ocIr6y7E8CVLvtprRDdfAw21Y5HuqsxDzST01b5OV0YW=mo",
        "userName": "Antwon Clemons"
    },
    {
        "appVersion": "1.1",
        "at": "2021-07-27 13:21:13",
        "content": "Not so good",
        "repliedAt": null,
        "replyContent": null,
        "reviewCreatedVersion": "1.1",
        "reviewId": "bb9b0fee-3ce8-4047-8cef-850d1554a5d4",
        "score": 2,
        "thumbsUpCount": 0,
        "userImage": "https://play-lh.googleusercontent.com/a/ACg8ocKCG58Br-gW8L6WXfhXuCzP2r-t4YDwxC7NaEPGu26d=mo",
        "userName": "Sazzad HossainKhan"
    },
    {
        "appVersion": "1.1",
        "at": "2021-06-30 13:55:48",
        "content": "Good",
        "repliedAt": null,
        "replyContent": null,
        "reviewCreatedVersion": "1.1",
        "reviewId": "5b94c3ff-9bed-4045-bbfe-22f69396ec64",
        "score": 4,
        "thumbsUpCount": 0,
        "userImage": "https://play-lh.googleusercontent.com/a-/ALV-UjUCI5aIvzOzGIc_Go4ftfvUKpbuOfTrTN_yFGCbtDKDKKk6",
        "userName": "mubrra Fatima"
    },
    {
        "appVersion": null,
        "at": "2021-06-05 05:55:06",
        "content": "Good apps",
        "repliedAt": null,
        "replyContent": null,
        "reviewCreatedVersion": null,
        "reviewId": "abb878de-f2df-4a9f-b356-04ca24cd4b68",
        "score": 5,
        "thumbsUpCount": 0,
        "userImage": "https://play-lh.googleusercontent.com/a-/ALV-UjWgCW6VxpW97YvB0eCF0dYG35zdK1RXYqLDcgD9P8ZC5w",
        "userName": "#Master Firdawss08"
    },
    {
        "appVersion": "1.1",
        "at": "2021-04-11 12:37:09",
        "content": "Good",
        "repliedAt": null,
        "replyContent": null,
        "reviewCreatedVersion": "1.1",
        "reviewId": "90f475dc-67be-4402-8da5-c2c1316c8440",
        "score": 5,
        "thumbsUpCount": 0,
        "userImage": "https://play-lh.googleusercontent.com/a-/ALV-UjWF7O2A35JuWRHJ8GkLmd1zbnr2BDovxKmMzTaxdUVtFmU",
        "userName": "Mariam Tchintcharadze"
    },
    {
        "appVersion": "1.1",
        "at": "2021-01-24 16:36:06",
        "content": "Good",
        "repliedAt": null,
        "replyContent": null,
        "reviewCreatedVersion": "1.1",
        "reviewId": "909a8663-a5b2-4f29-a3a4-f6e9512ea58a",
        "score": 5,
        "thumbsUpCount": 1,
        "userImage": "https://play-lh.googleusercontent.com/a/ACg8ocLwA70z2ykwmjI5i8V6_coDhgfNw0XvZTd6PwoHoVbj=mo",
        "userName": "ThanTun Aung"
    },
    {
        "appVersion": null,
        "at": "2021-01-03 14:41:23",
        "content": "Good",
        "repliedAt": null,
        "replyContent": null,
        "reviewCreatedVersion": null,
        "reviewId": "205ef9da-3f53-44cc-a252-3712b47e874f",
        "score": 5,
        "thumbsUpCount": 1,
        "userImage": "https://play-lh.googleusercontent.com/a-/ALV-UjUtjW0vE_FLk6emyNfbP3TuntckBqyilCmnU2Mqk92dUHk",
        "userName": "Min Wana"
    },
    {
        "appVersion": "1.1",
        "at": "2020-12-06 20:44:22",
        "content": "An excellent primer. As most ppl complain about the speed of the attacks they have taken into account that this is to teach the basics. Extremely helpful and instructive. I recommend",
        "repliedAt": null,
        "replyContent": null,
        "reviewCreatedVersion": "1.1",
        "reviewId": "346c532b-20c4-435d-b39e-88bf054c93d4",
        "score": 5,
        "thumbsUpCount": 35,
        "userImage": "https://play-lh.googleusercontent.com/a/ACg8ocKadyzgr8EiFCk8JHXXMwDBg6AucR3T5FnTqQWsOR9Z=mo",
        "userName": "Abdur Raqeeb"
    },
    {
        "appVersion": "1.1",
        "at": "2020-10-21 22:43:46",
        "content": "Bandwidth",
        "repliedAt": null,
        "replyContent": null,
        "reviewCreatedVersion": "1.1",
        "reviewId": "872e0d01-e6d6-4986-9fa7-accb7e87d4b9",
        "score": 1,
        "thumbsUpCount": 1,
        "userImage": "https://play-lh.googleusercontent.com/a-/ALV-UjX3jBexg5rHpDOvkFJ-KFfx_gzf9-z9TrLbRyMIt-o3Fp9t",
        "userName": "Max Matthews"
    },
    {
        "appVersion": "1.1",
        "at": "2020-10-18 01:58:29",
        "content": "It's grate I look forward to learning kenjutsu",
        "repliedAt": null,
        "replyContent": null,
        "reviewCreatedVersion": "1.1",
        "reviewId": "73a4bc73-084d-4cca-95dc-dd21b021555f",
        "score": 5,
        "thumbsUpCount": 2,
        "userImage": "https://play-lh.googleusercontent.com/a/ACg8ocJ24A_6K4FQKwh821TWkE1rDcdvlw9F9Um86W3kNZX5=mo",
        "userName": "Leam Frezell"
    },
    {
        "appVersion": "1.1",
        "at": "2020-09-24 23:16:52",
        "content": "this app ap is great because i learn many things on how to use katana.",
        "repliedAt": null,
        "replyContent": null,
        "reviewCreatedVersion": "1.1",
        "reviewId": "f19e2b0c-4570-4f37-8d62-eff228d1e7a5",
        "score": 5,
        "thumbsUpCount": 2,
        "userImage": "https://play-lh.googleusercontent.com/a/ACg8ocIoIuKGm9tu1kth-4DGZmPx5XGXBVTESidRW1wgpJzc=mo",
        "userName": "bernard belleza"
    },
    {
        "appVersion": "1.1",
        "at": "2020-09-18 17:21:29",
        "content": "All it told me was the dual wielding. After that it's not really good",
        "repliedAt": null,
        "replyContent": null,
        "reviewCreatedVersion": "1.1",
        "reviewId": "24f8453d-1613-48b0-b15d-95c18f7803c9",
        "score": 1,
        "thumbsUpCount": 2,
        "userImage": "https://play-lh.googleusercontent.com/a-/ALV-UjVn30wA56fAF3Dlq3JOUPk_zpOm7TsfAoJMaAIFXyiixXU",
        "userName": "Dan"
    },
    {
        "appVersion": "1.1",
        "at": "2020-09-06 06:30:04",
        "content": "I love this",
        "repliedAt": null,
        "replyContent": null,
        "reviewCreatedVersion": "1.1",
        "reviewId": "21e3c8f3-64d9-4171-b3c7-a41dcabd251c",
        "score": 5,
        "thumbsUpCount": 1,
        "userImage": "https://play-lh.googleusercontent.com/a-/ALV-UjWyQsWjIvdxRlK_OIE7xkOqIMAUoZXiv7U_uMDax4xem-ho",
        "userName": "PhoenixGalaxy"
    },
    {
        "appVersion": "1.1",
        "at": "2020-08-15 15:18:23",
        "content": "Great infomation on how to use a katana. Helped me out a lot.",
        "repliedAt": null,
        "replyContent": null,
        "reviewCreatedVersion": "1.1",
        "reviewId": "1b979aef-c3a5-44c8-87b7-dc23b043022e",
        "score": 5,
        "thumbsUpCount": 6,
        "userImage": "https://play-lh.googleusercontent.com/a-/ALV-UjVPkDL4t5t_x6wk4pVxU00XSBEAEi1WvRGxenVVWGZ9bNw",
        "userName": "Morgan Mezzie"
    },
    {
        "appVersion": "1.1",
        "at": "2020-08-07 20:42:51",
        "content": "Short but helpful in video instructions",
        "repliedAt": null,
        "replyContent": null,
        "reviewCreatedVersion": "1.1",
        "reviewId": "48950f61-10b5-4bc7-a340-fac17866c177",
        "score": 4,
        "thumbsUpCount": 19,
        "userImage": "https://play-lh.googleusercontent.com/a/ACg8ocLfUc0YlDO9Vcr1n5bzzITssXuCbGZ5M-Zkre27rK6H=mo",
        "userName": "Gately Trials"
    },
    {
        "appVersion": "1.1",
        "at": "2020-04-26 02:39:55",
        "content": "This is perfect",
        "repliedAt": null,
        "replyContent": null,
        "reviewCreatedVersion": "1.1",
        "reviewId": "3eb68cd6-b102-4e6e-afed-f79368f42ed0",
        "score": 5,
        "thumbsUpCount": 2,
        "userImage": "https://play-lh.googleusercontent.com/EGemoI2NTXmTsBVtJqk8jxF9rh8ApRWfsIMQSt2uE4OcpQqbFu7f7NbTK05lx80nuSijCz7sc3a277R67g",
        "userName": "A Google user"
    },
    {
        "appVersion": "1.1",
        "at": "2020-04-15 07:49:15",
        "content": "Good up.",
        "repliedAt": null,
        "replyContent": null,
        "reviewCreatedVersion": "1.1",
        "reviewId": "bac437cf-e343-4cb9-9d5c-368fbefe96a5",
        "score": 3,
        "thumbsUpCount": 1,
        "userImage": "https://play-lh.googleusercontent.com/EGemoI2NTXmTsBVtJqk8jxF9rh8ApRWfsIMQSt2uE4OcpQqbFu7f7NbTK05lx80nuSijCz7sc3a277R67g",
        "userName": "A Google user"
    },
    {
        "appVersion": "1.1",
        "at": "2020-04-14 09:16:39",
        "content": "You are great",
        "repliedAt": null,
        "replyContent": null,
        "reviewCreatedVersion": "1.1",
        "reviewId": "2d6c6d95-a9a4-47aa-a75c-2a6fd5105ea2",
        "score": 5,
        "thumbsUpCount": 3,
        "userImage": "https://play-lh.googleusercontent.com/EGemoI2NTXmTsBVtJqk8jxF9rh8ApRWfsIMQSt2uE4OcpQqbFu7f7NbTK05lx80nuSijCz7sc3a277R67g",
        "userName": "A Google user"
    },
    {
        "appVersion": "1.1",
        "at": "2020-02-05 09:29:20",
        "content": "Nothing inside the app pl delete it",
        "repliedAt": null,
        "replyContent": null,
        "reviewCreatedVersion": "1.1",
        "reviewId": "70b0efff-9945-45d4-a033-1d75375f8efc",
        "score": 1,
        "thumbsUpCount": 1,
        "userImage": "https://play-lh.googleusercontent.com/EGemoI2NTXmTsBVtJqk8jxF9rh8ApRWfsIMQSt2uE4OcpQqbFu7f7NbTK05lx80nuSijCz7sc3a277R67g",
        "userName": "A Google user"
    },
    {
        "appVersion": null,
        "at": "2019-12-23 11:08:44",
        "content": "It sucks . F****** your app , b****",
        "repliedAt": null,
        "replyContent": null,
        "reviewCreatedVersion": null,
        "reviewId": "83f06e02-728f-4da1-a459-3da9041a2919",
        "score": 1,
        "thumbsUpCount": 2,
        "userImage": "https://play-lh.googleusercontent.com/EGemoI2NTXmTsBVtJqk8jxF9rh8ApRWfsIMQSt2uE4OcpQqbFu7f7NbTK05lx80nuSijCz7sc3a277R67g",
        "userName": "A Google user"
    },
    {
        "appVersion": "1.1",
        "at": "2019-09-17 05:03:55",
        "content": "I hope this is offline app.",
        "repliedAt": null,
        "replyContent": null,
        "reviewCreatedVersion": "1.1",
        "reviewId": "c0435988-1b74-4014-8e72-a94de161890a",
        "score": 1,
        "thumbsUpCount": 1,
        "userImage": "https://play-lh.googleusercontent.com/EGemoI2NTXmTsBVtJqk8jxF9rh8ApRWfsIMQSt2uE4OcpQqbFu7f7NbTK05lx80nuSijCz7sc3a277R67g",
        "userName": "A Google user"
    },
    {
        "appVersion": "1.1",
        "at": "2019-06-10 18:39:38",
        "content": "it teaches you how to fight",
        "repliedAt": null,
        "replyContent": null,
        "reviewCreatedVersion": "1.1",
        "reviewId": "4a25f1fc-9534-4224-95cd-e064adf2b3cb",
        "score": 5,
        "thumbsUpCount": 3,
        "userImage": "https://play-lh.googleusercontent.com/EGemoI2NTXmTsBVtJqk8jxF9rh8ApRWfsIMQSt2uE4OcpQqbFu7f7NbTK05lx80nuSijCz7sc3a277R67g",
        "userName": "A Google user"
    },
    {
        "appVersion": "1.1",
        "at": "2019-06-04 03:33:42",
        "content": "so far so good, everything works, the videos are on YouTube but that's ok. the general information and advice is good.",
        "repliedAt": null,
        "replyContent": null,
        "reviewCreatedVersion": "1.1",
        "reviewId": "2b557f43-32f8-4318-b106-745dcb27986c",
        "score": 4,
        "thumbsUpCount": 51,
        "userImage": "https://play-lh.googleusercontent.com/EGemoI2NTXmTsBVtJqk8jxF9rh8ApRWfsIMQSt2uE4OcpQqbFu7f7NbTK05lx80nuSijCz7sc3a277R67g",
        "userName": "A Google user"
    },
    {
        "appVersion": "1.1",
        "at": "2019-03-16 05:59:07",
        "content": "cool.",
        "repliedAt": null,
        "replyContent": null,
        "reviewCreatedVersion": "1.1",
        "reviewId": "2218741e-1a50-42ea-b6e7-5a1aa8e1586c",
        "score": 5,
        "thumbsUpCount": 1,
        "userImage": "https://play-lh.googleusercontent.com/EGemoI2NTXmTsBVtJqk8jxF9rh8ApRWfsIMQSt2uE4OcpQqbFu7f7NbTK05lx80nuSijCz7sc3a277R67g",
        "userName": "A Google user"
    },
    {
        "appVersion": "1.1",
        "at": "2018-09-18 00:59:38",
        "content": "Doesnt show videos just advice",
        "repliedAt": null,
        "replyContent": null,
        "reviewCreatedVersion": "1.1",
        "reviewId": "49ce1ca8-91c9-4ead-a44a-c22502fa826c",
        "score": 1,
        "thumbsUpCount": 24,
        "userImage": "https://play-lh.googleusercontent.com/EGemoI2NTXmTsBVtJqk8jxF9rh8ApRWfsIMQSt2uE4OcpQqbFu7f7NbTK05lx80nuSijCz7sc3a277R67g",
        "userName": "A Google user"
    },
    {
        "appVersion": null,
        "at": "2018-09-12 02:07:08",
        "content": "It us sucked",
        "repliedAt": null,
        "replyContent": null,
        "reviewCreatedVersion": null,
        "reviewId": "94c36370-e3d3-429d-9099-b89d84f490d0",
        "score": 5,
        "thumbsUpCount": 1,
        "userImage": "https://play-lh.googleusercontent.com/EGemoI2NTXmTsBVtJqk8jxF9rh8ApRWfsIMQSt2uE4OcpQqbFu7f7NbTK05lx80nuSijCz7sc3a277R67g",
        "userName": "A Google user"
    },
    {
        "appVersion": "1.0",
        "at": "2018-05-22 12:38:33",
        "content": "Too much ad. Not much to teach.",
        "repliedAt": null,
        "replyContent": null,
        "reviewCreatedVersion": "1.0",
        "reviewId": "113c1dc0-ab9e-44c1-b890-e904f1ddf952",
        "score": 1,
        "thumbsUpCount": 5,
        "userImage": "https://play-lh.googleusercontent.com/EGemoI2NTXmTsBVtJqk8jxF9rh8ApRWfsIMQSt2uE4OcpQqbFu7f7NbTK05lx80nuSijCz7sc3a277R67g",
        "userName": "A Google user"
    }
]