[
    {
        "appVersion": null,
        "at": "2023-05-29 00:15:02",
        "content": "wow it's brellint suit I never forget",
        "repliedAt": null,
        "replyContent": null,
        "reviewCreatedVersion": null,
        "reviewId": "252e8881-29ab-4be6-aaec-6c6921c61e24",
        "score": 5,
        "thumbsUpCount": 1,
        "userImage": "https://play-lh.googleusercontent.com/a/ACg8ocLeVg8W_peihdSwdNjbC-ivxcTe_DCRABEskGHQjDGJ=mo",
        "userName": "Tahseen Ulllah"
    },
    {
        "appVersion": null,
        "at": "2023-01-18 10:49:08",
        "content": "Cool",
        "repliedAt": null,
        "replyContent": null,
        "reviewCreatedVersion": null,
        "reviewId": "25539660-02a5-4883-9b1f-27daedc80522",
        "score": 5,
        "thumbsUpCount": 0,
        "userImage": "https://play-lh.googleusercontent.com/a-/ALV-UjVeoQ_8mkFIKTeLFNgQVtD9KHM6AhZfPXmWb7MeAaDeeA",
        "userName": "zeros street"
    }
]