[
    {
        "appVersion": null,
        "at": "2023-06-13 12:59:51",
        "content": "Love how relaxing it can be",
        "repliedAt": null,
        "replyContent": null,
        "reviewCreatedVersion": null,
        "reviewId": "1132dc2c-c6e1-4390-8904-138c2580b815",
        "score": 5,
        "thumbsUpCount": 0,
        "userImage": "https://play-lh.googleusercontent.com/a-/ALV-UjU8CBm1q3Sgo2ym74vxopCXSTcAkwknrEQbgsAUlHH-SB0",
        "userName": "Brittanie Chastine"
    },
    {
        "appVersion": "1.5",
        "at": "2022-10-28 07:54:54",
        "content": "nice and relaxing enjoyable easy and fun well done",
        "repliedAt": null,
        "replyContent": null,
        "reviewCreatedVersion": "1.5",
        "reviewId": "a8e284b9-de6a-4228-877c-c3f72bec6141",
        "score": 5,
        "thumbsUpCount": 0,
        "userImage": "https://play-lh.googleusercontent.com/a-/ALV-UjVygNvJzV8kPc6__QFVkqq55aPiYVcFevFySIkqysFXlA",
        "userName": "Mandy Wick"
    },
    {
        "appVersion": "1.5",
        "at": "2022-10-11 17:00:18",
        "content": "misleading this is colour by number, BU doesn't say that in the description. moving distracting banner ads AND ads before every image.",
        "repliedAt": null,
        "replyContent": null,
        "reviewCreatedVersion": "1.5",
        "reviewId": "5df37a6f-6245-4a0f-a4f1-b614d3213453",
        "score": 1,
        "thumbsUpCount": 0,
        "userImage": "https://play-lh.googleusercontent.com/a-/ALV-UjUPjt-LEwB2mutR-yNW4gR7sByd2Riao6aWxbhwLwzdUKI",
        "userName": "Devin Nocterum"
    },
    {
        "appVersion": "1.5",
        "at": "2022-09-29 12:40:27",
        "content": "Love love love. Just what I've been looking for.",
        "repliedAt": null,
        "replyContent": null,
        "reviewCreatedVersion": "1.5",
        "reviewId": "a9737b4c-5f96-4f11-b74e-d13c2b48676a",
        "score": 5,
        "thumbsUpCount": 0,
        "userImage": "https://play-lh.googleusercontent.com/a-/ALV-UjXrsexHxeYrGfc7Zt833YosD5vHTB9NrE0b-53oUY-2Pqs",
        "userName": "Alison Marie Booth"
    },
    {
        "appVersion": "1.5",
        "at": "2022-09-27 12:57:54",
        "content": "Everything's so girly there's nothing for boys",
        "repliedAt": null,
        "replyContent": null,
        "reviewCreatedVersion": "1.5",
        "reviewId": "645ee41d-12be-4fc6-9026-39b3c66a067c",
        "score": 1,
        "thumbsUpCount": 0,
        "userImage": "https://play-lh.googleusercontent.com/a-/ALV-UjXge6wCRR0bR0JmqErweu8bP5FUSWqILZzh8yanOrJ6nvnw",
        "userName": "LifeofBeauty K"
    },
    {
        "appVersion": null,
        "at": "2022-09-24 19:52:45",
        "content": "Love this app.",
        "repliedAt": null,
        "replyContent": null,
        "reviewCreatedVersion": null,
        "reviewId": "125f02f0-e4da-4884-89d1-302ec7d18c49",
        "score": 5,
        "thumbsUpCount": 0,
        "userImage": "https://play-lh.googleusercontent.com/a/ACg8ocLHyc8LVG_2vmkbJ-VJqaslHChnY6KDSlftVqH5xQqE=mo",
        "userName": "Christine Howard"
    },
    {
        "appVersion": "1.4",
        "at": "2022-09-19 17:53:14",
        "content": "Not a good color experience. No #s on each area except the one you are currently on. Very unresponsive. Sometimes even telling you an area is the correct color but won't let you click on it. Sometimes uncolors an area you just did. I give up. Uninstall",
        "repliedAt": null,
        "replyContent": null,
        "reviewCreatedVersion": "1.4",
        "reviewId": "3f93ba91-19d7-4140-8944-39953631d28a",
        "score": 1,
        "thumbsUpCount": 0,
        "userImage": "https://play-lh.googleusercontent.com/a-/ALV-UjV99cBGAZmFcp0DmHJQcwpLIBeoWFmvZsZL-CgzTaDz963T",
        "userName": "Lisa Miller"
    },
    {
        "appVersion": "1.4",
        "at": "2022-09-09 18:46:54",
        "content": "I do like it and hope to see more pictures soon.",
        "repliedAt": null,
        "replyContent": null,
        "reviewCreatedVersion": "1.4",
        "reviewId": "0f5ee778-dd80-4b56-933d-fd506b0f77cd",
        "score": 4,
        "thumbsUpCount": 0,
        "userImage": "https://play-lh.googleusercontent.com/a/ACg8ocIn5jj_Qbb2gKg7q6RG506bZ8JJdST2iHGE-BsW1Rxc=mo",
        "userName": "Pat Frankum"
    },
    {
        "appVersion": "1.4",
        "at": "2022-08-14 06:54:58",
        "content": "On the whole I love this but some of the colourings don't work properly on some of the pictures and it is quite frustrating",
        "repliedAt": null,
        "replyContent": null,
        "reviewCreatedVersion": "1.4",
        "reviewId": "958b35b9-ccd3-4683-bf52-2987851030ef",
        "score": 4,
        "thumbsUpCount": 0,
        "userImage": "https://play-lh.googleusercontent.com/a/ACg8ocIbaM8bVsSkeflH65LTRxOknVDXeQULN_kl__0PhtB-=mo",
        "userName": "niki-louise bunney"
    },
    {
        "appVersion": "1.4",
        "at": "2022-06-29 06:44:49",
        "content": "This is my way of my own halloween art and all of the previous pictures that i have created is going in to my halloween folder under the art section on my ipad and its a pleasure to create more cause i am going to make my own halloween picture book plus i have halloween photos to go in as well with my goosebumps and are you afraid of the dark and photos from last year's halloween party",
        "repliedAt": null,
        "replyContent": null,
        "reviewCreatedVersion": "1.4",
        "reviewId": "e74e1bcd-54ab-42b9-8d8e-50a828c28f39",
        "score": 5,
        "thumbsUpCount": 1,
        "userImage": "https://play-lh.googleusercontent.com/a/ACg8ocIGcBq5mxSS-ogvzUaUXWquDClzSABkSRxXwxRHoXUQ=mo",
        "userName": "Lindsay Sharpe"
    },
    {
        "appVersion": "1.4",
        "at": "2022-04-30 03:23:36",
        "content": "LisabethDixon Save",
        "repliedAt": null,
        "replyContent": null,
        "reviewCreatedVersion": "1.4",
        "reviewId": "20ab18e4-e0c0-4f88-a499-64ce0b7df88d",
        "score": 5,
        "thumbsUpCount": 0,
        "userImage": "https://play-lh.googleusercontent.com/a/ACg8ocKhiOcs3CCRORpNqHWr4jbTQMR-P6To6bHokO63uEz9=mo",
        "userName": "Lisabeth Dixon"
    },
    {
        "appVersion": null,
        "at": "2022-03-31 08:52:50",
        "content": "Liked",
        "repliedAt": null,
        "replyContent": null,
        "reviewCreatedVersion": null,
        "reviewId": "5ddbff79-2218-4a05-9ca4-38402e25dcdd",
        "score": 5,
        "thumbsUpCount": 0,
        "userImage": "https://play-lh.googleusercontent.com/a-/ALV-UjUPexljUYXwkEjRAyYQEa87VPF9tGuUOv6TKDd92WpItNY",
        "userName": "Monique Oakley"
    },
    {
        "appVersion": null,
        "at": "2022-03-20 16:19:40",
        "content": "Fun",
        "repliedAt": null,
        "replyContent": null,
        "reviewCreatedVersion": null,
        "reviewId": "861f1dc2-30d1-41cd-bea3-2c6b00b71eeb",
        "score": 5,
        "thumbsUpCount": 0,
        "userImage": "https://play-lh.googleusercontent.com/a-/ALV-UjUyYh3VbKfMhsg1M1NBFAK-8X0BZjkIQeNNnZLvoXAt1o0",
        "userName": "Emily Kidd"
    },
    {
        "appVersion": null,
        "at": "2022-01-14 19:03:09",
        "content": "A bit complicated but helps you brain stretch worth it",
        "repliedAt": null,
        "replyContent": null,
        "reviewCreatedVersion": null,
        "reviewId": "b1b50315-6514-4caa-a4dc-799c798b2b72",
        "score": 4,
        "thumbsUpCount": 0,
        "userImage": "https://play-lh.googleusercontent.com/a-/ALV-UjWXiJ72stkCo8RBM-5w2DG_PUaqJWQ5Pc91jMvRVD3jPlg",
        "userName": "Lorna Warren"
    },
    {
        "appVersion": null,
        "at": "2022-01-13 20:23:25",
        "content": "Very nice Halloween game",
        "repliedAt": null,
        "replyContent": null,
        "reviewCreatedVersion": null,
        "reviewId": "e4a7d192-6345-401f-804b-588757d60d65",
        "score": 5,
        "thumbsUpCount": 0,
        "userImage": "https://play-lh.googleusercontent.com/a-/ALV-UjWey5VKEEkDTUQviwRXE4KuI3RAHj-XNixg8Z9-gOnnUA",
        "userName": "Madyson Webb"
    },
    {
        "appVersion": "1.4",
        "at": "2021-10-27 20:06:24",
        "content": "Worse game ever you have to pay for a picture just to do it .pics are horrible and boring.",
        "repliedAt": null,
        "replyContent": null,
        "reviewCreatedVersion": "1.4",
        "reviewId": "0c25cda0-f465-4ad9-aa9b-38a73b3ab3f5",
        "score": 1,
        "thumbsUpCount": 2,
        "userImage": "https://play-lh.googleusercontent.com/a/ACg8ocK1Hp0BRYYH2YoD6Rj_s2Qgg_BqTJRW1Lg9ozaTKmT7=mo",
        "userName": "Grace Falconer"
    },
    {
        "appVersion": "1.4",
        "at": "2021-10-23 16:57:04",
        "content": "There were no pictures to color unless you paid for a premium to get them. False advertising. I'd give it minus stars if I could.",
        "repliedAt": null,
        "replyContent": null,
        "reviewCreatedVersion": "1.4",
        "reviewId": "c1c9536f-416c-471f-b7ea-9a7544b47259",
        "score": 1,
        "thumbsUpCount": 8,
        "userImage": "https://play-lh.googleusercontent.com/a/ACg8ocI1MO4LJ3twk-pVTKdjbNgx6OQx3xrJmu8KGzxs8hWk=mo",
        "userName": "teresa jeffries"
    },
    {
        "appVersion": "1.4",
        "at": "2021-10-17 01:41:18",
        "content": "It's just very calming it's great",
        "repliedAt": null,
        "replyContent": null,
        "reviewCreatedVersion": "1.4",
        "reviewId": "78a316c5-365e-4045-a1d8-6adc447b2c00",
        "score": 5,
        "thumbsUpCount": 1,
        "userImage": "https://play-lh.googleusercontent.com/a/ACg8ocKHNB6j33qFhA7disaHL2JQ8jcOV2jtuQpIv_IImiY9=mo",
        "userName": "Zachary Belanger-Mitakoun"
    },
    {
        "appVersion": "1.4",
        "at": "2021-10-16 23:19:02",
        "content": "Really enjoy it",
        "repliedAt": null,
        "replyContent": null,
        "reviewCreatedVersion": "1.4",
        "reviewId": "b7db6a8a-c60a-4e1c-84bc-b9babed91322",
        "score": 5,
        "thumbsUpCount": 0,
        "userImage": "https://play-lh.googleusercontent.com/a/ACg8ocJsQbfFlK0BlZow3mBMp1Xg6p3uVFp-0zRjL6c686pT=mo",
        "userName": "Vickie Francis"
    },
    {
        "appVersion": "1.4",
        "at": "2021-10-10 21:03:45",
        "content": "It ok. Want to be able have app for Halloween",
        "repliedAt": null,
        "replyContent": null,
        "reviewCreatedVersion": "1.4",
        "reviewId": "065c56d9-6575-4665-af08-416f9a8862b9",
        "score": 4,
        "thumbsUpCount": 0,
        "userImage": "https://play-lh.googleusercontent.com/a/ACg8ocJvdd5940TSkgJNoYe70lFrTeslulYPOimrnmcKFEvn=mo",
        "userName": "Ana L Velarde"
    },
    {
        "appVersion": "1.4",
        "at": "2021-10-07 20:19:43",
        "content": "I love this app game I love the pictures I love Halloween thank you",
        "repliedAt": null,
        "replyContent": null,
        "reviewCreatedVersion": "1.4",
        "reviewId": "d848165c-e054-4c26-b006-a6642267449c",
        "score": 5,
        "thumbsUpCount": 8,
        "userImage": "https://play-lh.googleusercontent.com/a-/ALV-UjVg-d65HlwJ6oWfuW5-aWMmpldX4-lXgs5FzCWbdXUt5Q",
        "userName": "Bryce Marcelli"
    },
    {
        "appVersion": "1.4",
        "at": "2021-09-27 19:40:43",
        "content": "Beautiful colors..bright pictures..easy to color..does not freeze.i would reccomend this app.",
        "repliedAt": null,
        "replyContent": null,
        "reviewCreatedVersion": "1.4",
        "reviewId": "ceed4fdc-a425-4a33-8d4d-1b7228340adb",
        "score": 5,
        "thumbsUpCount": 13,
        "userImage": "https://play-lh.googleusercontent.com/a-/ALV-UjXlu3WEmDs6dARoHYvXI5nJsbLclyVXnM9RhcgQjgsNp6vH",
        "userName": "Rhonda Tanner"
    },
    {
        "appVersion": "1.4",
        "at": "2021-09-15 11:25:07",
        "content": "Your game had nice pics but horrible r idle way to color them!!",
        "repliedAt": null,
        "replyContent": null,
        "reviewCreatedVersion": "1.4",
        "reviewId": "9d1354ed-79bb-40fb-b8a0-4324a4e898f8",
        "score": 1,
        "thumbsUpCount": 14,
        "userImage": "https://play-lh.googleusercontent.com/a-/ALV-UjWJomxHCzw589cU5TUYeC9iLi_AuFlA0jkoE6T9orECeA",
        "userName": "Colette Eberhart"
    },
    {
        "appVersion": "1.3",
        "at": "2021-09-14 02:46:15",
        "content": "Beautiful.",
        "repliedAt": null,
        "replyContent": null,
        "reviewCreatedVersion": "1.3",
        "reviewId": "430cf321-8fb6-400d-b323-6fda99e0e568",
        "score": 5,
        "thumbsUpCount": 0,
        "userImage": "https://play-lh.googleusercontent.com/a-/ALV-UjXIanci-nTl7uihCOUDz2IYKhaE36LsqAjMCKv9YYe71ZER",
        "userName": "Donna Snell"
    },
    {
        "appVersion": "1.3",
        "at": "2021-09-05 10:39:53",
        "content": "I recommend this game cuz it's really fun and I like it",
        "repliedAt": null,
        "replyContent": null,
        "reviewCreatedVersion": "1.3",
        "reviewId": "e83beca7-e61f-4a50-b797-fbc59d618e16",
        "score": 5,
        "thumbsUpCount": 1,
        "userImage": "https://play-lh.googleusercontent.com/a-/ALV-UjWyaidtHcqpd2qjzFjzGKIy79duDe5S-f5dAAL5n_3KJ7gO",
        "userName": "Jamie henderson"
    },
    {
        "appVersion": null,
        "at": "2021-06-23 19:46:23",
        "content": "It not working to download and add either with the new phone and the old phone",
        "repliedAt": null,
        "replyContent": null,
        "reviewCreatedVersion": null,
        "reviewId": "58085962-1e99-416d-bbb7-3fd427d7385a",
        "score": 1,
        "thumbsUpCount": 2,
        "userImage": "https://play-lh.googleusercontent.com/a/ACg8ocJt3MmrDst90jjpmNvFxl5Pc95mlGJq8h9ZbSeCURc0=mo",
        "userName": "Rosie Jones"
    },
    {
        "appVersion": "1.3",
        "at": "2021-02-05 12:52:11",
        "content": "I do color by number programs with my granddaughter. I'm 72, she's six. These have been some of the best graphics (quality) I've seen. My granddaughter and I both love these graphics. This is a fun time for my granddaughter and I and these graphics are the best to color!!",
        "repliedAt": null,
        "replyContent": null,
        "reviewCreatedVersion": "1.3",
        "reviewId": "931e841f-eccc-4738-b092-bf653ce6b03b",
        "score": 5,
        "thumbsUpCount": 7,
        "userImage": "https://play-lh.googleusercontent.com/a/ACg8ocJGJv6svHZlNPLcMq7l0NcPG6ZPkgyRpl2CIfx54yhD=mo",
        "userName": "Stephen Lamond"
    },
    {
        "appVersion": null,
        "at": "2020-10-19 23:13:13",
        "content": "Only gives you 3 pictures",
        "repliedAt": null,
        "replyContent": null,
        "reviewCreatedVersion": null,
        "reviewId": "a5406a3a-e064-45da-8f79-9d42d12f34d8",
        "score": 1,
        "thumbsUpCount": 6,
        "userImage": "https://play-lh.googleusercontent.com/a-/ALV-UjVY0ll2cCfxUYW_G1ytP4z3Q7aMRrOojL5x4eNNj0ghR309",
        "userName": "Crystal \u201cCece\u201d Colvin"
    }
]